rollcall_id,midpoint1D,midpoint2D,spread1D,spread2D
0,0.650963596826999,0.523713858238845,-0.372532740121311,0.640996468543527
1,-0.057402882265461,0.287559381689526,-1.309602391732203,1.125610876312471
2,-0.023766594178289,0.481295151346268,-1.024608922396311,0.877794910580258
3,-0.670592326053598,-0.153562800825655,-1.656292473191917,0.415920154891601
4,-0.196504912002316,-0.486631282080379,2.025010503368363,-0.550899206529527
5,0.000000000000000,0.000000000000000,0.000000000000000,0.000000000000000
6,0.030941485993026,-0.280916718425863,0.707243661926317,0.012674849551068
7,-0.072758184746412,0.206597598023241,-0.639005520160333,-0.220160386175180
8,-0.075976407080064,-0.243949448106823,-0.708038201983653,-0.042078798694947
9,-0.074616312191967,0.390773424037514,-1.033260474910861,-0.147178249439590
10,-0.575730603061203,-0.192948217284250,-1.475308970517860,0.387297528725827
11,-0.254741341180849,-0.290047563071727,-0.708718549504321,0.050169540425680
12,0.219061044256326,0.265966305795781,-1.244025532146258,0.622420286430029
13,0.039015342056430,0.490609868849794,-1.352635592192607,0.509168677216876
14,-0.193453664420787,-0.206002186571097,-2.285406758768029,0.587833285654646
15,0.249228984796800,0.258133092711345,-1.334822194036615,0.853710306395778
16,0.000000000000000,0.000000000000000,0.000000000000000,0.000000000000000
17,-0.409243641147358,-0.026540548883552,1.743951032680991,-0.220815802560747
18,-0.187404687351457,0.594653396151084,1.034594819302561,-0.084501662586693
19,-0.223986679197973,0.315474462084829,-1.924368219897907,0.247797337935810
20,-0.014848157602942,0.691775627438848,0.824028058632726,-0.167036986625977
21,0.206591000174573,-0.197500216689953,0.710104564925690,0.040537169712289
22,0.350175363997756,-0.164949749460022,1.905429293021238,-0.121936770082977
23,-0.362614266873529,-0.121124539094788,0.706287425871005,-0.030496454425290
24,0.167558939551463,-0.724680748071934,-1.451800221382033,0.188908205701053
25,-0.207325828173611,0.657821961804498,0.431158220626389,-0.023298622675910
26,-0.016471254546700,-0.285943712057479,2.107968190668728,-0.253778417621519
27,-0.392844613526502,-0.154953908154487,0.668373585725295,-0.171932294063609
28,0.059655977337597,-0.356795584391666,-2.088962855041507,0.344658846117772
29,0.206650125369268,-0.791989815372313,-0.016338415444866,0.043938817814172
30,-0.386882921726043,0.433991587647768,-1.433514093209250,0.172913925478819
31,-0.623291065631078,-0.090505819844036,-0.708729733631022,0.021732250931939
32,0.421434838412143,0.716411729751828,-0.772808036994519,0.184698721772950
33,0.878427015892616,0.477876529817058,0.223103844152095,-0.062098793723775
34,-0.367019495165628,-0.391577871265576,-0.742616157999297,-1.794338953836133
35,0.194728389498429,-0.486990984399282,2.212112809446396,0.066098406201907
36,0.092449736908888,0.692703983669635,0.973124660381141,-0.399813091119763
37,-0.278071910442248,-0.170376639901804,0.663752353781400,-0.211539537663845
38,-0.353315824430310,0.068669413065752,0.692001005629589,0.111067606738526
39,0.596124778379427,0.429145470388708,0.875060670242454,-0.178864164808030
40,-0.086118656369552,0.104394395837291,2.040131664046307,-0.080906764489963
41,0.011309643678017,0.368093392812072,0.704748599949117,-0.076495822271840
42,0.125099756280379,-0.444810783808319,1.668934271246208,0.070326303597688
43,-0.234644256747489,0.545863366386946,1.917964518299234,-0.263478194275549
44,0.075318979700510,-0.143637335687400,0.701431820556960,-0.098730055586119
45,0.001702371442914,0.149145970774730,0.022052229321440,-0.068502867500712
46,0.187817273727511,-0.403295572467973,1.969223119675080,-0.092944005743132
47,-0.060269055575527,-0.221479885476104,0.087093606090738,-0.000539379059204
48,0.011309643678017,0.368093392812072,0.704748599949117,-0.076495822271840
49,0.000000000000000,0.000000000000000,0.000000000000000,0.000000000000000
50,0.917240690160159,0.144576372068310,1.607945899771911,-0.341579697718134
51,0.000000000000000,0.000000000000000,0.000000000000000,0.000000000000000
52,-0.143629991917375,-0.561942487915070,0.122310057755738,-0.020471773163700
53,0.159336034017400,-0.631855031718685,2.056562873978727,-0.172818514385739
54,-0.281018483632345,0.657701187631776,-1.432277594338869,0.622967007193709
55,0.439101218042086,0.517596442305754,1.174391980147332,-0.051151165101480
56,0.187718042157966,-0.191868849381354,1.984637899798658,-0.007256095893586
57,-0.124599068689166,-0.170122786278203,0.096714794462726,-0.001016203316484
58,-0.254751584951757,-0.290094186118718,-0.708720393788059,0.050171903732056
59,-0.254751584951757,-0.290094186118717,-0.708720393788059,0.050171903732056
60,-0.254751584951757,-0.290094186118717,-0.708720393788059,0.050171903732056
61,-0.062129402605474,0.455940920293334,-0.101869091428484,1.269811252252967
62,-0.254741341180849,-0.290047563071727,-0.708718549504321,0.050169540425680
63,-0.254741341180849,-0.290047563071727,-0.708718549504321,0.050169540425680
64,-0.290898189793461,0.737008381926917,-1.370153755398487,0.088871016584317
65,-0.424954407667591,0.678943151426326,-1.023157608206896,0.243740703185521
66,-0.356610452302804,0.301195828770291,1.685639697823157,0.149865998911724
67,0.671576891203972,-0.740934868393173,-0.101263505231197,0.115226451243694
68,-0.427016079143120,-0.067869442461708,0.080009948567711,-0.003886448478402
69,0.075318979700364,-0.143637335687916,-0.701431820555426,0.098730055585860
70,-0.861793219087442,0.507259743656940,-0.038304619057885,0.246290732153327
71,0.661760905663678,-0.740935981446754,1.602608555811053,0.100213598426954
72,-0.391997352533161,0.394914929408903,-1.643504864197775,-0.207264841478877
73,0.378120747091577,0.320272706960352,0.253150914766545,-0.314176692289961
74,0.413791632302785,0.584555526842526,0.574987326525222,-0.314547499931940
75,0.562225860444214,0.330839419089044,1.509922808087364,-0.787070670298828
76,0.373569098546153,0.353251203850892,1.850724126762237,-0.776992011788272
77,-0.166910062621741,-0.324079655695365,1.888569913834836,-0.306282106397593
78,-0.739681107053625,-0.101610879814288,0.506322791000704,-0.805602492687471
79,0.347879483872034,-0.026948486180309,1.535192208482913,-0.779486965786295
80,0.075005493541915,0.013355846841356,2.025515274308734,-0.057449704626475
81,0.298795232664844,0.153130203739119,1.426428829815092,0.085099729864613
82,0.061159760829694,-0.794348104303640,0.818677984528963,-0.171515794748787
83,-0.480512979017083,0.229227823643758,2.015283547529793,0.403634234127755
84,0.040820367011048,-0.310088145138672,2.111380491750393,-0.164118568806457
85,0.427761890061703,0.179208297497467,0.751793313665629,-1.113991656740471
86,-0.018982492572021,0.115690597816332,1.964641842225833,-0.689804278700193
87,0.058808592516467,0.031765437731449,2.197830088151261,-0.421449407780323
88,0.122530600944385,-0.771513592821842,1.275758395476591,-0.213349485288573
89,0.065443417482914,-0.518659822826297,0.076280212705632,0.013067895743468
90,-0.029692453565215,-0.058944980253394,0.597469224168686,-0.276812989350459
91,0.390000154926749,-0.287203461036463,1.701460172717901,-0.228808616904852
92,0.641267825844536,0.371049356606303,-1.299215047998038,0.233098798740459
93,0.360146966418524,0.698315174008429,0.199784902915605,-0.063956830482855
94,0.161938584911079,0.145440290125537,-2.173161569183049,0.582166519847426
95,0.569095769545372,0.308813496932212,-0.742408510154269,0.889853687603708
96,-0.537712769218568,0.530114119865196,-1.585118143159225,-0.179373711600350
97,-0.668636867656467,-0.453317913668030,-1.030280199472069,0.060233814326609
98,0.219504522695429,0.468352881918825,-0.936103521682876,1.022094514610044
99,0.273160871270117,-0.680270958833309,0.024567808307535,-0.086045298153091
100,0.296123779606664,0.474933324574484,-0.618396851100353,0.922633298469038
101,-0.250400039237893,0.406610561601109,-1.923389881906739,0.250686015688729
102,0.100834131240148,0.954911173624799,-0.622069589688625,0.183292172183798
103,-0.127971761995157,-0.112481855305472,-1.948400234534132,0.489456680969605
104,0.426696541142753,0.356385117930517,-0.423027575558209,0.804091408126205
105,0.054047095495157,0.453535832726583,-0.819535311708531,0.916463727086452
106,0.046874823951907,-0.599460426830816,-0.842194504007061,-0.240313742983053
107,-0.778844013177555,-0.171211793864681,-0.772946230479852,0.149714855612925
108,0.000000000000000,0.000000000000000,0.000000000000000,0.000000000000000
109,0.374282795720381,-0.504911955278971,1.742744042821053,-0.095772455436519
110,-0.081509059532379,0.102932197735978,-0.086193715868075,-0.014005798878087
111,0.075318979700507,-0.143637335687442,-0.701431820548436,0.098730055584908
112,0.448712196584108,-0.720505229847572,1.398069948281039,-0.025166181313389
113,0.041624787604973,0.243963607108522,-0.698455368709022,-0.133549401833028
114,-0.901131566921342,-0.368942686756736,-1.108970148252887,0.298728195338541
115,0.067354179141285,0.609064861214986,-0.541062770286394,-0.019953011325537
116,-0.245385706234459,0.493823748720546,-0.005226604836212,0.071470592261964
117,0.071143216001272,0.283959956841986,1.105923418069582,0.172517056226867
118,0.225468910770940,-0.600720914415798,1.489291536597052,-0.114887855873199
119,-0.095980193543506,-0.541935015511231,1.658403439370014,-0.130264671693783
120,0.000000000000000,0.000000000000000,0.000000000000000,0.000000000000000
121,0.741352884325736,0.671115415485230,1.045075973888853,0.122425639746628
122,-0.172796399621708,0.349590371748289,0.683478116120629,0.245171148555606
123,0.331885924262539,-0.050560440041336,0.697257212508474,-0.094588810056486
124,0.490916338320885,-0.573693262369513,-1.817891057187745,0.052109313030400
125,0.690889696985860,-0.285966797898226,1.621114625567505,-0.098580842784886
126,0.312833250574448,-0.457435745380987,1.673653923051733,0.049836033526402
127,-0.040678279335326,-0.074761234413248,2.003270279115628,-0.647678179460742
128,-0.020429294495541,-0.474812837930127,0.980679143915572,0.195567704847805
129,0.000000000000000,0.000000000000000,0.000000000000000,0.000000000000000
130,0.526606154067281,-0.850109380314361,2.868571918734157,-1.807182357415026
131,0.331885924262539,-0.050560440041336,0.697257212508474,-0.094588810056486
132,0.181095098331238,-0.102196590888396,-1.698757765374481,0.418927710821638
133,-0.224790968706335,0.081574504559194,2.160185930134822,-0.598514372362206
134,0.657949624729835,-0.255759794652188,1.549070504443192,-0.208945493154187
135,-0.694933313166997,0.719074189670816,1.381743136967690,0.348836053018241
136,0.254405870133677,-0.967097540707000,-0.091910900780317,-0.180103064527182
137,-0.580559626450095,0.498778489847480,0.077781759437885,0.844836079761509
138,0.206549710122115,-0.104473134982627,0.096063692522533,-0.006126872662401
139,0.711311453249175,-0.051592848280829,-1.660600245916592,-0.058472516428364
140,0.174464699619922,0.984663429089621,-1.194530512997404,0.477237366120094
141,0.523231115891642,-0.362706403717967,1.792669933366118,0.067585245657967
142,0.206591000174573,-0.197500216689953,0.710104564925690,0.040537169712289
143,0.629883644865934,0.274071960972258,1.286029293193957,-0.308030445116479
144,0.536790587736936,-0.626426075268666,1.941578428416159,-0.046333359960842
145,0.460287371481322,-0.387632123894439,1.768931320710150,-0.078923813807945
146,0.241117413437280,-0.147057857888829,-1.885226362284155,0.176094293496545
147,-0.019702095668694,0.518478818261693,1.850037195093394,-0.488048655310090
148,-0.277164589133554,0.166262242253465,0.034623458564036,-0.091219011765989
149,-0.119991964776928,-0.039524944674809,2.002996499436207,-0.264219595710656
150,0.156415883676800,-0.350893289387587,2.040510762598476,0.273315507625052
151,-0.355075724771923,0.612486454761657,1.075554361716316,0.155415851785748
152,-0.787288903515408,0.003011971212378,1.121808519351737,-0.544558126442486
153,0.331885929661578,-0.050560421303465,-0.697257208954431,0.094588808556717
154,-0.694288559660858,-0.719696738858841,-1.477810823141729,-0.290818315085563
155,0.000000000000000,0.000000000000000,0.000000000000000,0.000000000000000
156,0.000000000000000,0.000000000000000,0.000000000000000,0.000000000000000
157,-0.639212453277955,0.134071702998758,-1.323211331862450,0.075312355341897
158,-0.602688086533921,-0.017773715528530,-1.586200601023460,0.178915226974016
159,0.000000000000000,0.000000000000000,0.000000000000000,0.000000000000000
160,0.029900824454174,0.999552870386035,-0.375454298952879,1.740302103349974
161,-0.111276421645392,-0.187596451599293,0.061373519207888,0.011211586577589
162,-0.447706659869159,0.409245610031129,-0.657191844412139,-0.168902279186602
163,0.728772776452432,-0.125589865301160,1.680461240836813,-0.079324923073098
164,0.206591000174551,-0.197500216689745,0.710104564927146,0.040537169712375
165,-0.284875512540979,-0.446282341805914,0.684437839135563,-0.249618042088857
166,0.305288787086027,0.952259815638328,0.633912437353875,0.314694816259572
167,-0.843180755524617,0.537630182851500,-0.052464687953663,0.175248404505195
168,0.801120788132509,0.164977710690255,1.504464274513793,-0.242853576794452
169,-0.702956699075980,0.227848268060842,-0.452189862436729,0.421640063686706
170,0.553789420783218,-0.832656758471693,0.115633645210794,-0.198417549824952
171,0.164648445157126,0.732642808996311,-1.074875964466145,0.443008252767357
172,0.424121071522434,0.413553028063176,-0.724178568216660,0.071145939277040
173,0.497465935133267,-0.347483678546778,-1.869194680773917,-0.086927079144258
174,0.000000000000000,0.000000000000000,0.000000000000000,0.000000000000000
175,-0.007072662695441,-0.286874371456891,2.181268621134911,-0.248073641089631
176,-0.035486861860378,-0.112776616810858,0.622141355181924,-0.245753793368737
177,-0.347690502908274,-0.285236749829204,1.864936807422324,-0.071959824955863
178,0.345450041064675,-0.654638435261674,1.796016380586067,-0.007522674231949
179,0.000000000000000,0.000000000000000,0.000000000000000,0.000000000000000
180,-0.175032390358293,-0.103307204522198,2.045588229470453,-0.266566383677921
181,0.030941485991967,-0.280916718434850,-0.707243661926536,-0.012674849548228
182,0.646054861204220,0.087818686166196,0.169095637417772,-0.032907900588453
183,0.000000000000000,0.000000000000000,0.000000000000000,0.000000000000000
184,0.543451829081293,-0.823296126094946,0.103339165196069,-0.137552768965810
185,0.000000000000000,0.000000000000000,0.000000000000000,0.000000000000000
186,0.000000000000000,0.000000000000000,0.000000000000000,0.000000000000000
187,0.613467805130747,-0.457800067529988,0.121376295960536,-0.023778332794195
188,-0.150996135481033,-0.621280847031535,-0.181449048929762,0.022310850209534
189,-0.530495778072326,-0.157586638614867,1.499604874998962,-0.028065351059398
190,0.704020449684813,-0.484071067076335,-1.872851268008674,-0.310538519192539
191,0.226860766765322,-0.723965770628653,1.246411858627845,-0.491396583087411
192,0.000000000000000,0.000000000000000,0.000000000000000,0.000000000000000
193,-0.179087839159023,-0.983833088417620,-0.976280843186384,-1.797335323583141
194,-0.629359042292664,-0.777114660706167,-0.093789281980832,-0.132035337421455
195,-0.855219315953671,0.518266265176247,-0.084951294655015,0.449328980604148
196,0.000000000000000,0.000000000000000,0.000000000000000,0.000000000000000
197,-0.838023893276012,0.545633534800159,-0.196995908812826,0.352790440595951
198,0.000000000000000,0.000000000000000,0.000000000000000,0.000000000000000
199,0.000000000000000,0.000000000000000,0.000000000000000,0.000000000000000
200,-0.928333749009822,-0.371747831801839,1.161403349346638,-0.621628589144535
201,-0.166475072236697,-0.986045663407018,0.031480647367082,-0.246796103277366
202,0.001375491731111,0.999999054010801,-0.516388870232976,0.274873172023826
203,-0.357407032248852,0.364058866724584,-1.888154244503459,-0.095907649765979
204,-0.193070261390947,-0.000833897895555,1.695017470538678,0.464507417472824
205,-0.455516703632659,0.190012415837129,-1.813547694785557,-0.353153154530646
206,-0.295840014559415,0.955237502292211,-1.471123034646476,0.357872189451756
207,0.547365818278993,-0.836893458559552,0.128955017813685,-0.269536060288870
208,0.408151648970661,0.663058042678910,-0.836862406493896,0.274924616223155
209,-0.288521282247646,0.360822735781738,-0.025935232377766,0.151334365454233
210,-0.118070327095444,-0.947642064061827,-0.683897645751435,0.083922912884042
211,-0.417431782324951,0.417685504095640,-1.512978668185253,0.063701528655473
212,-0.410767462883216,0.386040711098168,-0.717625559013735,-0.071212077720975
213,-0.649262916764961,-0.007361755174629,-0.646040308888650,0.984142037379928
214,0.843608453450229,0.502523853444303,1.214762892926427,-0.864859228638562
215,-0.349094281997076,0.231756575247100,-1.290302870795748,0.912198730238172
216,-0.995064275283320,-0.099232494954435,-0.906225622636422,0.923186838356068
217,0.941201952068492,0.337844469279076,1.309867510713037,-0.913476115258989
218,0.544382373991001,-0.280832889510026,-1.780327240062383,-0.141109843361840
219,0.162948149113992,-0.125122647654041,2.425877399941667,-0.335609990890235
220,-0.283482989506459,0.106838627220067,0.012502658748965,-0.051084926885438
221,0.088890999942576,0.053004854777018,0.665751557532698,-1.199706165587959
222,-0.060258385177875,0.056390149372410,1.011763203654707,-1.038874038004961
223,0.213672227131871,0.163627079458812,0.572611680592223,-1.010385541153475
224,-0.108207719215931,-0.420177287158777,-0.039965216582366,0.001129788689425
225,0.231854950004409,0.415634904704491,-0.844360745708726,0.952839168212671
226,0.364687350461111,0.335329473463672,1.700271904426347,-0.910854620585587
227,0.547858478978896,-0.106731063525724,-2.020624791329229,-0.718352039251198
228,-0.477310904204362,0.302913257125955,-0.131120082258729,0.825453928948469
229,-0.767258152773315,-0.498468266583884,-1.335506088124969,0.106326417852997
230,-0.376663974322875,0.401650805085010,0.742969419080508,0.045346663947466
231,0.745608345226731,-0.526756371385723,0.970879758344110,-0.181069597606157
232,-0.510774457265632,-0.177437439274509,-0.708311455714253,0.108672257216607
233,0.000000000000000,0.000000000000000,0.000000000000000,0.000000000000000
234,0.782989226010525,0.622035265842250,0.568685716760207,-5.346985297274787
235,0.000000000000000,0.000000000000000,0.000000000000000,0.000000000000000
236,0.293853106990402,-0.038059973313183,2.270612887655850,-0.131756546259412
237,-0.584013695519987,-0.475376695361315,-1.093364909310287,0.112591269914481
238,0.300458592470491,-0.514202945196878,1.843937304368293,0.142507760678303
239,-0.698238818189381,0.715864898408559,-1.878113078760323,-1.019850328174306
240,-0.103731210447062,-0.463696398697990,0.049941815397194,-0.006698350154010
241,-0.068634979834991,0.383113139767231,-0.015366333979663,0.100065132216380
242,0.649938357389332,0.197761719222541,0.055973877868916,-0.514620825807950
243,-0.163788235389390,-0.385501958756285,1.914598271492318,-0.384509563326975
244,0.884361850204073,0.466802011460564,1.109707873553720,-0.790217683838179
245,-0.506180452752557,0.212069687295536,-0.588471894166959,1.023490738103198
246,-0.593255256039994,0.119359464187968,0.464047395516897,-0.990670839795855
247,-0.192882985483645,0.338074364425860,-0.281815465192071,1.139917448035922
248,0.349106248104741,-0.220032481169616,0.706182539837415,0.033661156499847
249,0.221808080472394,-0.315150229523933,1.654792904906822,0.207569339098004
250,0.256742123383100,-0.966479943961972,0.116099337297822,0.003371173724802
251,0.117882155908818,-0.427046349354655,1.691019047588633,0.062873318017936
252,0.464176438829476,0.885742758161525,-0.358954528037327,0.196345330481953
253,0.167146734139057,0.464497066816799,-0.795761066212059,1.049004873406488
254,-0.565663996182063,0.345645014025170,-1.093454600108723,1.199955267245669
255,0.606059929363691,0.073451614675680,0.992071871907855,-1.331985225208374
256,-0.057601389999085,0.195949565209111,0.012968209454274,-0.065953131494279
257,-0.054230360462430,0.073316114809358,0.036527087539206,-0.060436406436898
258,-0.489406817788169,0.007803731133967,0.217679153471086,-0.498355862577216
259,-0.243461624952733,-0.316035869164937,-1.895509746597613,0.528584292908596
260,-0.249292685774644,0.252877020489307,-0.364902272531714,1.104290841755323
261,-0.430032436782329,0.437650511577266,-1.452958915845510,0.048915263031137
262,0.711883653192472,0.691610521821612,-0.584229792735920,0.427903279055609
263,0.770483348388223,0.575603619183363,1.243266191461078,-0.566651707770271
264,0.648344463356867,0.199852158517744,1.349645147528995,-0.307745062060387
265,0.098173909095644,-0.170389146471253,2.031661636647273,-0.353807572989655
266,0.026413808196888,-0.097377849593549,2.037417170171309,-0.204145184604594
267,0.045787631208831,-0.937658105646006,0.513352108294313,-0.140335787200316
268,0.357032182486870,0.383286727996702,-1.559162415251644,0.717315324957167
269,-0.022389465298184,0.210940431317192,-0.052439159439071,0.022628232128407
270,-0.815133758388368,-0.146231888121135,-1.542134532553213,0.536471060159421
271,-0.838432682898748,-0.186701366739948,-1.602264112736522,0.546920645217822
272,-0.385698908239961,0.614268420050027,-1.662831775111255,-0.075688772337969
273,-0.566616775142915,0.823981450110721,-1.310810811408422,-0.217383975658077
274,-0.833196553005786,0.552976947131865,-0.137921161513679,0.259772492488674
275,0.522143354105353,0.142663322875715,-0.021272453138820,0.598775879256376
276,0.730978588486966,0.448692178293202,1.433574175851953,-0.776079156318889
277,0.841548084781693,0.228827902320020,1.058523106275458,-0.982897434649971
278,0.669346239798705,-0.312080598388770,1.662542479043915,-0.326269949838278
279,0.821119388026116,-0.020591765153753,1.847490468177225,-0.216154970072120
280,0.289710626905658,0.330858817156959,1.915560454943764,0.082604973457228
281,-0.477579790234104,-0.005107815388497,0.247463142552352,-0.504998205915873
282,-0.036163881744574,0.260054831776098,1.598450223962972,-0.734925890263167
283,-0.460369668930561,-0.356980100426683,0.525866374424311,-0.555558759637225
284,0.301771438348024,0.199642431037379,0.728391008116387,-0.994295743355607
285,0.420420834645610,0.531233786458104,0.559823159703658,-0.342530289582663
286,-0.547919002679665,0.144183455163906,-0.242427258488751,0.585245398326391
287,0.695102355148826,-0.718910784358223,0.170617380798819,-0.203129128906540
288,-0.833901758177785,0.551912907720048,-0.098765587908821,0.206542060774539
289,0.000000000000000,0.000000000000000,0.000000000000000,0.000000000000000
290,-0.377059293977843,0.148163716411247,0.791729698371982,-1.062973848362934
291,-0.165746917931683,0.173822553566059,-1.597527800288637,0.436271950913566
292,0.175934966502628,0.165486368273176,-1.525516520683984,-0.138778324000854
293,-0.108820567486600,0.203969044194105,-0.030334432634254,0.096842487931618
294,0.185420865315496,-0.605755607052592,-1.481108773449405,-0.017487453561266
295,-0.477653603537322,-0.029941413795577,-0.272058409390804,0.486037476255378
296,-0.995760638569359,-0.091982338934943,-1.195807480473674,0.967755682482327
297,-0.567746964320078,0.174819668429416,-0.259726921356836,0.658362352594285
298,0.000000000000000,0.000000000000000,0.000000000000000,0.000000000000000
299,-0.052756674233744,-0.062229656916290,-1.256094987256566,0.799782429584297
300,0.017284412177847,0.033384232237922,-1.496762980984096,0.733017823190719
301,-0.449941686312251,-0.238472209339549,-1.353635560179193,0.812229565887903
302,0.954491708416763,0.298237453321424,0.777736457746076,-1.583312919712830
303,-0.035486861860378,-0.112776616810857,-0.622141355181924,0.245753793368737
304,0.071631697834644,-0.204909140894698,0.705453205507188,-0.118650337221579
305,-0.652739086105699,-0.453922669181537,-0.999816772331551,0.055616492799084
306,-0.130746466646088,-0.163126444746239,0.719636112412589,0.015770748548049
307,-0.539163968866338,-0.171204137133457,-1.643964294647762,0.255387381202817
308,0.497436747899700,-0.867500248898506,0.057996854876863,-0.114098483037837
309,0.056416545608284,0.190834951151458,0.922865802358971,-1.275957191827065
310,0.078960925183963,0.225874776798574,0.288351813560603,-1.059755194353335
311,0.999965860733600,0.008263011999850,-0.015889254736988,-0.028396917231886
312,0.577532869831354,0.384181048218002,-0.333413881293866,0.877732240204890
313,0.361982575872549,-0.111150346392975,0.595806030973006,-0.277661577744230
314,0.371153034385083,0.401494863276577,-0.139626843752081,0.707200672910271
315,-0.054570458614145,0.410048804574255,-1.769977286174154,0.079477639997025
316,0.789045570608943,0.547348059497947,0.317241547881155,-0.321246629756828
317,-0.368501866003317,0.188733554072622,-0.331879203960586,0.959225587323052
318,0.100951962911230,0.217416821317841,0.065112323723430,-0.090272522040516
319,-0.298723257130050,-0.718788071892435,-0.490300284894083,0.155054550275203
320,0.382607752752595,0.455062775588816,-0.441057225786620,0.816711190020374
321,0.022241560313688,0.292166472261728,-0.349520042951786,1.215507454910487
322,-0.689726210609026,0.116698769860788,-1.140970708575384,1.042827506073835
323,0.000000000000000,0.000000000000000,0.000000000000000,0.000000000000000
324,0.701918847069769,0.190753834338508,-1.614461741438982,0.528151143265664
325,-0.583011689970600,-0.516591915382994,-0.555968049600609,0.113822824594572
326,-0.724682434322000,-0.689082991652775,-1.120973614141211,0.196089310509823
327,0.000000000000000,0.000000000000000,0.000000000000000,0.000000000000000
328,-0.165030580551625,0.644159124580808,-1.226040776813031,0.809562546154563
329,0.075318979674506,-0.143637335607906,-0.701431820558184,0.098730055619593
330,0.315914603743564,0.238097085332093,-0.333198112467255,0.939117914234430
331,0.000000000000000,0.000000000000000,0.000000000000000,0.000000000000000
332,0.000000000000000,0.000000000000000,0.000000000000000,0.000000000000000
333,0.000000000000000,0.000000000000000,0.000000000000000,0.000000000000000
334,0.075318979674496,-0.143637335608009,-0.701431820537155,0.098730055616603
335,-0.064911411113394,0.158763296148361,2.247337275347731,-0.290337443853433
336,0.867417066773407,0.497581784504035,1.167472148140878,-0.564547567735196
337,0.322907028183215,-0.149109349335922,-1.893079554467120,0.078050471384110
338,-0.121279878035393,0.428362299538171,0.046429195114190,-0.026530893677007
339,-0.051077005022646,0.203207761479422,-0.562783931804926,1.089145593162630
340,0.000000000000000,0.000000000000000,0.000000000000000,0.000000000000000
341,-0.679474611128657,0.030910106985277,-1.320737409824907,0.301277401174061
342,0.000000000000000,0.000000000000000,0.000000000000000,0.000000000000000
343,0.000000000000000,0.000000000000000,0.000000000000000,0.000000000000000
344,-0.765180169921865,-0.048073846355311,1.195518101025648,-0.915640627456544
345,0.000000000000000,0.000000000000000,0.000000000000000,0.000000000000000
346,0.281279841345612,0.370953099039176,-1.311873628016288,-0.019623402117427
347,0.000000000000000,0.000000000000000,0.000000000000000,0.000000000000000
348,-0.453966864807664,-0.601323127885460,-1.191739163536948,-0.033194066866007
349,-0.039385651635209,-0.332375554891676,-1.792639315692770,0.041836225255230
350,-0.663583043016394,-0.379363796203053,1.511860388435183,-0.557385708047841
351,0.000000000000000,0.000000000000000,0.000000000000000,0.000000000000000
352,0.100015367308625,-0.040792646810611,-0.691825452038854,0.119316446224544
353,0.000000000000000,0.000000000000000,0.000000000000000,0.000000000000000
354,0.143813544476918,-0.584901811743963,-0.237000240384457,-0.035031756929201
355,0.206591000174573,-0.197500216689953,0.710104564925705,0.040537169712290
356,0.000000000000000,0.000000000000000,0.000000000000000,0.000000000000000
357,0.331319555921436,-0.340905560604588,0.678898135017973,0.164213523478152
358,0.000000000000000,0.000000000000000,0.000000000000000,0.000000000000000
359,0.599687522778583,0.073913205448335,1.537013155800678,-0.129619374502023
360,0.000000000000000,0.000000000000000,0.000000000000000,0.000000000000000
361,0.317125475115340,-0.311507129821820,0.672040025879887,0.171937799003630
362,0.000000000000000,0.000000000000000,0.000000000000000,0.000000000000000
363,0.427523699453789,-0.182734698882301,0.708046784383159,-0.007187985437229
364,0.207001408891725,-0.088018331814785,-2.074195367322901,-0.006643382256675
365,0.538439460124733,0.756385413103621,1.703593949654563,-0.709725975508582
366,0.000000000000000,0.000000000000000,0.000000000000000,0.000000000000000
367,0.402047655400252,0.238884293669532,1.074579067637851,-0.069336915293359
368,0.203141672370160,-0.421854712638637,-2.033153256930483,0.161661765551122
369,0.317110679225452,-0.311478390875598,0.672050563740381,0.171940573452873
370,-0.257560939920782,-0.679218738874664,-0.343583932786530,0.128009512660109
371,0.466813730176470,0.265747421830500,-0.365008776286936,0.352841762480096
372,0.614175897707689,0.343607630782410,-0.390713604097555,0.383554030920619
373,0.531012199359981,0.288190815082064,-0.401461990148551,0.424604676257358
374,0.000000000000000,0.000000000000000,0.000000000000000,0.000000000000000
375,0.257175596180871,-0.723877121752463,0.812751777167080,-0.151817188323236
376,0.999990025141951,-0.004466499367565,0.020345960416350,-0.023841905863445
377,-0.269573317595279,0.113592626248562,0.013714610121770,0.033202838394470
378,0.331885929660469,-0.050560421297018,-0.697257208943027,0.094588808559617
379,0.075318979674543,-0.143637335607845,-0.701431820537374,0.098730055616648
380,-0.056170648259537,0.384949834428629,-1.635783857226181,0.436702984712140
381,0.268935436337509,0.523011429053220,-0.643648124263082,0.282850197904506
382,0.268935436337509,0.523011429053220,-0.643648124263082,0.282850197904506
383,0.542574596954105,0.428658045288616,-0.191478099881253,0.792923301823307
384,0.075318979674506,-0.143637335607906,-0.701431820558184,0.098730055619593
385,0.075318979674454,-0.143637335608155,-0.701431820537653,0.098730055616661
386,0.075318979674454,-0.143637335608155,-0.701431820537653,0.098730055616661
387,0.075318979674454,-0.143637335608155,-0.701431820537653,0.098730055616661
388,0.075318979674486,-0.143637335608042,0.701431820537847,-0.098730055616699
389,0.358529465078003,-0.333151498107159,-1.746240005856484,0.106030409447973
390,0.162679547720543,-0.397942216065621,-0.615207871559592,0.264580756126334
391,0.075318979674486,-0.143637335608042,0.701431820537847,-0.098730055616699
392,0.328629323498230,-0.628810502953312,-1.630239174302683,0.122407620656296
393,0.075318979674486,-0.143637335608042,-0.701431820537847,0.098730055616699
394,0.075318979674486,-0.143637335608042,-0.701431820537847,0.098730055616699
395,0.075318979674486,-0.143637335608042,-0.701431820537847,0.098730055616699
396,0.090458250134725,-0.000112152095638,-0.580907634613683,0.296371373910024
397,0.000000000000000,0.000000000000000,0.000000000000000,0.000000000000000
398,0.441259677719644,-0.763198027711823,1.211090710706955,-0.140395007140083
399,0.000000000000000,0.000000000000000,0.000000000000000,0.000000000000000
400,0.000000000000000,0.000000000000000,0.000000000000000,0.000000000000000
401,0.088583008357907,0.898213108409791,7.094548942345995,5.132356705594550
402,0.000000000000000,0.000000000000000,0.000000000000000,0.000000000000000
403,0.896646275717431,0.433622889758866,0.703429574566293,-0.233827671739632
404,-0.802923311717158,-0.514291819356890,1.202161085478618,-0.465771746894381
405,-0.378685871324500,-0.186603579591158,0.453761508827243,-0.393301449344817
406,0.224620675179414,0.082422387490973,2.168610502660917,-0.495992879972835
407,0.758198052702052,0.335293068690675,0.406118080697408,-0.054313022265051
408,0.075318979674506,-0.143637335607906,-0.701431820558184,0.098730055619593
409,0.075318979674506,-0.143637335607906,-0.701431820558184,0.098730055619593
410,0.075318979674514,-0.143637335607919,-0.701431820545491,0.098730055617792
411,-0.746792869014714,-0.216111208246565,-0.123391525387344,0.015593528639002
412,-0.845886779240482,-0.416556933586792,-0.133312079348812,0.025775540490943
413,0.075318979674461,-0.143637335608130,-0.701431820537254,0.098730055616607
414,0.100015367308605,-0.040792646810806,-0.691825452039014,0.119316446224641
415,-0.529240225438173,-0.443360983942081,-2.003522702426992,-0.398982809408527
416,0.000000000000000,0.000000000000000,0.000000000000000,0.000000000000000
417,0.000000000000000,0.000000000000000,0.000000000000000,0.000000000000000
418,0.348988495093329,-0.199167386203714,-0.705993548105487,-0.035084371502489
419,-0.007716501295180,0.635062678435810,-1.078478085093540,0.154373130065246
420,0.539126386461589,0.742228054086299,-0.418118307014189,0.227105688030212
421,0.514062527735781,0.851521742128436,-0.893646368472540,0.535153282626423
422,-0.915038888045939,-0.403365632353143,-1.542174504569580,0.518598880720876
423,-0.191447324118694,0.434575207177702,1.853382467030865,0.049886609656825
424,-0.901829943861711,-0.432091138944531,-1.623947338886242,0.449588504807144
425,0.000000000000000,0.000000000000000,0.000000000000000,0.000000000000000
426,0.000000000000000,0.000000000000000,0.000000000000000,0.000000000000000
427,0.409991662821344,-0.559923637670234,1.456307292357925,0.074604230952784
428,-0.396274674986321,0.314289254029651,-1.517718647554826,0.912298387236221
429,0.440540728576038,0.558506182112936,1.428898230447405,-0.617760917872240
430,0.365690986342287,-0.149099099581541,-1.821167527041422,-0.043623820502767
431,0.848728665500354,0.400587100036210,0.089978552919956,-0.045981609394087
432,0.324517472133302,-0.536575531555395,-1.927490858992571,0.139851498890622
433,0.397543743502108,-0.106030496228729,-0.705700732509473,0.043592514670855
434,-0.528259326960326,-0.449745433871029,-0.650608145093837,0.304392121096638
435,-0.078141815672900,-0.176874406225694,-0.680315609600525,0.142340445637698
436,0.483954060442728,0.727684203520697,1.172543772681083,-0.082215580720470
437,0.668781285133765,0.743459207122240,1.209796405138772,-1.124061863469766
438,0.546923741593834,-0.462637448910571,0.695514369711546,-0.107358552102782
439,0.000000000000000,0.000000000000000,0.000000000000000,0.000000000000000
440,0.000000000000000,0.000000000000000,0.000000000000000,0.000000000000000
441,0.353374458802189,-0.358051629896954,-1.673524196011199,-0.041044614868155
442,-0.281429061061292,0.327779512952524,-1.855522419223981,0.122281777870892
443,-0.255743273826407,0.418652553999670,-1.816243300739383,0.182475089803673
444,0.567112227372691,0.678282197964237,-0.327567127616307,0.184574895735769
445,-0.281143579298931,0.114747025814024,-2.016840345178186,0.013860309590783
446,0.039353286966658,0.159620344709028,-0.024149914383074,0.100270800524902
447,-0.249315173971101,-0.398583325611980,-0.045411258014837,-0.045956548842417
448,0.179248026484764,-0.229030893857597,1.959574614559678,0.310955844794532
449,0.222883748556977,-0.156091624421374,2.052839962459356,-0.047574392691972
450,0.535069044929985,0.749512392462994,-0.408497826719030,0.219456585854906
451,0.649669045758959,0.754911532615173,-0.349981130379828,0.259917123193811
452,0.000000000000000,0.000000000000000,0.000000000000000,0.000000000000000
453,0.677791453260408,-0.021114902929735,1.205966807034434,-0.227391938597149
454,0.821028930083200,0.570886587656810,-2.465492781976093,-0.641371425942423
455,0.328484019508222,0.155209560689574,1.703701103829362,-0.372718939730050
456,0.535783181296059,0.309776709546657,0.176557978320633,-0.525948222522611
457,0.000000000000000,0.000000000000000,0.000000000000000,0.000000000000000
458,0.075318987899140,-0.143637319360826,-0.701431823429209,0.098730060746897
459,0.206590340292941,-0.197491927783208,-0.710103918545290,-0.040538708795285
460,0.316729930295547,-0.310619142659244,-0.671995199904979,-0.171813745271305
461,0.397597882661187,-0.105616107841377,-0.705686308907629,0.043583628739958
462,0.287681068976508,-0.777844454625508,-1.096918622251783,0.093614604104124
463,0.245422294476350,0.013510780683667,-1.612351164702208,0.097638705408846
464,0.236938313995804,-0.059623312055604,-0.673067834809986,0.170615914570947
465,0.397543743501345,-0.106030496224707,0.705700732501788,-0.043592514672011
466,0.206591006375822,-0.197500054466616,-0.710104598482783,-0.040537148508222
467,0.075318987899293,-0.143637319360297,0.701431823429831,-0.098730060747030
468,0.316729930295547,-0.310619142659244,-0.671995199904979,-0.171813745271305
469,0.331885924262450,-0.050560440040590,-0.697257212516286,0.094588810057986
470,0.206591006375822,-0.197500054466616,-0.710104598482783,-0.040537148508222
471,0.206591006375822,-0.197500054466616,-0.710104598482783,-0.040537148508222
472,0.109463261907972,-0.732069988496354,-1.070432156562144,0.209455544988421
473,0.423953662113661,0.417005989873897,0.791855512159075,-0.069567809026959
474,0.358569643002646,-0.739607993648765,-1.077918272278260,0.118841791163523
475,0.331885929662051,-0.050560421305430,-0.697257208977911,0.094588808558335
476,0.206590340292941,-0.197491927783209,-0.710103918545174,-0.040538708795279
477,-0.001173843627936,0.309235561320041,-0.818779767872280,-0.227959656594990
478,0.349106248106791,-0.220032481171951,0.706182539843706,0.033661156501904
479,0.337221285753332,0.201093925473665,-0.761185002759639,-0.060522578475807
480,0.075318987899263,-0.143637319360407,-0.701431823428722,0.098730060746864
481,0.391875046662440,-0.356732111986653,0.701259302857799,0.085310753234377
482,-0.037368170968687,0.008386533440483,-0.707936580522282,0.041312504946156
483,-0.133579297085373,-0.016500727876806,-0.619617334457704,0.250001028205273
484,0.206590340292935,-0.197491927783208,0.710103918543689,0.040538708795196
485,-0.026109197301580,0.109665554694719,0.699265246265036,-0.078228366561691
486,0.489037354387198,0.392959426234628,-0.763806340499968,0.110361016746348
487,0.159867326964295,-0.776115958984324,1.513295915693972,-0.057936291175216
488,0.206590340292910,-0.197491927782996,-0.710103918544461,-0.040538708795245
489,0.075318987899301,-0.143637319360262,0.701431823432216,-0.098730060747371
490,0.451563912288988,-0.270782842170948,0.707820789078333,0.004654307135723
491,0.405467889607166,0.207055212680593,-1.210475583731049,0.082593201116209
492,0.075318987899269,-0.143637319360367,-0.701431823434529,0.098730060747691
493,0.451563912288988,-0.270782842170948,-0.707820789078333,-0.004654307135723
494,0.469721254585962,0.464446531304248,-1.033196372124539,0.170212068085642
495,0.075318987899170,-0.143637319360727,0.701431823428721,-0.098730060746837
496,0.397543743501345,-0.106030496224707,-0.705700732501788,0.043592514672011
497,0.075318987899210,-0.143637319360588,-0.701431823428766,0.098730060746854
498,0.465526800202966,0.443845318619477,1.064740140255169,-0.178768991488380
499,0.460276237366195,0.484699988693996,-1.073366338943941,0.090253243833027
500,0.159236738460805,0.336453721306659,-1.359455198796113,-0.002421881444898
501,0.357348797071776,-0.056895728513534,-0.708176115946867,-0.050066355787342
502,0.075318987899293,-0.143637319360297,-0.701431823429831,0.098730060747030
503,-0.099442397065429,-0.273946899706012,-1.926149947292169,0.047210703548494
504,-0.375363569138010,-0.839107170966865,-0.722357440895168,0.282933049009379
505,-0.311741728144003,-0.203510903681893,-0.672081089848589,0.178890717118101
506,-0.405107970150385,-0.641971726780805,-0.505220426757837,0.210056162364604
507,0.308238248859618,-0.640431881465092,-0.743267301158467,0.122000390390446
508,-0.035486830738985,-0.112776579967800,-0.622141355166194,0.245753795586053
509,0.366282389428384,-0.680620134412330,-0.830286678201537,0.123138610420333
510,-0.034875230793981,-0.638790698066523,-0.705126612777975,0.289821871882807
511,-0.568223043902295,-0.822874578765446,0.331701090410460,-0.775540175593409
512,-0.154074864009204,-0.054995209226997,-0.628851328388583,0.237118644750828
513,-0.154151889844233,-0.055098272680163,-0.628838545357290,0.237125763703691
514,-0.297747017360518,0.633081351816416,-0.900384245304712,0.443016947565560
515,-0.227257733567136,0.366268017162760,-1.406053750506723,1.024181669969075
516,-0.523179711440174,-0.146690886834227,-0.679054854108237,0.146530771916145
517,-0.496149470006835,0.436350769023875,-1.679736805057311,0.133453691290705
518,-0.491381693368856,0.505381671097058,-1.511685491994311,0.277910769097283
519,0.000000000000000,0.000000000000000,0.000000000000000,0.000000000000000
520,0.054927259556563,-0.856919113078358,-0.851032981435489,0.136853010559012
521,-0.027676975887948,-0.329248608875958,-1.637648153876483,0.127721515746958
522,0.215663092557286,-0.266435572942128,-0.710866755045322,-0.024848367848328
523,0.054927259556564,-0.856919113078358,-0.851032981435488,0.136853010559012
524,0.000000000000000,0.000000000000000,0.000000000000000,0.000000000000000
525,0.000000000000000,0.000000000000000,0.000000000000000,0.000000000000000
526,0.000000000000000,0.000000000000000,0.000000000000000,0.000000000000000
527,-0.737966474116157,0.368929227593827,-0.649317679373840,1.237906408762885
528,0.000000000000000,0.000000000000000,0.000000000000000,0.000000000000000
529,0.019867500191990,-0.593511092737282,1.492268764879202,0.061974385392501
530,-0.093753172723332,-0.341916412358507,-1.900441165564825,-0.009979359588878
531,-0.098183112701775,-0.304212860312420,2.241026790703522,-0.470646432477644
532,0.719780276870067,-0.305731783132959,-1.834744658032216,-0.877168039993480
533,0.000000000000000,0.000000000000000,0.000000000000000,0.000000000000000
534,-0.149582280553549,-0.153748932276683,2.137482784814265,-0.736085457512848
535,-0.594948121698834,-0.571314449127751,-1.313163259714416,0.284687586151016
536,-0.124298738332373,-0.532307659003126,0.641939749681091,-0.240280880902510
537,-0.150885819620546,-0.389847960583526,-1.171776885308682,-0.222566018971139
538,0.318800342455245,0.045194923205446,0.065729165889469,-0.016619854349284
539,-0.849772674943613,0.527149315582574,-0.099621216732327,0.309012707507045
540,0.019867613744325,-0.593511491802262,1.492268011495151,0.061974386962365
541,0.000000000000000,0.000000000000000,0.000000000000000,0.000000000000000
542,0.277161257336460,0.960823416363107,-1.745912357153665,0.406550758874717
543,0.606545905079563,-0.141274763558301,1.355650100506149,-0.878540287399798
544,-0.110004787188723,-0.632235631819149,0.602176304301469,-0.119675898714776
545,0.097979329622964,-0.359568744483246,-0.031056233501423,-0.017286463084518
546,0.110017772087727,-0.097299178918857,1.830051695409362,-0.030768108186985
547,0.340382654733436,-0.725649557365536,0.895572316460570,-0.151560011319255
548,0.000000000000000,0.000000000000000,0.000000000000000,0.000000000000000
549,0.634166975924983,0.245100784291812,1.555221202091052,-0.500823818629384
550,0.250022778456699,-0.332274386125036,1.757196296315686,0.171446460439974
551,0.404480611940043,0.469082412100791,1.127772767764829,0.500624493433229
552,0.401733279604475,-0.019459898429213,1.671004506199014,0.823221127201390
553,0.974265873322256,0.225401881269037,1.667995925279201,-0.309318784672927
554,-0.419957617363766,-0.814987718589184,-0.604516223902042,0.143849111226713
555,0.613186108944472,0.171441449699602,-0.082749389833694,-0.010598760633051
556,-0.404823330901186,-0.747976726276983,-0.494401795132046,0.087283958595052
557,-0.353675258168384,-0.611748488582287,-0.553176051468492,0.071822903306224
558,-0.411062069967886,-0.805650595968553,-0.511625022156306,0.069914308117223
559,0.403384241892838,-0.727546850529854,1.604897012126394,-0.430931459704085
560,-0.749547808641770,-0.661950211541866,-0.287598028094713,-0.072805612431738
561,0.622334078761993,0.128212616645979,1.706623249257203,-0.337113256220328
562,0.481710283989134,-0.749014202560748,1.496534259440793,-0.087041132393399
563,0.524157229825669,-0.462476841163142,1.604425298258055,-0.139512461950993
564,0.332818870694613,0.725308153432646,-0.985849889629087,-0.359692859051688
565,0.289437580017714,-0.447748847235052,-1.844757083649104,0.015942729852889
566,0.667757582368509,0.431057220328799,-0.707752592303301,0.088232656535523
567,0.616046979471345,0.437107472450786,-0.246380999313992,0.400909861332067
568,0.473091294793758,0.648559970309235,1.243261121935674,-0.055535820797765
569,0.693692753577737,-0.320472685797072,1.693871824373929,0.277792716728937
570,0.163940964599421,0.365104519938575,-1.893432711649258,0.479108751385111
571,0.204358016439934,0.251355623595794,1.981090886779966,-0.562295585926339
572,-0.365938223972228,-0.037186145977144,-1.597368189088106,0.979158397299150
573,0.000000000000000,0.000000000000000,0.000000000000000,0.000000000000000
574,0.000000000000000,0.000000000000000,0.000000000000000,0.000000000000000
575,-0.110004787188724,-0.632235631819149,-0.602176304301468,0.119675898714776
576,0.048365080386195,-0.865505408860621,-0.986631616606983,0.186055158268138
577,0.728998823161150,0.158353285425556,1.228492422046194,-0.190455928362564
578,0.075318987899253,-0.143637319360415,-0.701431823435045,0.098730060747758
579,0.293965129204483,-0.882508350687224,-1.336465513897335,0.289519217866818
580,0.435301465623774,0.467607514013037,1.399290847352749,0.000805737083399
581,0.000000000000000,0.000000000000000,0.000000000000000,0.000000000000000
582,0.000000000000000,0.000000000000000,0.000000000000000,0.000000000000000
583,0.617046373723703,0.031774114059515,-1.573895612305780,-0.365474456816296
584,0.407045491303974,-0.416662878218930,1.900635886848017,-0.037514525220361
585,-0.126123530366524,-0.233825900503523,-0.070337221661518,-0.014024147078836
586,0.504657191197177,-0.670510833933705,-1.511446285652503,0.035403857252575
587,0.186210284478684,-0.517236252906914,-1.575783610057319,-0.290897757351836
588,0.358087990013257,-0.820002761813140,0.376813202248159,-0.042193679490678
589,0.206591006375816,-0.197500054466610,0.710104598480819,0.040537148508114
590,0.039581578765216,0.237765821395475,-0.693891279253433,-0.147457876423260
591,0.000000000000000,0.000000000000000,0.000000000000000,0.000000000000000
592,0.000000000000000,0.000000000000000,0.000000000000000,0.000000000000000
593,0.309706409101420,0.415505425490161,-0.654545499967620,0.063188492053778
594,0.075318987899266,-0.143637319360391,-0.701431823429253,0.098730060746940
595,0.000000000000000,0.000000000000000,0.000000000000000,0.000000000000000
596,0.206590340292939,-0.197491927783209,-0.710103918544634,-0.040538708795249
597,0.000000000000000,0.000000000000000,0.000000000000000,0.000000000000000
598,-0.356056491031528,0.111035038185249,-1.778093034490132,0.114210650705114
599,0.000000000000000,0.000000000000000,0.000000000000000,0.000000000000000
600,-0.030832919520051,-0.163603352575829,-0.084384429228403,0.000685068858487
601,0.000000000000000,0.000000000000000,0.000000000000000,0.000000000000000
602,-0.353675235512314,-0.611748455166990,-0.553176574221678,0.071822955373516
603,-0.353675235511867,-0.611748455166192,-0.553176574217224,0.071822955372862
604,-0.353675235511867,-0.611748455166192,-0.553176574217224,0.071822955372862
605,0.018000625701044,-0.068665762331799,-0.691525089631121,-0.108206754406902
606,0.379318332336346,-0.213229520654672,0.707347416618599,-0.026935743285658
607,0.466896824841898,-0.670695124775080,0.813376826564837,-0.062976723724977
608,0.410412768939795,-0.805245388680875,0.888320392198423,-0.132261635114280
609,0.055568941463009,0.111693427682982,1.894619131078467,-0.127162810405262
610,0.323786335652161,-0.024502410025993,0.083257918987628,0.007047555375328
611,0.018000625701044,-0.068665762331800,-0.691525089631121,-0.108206754406902
612,0.000000000000000,0.000000000000000,0.000000000000000,0.000000000000000
613,0.000000000000000,0.000000000000000,0.000000000000000,0.000000000000000
614,0.028085903071377,-0.126112508622005,-0.078220228376478,0.011824754856694
615,0.712717156108666,0.351209586495821,-1.560502462723014,0.317870210935778
616,-0.297319360395202,-0.716302541183569,-0.493926279526866,0.158358141595566
617,-0.297480906653595,-0.716334175108325,-0.494449699569212,0.158583366555634
618,-0.352258804928808,0.079745767603476,-2.130267137225613,0.271658552141304
619,0.000000000000000,0.000000000000000,0.000000000000000,0.000000000000000
620,-0.037368170966782,0.008386533448036,-0.707936580494387,0.041312504952479
621,-0.037368170966782,0.008386533448036,-0.707936580494387,0.041312504952479
622,0.328926020504114,0.356308676054699,0.556692197542457,-0.007620228565344
623,0.328926020504114,0.356308676054699,0.556692197542457,-0.007620228565344
624,-0.037368170967665,0.008386533444379,-0.707936580501951,0.041312504949643
625,-0.107894298428656,-0.145693008830959,-1.709528716650247,-0.327583432811428
626,-0.403365409463312,0.646118224041337,-1.132850351813167,0.226410835038901
627,0.462736693134877,-0.561559412373740,0.778764734375802,-0.056914580770506
628,0.228755822066319,0.371015528856759,-1.532991323223858,-0.054033811881083
629,0.022434289376667,-0.129122979014746,-0.079019679248327,0.011729929392320
630,0.829755170731904,0.091737614656480,0.031993269256674,-0.030075324142177
631,0.439343164894193,-0.206844196909844,1.622552219947001,-0.631289929581648
632,0.026359830642485,-0.131474802532579,-0.079457388391818,0.011619826647330
633,0.026359830642485,-0.131474802532579,-0.079457388391818,0.011619826647330
634,0.250053732883778,-0.138751200990421,-0.080651881628931,0.007696682791299
635,0.349699487591772,-0.003624955153507,0.707718434050864,0.050824997957409
636,0.075318987899373,-0.143637319359936,-0.701431823454272,0.098730060750525
637,0.044485971089353,-0.822066987146863,-0.600926103838917,-0.002141677761004
638,0.201248385271099,0.236239833500490,-1.451266353294689,-0.259099451898049
639,0.244987622584838,0.548691686086053,-0.644508932260837,0.963213905422922
640,0.075318987899205,-0.143637319360605,0.701431823428724,-0.098730060746846
641,0.785849254493342,0.298488830395792,0.702226340568130,-0.224718134548418
642,-0.557682067242201,-0.120578675310172,0.303562004877623,-0.579324397608980
643,-0.825128354267953,-0.335677105177341,-1.404878857801466,0.671917654369041
644,0.052539869252909,-0.423151551306127,-1.950236254278556,0.151900333838451
645,0.177579320831374,-0.334107008226352,-0.711472460868043,-0.010198472303425
646,-0.534544924366563,0.118010269519166,-1.795551186989500,-0.266525051024179
647,-0.353326037180827,-0.190297084542531,-0.697974523015811,0.188731307070354
648,-0.574908730653498,-0.569716436451005,-1.294347803525051,0.053599784713412
649,0.651026029817955,-0.216803866776344,1.527910011549502,-0.280188772994768
650,0.277013810000124,-0.461322734529642,-2.144728231934582,0.211327578162249
651,0.932407222941096,0.335644693570660,1.108135856675649,-0.976512797591625
652,-0.181225180446069,-0.224954652051639,2.008759111627454,-0.200973214266773
653,-0.597255003159791,-0.533044414725969,-1.387058232558069,0.076291567153776
654,0.424973457450627,-0.561891738833194,-1.458379925277045,-0.128466264500613
655,0.043571603140397,-0.037147041833251,-0.054332468100751,0.009622787267600
656,0.000000000000000,0.000000000000000,0.000000000000000,0.000000000000000
657,0.000000000000000,0.000000000000000,0.000000000000000,0.000000000000000
658,0.604105498278988,0.488246931476313,-0.004574595332474,0.022909915317431
659,0.248836468728765,-0.710839312341268,0.049588675097343,-0.075899814442911
660,0.016025338012051,0.999871586025725,0.844097110933539,1.253505605180218
661,0.000000000000000,0.000000000000000,0.000000000000000,0.000000000000000
662,0.284499407813697,-0.074559314747864,-1.876221531638885,0.182277080081598
663,0.293427725916670,-0.143020690204432,-1.918477875766492,0.202832278983752
664,0.506890571869872,0.277243841264344,-1.474392744781315,1.106996251407457
665,-0.302584079154655,-0.712430441950511,-0.506340870772734,0.166549239044607
666,0.115847601956630,0.524756630591638,-0.734890969515265,0.075017227366593
667,-0.843886545556895,0.284337038492705,-0.105105391044600,0.058054103188853
668,-0.624466896790773,0.377907038613514,-0.049173365869439,0.078076093796109
669,0.627324636422689,0.455999032674284,1.046361477845538,-0.170766751868088
670,-0.353895363572234,0.443523710672472,1.333361145686738,0.081736858133430
671,0.629963649122657,0.048044310536564,-1.426281550849243,0.121220646950006
672,-0.750204487801732,0.336272888327978,-0.047300294930094,0.078220777502819
673,-0.547084529096996,-0.346365390286191,-1.482783031481054,0.228882895134688
674,0.093940078196387,0.586184045490459,-1.884672517364860,0.204341837985086
675,-0.486029999257121,-0.485569512029506,-0.975875118753378,0.143233165264429
676,0.000000000000000,0.000000000000000,0.000000000000000,0.000000000000000
677,-0.522579878513390,-0.729241787912759,-1.017159278115133,0.105632882180111
678,0.087638265597558,0.402864252928059,1.874020420027671,-0.351289109102886
679,-0.162242659816091,0.053847876491558,1.982370466999499,-0.441728536985660
680,0.000000000000000,0.000000000000000,0.000000000000000,0.000000000000000
681,-0.196509912277707,0.048745638140032,1.945851428731646,-0.567948078397852
682,-0.385424966512764,-0.065420553020276,1.677519069135785,-0.664449263061961
683,-0.132909444907152,0.073463112999126,1.933094829585535,-0.552633110509242
684,0.889223763890958,0.457472510356194,0.004663735908851,0.112515768483521
685,-0.097761583348937,0.531737512179948,-1.939802046521537,1.093009758193983
686,0.443507760334898,0.352389606803288,-0.641631626205549,0.120938230833184
687,-0.149135762195493,-0.361136342281912,-1.435416374607376,0.158273874890455
688,-0.702986019747047,-0.205861774159661,-1.090604863996052,0.325777770446627
689,-0.465304569665425,-0.114388249673051,1.537476192431749,-0.754436532715366
690,-0.146784851934328,0.303095504058880,-2.018588329252530,0.189647196625543
691,-0.114622467654180,0.048334023104680,1.924271597248364,-0.530838732306213
692,-0.132614001570422,0.130195195586472,1.876539957930544,-0.664886208433647
693,-0.477463333245724,-0.100005374953456,1.593696602664635,-0.762378676357986
694,-0.633205501721609,-0.020562950352690,-1.197726963645796,0.421074073155976
695,0.000000000000000,0.000000000000000,0.000000000000000,0.000000000000000
696,0.000000000000000,0.000000000000000,0.000000000000000,0.000000000000000
697,-0.996412685474193,0.084627183730213,-1.120394826911909,0.512608907956620
698,-0.974345395351609,-0.225057882681580,-1.018704530842919,0.395234249938286
699,-0.749270943295773,0.662263583124319,-0.079642143729433,-0.310008393764367
700,0.119625298079426,0.350802252209061,-0.076789701087717,-0.008594119310800
701,0.171736827105727,0.029815490488718,-0.059229018220435,0.009924846836136
702,0.397884929033790,0.380588061165524,-1.480757229441828,-0.137237211597880
703,0.682717003829390,-0.714182723390006,1.147669001301700,-0.146956011651636
704,0.120581053964407,-0.029638295755760,0.651056213016042,-0.231500289180923
705,0.000000000000000,0.000000000000000,0.000000000000000,0.000000000000000
706,-0.243742841405715,-0.264483753907907,-1.884619497093728,0.460488706032560
707,0.000000000000000,0.000000000000000,0.000000000000000,0.000000000000000
708,0.000000000000000,0.000000000000000,0.000000000000000,0.000000000000000
709,0.000000000000000,0.000000000000000,0.000000000000000,0.000000000000000
710,0.000000000000000,0.000000000000000,0.000000000000000,0.000000000000000
711,0.000000000000000,0.000000000000000,0.000000000000000,0.000000000000000
712,0.120581053964407,-0.029638295755759,0.651056213016036,-0.231500289180921
713,0.120581053964407,-0.029638295755759,-0.651056213016036,0.231500289180921
714,-0.877404922909276,0.479750561494791,-0.068730212035824,0.218953376084025
715,0.000000000000000,0.000000000000000,0.000000000000000,0.000000000000000
716,-0.713733184874367,0.017665552192347,-0.068204623384921,0.104863910931326
717,0.120581053964407,-0.029638295755759,-0.651056213016036,0.231500289180921
718,0.301148489697143,-0.075303757251028,-2.177679393513768,0.676037555949012
719,0.023173857013909,0.091463638006268,-0.648729634823062,1.152170036328789
720,-0.967544810178948,-0.252699505927067,-1.068961609627680,0.258749720760512
721,0.000000000000000,0.000000000000000,0.000000000000000,0.000000000000000
722,0.000000000000000,0.000000000000000,0.000000000000000,0.000000000000000
723,0.120581053964406,-0.029638295755760,-0.651056213016041,0.231500289180922
724,-0.888161868190740,-0.459530734436701,-0.240350870959676,0.004874115947592
725,0.629023084350979,-0.046822979876436,1.575125434327831,-0.452960008865289
726,-0.924553522201796,-0.086981643379550,-0.109712668559061,-0.002073405347104
727,0.000000000000000,0.000000000000000,0.000000000000000,0.000000000000000
728,0.000000000000000,0.000000000000000,0.000000000000000,0.000000000000000
729,0.648546678908365,0.295322948038954,0.091233757125292,0.083920436510910
730,0.648419665976380,0.266643670497130,0.082908547830865,0.081411195634462
731,0.016374106535998,-0.753117368285112,0.410085798064813,-0.041127036638910
732,0.318632648262071,-0.789064124033652,-1.137432849370668,0.232154481373089
733,0.000000000000000,0.000000000000000,0.000000000000000,0.000000000000000
734,0.000000000000000,0.000000000000000,0.000000000000000,0.000000000000000
735,-0.612833219097336,0.326784028230884,-1.399942783167280,0.754195024643169
736,0.000000000000000,0.000000000000000,0.000000000000000,0.000000000000000
737,0.000000000000000,0.000000000000000,0.000000000000000,0.000000000000000
738,0.000000000000000,0.000000000000000,0.000000000000000,0.000000000000000
739,-0.932401897042227,-0.167415935716253,-0.199717922736232,0.051515560805820
740,0.000000000000000,0.000000000000000,0.000000000000000,0.000000000000000
741,0.000000000000000,0.000000000000000,0.000000000000000,0.000000000000000
742,0.000000000000000,0.000000000000000,0.000000000000000,0.000000000000000
743,0.566215342107974,-0.347615491940286,-0.717054021052372,0.040257115607385
744,0.596525881178897,-0.751837993325103,1.102177835324997,-0.263644601321522
745,-0.924682152754861,0.257087439915024,-1.110837303821743,1.253743782694869
746,0.045057356811521,-0.998984401578503,-0.484279993412190,1.787839467398307
747,0.214257093615999,-0.976777302067992,-1.063034249864448,1.353674716631103
748,0.592756046613382,0.805382064118189,-2.628916834703921,-0.860876943512832
749,0.096472599614912,0.017118086069727,1.429836323333448,0.406875036395742
750,0.000000000000000,0.000000000000000,0.000000000000000,0.000000000000000
751,-0.017403096358844,-0.038707964968323,-2.052220324213713,0.587449692011166
752,0.868049907612261,0.496476945984750,0.368384756838772,-0.056735518885699
753,0.000000000000000,0.000000000000000,0.000000000000000,0.000000000000000
754,0.120581053964407,-0.029638295755760,0.651056213016042,-0.231500289180922
755,-0.443511068988321,-0.541254264489951,0.773203517335280,-0.103972640658039
756,-0.965070505395134,-0.261990304432016,-0.279003677222601,0.093426163481153
757,0.000000000000000,0.000000000000000,0.000000000000000,0.000000000000000
758,0.000000000000000,0.000000000000000,0.000000000000000,0.000000000000000
759,0.120581053964407,-0.029638295755760,-0.651056213016039,0.231500289180922
760,-0.538518391088205,-0.382331508200556,-1.590266087020286,0.169498043294291
761,0.120581053964407,-0.029638295755760,-0.651056213016041,0.231500289180922
762,-0.359054242465484,-0.631757180353843,-1.487481937790261,0.440932301158888
763,-0.374668010016683,-0.257778227983125,-0.681278245765836,0.142846135387086
764,0.000000000000000,0.000000000000000,0.000000000000000,0.000000000000000
765,0.000000000000000,0.000000000000000,0.000000000000000,0.000000000000000
766,-0.595754802783775,0.251708050209561,-1.384166080083067,-0.060766303143369
767,-0.234867164183485,0.515777815414532,-0.772988856580049,-0.188634078774944
768,0.093511288337717,-0.345094436746865,0.081123233203464,-0.000993392848996
769,0.421016831838917,0.395397397276288,-1.397891351187148,0.495005737618491
770,-0.064156526918361,0.684282773255431,-0.009520221913156,0.074078070710709
771,0.200323574451231,0.519033667779656,0.041776121415991,0.045427583718892
772,-0.485228860020416,-0.639473076997813,0.568079608328983,-0.097292686768907
773,0.000000000000000,0.000000000000000,0.000000000000000,0.000000000000000
774,-0.174296909767737,0.042850091703650,0.713287663982005,-0.003236265399407
775,0.825308228017290,-0.564682502621571,-0.137814964645117,0.096466887773862
776,-0.659155364626618,0.603974283522131,-0.040662148643863,0.053637337832521
777,-0.339960193784941,-0.557560346954680,-1.254482718566364,-1.253703675044190
778,-0.466135264076077,0.810736197427928,-0.765761598175498,0.353579641774960
779,0.577731480248183,0.403670454089018,0.080320641089901,0.023994779646636
780,-0.658880145333171,-0.699209781622702,-0.762815248992660,-0.020864188067163
781,0.317565066941957,-0.034775360547337,0.029217194297984,0.018658398520305
782,0.428298075252129,-0.497095380998066,1.588281557970375,-0.082922475885692
783,0.000000000000000,0.000000000000000,0.000000000000000,0.000000000000000
784,0.169211373439540,0.474918234470926,2.137782035042559,-0.583819252779943
785,0.611214238155193,0.366195509117515,0.016323941611865,0.019123013462916
786,0.193657812056837,0.427522893707935,2.151266206704657,-0.587843779963566
787,-0.517177245306083,-0.395397047252011,-1.249537648939755,0.018016135371828
788,0.000000000000000,0.000000000000000,0.000000000000000,0.000000000000000
789,0.482307971557516,-0.053618516346757,-0.111203102212591,0.027710291102905
790,0.273673102173204,-0.280763077213466,0.729641386101901,0.100707746756189
791,0.155406531462375,0.194676009587070,0.063326614036746,-0.042804916929975
792,-0.225080663708462,-0.025033991070613,-0.075015704498143,0.012813008011337
793,0.208128433339355,0.244484530463204,-0.087684194599009,0.037335426283580
794,-0.021665049098359,0.168462166312015,2.058918309847428,-0.182714403529277
795,-0.363236525938813,0.493084171242097,2.156755032099918,-0.358855394876113
796,-0.492532199071544,0.393423383883283,-1.551919108104755,0.579836507654867
797,0.590453342305744,-0.284982150088988,1.515811948171087,-0.357500821095286
798,-0.696171996008541,0.453743541681557,-1.614889515061517,0.410871597016661
799,0.000000000000000,0.000000000000000,0.000000000000000,0.000000000000000
800,-0.998419529194723,-0.056200033119092,-1.980930433951164,0.290521777319891
801,0.050840381989885,0.960884620488215,-1.036006324668350,0.480817000697481
802,-0.518602167935652,0.241097770486447,-1.962959232177595,-0.065843214269092
803,0.452025779951840,0.225672909792858,-1.064485445497642,0.079107589991142
804,-0.999130454074795,0.041693353670500,-1.191094031242619,0.848758595883439
805,-0.860934158926835,-0.208112480998176,-1.272349461770893,0.596497320174506
806,-0.153423131176728,-0.127813412559569,-1.886480720117638,0.475219911145729
807,-0.743343068843792,0.273351220136332,-1.614821588573751,-0.194436147657280
808,-0.806437695604190,-0.366146201193575,-1.547997590534705,0.601909680998262
809,-0.306843229452928,0.295429060404460,-1.788616923293944,0.700602310924730
810,0.000000000000000,0.000000000000000,0.000000000000000,0.000000000000000
811,0.066017355845077,-0.181540476269188,-0.683639524267424,0.181066517732667
812,0.000000000000000,0.000000000000000,0.000000000000000,0.000000000000000
813,0.000000000000000,0.000000000000000,0.000000000000000,0.000000000000000
814,-0.483120658389427,0.435289560155852,-1.673790226665725,0.402796202252133
815,0.054298439111025,-0.906056949152949,-0.450883258922218,0.001243640253122
816,-0.566769465210003,0.359996492045996,-1.796190546133179,0.263883706490011
817,0.079726178463545,-0.180889353447578,-0.068439987994910,0.008328560036675
818,-0.487952957204262,0.313944075905791,-0.060157049314444,0.042574008478141
819,0.000000000000000,0.000000000000000,0.000000000000000,0.000000000000000
820,-0.879246265604748,0.156331565637371,-0.571607086069843,0.390104288193125
821,0.122878588489198,0.129536560108809,2.346126708741243,-0.538588901612012
822,0.253890297935212,0.293868305232104,-0.022732814761076,-0.059715111927077
823,0.115499920730953,0.036979517969191,-2.070972566711937,0.857752675095143
824,0.352127041887019,0.237206665138676,0.422920020507131,1.048998525208511
825,0.160515068477867,-0.547539437484583,1.572653691563355,0.093126753749341
826,-0.602692710691699,-0.275618518123686,-1.462599360099484,0.557375517819336
827,0.096578805643158,0.281871790697236,-0.062301212718723,0.038933972838682
828,0.612150445006544,0.245328808104586,1.202618113164363,-0.129001342112075
829,-0.407559775579354,0.821400096353273,1.302828029873185,-0.267197394624869
830,0.201411806118573,0.293868224470435,-0.053955175994729,0.047061910292853
831,-0.967945045631020,-0.010109558658313,0.963677385203954,-0.722079511470603
832,-0.242517610881748,0.485866853548134,1.236692475173818,-0.413423600879648
833,-0.626843563445347,0.313892224232161,-0.476308401144727,0.377601587644671
834,0.670704871892599,-0.741724325352440,0.098413634220272,-0.113556499613496
835,0.000000000000000,0.000000000000000,0.000000000000000,0.000000000000000
836,-0.032476569835461,-0.040208232429231,1.801134398978899,0.365949011745703
837,-0.060655989152047,0.051092348003543,0.686099449945893,-0.128999040261554
838,0.000704393956861,-0.008786006039934,0.707653576820241,-0.007182744530903
839,-0.235599092293217,-0.237590039835907,1.656758891849931,0.066430830291220
840,0.032048730261967,-0.203002472156636,2.063986902769277,-0.103867423941367
841,-0.016393939719216,-0.568784187302251,0.113212216334722,0.021591691940583
842,0.127224295599311,0.558990171595302,0.805579771259277,-0.022635603345335
843,0.287081302352583,-0.223293549516291,1.881642707455975,-0.406190633708506
844,-0.380670990102120,0.159762312415394,-1.109873215017423,1.015598398935765
845,-0.455589803209557,0.217373581649103,-1.382430405290742,0.657760841304879
846,0.263986815530491,-0.843769962695167,-0.372368631787210,-0.015655022526317
847,-0.186643804636651,0.029672488835563,-0.715305190485957,0.008712192602588
848,0.231449829911315,0.769096787085643,-0.409942987228919,0.362309639971759
849,0.000000000000000,0.000000000000000,0.000000000000000,0.000000000000000
850,0.083747658806878,-0.872752877061708,-0.053371225962791,-0.055330185166960
851,-0.373273115898386,-0.178835299708226,-1.887597367956647,0.860612712467230
852,0.225519786456012,-0.376879311185294,0.746677699615523,-0.056017911529326
853,0.000000000000000,0.000000000000000,0.000000000000000,0.000000000000000
854,0.017277333421176,-0.529042455476751,-0.044117509349005,-0.012262780031080
855,0.274789999230679,-0.442729973776954,-1.745994432714963,0.220055802593233
856,0.336684248275418,0.941617606549079,1.739130876025796,1.336582927878353
857,0.913206047901065,0.407498115427427,1.526834345239227,-0.138401469243074
858,0.448744984627817,-0.114640154705199,2.252045198266679,0.034987898516516
859,0.066017355845128,-0.181540476269176,-0.683639524264053,0.181066517731729
860,-0.472474279898847,0.498169540323998,-1.234783480256014,0.949992743470176
861,0.417246144117324,0.908793516272660,-0.261126240810972,0.442907362719738
862,0.000000000000000,0.000000000000000,0.000000000000000,0.000000000000000
863,-0.406887078179367,-0.639139483774949,1.465382815837237,-0.334372830236530
864,-0.660894951321747,0.441553233951221,-1.527410999934623,0.073591703509612
865,0.071694924870178,0.190367878459432,-1.976182791103429,0.782629040462627
866,-0.467444716658719,-0.390377388672060,-1.837222823041791,0.275624463883757
867,-0.179219707610651,0.389714559540587,-2.331928269053690,-0.732859581319231
868,-0.191138688798393,-0.369691737165319,-1.820338527898330,0.131822882394919
869,0.113836801158571,0.495698020028801,-1.945094598899499,0.373528878253772
870,0.058535047111846,0.203490750152907,1.840588575488395,-0.281805574695983
871,-0.579212698593225,0.435291066036479,-1.361225485247958,0.061730141956955
872,0.283229336817010,0.373231943438008,-0.978077828006616,-0.048243380756347
873,0.376376638327095,-0.626119508555575,1.461255299229220,-0.265462176705449
874,-0.167961153372956,-0.022155660310992,1.897987020403018,-0.610669274432119
875,-0.620517707727152,-0.353893654021685,-1.564709493575175,0.601503508375329
876,-0.158608979859715,0.121925513970425,-0.061723030855321,0.038738077990815
877,-0.375734990953055,-0.385848274804439,1.847522247286775,-0.477588863003601
878,-0.980183333941062,0.198092483108736,-1.532485372209292,-0.834005567567922
879,0.521943019645808,-0.287089909223982,1.903948141226365,0.245059594479313
880,0.709701941739461,-0.233866405886079,1.810620664444835,-0.321830013480978
881,0.275933575310317,-0.340127345082416,1.667743294175527,0.249998159317447
882,-0.301891997273816,0.497590201430502,-0.200274154847626,0.119311676843792
883,0.000000000000000,0.000000000000000,0.000000000000000,0.000000000000000
884,-0.699234004285407,0.239096895801232,1.088613059170962,-1.106404974954201
885,-0.216929692662744,0.349999320408443,1.778117660927259,-0.365373986066363
886,0.081457214417376,-0.320861999375944,1.311886227409466,0.179692707177682
887,0.146316583937952,0.148368532411005,2.009644320004843,-0.852039638648783
888,0.292840848920915,0.327828365437032,0.868276040418413,-0.813849374007193
889,-0.320778379743959,0.291420012162684,-1.416185766244691,0.731732906503511
890,0.041286205771084,0.388342344496307,-0.772107058575334,-0.099144223678885
891,-0.038231401723174,0.391493520009932,0.754250772962669,0.057233979724075
892,0.000000000000000,0.000000000000000,0.000000000000000,0.000000000000000
893,0.000000000000000,0.000000000000000,0.000000000000000,0.000000000000000
894,0.000000000000000,0.000000000000000,0.000000000000000,0.000000000000000
895,0.066017355845077,-0.181540476269188,0.683639524267398,-0.181066517732659
896,-0.393680226168699,0.359808184849942,1.568664723670412,0.191083364193576
897,-0.374668011123751,-0.257778230608104,0.681278245368639,-0.142846135536115
898,0.000000000000000,0.000000000000000,0.000000000000000,0.000000000000000
899,0.000000000000000,0.000000000000000,0.000000000000000,0.000000000000000
900,-0.471765420156003,0.480270153265675,-1.336037039447934,0.511420442313224
901,-0.665743585468355,0.558477789277632,-1.369418494263206,0.167351138564125
902,-0.754516152133026,0.162987549481253,-0.921750770527752,0.089383370444986
903,-0.052592866818629,0.320565556109924,-0.067924691449604,0.079519696421192
904,0.000000000000000,0.000000000000000,0.000000000000000,0.000000000000000
905,0.430973274129892,0.013196212471927,-1.842445966922477,-0.612474048674053
906,0.043505968732133,0.422377346846849,-2.187384640571978,-0.605979636787082
907,-0.980977714025416,-0.194120386836284,-0.319574432859035,0.113804483538357
908,0.463403235947070,-0.180983533930856,-1.835159276878957,-0.507534311379195
909,0.025858567968950,0.173385643562077,-0.049237945275743,-0.022413391885749
910,0.000000000000000,0.000000000000000,0.000000000000000,0.000000000000000
911,0.000000000000000,0.000000000000000,0.000000000000000,0.000000000000000
912,-0.340077054491469,0.198105942425443,1.791656785418213,0.383629917658612
913,0.999740221490908,-0.022792313031176,0.877089031305278,0.640819172345567
914,0.026569701207941,0.070588841881869,-0.072208717007462,0.003758695745858
915,-0.130463791460153,-0.991453074591956,1.981672214552956,0.479374902969601
916,0.000000000000000,0.000000000000000,0.000000000000000,0.000000000000000
917,0.258794190375509,0.251975581322864,-0.538705383687599,0.331396927479867
918,-0.104368549300781,-0.262155342770804,-1.573443016171942,0.192261695062679
919,-0.003178023508769,-0.066180372165739,-0.074682000564969,0.012537977799382
920,-0.025813472158230,-0.999666776808721,1.863050723272645,0.458853910602524
921,-0.620465617003945,0.460917779946824,-1.560327868454870,0.086755189694646
922,-0.053243261063170,-0.144711894072551,-0.076620982069458,0.006688099456315
923,-0.612087254796579,0.790790232941447,-0.106227795670375,-0.112833849828934
924,0.066017355845078,-0.181540476269185,0.683639524267439,-0.181066517732671
925,-0.990550057046579,-0.137151684222324,-0.234091500630075,0.068376377108967
926,-0.630644807955951,0.636572319631949,-1.361195065240414,0.844248302689082
927,0.244595252643243,-0.742004095138638,0.020615351078295,-0.071512490376694
928,0.723606522420163,0.270832524559614,-0.134196899985860,0.524305302119279
929,-0.118719180747008,-0.009290221727069,2.010304840596205,-0.190459123954060
930,-0.834984921939121,-0.091223551851872,-1.036940659383469,0.948238733138471
931,-0.291378219996916,0.755510350051986,-1.078680847682094,0.370578042667602
932,0.208244462093495,-0.302655139078805,1.279610692466256,0.287590040870418
933,0.000000000000000,0.000000000000000,0.000000000000000,0.000000000000000
934,-0.487318609212439,0.832667254147209,1.863541250395922,0.177266381589780
935,0.057392782330107,-0.047101577898123,1.946791014742286,-0.933685699436454
936,-0.684206456260235,0.729288369036426,-1.930035075874655,0.088419404815699
937,0.311761689857043,-0.732089183785429,1.454896273199066,-0.299785747454330
938,0.918463981185574,0.395504633683026,1.276312297634458,-1.011326376621815
939,-0.649242067232734,0.760581841839106,2.901028239354508,-1.399886799696646
940,0.583826399541631,-0.234968358307568,1.585267004135147,-0.293411820228890
941,0.445819819160343,0.895122722783775,1.237562713729238,-0.751818835314017
942,0.991697361241064,-0.128593715661035,0.490862682447399,-1.492178381093075
943,0.508002788082137,-0.861355424491409,-2.420644640942303,1.542779062968942
944,0.631495822898025,-0.553420269111776,0.149308270311212,-0.106034300593474
945,0.629992673750225,0.232070921004714,0.069619954565617,0.032347587872232
946,-0.793389920493665,0.119169146158749,-0.707705484107922,0.030388194633104
947,-0.147145205167361,-0.989114901614699,-1.018245418008956,-2.049145292507090
948,0.286429239250670,0.886059561133397,-0.479419667023941,0.530546368086518
949,-0.760127934806373,0.574302607817147,-1.678764053348211,0.482307066040101
950,-0.057117582595747,-0.069492864657708,-1.577213620584358,0.584920590645367
951,-0.559351201520980,-0.632790274273262,-1.307478678729391,0.129694114232779
952,-0.464136620938816,0.164286298759255,-0.071672297494870,0.014095466246832
953,0.000000000000000,0.000000000000000,0.000000000000000,0.000000000000000
954,-0.182959190542198,0.479855566471954,-0.515073127770458,-0.135848431111383
955,-0.527261443161836,-0.703746404693363,-0.597245521308503,0.187650215075170
956,0.000000000000000,0.000000000000000,0.000000000000000,0.000000000000000
957,0.109522883824839,0.993984274482595,-0.207411203445908,1.786469728741166
958,-0.227214516782437,0.738738148812633,0.931699316923900,0.000056355401991
959,0.415400984169910,-0.766873479699926,0.094052772067662,-0.060523021744737
960,0.350157373593988,-0.235840163075558,1.993899365885414,0.106530408460458
961,0.541726011768016,0.122606797751892,1.685346816322228,-0.200173902695167
962,0.092959882770561,0.517647428519822,-1.028955293762008,1.006022882377799
963,-0.349029046259141,0.554823214949774,-0.911253065682655,-0.670230260014836
964,0.523642576989783,0.578355094235087,0.688217989090687,0.029501319706689
965,0.052181657466225,0.342005605904314,-0.054213837039710,0.046077664004351
966,0.337941256168612,0.328249407957766,0.548574931456522,-0.899266438051930
967,0.345893068298698,0.278373216198998,-2.053955164942828,0.712174032504605
968,0.199070402375756,-0.486173179562397,1.936414718757848,0.189386158937201
969,0.663906338327339,0.409187884515297,-1.025213761989051,0.185699250957466
970,0.482098639637902,0.654038961948732,0.483727060029583,-0.504938684995320
971,0.208886468908257,-0.927483343713814,-1.738498169166827,0.089069234091074
972,0.545190391801012,-0.838312254883500,0.011573800917983,0.036058432393989
973,0.811877974243881,0.583827161870405,0.431283788140860,-0.517557032703127
974,0.138957000280401,0.589006658540448,0.963493315724048,-0.302531401574831
975,0.354948373888203,-0.737319220661528,-0.014435540319412,0.052161449654084
976,-0.567494117275358,0.260238913328323,-1.823732194794800,0.915206138585587
977,-0.320564181835902,0.500899702571853,0.563650719474084,0.079746553144504
978,0.509611383276746,0.263891296755588,-0.196140527728063,0.875392062134560
979,0.000000000000000,0.000000000000000,0.000000000000000,0.000000000000000
980,-0.568951749007587,0.786079082995400,-1.283744052309495,0.346697852454366
981,-0.103629263397577,-0.388568585869680,-1.597574249547485,0.265049748534466
982,-0.609372359408553,-0.608023855283785,-0.619870061185150,0.272066207402759
983,0.849302743452821,0.373446086508290,1.458105581521785,-0.071395194160980
984,0.264312991458498,0.907197110461734,-1.155252280147228,0.456771156304413
985,0.877951900502818,0.282158309087955,1.479462231133085,-0.214983397170198
986,0.239706722516171,0.970845346685328,0.011758774506887,1.761073099193620
987,0.000000000000000,0.000000000000000,0.000000000000000,0.000000000000000
988,0.000000000000000,0.000000000000000,0.000000000000000,0.000000000000000
989,0.043745803148844,-0.999042694136173,-0.432901793520589,-1.782578154168642
990,-0.203967260440915,0.298622590914938,-0.063927268959524,0.004631142737569
991,-0.654218253422024,-0.518770545186478,-1.444539198413982,0.484656804039083
992,0.000000000000000,0.000000000000000,0.000000000000000,0.000000000000000
993,-0.260698494404590,0.468421752107710,-0.765579484238042,-0.241245695320471
994,-0.943938289605321,0.137324586275193,-1.603271087870765,0.346940629589420
995,0.091162807864086,0.064837348215541,-1.854689529526534,0.030157804106836
996,-0.436273031645955,0.426322780455983,-0.106823763058214,0.051829094236838
997,0.000000000000000,0.000000000000000,0.000000000000000,0.000000000000000
998,0.258794190375518,0.251975581322869,0.538705383687595,-0.331396927479866
999,0.450381697599571,0.459719013569898,-0.387925597412666,0.373226728738641
1000,-0.434664512140847,0.118001114716485,1.514064421360696,-0.885903552251806
1001,-0.418729590058880,0.275324351867941,1.833007193378870,-0.107933547914749
1002,0.202994458362259,0.270023144448326,-1.983884336369050,-0.261091404646832
1003,0.861163056851259,0.508328820267547,-0.872656746079698,0.221083384602803
1004,-0.108345575413321,0.252244389992328,0.897513457810868,-1.101286775264100
1005,-0.380425461594351,-0.271189094005570,-0.680483074630205,0.143481858165989
1006,-0.385929015119190,0.229211314582962,1.800634732024220,-0.350289495366515
1007,0.944457129568920,0.328634645779223,-1.409769743021295,0.936721891553440
1008,-0.538665422684864,-0.135990497912811,1.709154688792815,-0.490053001148635
1009,-0.666835308833995,0.040101106416558,1.693586147291329,-0.423228287796576
1010,0.363123010470467,0.110166829621769,-2.093314111437655,0.395833766965556
1011,0.066017355845078,-0.181540476269187,0.683639524267414,-0.181066517732664
1012,-0.290022746943480,0.194767262592071,-0.054380839994124,0.043943846195990
1013,0.000000000000000,0.000000000000000,0.000000000000000,0.000000000000000
1014,-0.431441703518974,-0.178599476017605,-0.617333320470556,0.254246938351721
1015,0.806422211565580,0.496110164825626,0.919346903197894,-0.248777304440148
1016,-0.382977294191109,-0.815054220348450,0.643672017438543,-0.031944611858401
1017,-0.459750180352755,0.140968461789484,-1.857437563785494,0.362740743554826
1018,-0.979468510068918,0.201597216705423,-1.630750974457562,0.600901964777274
1019,-0.460858107526508,-0.606800981302352,-0.542389718374381,0.259748713847893
1020,0.000000000000000,0.000000000000000,0.000000000000000,0.000000000000000
1021,-0.990655445018957,-0.136388376536615,1.356163819700415,-0.572804127873568
1022,-0.666243448021169,0.341948251684242,1.456106881143145,-0.598368375871242
1023,-0.178763986386020,0.091973969868698,1.881378146994152,-0.726619457139518
1024,-0.135092670770915,0.191135835285621,1.804411867756401,-0.689960615283034
1025,-0.605974524208601,-0.086791395640656,1.289986402468435,-0.884364400467545
1026,-0.992355199913980,-0.123414574518912,-1.244717114011869,0.823205942459655
1027,0.000000000000000,0.000000000000000,0.000000000000000,0.000000000000000
1028,-0.269370316411908,-0.187860493477262,1.782391002827180,-0.123924360184187
1029,-0.010742285572749,0.454546656788053,0.723685724472416,-0.126519124408765
1030,-0.707427589916314,0.077344623621803,1.530249646130186,-0.245712102791499
1031,-0.812279990273200,-0.112787397123898,1.424471676494768,-0.397003840837280
1032,0.359878589811339,0.779292215714395,-0.724009033068229,0.583696760152940
1033,-0.422084791247279,0.346762700233229,-0.098492392665789,0.059492434005986
1034,-0.610704773115992,-0.534997075640944,-0.752654061644619,0.075918769568469
1035,0.717495706467769,-0.696562926949402,-2.000751192035856,-0.152770330686793
1036,-0.382913426303164,0.431200092053296,-0.049145022722000,-0.013210748602762
1037,-0.549623792836196,0.384916820570300,-1.537841460360984,0.640408707693900
1038,-0.276298467341447,0.460047752026553,-2.256069184455803,-0.791081054037085
1039,0.246091059112380,0.969246712981245,-0.909283001118085,-1.775393702695405
1040,-0.721752907409232,0.685381804907439,0.291053828068300,0.405417848015563
1041,0.000000000000000,0.000000000000000,0.000000000000000,0.000000000000000
1042,0.122455670868618,-0.992473983876715,0.496764048927776,0.042279988662290
1043,0.231878744050815,0.176720227339815,-1.641822289845929,0.131003963367752
1044,0.000000000000000,0.000000000000000,0.000000000000000,0.000000000000000
1045,-0.447510314353094,-0.596644979174731,-0.535671627191820,0.265456218345310
1046,-0.564988400065447,-0.335347460541935,-0.707741424474441,0.050771826079035
1047,-0.769963015534402,0.395174438353123,-1.720206657076201,0.548428456224320
1048,-0.411605908408381,0.206341498816205,-1.722313779069847,-0.151564476999628
1049,0.982372018828935,0.186936397263782,-1.134196353152586,1.341535227306502
1050,-0.181987415627408,0.685810178553085,-0.824802278317755,0.271709852223477
1051,-0.325195779284527,-0.397509515890762,-0.714847109326279,-0.092879185179728
1052,-0.442522534606094,0.505286018517978,-0.995023514227614,0.147929105858048
1053,0.351991204293184,0.584045709818078,1.583683182123532,-0.697155200725394
1054,0.264070751330853,-0.964503311705853,-0.071631121600272,-0.020673791428332
1055,-0.109891465485551,-0.993943592873075,-0.869585041918479,-2.162118995201082
1056,-0.442967800418247,-0.395490287738964,-1.339455422295229,0.626828291170673
1057,-0.518570893786983,-0.461729533704257,1.314201618258466,-0.552604763837599
1058,0.943929973414180,0.330145733412240,-0.753434285778096,0.866048855411402
1059,-0.431441703519053,-0.178599476017708,0.617333320470490,-0.254246938351683
1060,-0.571334020384102,0.079337687308138,-1.367102613211905,1.252358495844206
1061,0.028741091100852,0.387030664747193,1.105011329442353,-1.436870673657320
1062,0.433601009241411,0.513080027871898,1.213654063410152,-0.923633597880802
1063,0.134143173608957,0.801484583353750,-0.991311861806637,0.619813948570383
1064,0.000640034676632,0.692624848795685,1.385401092730941,-0.302959555486190
1065,0.401524291260929,0.350113519616253,-2.275835807428045,0.165149240914264
1066,0.258794190375518,0.251975581322869,0.538705383687595,-0.331396927479866
1067,0.208510691067806,0.367623476503614,0.156105540367854,-0.491622074580060
1068,0.240131126403308,0.333567667049126,0.023615074953318,-0.072827792162323
1069,-0.446647313495275,0.569427723152348,1.509969227805875,0.269357918373635
1070,-0.402469654268977,0.214442666820048,-1.746184483632765,0.268329385663082
1071,0.318344266643747,0.188712792255530,1.318826569477179,-0.982684147588624
1072,-0.102164907349063,0.242389095358364,0.039520983683076,-0.056815332226814
1073,0.456115729870235,-0.283508596395189,2.029476915380293,-0.365039879134594
1074,-0.344703330029269,0.468580408673982,-0.241040321957448,0.032050200348534
1075,0.040425688526345,0.375271786874494,1.893337961974364,-0.312666062323075
1076,0.840350435953472,0.114407442816813,0.062286541770220,0.704572436059866
1077,0.022183768169461,0.917887404334124,1.001751763201634,-0.463852222363923
1078,0.599272891540663,-0.800544815400420,-0.017336017979692,0.080625122398052
1079,-0.066673911195503,-0.298915617611707,2.247350022884018,-0.009065389419384
1080,0.543230036241427,0.839583901540006,1.321061423355808,-0.591086115390320
1081,0.771148598219793,0.020250083109580,0.727981677867116,-1.491446981640279
1082,-0.064968030789473,0.806030876564966,1.068063264670429,-0.402875749412020
1083,-0.165464203901079,0.602981733598140,1.279365650500500,-0.248326403369344
1084,0.784024684281827,-0.517900349646694,0.083687455724720,-0.064045356176080
1085,-0.305249481589034,-0.194285539822758,-0.032778520641920,0.003011082664869
1086,0.397131519732772,-0.644600286317417,0.042215804325590,-0.001652050578842
1087,-0.535512084762592,0.093584212155270,-0.057047255126475,-0.031832324566336
1088,0.513113736953105,0.019774646054127,-1.566507204831703,0.325478788873488
1089,0.493886586653297,0.563821031303430,1.268644171500269,0.062402358881561
1090,0.404270037909488,-0.747797484454580,1.424169963777171,-0.199385846963695
1091,0.979034943829962,0.203692363037654,-1.778710165899089,0.706962188544473
1092,0.576795285131857,-0.816888731131517,1.276205394684431,-1.106674883552643
1093,0.258794190375518,0.251975581322869,0.538705383687595,-0.331396927479866
1094,-0.127193426687967,0.588154872810907,-0.086121052250032,0.036636136827556
1095,0.000000000000000,0.000000000000000,0.000000000000000,0.000000000000000
1096,0.997687391959234,0.067969610309181,0.424349814679684,0.492423896731414
1097,-0.835267874237020,0.388911609165376,-0.630030652656202,0.265773602895660
1098,0.997511895358906,0.070498358970138,0.448178473463187,0.547753455036103
1099,0.232284455434724,0.240643957050917,-0.256184661777179,1.108192073534588
1100,0.161917065283061,0.246945634074971,-0.564106247019780,1.150642099247399
1101,0.224046876997643,0.384752155314217,-0.714933847989507,0.870706628363228
1102,0.395831287970996,0.381170989145336,-0.344634257568010,0.927788388909127
1103,0.000000000000000,0.000000000000000,0.000000000000000,0.000000000000000
1104,0.745370618425005,-0.666650314024322,0.010611661408964,-0.106711778958622
1105,-0.002116727580579,-0.999997759729665,-1.607663347881844,-0.260947141549680
1106,-0.070893313049128,0.229134123132871,-0.080443469837056,0.019674132816354
1107,0.115133382366215,0.290078979116282,-1.726716654298886,0.278217198022995
1108,-0.803809021074052,0.426664052896173,-0.640169034920284,0.256711808197566
1109,-0.559510004747311,-0.417052757889805,-0.496725011749977,0.373227303738100
1110,0.066017355845078,-0.181540476269186,-0.683639524267399,0.181066517732660
1111,-0.010742285572749,0.454546656788054,-0.723685724472416,0.126519124408765
1112,0.000000000000000,0.000000000000000,0.000000000000000,0.000000000000000
1113,-0.039276023773390,0.134168946271346,1.800459386628213,0.098720801765849
1114,0.138194806469460,0.463466103981276,-1.295380084216118,-0.025085365343792
1115,-0.276373888125232,-0.577204691119186,-1.292948661370473,-1.273762998343035
1116,-0.186633840127865,0.029368711085293,-0.715252484392431,0.008660270037222
1117,-0.284996388753236,0.152092190508890,-0.069925336818874,-0.005642661345842
1118,-0.006595006615264,0.131571026078184,2.125212166029542,-0.407896729244236
1119,0.196640079378887,-0.653013945366954,-0.224548440167026,-0.017958244086070
1120,0.000000000000000,0.000000000000000,0.000000000000000,0.000000000000000
1121,0.000000000000000,0.000000000000000,0.000000000000000,0.000000000000000
1122,-0.066326749909213,0.843141482318810,-0.693786248178003,0.414951399590818
1123,-0.431441703518654,-0.178599476017191,-0.617333320470830,0.254246938351879
1124,-0.082841605854413,0.589254733509034,-2.004223645589840,0.699842865756772
1125,0.059300216252679,0.494067529943682,-1.877773399772022,0.634287345357983
1126,-0.790609443757675,-0.458620870182686,0.850282950531292,-0.055265612646393
1127,0.000000000000000,0.000000000000000,0.000000000000000,0.000000000000000
1128,0.249405381208835,0.574939548577879,-1.681274010260932,0.703331682666152
1129,0.249405381208835,0.574939548577879,-1.681274010260932,0.703331682666152
1130,0.183684434756376,-0.982985263586505,0.190125655113996,-0.155313881962764
1131,-0.917577478386435,0.397557003658584,-0.775937842155803,1.239835984233549
1132,-0.300177369418167,0.274225817123030,-0.093965152863426,-0.012346449426439
1133,0.633060012567917,-0.774102719597024,0.228685732041510,-0.071863060118864
1134,-0.510734878091048,-0.654164957085282,-0.489841938005946,0.190680277895556
1135,-0.432449662572069,-0.151906910010627,-0.140512213942109,-0.003389778861630
1136,0.107512653322308,0.783378107360050,-1.551424260238781,0.428669974811497
1137,-0.616013211885343,0.294562006155545,-0.848927083077989,1.150511578970924
1138,0.000000000000000,0.000000000000000,0.000000000000000,0.000000000000000
1139,-0.079674753436505,-0.040614110904533,-2.115613444219457,0.131425118421268
1140,-0.385062072242779,0.165369296259184,-2.018491701615035,-0.277549855266057
1141,-0.426489023569103,0.556892230373113,-1.771784729342705,0.180330513302833
1142,0.125664499693268,0.229732362650203,1.365224363136543,0.579895788015800
1143,0.704081607196329,-0.710119067768100,-0.084934509378771,-0.069032451757414
1144,0.364439127677475,0.111075940622990,-2.172116959110263,0.426728996256011
1145,0.000000000000000,0.000000000000000,0.000000000000000,0.000000000000000
1146,-0.011906636394684,0.184962159244160,-0.044702434579269,0.042984270292106
1147,0.000000000000000,0.000000000000000,0.000000000000000,0.000000000000000
1148,0.000000000000000,0.000000000000000,0.000000000000000,0.000000000000000
1149,-0.414519573209979,-0.139703469044243,-0.136196132114667,-0.001364673325179
1150,-0.133592240487355,-0.991036383429775,-0.896620726454286,-1.863413742765642
1151,0.000000000000000,0.000000000000000,0.000000000000000,0.000000000000000
1152,-0.617103823018902,0.449773826596462,-1.543852702458074,0.017313410786095
1153,0.959993963252263,0.125163427204293,1.350838526973626,-0.022401484162273
1154,0.000000000000000,0.000000000000000,0.000000000000000,0.000000000000000
1155,0.094842012330470,0.696596551079527,-0.885963019707262,0.676009281877000
1156,0.000000000000000,0.000000000000000,0.000000000000000,0.000000000000000
1157,-0.019184372766018,0.042322664019687,-0.062226202596118,0.019249853138625
1158,0.000000000000000,0.000000000000000,0.000000000000000,0.000000000000000
1159,-0.938663976995407,-0.344833203579883,-0.209886966933733,0.033376962677221
1160,0.000000000000000,0.000000000000000,0.000000000000000,0.000000000000000
1161,0.517073556123373,0.445299632449967,-0.137817493581548,0.098180887541633
1162,0.328832970785795,-0.073291585186241,-2.015831504439767,-0.463920009268470
1163,0.485007581447105,0.309230066336199,-0.075047416892778,-0.008635750887823
1164,-0.350495647434220,-0.614832455348942,0.003746662619435,0.072751506687206
1165,0.346884463850373,0.248293668118984,-0.045742821080273,-0.007267335514288
1166,0.539382780887367,0.377902639394262,0.076196995205453,0.026568239265449
1167,-0.029752006564706,0.087886204392480,-2.133716752858434,0.178645776037661
1168,-0.479408316253068,-0.458094390778643,-1.125341451182877,0.626797430107355
1169,0.325592381478226,0.102721039448165,0.081868627706176,-0.036982111345771
1170,-0.103818383832357,0.103505715901334,1.648239781945045,-1.045917881347768
1171,0.073041354106021,0.089516765776903,2.026549198059631,-0.827914796284045
1172,0.865267630757677,0.501310210511412,1.461376339929198,-0.865563797480549
1173,-0.244641776976722,-0.211572528775113,1.850868254880813,-0.485279457092998
1174,-0.393525631487679,0.843582391339756,0.718516339544499,-0.389741833309714
1175,0.315471360430188,0.147122226342880,1.744246471710949,-0.707340661401458
1176,0.281651644620066,0.480110759977465,-1.357045821495134,0.666411025117390
1177,-0.001120781777531,-0.525519459522678,0.645573670240297,0.083217245939299
1178,0.405097890651278,0.668719219852207,-0.681331639042477,0.499619376239999
1179,-0.469946698804791,-0.122023189293310,-1.784349706998393,-0.109833661947839
1180,-0.636402778939850,-0.480949548023514,-0.722633208969957,0.015731385507811
1181,-0.106637846011244,-0.932913953991108,-0.024607299815274,-0.102056510076178
1182,-0.595329878432753,0.269374135658540,-0.168080453398529,0.067699228907202
1183,-0.703360283440654,0.249161055145144,-0.182352501086969,0.071367295476433
1184,-0.351649698206170,0.401638794313060,1.763380782398210,-0.291616513424948
1185,0.316714942236804,0.487662055193947,-0.158358075731287,0.129393063795520
1186,0.941708032684722,-0.336431242867054,0.195393840713504,-0.096380517249402
1187,0.212827899706197,-0.649370263200765,-0.529934511588799,0.025400940025607
1188,0.132833951105967,0.159890788185813,-2.055712332580514,0.169609936349911
1189,0.107236199453734,-0.191167046982462,-0.716431280392179,0.138661308492630
1190,-0.654988084053168,0.312288257292542,-1.546256426391001,0.082158511039821
1191,0.107236199453734,-0.191167046982462,-0.716431280392179,0.138661308492630
1192,-0.286601871192954,0.718823180126504,-1.475941026491365,0.226729054226015
1193,-0.714617309078367,0.336055684823869,-1.586856053772802,0.369594705595428
1194,-0.253161366302330,-0.967424065553435,0.906917714652980,0.052374965107634
1195,-0.189002229861597,0.453279737524196,1.700094125755506,-0.387717737624556
1196,-0.999150586489504,0.041208075879380,-1.736334352885521,0.407857936244704
1197,0.000000000000000,0.000000000000000,0.000000000000000,0.000000000000000
1198,0.332956495066573,-0.573733510473990,0.901837372232284,-0.105331680995597
1199,-0.382081378880007,0.720333793981989,0.761789276885406,0.035686122775489
1200,-0.558007355560059,0.484771980387514,-1.700881989215976,0.218999155336079
1201,-0.762489692426913,-0.030665332806848,-1.721042900675424,-0.072139991754828
1202,-0.386949258613274,-0.018910151928646,-0.093588581088773,0.026637152127045
1203,0.000000000000000,0.000000000000000,0.000000000000000,0.000000000000000
1204,-0.604294539993331,-0.580350902241925,-1.415875502315915,0.005601610517441
1205,0.543844818321407,0.227369530756946,-0.082094039532608,0.056849927187969
1206,-0.606240930762051,-0.253860755490756,-0.150196200773579,-0.001608066939626
1207,-0.073197086110987,-0.071837399015711,0.063304213821074,0.020292652684722
1208,0.061130633393490,0.211625500128578,-0.079986362344192,-0.010343820195000
1209,0.000000000000000,0.000000000000000,0.000000000000000,0.000000000000000
1210,0.098573373002680,0.230525883991687,2.412907257108412,-0.464376690091685
1211,-0.525206687749560,-0.615702390478852,-0.596543929153162,0.258846153478283
1212,-0.670245011412481,0.004866620700117,-1.446508217909297,-0.308561705279490
1213,-0.594592492754707,-0.770521128126465,-0.379014951440215,0.026990067903584
1214,0.000000000000000,0.000000000000000,0.000000000000000,0.000000000000000
1215,0.160896952982582,-0.142799326557176,0.735593251216128,-0.094382390510673
1216,0.343029788399240,-0.609525315154998,-1.563498541757441,0.155225346385188
1217,0.107236199453742,-0.191167046982457,-0.716431280392180,0.138661308492621
1218,0.101672998242751,0.002542947639248,2.026216871059999,-0.318332167638624
1219,-0.086486888983268,0.667637229102041,-0.233589299687134,0.087196432704880
1220,-0.359332421318740,0.416687122770626,0.152617400167670,0.047375983253729
1221,0.016201495645834,-0.034255988003122,2.146264194014420,-0.209630088794733
1222,-0.116630334755453,0.400412406752032,0.085477652296076,-0.029082509357088
1223,-0.240462715593859,0.558183861623650,-0.159991499876253,0.068039421411580
1224,-0.071238021015198,0.671037131419111,-0.233987782072526,0.088540852354215
1225,-0.159889963846904,0.548999857185156,-0.121183686364862,0.072234150150978
1226,0.236003114050100,-0.229322604406843,0.710155650620604,0.133210192115194
1227,0.000096298740275,-0.187765181796673,0.076545856749356,-0.002015043025389
1228,0.739170937314406,0.673517873133106,2.013260070144480,0.700872785092632
1229,-0.825525641339055,0.329092480686301,-0.643099587576183,0.215479886395882
1230,0.107236199453742,-0.191167046982457,0.716431280392180,-0.138661308492621
1231,0.107236199453742,-0.191167046982457,0.716431280392180,-0.138661308492621
1232,0.107236199453742,-0.191167046982457,0.716431280392180,-0.138661308492621
1233,0.000000000000000,0.000000000000000,0.000000000000000,0.000000000000000
1234,0.107236199453742,-0.191167046982457,0.716431280392180,-0.138661308492621
1235,-0.365744449198618,0.567716054262646,-0.743669135296919,-0.020933769964916
1236,-0.391739840463294,0.669832291712839,0.825680702791641,0.061478017590635
1237,0.459778835652646,-0.160466018733053,-1.623658819509470,0.214862574054945
1238,0.683721390127499,-0.145215153109991,1.644338348099523,-0.430440466746410
1239,0.290966138674426,0.505286233624527,-0.773005634568943,-0.209807626713633
1240,0.355096587377823,0.490020402181864,1.193170627239313,0.164820557092144
1241,0.517721436751163,0.430240928679199,-1.424419493735586,-0.246629046584949
1242,0.731209184490584,-0.249353020297393,1.067941000624517,0.241797268131985
1243,0.304983230705925,-0.633761359291022,-0.016230874438433,-0.035330942679012
1244,-0.244735362655258,0.621472794582312,1.450276458872991,-0.237315356429170
1245,-0.326357142436948,0.368172652341300,0.144840564522307,0.050649718709378
1246,0.587791545407597,-0.368039373931656,0.077971141684068,-0.026457627365155
1247,0.666980307713030,-0.716342034893730,1.505365217177290,-0.187873719484566
1248,-0.252548188487296,0.420076235975955,0.646593177794714,0.176835181970015
1249,0.107236199453742,-0.191167046982457,0.716431280392180,-0.138661308492621
1250,-0.693419095358954,0.013030185283447,1.250354070239488,-0.138560606832902
1251,0.000000000000000,0.000000000000000,0.000000000000000,0.000000000000000
1252,0.107236199453742,-0.191167046982457,0.716431280392180,-0.138661308492621
1253,0.042352808175494,-0.034543122110700,0.572563599947003,0.301700190713846
1254,0.236003114050100,-0.229322604406843,0.710155650620604,0.133210192115194
1255,0.236003114050100,-0.229322604406843,0.710155650620604,0.133210192115194
1256,0.547613925090337,0.257541713352488,0.149102275709807,-0.115709911450580
1257,-0.139697334755183,0.245031115968032,0.631741671904556,0.240889384901542
1258,-0.330754319584229,-0.220952513384406,0.693875961787677,-0.122610586831732
1259,0.386815293276252,-0.768134161436964,0.730950255298926,0.086871949568255
1260,0.505397178700508,-0.043499615124015,0.636546154571618,-0.231072946184170
1261,-0.272004851979089,-0.962295879914195,-1.267028687516323,-1.360356071849532
1262,0.274822105973027,-0.179293001162837,1.789907714569024,-0.275945184493267
1263,-0.560428558324948,0.360633035220234,1.459222627725336,-0.138413293443419
1264,-0.250648853502447,0.622784750215337,0.759380587430720,-0.030444011195372
1265,0.327668125194289,-0.362560054301892,0.674167451043289,-0.160782305353372
1266,-0.670562660579512,-0.741852895280814,0.505118534924941,-0.008973911076133
1267,-0.381010636645294,0.284173834996377,1.877018504885579,0.079864193278249
1268,0.077576511433847,0.030492616536678,0.586652689058784,0.287555475040072
1269,-0.330754319584229,-0.220952513384406,0.693875961787677,-0.122610586831732
1270,0.630052462224490,-0.152400445888948,1.646030844901093,-0.150319130439244
1271,0.495306911968595,-0.118617727044953,1.587091363568469,-0.102023334789434
1272,-0.217688768613470,0.445883634919321,0.603381975558834,0.323377694337238
1273,-0.048345330361910,0.533914289002098,-1.219007912183746,-0.259080759387332
1274,-0.527149014631705,0.019902968902333,-1.582582084462969,0.136779084588757
1275,-0.867423224252087,0.438880711038389,-2.011232352345519,0.361456546440114
1276,-0.702631681695870,0.587540585555167,-1.416776877737664,-0.253840415125204
1277,0.000000000000000,0.000000000000000,0.000000000000000,0.000000000000000
1278,-0.468625731756481,0.423235020061231,-1.420562174445886,-0.672127579044192
1279,0.396577758324223,-0.129908280397918,1.648346784048325,0.539630528045423
1280,-0.365355140848185,0.149865661005095,-0.709799106981958,0.010025270953552
1281,0.435120489427939,0.006284059755153,1.399795969418123,0.680348567806594
1282,0.659139682749729,-0.178427831266494,-1.510470855577933,-0.522359730194328
1283,0.534055843012344,-0.064904355797388,0.106403239259190,0.003083435677873
1284,0.090205827796339,0.124065621415150,-0.504644718353124,-0.359422753833734
1285,0.729227963355856,-0.526942171143277,1.526728804013535,0.064185219085943
1286,0.000000000000000,0.000000000000000,0.000000000000000,0.000000000000000
1287,0.000000000000000,0.000000000000000,0.000000000000000,0.000000000000000
1288,-0.130187321515355,0.512852346265958,-0.047962672125847,0.051144606099422
1289,0.000000000000000,0.000000000000000,0.000000000000000,0.000000000000000
1290,0.000000000000000,0.000000000000000,0.000000000000000,0.000000000000000
1291,-0.024228638243325,0.482055984924406,-0.022916249041120,0.040352310394356
1292,-0.284108726358898,0.407387551184460,-0.054644047169246,0.026830754470567
1293,0.394417566530608,-0.653583411309544,-0.011277771390185,-0.035593726475702
1294,-0.389020528724571,0.437013634590392,-0.068462229392732,0.033698156851902
1295,0.160896952982472,-0.142799326557325,-0.735593251216270,0.094382390510746
1296,0.592327993529708,-0.208586232129309,1.565350297125896,0.480520679054610
1297,-0.472007688878234,0.440335804147287,-1.695722982926168,0.141750753681481
1298,0.000000000000000,0.000000000000000,0.000000000000000,0.000000000000000
1299,0.000000000000000,0.000000000000000,0.000000000000000,0.000000000000000
1300,0.534689257975730,-0.238679995022053,0.709066448661814,0.026057546595216
1301,0.079623977990265,0.353381206436539,-0.088320829065838,0.046244601114851
1302,-0.019918759211367,-0.064564428407473,2.291917639392186,-0.496864377427807
1303,0.708506847265917,0.404569265078605,1.407418037717273,-1.092875753936441
1304,-0.112399576274775,0.107788365206088,-2.184439274260671,0.522913626832611
1305,-0.375234807035048,0.413603354882325,-0.079433910703773,0.079778506147927
1306,-0.431747747570665,-0.643056781979146,-0.828107342773725,0.099478383485271
1307,-0.671064331525080,0.530709365043825,-1.398636201238438,0.281987263640977
1308,0.000000000000000,0.000000000000000,0.000000000000000,0.000000000000000
1309,0.000000000000000,0.000000000000000,0.000000000000000,0.000000000000000
1310,-0.900597488963041,0.155030512485088,-1.050868645463698,0.868076850816499
1311,0.068018329314498,0.521621710166245,0.674145958045528,-0.267968569594412
1312,0.093394733222784,0.675422818755035,-0.774442701788316,-0.366059621881434
1313,-0.388601372011221,0.223551388314823,1.681603206940880,-0.399568814731725
1314,0.000000000000000,0.000000000000000,0.000000000000000,0.000000000000000
1315,0.653795468370532,-0.243635996131966,-14.815527693688054,13.143967831698681
1316,0.077762237555452,0.890356647832631,-0.270536565099202,-0.103367648794745
1317,0.000000000000000,0.000000000000000,0.000000000000000,0.000000000000000
1318,0.043473713948768,0.130364752399494,-0.025980255449876,-0.026765248299029
1319,0.000000000000000,0.000000000000000,0.000000000000000,0.000000000000000
1320,-0.950853615558723,0.309640762463382,-1.026925618933558,-0.853009570959235
1321,0.275675413275107,-0.725697829925495,-0.002467623781100,-0.052082268017811
1322,-0.048728963520451,0.776999135259742,-0.834184944772294,0.417605664139069
1323,0.238752473510186,-0.601338792156362,0.140403886879566,-0.005302575709105
1324,0.595365815582910,0.151043174521159,-0.728543532145546,0.171927354605165
1325,-0.121692012708655,-0.301679284378119,-2.002725463158996,0.362757732253847
1326,-0.675697594509735,-0.718895342903942,-0.310717972967111,0.004747573706531
1327,-0.735778581675786,-0.537851978994874,-0.687420367677017,0.023548833589972
1328,-0.693851984138800,-0.432106582212665,-1.263196809917305,-0.004282337870963
1329,-0.045737508393837,-0.098208449729331,-2.031107242880049,-0.195794970533476
1330,0.000000000000000,0.000000000000000,0.000000000000000,0.000000000000000
1331,0.000000000000000,0.000000000000000,0.000000000000000,0.000000000000000
1332,-0.049712461042458,-0.094339762301410,2.036178855674138,0.191052109112952
1333,-0.361488171390706,0.169611689653187,1.690776241851366,0.378493767455523
1334,0.000000000000000,0.000000000000000,0.000000000000000,0.000000000000000
1335,-0.328203218816442,-0.643787661267439,-0.798366890266649,-0.042719425703396
1336,-0.046340696605737,0.247649811385549,-2.074099246563230,0.929196236964654
1337,-0.262187054244439,0.120898778368464,1.824383964708241,0.349247983579906
1338,0.025424651909052,0.999676741289555,-0.472508988568101,1.932053121027029
1339,-0.478916522342139,-0.766399168867131,0.130494447096672,-0.416249180556946
1340,0.403830005183810,-0.509453692923812,-1.377869905682055,-0.362957926602411
1341,-0.647537815048811,-0.429910052654478,-0.735542050831276,0.057026507097600
1342,0.000000000000000,0.000000000000000,0.000000000000000,0.000000000000000
1343,-0.551616470798197,0.233887342934686,-1.399908381048751,-0.032872297845740
1344,-0.659486475842016,-0.463076123418055,-0.755226635949182,0.069903317336313
1345,-0.569544915628102,0.370326930921773,-1.377835614973747,-0.114748006715375
1346,0.000000000000000,0.000000000000000,0.000000000000000,0.000000000000000
1347,-0.551285690455309,0.228922027950934,-1.393020820503664,-0.039196906714074
1348,-0.551285690455309,0.228922027950934,-1.393020820503664,-0.039196906714074
1349,-0.551285690455309,0.228922027950934,-1.393020820503664,-0.039196906714074
1350,0.000000000000000,0.000000000000000,0.000000000000000,0.000000000000000
1351,-0.152975257427141,0.064097056684243,-0.712864419595174,-0.026153062968127
1352,0.275466913281788,-0.749848007629702,-1.206298715758011,0.137697858979216
1353,-0.539025724446013,0.367192222648119,-1.746794248394994,0.084688666729763
1354,-0.591352210168013,0.577482948860484,-1.073775411776057,-0.011245175472179
1355,-0.461986353464396,-0.399571194205149,-1.502827647634040,-0.064189889490407
1356,-0.517564680768644,0.556524055228888,-1.461832582756452,0.317697411523082
1357,-0.121609395081255,0.788648908047936,-1.027427549922356,0.501364233078413
1358,-0.505981656930009,-0.399281861421008,-0.732494543253522,0.032068587759322
1359,0.107236199453762,-0.191167046982227,-0.716431280394053,0.138661308493125
1360,-0.613612480869769,0.342719276993077,-1.597237823502501,-0.204571552021269
1361,-0.367509398222630,0.153247218428838,-1.662709998111938,-0.301816297913152
1362,-0.739827349304636,-0.312159133685461,-1.659164588012522,0.393280092962147
1363,0.000000000000000,0.000000000000000,0.000000000000000,0.000000000000000
1364,0.369918271991044,-0.680884590062620,-1.468123798167454,0.158590823467444
1365,0.662022845536654,-0.234937708272191,-1.743313887842714,0.045995902887100
1366,0.620512309280481,-0.784196706210505,0.903399317485436,-0.138360337740373
1367,0.000000000000000,0.000000000000000,0.000000000000000,0.000000000000000
1368,0.123249566331782,0.521379473554499,-0.671210976719998,0.278111977872106
1369,0.000000000000000,0.000000000000000,0.000000000000000,0.000000000000000
1370,-0.539232589317821,0.012646524375676,-1.542560459984645,0.177913596530691
1371,-0.311942279280458,-0.350182162333142,-0.626893269127355,0.238251686582934
1372,-0.516497839610018,0.556237915986426,-1.171032524467645,0.024654866982017
1373,-0.311942279280458,-0.350182162333142,-0.626893269127355,0.238251686582934
1374,-0.582531590843056,0.311352230603967,-1.354625836328391,-0.003084777691362
1375,-0.607410240755980,-0.553248204014921,-0.812660745883912,0.071208764411372
1376,-0.664174094657545,0.594897044126725,-1.423745669386928,0.142283300503800
1377,-0.456211597316380,0.139079770031254,-0.702923152673277,-0.061002794433552
1378,0.073793428863839,-0.530228581320208,-1.535687909431495,0.044967531050447
1379,0.000000000000000,0.000000000000000,0.000000000000000,0.000000000000000
1380,-0.152975257427155,0.064097056684492,-0.712864419595384,-0.026153062968125
1381,-0.626451525984686,-0.666742206425249,-1.034193590860857,-0.128211624580597
1382,-0.543491808783112,-0.628407623812652,-0.282835785833086,-0.025745655433016
1383,-0.614461330414079,-0.387379546635088,-1.211940693843848,0.107350471114489
1384,0.000000000000000,0.000000000000000,0.000000000000000,0.000000000000000
1385,0.000000000000000,0.000000000000000,0.000000000000000,0.000000000000000
1386,0.000000000000000,0.000000000000000,0.000000000000000,0.000000000000000
1387,-0.692914064739882,-0.059255566880428,-1.477202177564968,0.116843533925166
1388,-0.523279091305278,0.192744593860212,-1.586294880553038,0.233966405805026
1389,0.107236199469364,-0.191167047148632,-0.716431278726001,0.138661308068404
1390,0.107236199469364,-0.191167047148632,-0.716431278726001,0.138661308068404
1391,0.107236199453762,-0.191167046982227,-0.716431280394053,0.138661308493125
1392,0.107236199453762,-0.191167046982227,-0.716431280394053,0.138661308493125
1393,0.107236199453762,-0.191167046982227,-0.716431280394053,0.138661308493125
1394,0.000000000000000,0.000000000000000,0.000000000000000,0.000000000000000
1395,-0.433230390457793,0.792119984154754,-1.127050890164113,0.263393923941624
1396,-0.619849409304167,0.570930779037555,-1.429722872035256,0.068059105891583
1397,-0.401117697357358,-0.640471648022256,-0.600382755244224,0.258978749816019
1398,0.000000000000000,0.000000000000000,0.000000000000000,0.000000000000000
1399,-0.673659395278330,0.207291308290137,-1.463956166772069,0.205807112908361
1400,-0.540029447077969,0.478996933296171,-0.686883049373432,0.127337945209598
1401,0.107236199453763,-0.191167046982226,0.716431280394052,-0.138661308493123
1402,-0.489931860583511,-0.112881088777902,-1.548395354330083,0.106164387786606
1403,-0.311942279276341,-0.350182162327431,-0.626893269131444,0.238251686583830
1404,-0.903629849883689,-0.428314247252156,-1.102765212989068,0.136989034333063
1405,-0.571408291787621,-0.820665927205677,-0.924225180547536,-0.079780240918994
1406,-0.498915449737872,-0.381367567717021,-1.708880001025571,0.170297567572353
1407,-0.065143306444827,-0.516700518787511,-0.120025185396724,0.009803993170834
1408,-0.559140051611140,-0.623451045433628,-0.471207952344721,0.140786604586062
1409,0.000000000000000,0.000000000000000,0.000000000000000,0.000000000000000
1410,-0.474311181510929,0.233437879474284,-1.593407401976441,-0.132087435578553
1411,-0.405509631350770,0.698658630073602,0.874567465154124,0.082245855577672
1412,-0.525188937503567,0.299571007093591,-1.453831475901988,-0.183343348313927
1413,-0.525121194393240,0.299345562603867,-1.454511933098620,-0.183355354261282
1414,-0.558104287912552,-0.621717347231781,-0.471566125655872,0.140489527612060
1415,0.000000000000000,0.000000000000000,0.000000000000000,0.000000000000000
1416,-0.558227623902296,-0.621853759627249,-0.470173179755923,0.139546100207311
1417,0.000000000000000,0.000000000000000,0.000000000000000,0.000000000000000
1418,0.251942604278582,-0.238980566412279,1.746764176781640,0.408959129589954
1419,-0.164878263852891,-0.179352768932942,-0.059887767553382,0.009935197395516
1420,-0.330754319584252,-0.220952513384452,-0.693875961787654,0.122610586831727
1421,0.236003114049632,-0.229322604406124,0.710155650620751,0.133210192115646
1422,-0.330754319584229,-0.220952513384406,-0.693875961787677,0.122610586831732
1423,0.022906544461494,0.232665257368404,0.092362227807358,0.011920761615160
1424,0.022906544461494,0.232665257368404,-0.092362227807358,-0.011920761615160
1425,0.107236199453764,-0.191167046982225,-0.716431280394047,0.138661308493120
1426,-0.429698325481735,-0.655475177092111,-0.676601405099495,0.314679293892142
1427,0.287253310856436,-0.169518543323041,-1.776182512146743,0.286173602834767
1428,-0.350517363497305,-0.249657444162152,-0.697075817133388,0.113360004940266
1429,0.107242079338413,-0.191164266051401,-0.716426305859838,0.138651664459558
1430,0.107242079338413,-0.191164266051401,-0.716426305859838,0.138651664459558
1431,0.016791904049710,0.214704393953566,-0.090269555855242,-0.012533839521021
1432,-0.099906473263730,-0.442083818193710,-1.871089236131228,0.091623690842672
1433,-0.104325610910811,-0.428095922851014,-1.878553099744214,0.102192212128690
1434,0.232549463087032,-0.229646768473003,-0.711004159810406,-0.137480680319891
1435,0.232549463087032,-0.229646768473003,-0.711004159810406,-0.137480680319891
1436,-0.305192900445988,0.603533625132406,-0.772900353996430,0.009954776012352
1437,0.260680879407519,-0.191551664499098,-0.645292328290235,-0.224400999283805
1438,-0.350517363498318,-0.249657444165504,-0.697075817128503,0.113360004940085
1439,-0.350517363497230,-0.249657444162189,-0.697075817128410,0.113360004940065
1440,-0.350517363497288,-0.249657444162106,-0.697075817133438,0.113360004940265
1441,-0.565749996450639,0.220519255334431,-1.708333753042884,-0.109519852874288
1442,-0.409392542546731,0.131386264566864,-0.708564579552809,-0.023001967732373
1443,-0.714052551811428,0.210084531868525,-1.531002709573943,-0.423239775684102
1444,-0.350517363497282,-0.249657444162082,-0.697075817133443,0.113360004940269
1445,-0.350517363497271,-0.249657444162102,-0.697075817132505,0.113360004940233
1446,-0.431309954034293,-0.362883712631387,-1.453709943687981,0.157407046707745
1447,-0.610176943379152,0.058849142190726,-1.783951264076918,-0.328861237563882
1448,-0.431385007923847,-0.354344082962794,-1.454098924979801,0.144296661126383
1449,-0.635617923140105,0.044279599279722,-1.710947375149131,-0.319633693296851
1450,-0.431385007923847,-0.354344082962794,-1.454098924979801,0.144296661126383
1451,0.951492400738109,0.307672246615825,0.087033096744720,0.104472291998618
1452,-0.350518363346080,-0.249657852934377,-0.697075473311418,0.113359390336209
1453,-0.699134502707880,-0.376291578340067,-1.252465083008726,0.055701346243305
1454,-0.350518217073869,-0.249657512114394,-0.697075617559454,0.113359413830387
1455,-0.621584723664175,0.634522978453885,-1.331733588677489,0.082525782996028
1456,-0.350519206006298,-0.249662573199972,-0.697076726554893,0.113360369689648
1457,-0.668075376930802,0.322240335374006,-1.685963559540407,0.058315960484480
1458,0.107240491398668,-0.191183573840256,-0.716343828335228,0.138630632752464
1459,-0.200116128016585,-0.199985234922699,-1.645713258385224,-0.148568694762146
1460,-0.645963242949518,-0.552729783847143,-1.066807197822449,0.082747516537318
1461,0.236777822628172,0.116609818728600,1.714769547869981,-0.065182869830298
1462,-0.533143854091318,-0.380018584711458,-1.572770393928069,0.125974028863319
1463,-0.478202888860282,0.305863082345807,-0.109349987856033,0.032047987145296
1464,0.107236199453764,-0.191167046982224,0.716431280394054,-0.138661308493122
1465,-0.879134494983240,-0.476573750568119,-0.366595735739037,0.043667250006845
1466,0.107236199453764,-0.191167046982224,-0.716431280394054,0.138661308493122
1467,0.107236199469379,-0.191167047148691,-0.716431278725479,0.138661308068221
1468,-0.202616395930138,-0.155193284647479,-1.749985227449482,-0.047454608927041
1469,-0.252463292602655,-0.224855160214831,-1.746893074095470,-0.165863396634574
1470,-0.330754362827782,-0.220952591262254,-0.693875924452069,0.122610577605393
1471,-0.557959070857140,-0.019822862134477,-1.664287444644706,-0.079591013593126
1472,-0.471418237182678,-0.298200384393637,-1.345225318071435,0.047984641728641
1473,-0.476073488529846,-0.157947716429358,-0.690727292589567,-0.113254193349074
1474,-0.674835168498483,-0.582167203253170,-1.199803755489742,0.268634291508298
1475,0.496470093775648,0.541102141553350,0.698022400471266,-0.145329179365171
1476,0.107235085821308,-0.191190875482198,-0.716271324263390,0.138619562178475
1477,-0.311942309588566,-0.350182204714614,-0.626893256341885,0.238251686999107
1478,-0.330754322702452,-0.220952523326432,-0.693875950245238,0.122610586016871
1479,0.107236199453769,-0.191167046982221,-0.716431280394056,0.138661308493115
1480,0.107236199453764,-0.191167046982224,0.716431280394054,-0.138661308493122
1481,0.314113094711479,-0.110245855281208,-1.837286124635308,0.304209069714421
1482,-0.335581366916930,-0.448500859546813,-0.499828369829233,0.361651153957845
1483,-0.621221445029241,0.538219327681532,-0.880306714743107,0.106982794067875
1484,-0.288072878603163,0.621105427569277,-1.334800343727022,0.425857002504672
1485,-0.227715099916840,0.728332849859504,-1.084046543719857,0.346369037384114
1486,-0.639806809091249,-0.607783418050369,-0.682790975982074,-0.053659749437026
1487,0.591455079256666,0.612958848985206,-0.322037610168723,0.283980116422437
1488,-0.612211872590180,-0.346042901318255,1.709651908319670,-0.334138187679328
1489,-0.360114758597032,0.492670568596612,0.095255670674347,-0.039139561094337
1490,0.629835609344691,0.748923345896289,1.297415175764439,-0.180212074581388
1491,-0.332163455633222,-0.052337094163845,-1.992363616397322,0.792752399875168
1492,-0.313591572708202,0.209337230186592,-1.172481429957489,1.351477325670383
1493,-0.104621564866912,0.106591590618383,-1.346983131207474,1.448879905088469
1494,0.000000000000000,0.000000000000000,0.000000000000000,0.000000000000000
1495,-0.712873649680198,-0.633446317904838,-0.650967414961871,0.195385485462274
1496,-0.335581366916931,-0.448500859546813,-0.499828369829234,0.361651153957846
1497,0.000000000000000,0.000000000000000,0.000000000000000,0.000000000000000
1498,0.000000000000000,0.000000000000000,0.000000000000000,0.000000000000000
1499,-0.743055078433378,-0.608640908408319,-0.725048662435609,-0.017638081642481
1500,0.000000000000000,0.000000000000000,0.000000000000000,0.000000000000000
1501,-0.742124132679602,-0.482288118208400,-1.234387522859969,-0.059846097064027
1502,0.000000000000000,0.000000000000000,0.000000000000000,0.000000000000000
1503,0.000000000000000,0.000000000000000,0.000000000000000,0.000000000000000
1504,0.000000000000000,0.000000000000000,0.000000000000000,0.000000000000000
1505,-0.477480581181550,0.192805904897823,-1.853433543371839,0.054719520493349
1506,0.107236199453825,-0.191167046982646,-0.716431280387975,0.138661308491712
1507,-0.023857002773024,-0.873812692310658,0.010810285288313,-0.124299803389274
1508,-0.383157270397962,0.210203547152740,-0.686892544504214,0.124105101952477
1509,0.000000000000000,0.000000000000000,0.000000000000000,0.000000000000000
1510,-0.324263706061937,0.478833201883710,-1.398406565472310,0.220398855528287
1511,-0.863240410969362,0.264268548352231,-0.725965213496134,-0.100518099652654
1512,-0.330754319584252,-0.220952513384452,-0.693875961787654,0.122610586831727
1513,-0.903932650398257,0.327547859624687,-0.857584028435178,-0.160861277089748
1514,-0.330754319584252,-0.220952513384452,-0.693875961787654,0.122610586831727
1515,-0.722245560493580,-0.691636718478216,-0.725282861607199,-0.035624639375092
1516,0.000000000000000,0.000000000000000,0.000000000000000,0.000000000000000
1517,0.107156275395994,-0.191058128249905,0.716666970656947,-0.138813674334762
1518,0.604190134070498,0.280994018025442,-0.164109213393843,0.115669771313293
1519,0.000000000000000,0.000000000000000,0.000000000000000,0.000000000000000
1520,0.058842032852275,0.294261266841805,-0.088026266829291,-0.029085175461772
1521,-0.330754319584252,-0.220952513384452,-0.693875961787654,0.122610586831727
1522,0.000000000000000,0.000000000000000,0.000000000000000,0.000000000000000
1523,-0.577837743434605,-0.687485022285492,-0.753218887689204,0.072151314003278
1524,0.000000000000000,0.000000000000000,0.000000000000000,0.000000000000000
1525,-0.371157134325562,-0.141734179068393,-1.768326985879526,0.327412477749187
1526,0.000000000000000,0.000000000000000,0.000000000000000,0.000000000000000
1527,-0.330754319584229,-0.220952513384406,-0.693875961787677,0.122610586831733
1528,-0.465025348403902,0.014091752237304,-0.698159241171667,0.083209772095321
1529,-0.224299664369773,0.750018874665406,-1.537806316202850,-0.018361808411086
1530,-0.311241403534777,0.390707847119997,-1.885587663727041,-0.268614384773278
1531,0.919322028678469,0.393506045171487,-1.215193011561589,1.234634380405330
1532,0.000000000000000,0.000000000000000,0.000000000000000,0.000000000000000
1533,-0.442567570357522,0.059645680784554,-1.689272995367120,-0.204565709283877
1534,0.000000000000000,0.000000000000000,0.000000000000000,0.000000000000000
1535,-0.330754319584229,-0.220952513384406,-0.693875961787677,0.122610586831732
1536,-0.330754319584229,-0.220952513384406,-0.693875961787677,0.122610586831733
1537,-0.330754319584229,-0.220952513384406,-0.693875961787677,0.122610586831733
1538,-0.330754319584229,-0.220952513384406,-0.693875961787677,0.122610586831732
1539,0.000000000000000,0.000000000000000,0.000000000000000,0.000000000000000
1540,0.000000000000000,0.000000000000000,0.000000000000000,0.000000000000000
1541,0.000000000000000,0.000000000000000,0.000000000000000,0.000000000000000
1542,0.000000000000000,0.000000000000000,0.000000000000000,0.000000000000000
1543,-0.196598409370229,-0.330628906577491,-1.633813960990163,-0.299813918609389
1544,0.000000000000000,0.000000000000000,0.000000000000000,0.000000000000000
1545,0.794804307862760,-0.606865810705134,0.152604766531824,-0.107682483999353
1546,0.000000000000000,0.000000000000000,0.000000000000000,0.000000000000000
1547,0.000000000000000,0.000000000000000,0.000000000000000,0.000000000000000
1548,-0.702086760738382,0.678511775937928,-1.472894871760532,0.453096105212654
1549,0.000000000000000,0.000000000000000,0.000000000000000,0.000000000000000
1550,0.903867943171608,0.427811572198236,-0.000904690678095,0.043717901241218
1551,-0.704963747563857,0.549796728139857,-1.207998291462512,-0.008649881950505
1552,-0.330754319584229,-0.220952513384406,-0.693875961787677,0.122610586831732
1553,-0.330754319584229,-0.220952513384406,-0.693875961787677,0.122610586831732
1554,-0.282851208647214,0.252395670910001,-1.771730063360102,-0.330856069901698
1555,-0.600365989882503,-0.799725376734040,-0.322500248616249,-0.018045211280316
1556,0.000000000000000,0.000000000000000,0.000000000000000,0.000000000000000
1557,0.864471603956819,-0.502681654680500,0.167686161132539,-0.094694994260539
1558,-0.252944853620859,0.154177355379705,-1.897834747781165,-0.341729560877428
1559,0.515145834769728,0.753650495091850,1.394984321866630,0.206619431654648
1560,0.000000000000000,0.000000000000000,0.000000000000000,0.000000000000000
1561,0.107236199453771,-0.191167046982217,-0.716431280394116,0.138661308493126
1562,-0.476047743204569,0.129810863757051,-1.637818172452153,-0.127331839634641
1563,-0.161204009871683,-0.213590678072879,-1.989558963018855,0.275773115835051
1564,-0.657108914234107,-0.330000527506103,-1.641356222060080,0.563322588736046
1565,-0.835146552734184,-0.359589207770061,-1.523464816045653,0.909353716154130
1566,0.000000000000000,0.000000000000000,0.000000000000000,0.000000000000000
1567,0.000000000000000,0.000000000000000,0.000000000000000,0.000000000000000
1568,-0.448755400132470,0.430234395361340,-1.045703205722770,0.013462480069358
1569,0.320457567361755,-0.623890083796858,0.962576087927383,-0.098351670940308
1570,-0.692841706183457,-0.626774760251869,-0.816643443598433,0.074367814561479
1571,-0.411307998361757,0.190741247317735,-1.437873109549129,0.096487291273531
1572,-0.454909848598476,0.421760988672667,-1.077228494952411,0.004684280702310
1573,-0.448776048339644,0.430604416264476,-1.045144492962908,0.013404832822132
1574,-0.561031992517825,0.033694261104046,-1.849678150478796,0.409708105731187
1575,-0.195853087349984,-0.457048098017600,-0.503420232900753,0.347582274309481
1576,-0.570951412559662,0.457735092650564,-1.597155520015158,0.151110048124280
1577,0.000000000000000,0.000000000000000,0.000000000000000,0.000000000000000
1578,-0.330754319584229,-0.220952513384407,-0.693875961787676,0.122610586831732
1579,0.746077023770494,0.379014014602361,-0.259687867645886,0.156276264288426
1580,-0.152975257427156,0.064097056684504,-0.712864419595109,-0.026153062968119
1581,0.107236199468663,-0.191167046977096,-0.716431280383232,0.138661308478422
1582,0.107236199468663,-0.191167046977096,-0.716431280383232,0.138661308478422
1583,-0.574464583837519,-0.468951443653815,-0.722922010159951,0.089955954998269
1584,-0.330754319584229,-0.220952513384406,-0.693875961787677,0.122610586831732
1585,-0.365355140848184,0.149865661005137,-0.709799106981957,0.010025270953544
1586,0.383943490572789,0.701494250358519,-0.738974286952732,0.365753904923796
1587,-0.330754319584229,-0.220952513384406,-0.693875961787677,0.122610586831733
1588,-0.721131526866187,-0.618378499732477,-1.139583874645667,0.238672776076908
1589,-0.327128878717894,-0.812936367595194,-1.143125930182658,0.244301014578253
1590,0.000000000000000,0.000000000000000,0.000000000000000,0.000000000000000
1591,0.000000000000000,0.000000000000000,0.000000000000000,0.000000000000000
1592,0.000000000000000,0.000000000000000,0.000000000000000,0.000000000000000
1593,0.000000000000000,0.000000000000000,0.000000000000000,0.000000000000000
1594,0.000000000000000,0.000000000000000,0.000000000000000,0.000000000000000
1595,-0.666716305052738,-0.673139812619418,-0.799715378427056,0.002980726211339
1596,-0.311942278630201,-0.350182161425454,-0.626893269490812,0.238251686608898
1597,-0.330754319584237,-0.220952513384433,-0.693875961787615,0.122610586831728
1598,-0.343300455569544,-0.094171795922080,-1.938466907157772,0.338667427134033
1599,0.107236199453232,-0.191167046984961,-0.716431280376932,0.138661308488411
1600,0.000000000000000,0.000000000000000,0.000000000000000,0.000000000000000
1601,-0.397984532631063,0.105295525137610,-1.984360054790092,0.365397386203962
1602,-0.806403237485459,-0.518342924777522,-0.727547936137594,-0.028964009539708
1603,-0.739857223261898,-0.074514498919994,-1.279342824080865,0.296375347331936
1604,0.235199748343671,-0.226741563518231,0.709817044364716,0.133953435083794
1605,0.235199748342496,-0.226741563516302,0.709817044350746,0.133953435081741
1606,-0.411044812962799,-0.333379554987862,-0.755557570920135,0.034239650312649
1607,-0.414788579609519,-0.692212818765385,-0.875195220875655,0.063770435794036
1608,-0.330754319584229,-0.220952513384406,-0.693875961787677,0.122610586831732
1609,0.000000000000000,0.000000000000000,0.000000000000000,0.000000000000000
1610,-0.586007404474156,-0.042662607383241,-1.545361521435364,-0.147626201275025
1611,0.000000000000000,0.000000000000000,0.000000000000000,0.000000000000000
1612,-0.400700883414095,-0.700906130615179,-0.757128819257224,0.048972329267496
1613,0.000000000000000,0.000000000000000,0.000000000000000,0.000000000000000
1614,-0.674512327776889,-0.575139293898409,-0.421065333452967,0.086944951814980
1615,0.475994954629311,0.492439826713206,0.021706313345404,0.876475139106370
1616,-0.370284287820478,-0.455804103709029,-1.109711133728439,-0.071188263616640
1617,-0.467903577905212,-0.266947981508239,-1.458276411760561,-0.030684976079250
1618,-0.469593914359676,0.035476697882218,-1.766679202758063,0.010794842371104
1619,0.000000000000000,0.000000000000000,0.000000000000000,0.000000000000000
1620,0.000000000000000,0.000000000000000,0.000000000000000,0.000000000000000
1621,0.000000000000000,0.000000000000000,0.000000000000000,0.000000000000000
1622,-0.375460563944950,-0.440322999662614,-1.170308101659574,-0.072628734244146
1623,-0.457649517449726,-0.263949963834759,-1.490402134338731,-0.015104219212101
1624,-0.443500907425336,0.066986807048979,-1.794890835920632,0.029989603790205
1625,-0.732995203956230,-0.424127107623733,-0.711580342642968,0.027037460915593
1626,-0.770979872626187,-0.583319185675222,-0.878797769462253,0.077111957554037
1627,0.000000000000000,0.000000000000000,0.000000000000000,0.000000000000000
1628,-0.386387718124481,-0.833913150138999,-0.832750420042698,0.036661039306769
1629,-0.354380876668745,-0.793479290253773,-0.967346711712020,0.245150360953942
1630,0.000000000000000,0.000000000000000,0.000000000000000,0.000000000000000
1631,-0.533089236743959,-0.265505350770779,-0.767119028301968,0.036852034149219
1632,-0.548412497979924,-0.577435121461206,-0.725462546706501,-0.027744483185064
1633,-0.062763267952355,0.287776980200426,-0.654535580324509,-0.184870331547268
1634,-0.062763267952350,0.287776980201553,-0.654535580325284,-0.184870331547026
1635,0.700470960001554,0.550841769559117,-0.096859398825195,0.967109969138631
1636,-0.161485109994564,0.011638926595472,-0.713166576024357,-0.043765582919737
1637,0.107236200835588,-0.191167049982329,-0.716431247304647,0.138661298612378
1638,0.061769353862749,-0.022050406499432,-0.070693735342487,0.009168283712794
1639,0.215210094649393,-0.308251327773389,-1.868074023964926,0.380578326778022
1640,-0.411031723782462,-0.333442951273370,-0.755424164721381,0.034226890531236
1641,-0.334090777567368,-0.840041711168554,-0.676398919498798,-0.006298543177999
1642,-0.330754319584229,-0.220952513384407,-0.693875961787676,0.122610586831732
1643,0.000000000000000,0.000000000000000,0.000000000000000,0.000000000000000
1644,0.000000000000000,0.000000000000000,0.000000000000000,0.000000000000000
1645,0.000000000000000,0.000000000000000,0.000000000000000,0.000000000000000
1646,-0.330426901584906,-0.829367490007047,-0.632812021465249,-0.080931523181619
1647,-0.401364122274208,-0.841795132601158,-0.629137065946762,-0.118972956110493
1648,-0.323259320409760,-0.216399812141081,-1.685646659532507,0.067854091483866
1649,-0.398333295943015,0.216468190718949,-0.708318213573564,-0.078879284048357
1650,-0.350829435951453,0.289991264514811,-1.442454694686355,0.082167294057292
1651,0.000000000000000,0.000000000000000,0.000000000000000,0.000000000000000
1652,0.000000000000000,0.000000000000000,0.000000000000000,0.000000000000000
1653,-0.676842690406541,-0.641126633858550,-0.819556075710078,0.178466184106272
1654,-0.583337861819236,-0.505557385208092,-0.339567648310864,0.032805398800866
1655,-0.611527156842556,-0.634009589572870,-0.445706842017893,0.053653705079069
1656,-0.587892493135015,-0.527631310983433,-0.356375604092916,0.054211526157575
1657,-0.600992939096311,-0.695629936037856,-0.532405094050872,0.111168720614947
1658,-0.624754633446632,0.236492461304341,-1.733193888441915,0.266988366135397
1659,0.379943066717148,-0.925009873489775,0.074311038323411,-0.216258993886864
1660,-0.020957995221330,-0.491034783134620,-1.728009645118871,0.098290900895924
1661,-0.437713595547925,-0.610683088183251,-0.220128180525391,-0.010713822836200
1662,-0.470618235167660,-0.749167936493962,-0.346627428745970,-0.033229111279225
1663,-0.566505660044456,-0.464486782361559,-0.270401984992752,-0.012624842825403
1664,-0.330754320897140,-0.220952515754818,-0.693875961127757,0.122610586516094
1665,-0.330754320897140,-0.220952515754818,-0.693875961127757,0.122610586516094
1666,-0.330754320897140,-0.220952515754818,-0.693875961127757,0.122610586516094
1667,0.900867481730801,0.434094206780055,0.149924154022006,0.106187998607744
1668,0.236003122065797,-0.229322618595961,-0.710155655132547,-0.133210187387989
1669,0.000000000000000,0.000000000000000,0.000000000000000,0.000000000000000
1670,0.107236199453825,-0.191167046982645,-0.716431280387993,0.138661308491716
1671,0.212840115743958,-0.649358621068010,-0.529971599362488,0.025387160592996
1672,-0.327382592028192,0.863834653666066,-0.570649398377659,0.370446802912851
1673,0.604588867218668,0.268615753313022,-0.588151058639370,0.308546619634801
1674,0.011718067059364,-0.591813850323521,-0.414380757104162,-0.052280247365308
1675,-0.099782067921876,-0.514948825776564,-0.242047263337602,-0.009954759000961
1676,-0.099782067921876,-0.514948825776564,-0.242047263337602,-0.009954759000961
1677,-0.214475165619909,0.162291708635862,-0.704603135203656,0.102364172788079
1678,0.000000000000000,0.000000000000000,0.000000000000000,0.000000000000000
1679,0.000000000000000,0.000000000000000,0.000000000000000,0.000000000000000
1680,0.000000000000000,0.000000000000000,0.000000000000000,0.000000000000000
1681,0.000000000000000,0.000000000000000,0.000000000000000,0.000000000000000
1682,0.235199748342050,-0.226741563515812,-0.709817044366407,-0.133953435085492
1683,0.235199748342050,-0.226741563515812,-0.709817044366407,-0.133953435085492
1684,-0.314827068613323,0.444197841455568,1.516773669193714,-0.440133367716610
1685,0.077870471655301,0.501257329571103,1.937927143178614,-0.395326222770585
1686,-0.884392975635646,0.466743039205008,-1.254207487707538,1.063737543485140
1687,-0.401427733416724,-0.678555641023508,-0.822215785526676,0.050547036815525
1688,0.000000000000000,0.000000000000000,0.000000000000000,0.000000000000000
1689,0.000000000000000,0.000000000000000,0.000000000000000,0.000000000000000
1690,0.999808119132980,0.019588897768228,1.647941960205572,0.786309724065834
1691,-0.746048235293252,-0.309605434265448,-1.425383520694975,0.266459481095876
1692,-0.639235304532364,-0.769011199814032,-0.478640114610807,0.295723853769675
1693,-0.472471323842348,-0.825713587897932,-0.743051350182941,-0.094084341411327
1694,0.744938559353337,0.537740428810592,-0.724674227294552,0.172239623656874
1695,0.999013897857078,-0.044398557278441,0.144679563974000,-0.059841926001183
1696,0.746279023873921,0.530137922803210,-0.715754244704204,0.173659055588752
1697,0.999999117594899,-0.001328461299443,0.229443238690061,-0.093666009266408
1698,-0.330754319584229,-0.220952513384406,-0.693875961787677,0.122610586831733
1699,-0.152975257427153,0.064097056684480,-0.712864419595346,-0.026153062968116
1700,-0.587879311319770,-0.665262128604356,-0.519736047820451,0.129454110211954
1701,0.325844538373719,-0.536666616076834,1.603487931705875,-0.165480432671849
1702,0.000000000000000,0.000000000000000,0.000000000000000,0.000000000000000
1703,0.919520699331362,-0.393041579862950,0.177916363749222,-0.093479106091277
1704,-0.479181605344854,-0.861231081879829,-0.855485829321435,-0.076078600181632
1705,0.000000000000000,0.000000000000000,0.000000000000000,0.000000000000000
1706,-0.330754319584229,-0.220952513384406,-0.693875961787677,0.122610586831733
1707,-0.430437283809764,-0.712503744871967,-0.770065017040785,0.087122469780379
1708,-0.084129738574538,0.158924079544294,-0.075328173180348,0.026770578444262
1709,0.000000000000000,0.000000000000000,0.000000000000000,0.000000000000000
1710,0.000000000000000,0.000000000000000,0.000000000000000,0.000000000000000
1711,0.000000000000000,0.000000000000000,0.000000000000000,0.000000000000000
1712,-0.260932913102257,0.695734777701922,-1.138651660899803,0.974281549856439
1713,-0.206394263204918,0.336840087975575,-0.644745660095343,-0.202186704876076
1714,0.073783162314881,0.067809164274585,-0.657655498798763,-0.207801914003476
1715,0.000000000000000,0.000000000000000,0.000000000000000,0.000000000000000
1716,-0.530649895325756,0.508205367011881,-1.527960665144250,0.147173171884339
1717,-0.325570491971194,-0.398430961080461,-2.208200015149669,0.330640326226735
1718,-0.705058518516364,-0.018994756596787,1.219525414724163,-0.805877469108079
1719,0.555637377017623,0.279027150575376,1.027314662423279,-0.092085618418193
1720,-0.932865586364587,-0.105089597995415,-1.055611210890863,0.573486462065783
1721,-0.296641712699683,0.548576121144914,-0.591179278751557,-0.112162566996582
1722,-0.447731553735154,0.353339423922868,-1.895823695658510,-0.276022241649575
1723,0.236003122065477,-0.229322618595454,0.710155655133091,0.133210187388422
1724,-0.068778969389290,0.301152367820803,-0.655092343804638,-0.185228208005504
1725,0.762980277047551,-0.646421763894473,0.107794437276422,-0.098969833952973
1726,0.390056751939865,-0.920790817865884,0.080828535569587,-0.225045708172681
1727,0.238768093444094,-0.971076617756329,0.025308007302099,-0.112170356711746
1728,-0.385745289845230,0.217903414327946,-1.694611681743169,0.286483903209702
1729,0.000000000000000,0.000000000000000,0.000000000000000,0.000000000000000
1730,0.107156275906546,-0.191058124271299,-0.716666985552572,0.138813677731937
1731,-0.753582984682998,-0.212636267245558,-1.528374786775330,0.189997980170480
1732,-0.463060285762906,0.694474688893033,-1.398480977472314,0.188865266017191
1733,0.107156275905172,-0.191058124282073,-0.716666985348915,0.138813677689061
1734,0.300039766326391,-0.135912530290455,-0.550991424331859,0.323462783441810
1735,0.228574070263527,-0.201421553771209,-0.705299701387139,-0.141729679230524
1736,-0.152975257427157,0.064097056684710,-0.712864419595039,-0.026153062968177
1737,0.725299030350996,0.493723106924695,-0.304887698685584,0.125283527332757
1738,0.211060779279009,0.730169390074875,-1.165879193649002,0.433777704734973
1739,0.000000000000000,0.000000000000000,0.000000000000000,0.000000000000000
1740,0.381681013898619,-0.157819175896397,1.811240566745617,0.138771339672829
1741,-0.816021566566346,0.578021455396429,-1.844549522007427,-0.582097230770682
1742,-0.753366307601403,0.299426564734067,-0.128024815077608,0.007524354208835
1743,-0.261040953516462,0.709248317252872,-0.680612146157935,0.001296940268294
1744,-0.494219454393117,0.224167155631418,-1.878327446835449,0.218120784097599
1745,0.010642671914210,-0.018879966781961,-0.652845886359783,-0.198562243053688
1746,0.000000000000000,0.000000000000000,0.000000000000000,0.000000000000000
1747,0.000000000000000,0.000000000000000,0.000000000000000,0.000000000000000
1748,0.000000000000000,0.000000000000000,0.000000000000000,0.000000000000000
1749,-0.512063331764991,-0.252298165564388,-1.640810833369619,-0.129023450727521
1750,-0.554184302893321,-0.680151859680660,-1.338650319172259,0.005133154918496
1751,-0.171780438851890,-0.888931991307848,-0.651516602487274,-0.122739120716799
1752,0.677019411995404,-0.222674104657647,0.788420301542712,0.148279474569170
1753,0.000000000000000,0.000000000000000,0.000000000000000,0.000000000000000
1754,0.397771937344144,0.041491528656459,-0.072857160693650,0.048560712017204
1755,-0.381597895878177,-0.701842520583271,-0.802291280037466,0.030550365388651
1756,-0.330754319584229,-0.220952513384406,-0.693875961787677,0.122610586831733
1757,-0.411062258365456,-0.333459923694632,-0.755619328607559,0.034251150432186
1758,-0.370887667603041,-0.673230009855948,-0.819259549118559,0.020322809640031
1759,-0.272148391879213,0.729513861018598,-1.251471232663375,-0.109078341764119
1760,0.000000000000000,0.000000000000000,0.000000000000000,0.000000000000000
1761,0.000000000000000,0.000000000000000,0.000000000000000,0.000000000000000
1762,-0.244859809448822,0.615397460616762,-0.835778450531383,-0.281924650373760
1763,0.107156275903448,-0.191058124287780,-0.716666985288596,0.138813677676626
1764,0.107156275903448,-0.191058124287780,-0.716666985288596,0.138813677676626
1765,0.126241933497248,-0.130214395350584,-0.069352899064319,0.026983784869736
1766,0.300039936126940,-0.135912058739480,-0.550991137723850,0.323463103852872
1767,-0.290143880050257,-0.392634738497417,-1.520177707363108,-0.143633432894263
1768,0.107156275905174,-0.191058124282068,-0.716666985349067,0.138813677689090
1769,-0.692691075866276,-0.530313087554084,-0.730229294342384,0.068119193953779
1770,0.300039766171464,-0.135912530411234,-0.550991424344520,0.323462783483098
1771,-0.522487434694689,-0.237037721153318,-0.699901602499783,0.082518583384817
1772,0.107236199453831,-0.191167046982639,-0.716431280388015,0.138661308491712
1773,0.000000000000000,0.000000000000000,0.000000000000000,0.000000000000000
1774,0.107236199453818,-0.191167046982650,-0.716431280387979,0.138661308491722
1775,-0.491685526056141,-0.470881122992419,-1.676419145201979,0.043029286877504
1776,-0.342953366908215,-0.745332290329728,-0.732224830841414,-0.006711663555024
1777,-0.632451682028933,-0.720998191164195,-0.925514079827942,0.037728364635441
1778,-0.478308180214543,-0.397089709976218,-1.491209280158182,-0.202414231171605
1779,-0.491822086459923,-0.599793495081275,-1.655306577071707,-0.032459241546493
1780,0.800181748426873,0.599757592269170,0.153223183664191,0.123217412268439
1781,-0.608452467603881,0.205903951958374,-1.859467635251877,-0.453556967207247
1782,-0.830550222670375,0.556943738291572,-1.515400799009342,-0.517487340415301
1783,-0.409385521987943,0.131412980282176,-0.708562247225363,-0.023002169985048
1784,0.306986532308918,-0.821236361144083,1.010273459785068,-0.393132829272991
1785,0.604588869066009,0.268615754104925,-0.588151060063057,0.308546620105239
1786,0.236004382334051,-0.229325913477931,-0.710153705404135,-0.133209804921712
1787,0.075583349551923,0.273345473274627,-0.059798275419801,0.033008141926797
1788,0.479107795807766,0.557591748936444,-0.683413037850092,0.136719490058078
1789,0.107236199453824,-0.191167046982647,-0.716431280387968,0.138661308491713
1790,-0.281275980419705,-0.940187078412768,-0.874291509989697,-0.087085018541683
1791,-0.265655065588555,-0.936074033702585,-0.830832769001025,-0.094666900616121
1792,-0.019191839396531,0.999815819689095,-1.137030251616374,0.820457204048918
1793,-0.019191839396531,0.999815819689095,-1.137030251616374,0.820457204048918
1794,-0.945147363396113,-0.326644242969897,-0.286064196135252,0.061403962957702
1795,-0.324026494854302,0.737829739973274,1.437815860509377,-0.497475758833762
1796,0.107236199453769,-0.191167046982221,-0.716431280394055,0.138661308493115
1797,-0.866608250799839,-0.108822906175748,-0.192188623687115,0.020383346613219
1798,-0.319676002164913,0.026730921112284,-2.048702144089953,-0.150082360409224
1799,0.107236201981437,-0.191167049658252,-0.716431266363479,0.138661300491490
1800,-0.152975257427153,0.064097056684494,-0.712864419595461,-0.026153062968122
1801,0.107236199453299,-0.191167046985377,-0.716431280370883,0.138661308487000
1802,0.107236199453295,-0.191167046985380,-0.716431280370881,0.138661308487005
1803,0.107242079338033,-0.191164266054463,-0.716426305835971,0.138651664453510
1804,0.107236199453299,-0.191167046985377,-0.716431280370883,0.138661308487000
1805,0.107236199453299,-0.191167046985377,-0.716431280370883,0.138661308487000
1806,0.107236199453299,-0.191167046985377,-0.716431280370883,0.138661308487000
1807,0.107236199453299,-0.191167046985377,-0.716431280370883,0.138661308487000
1808,0.107236199453299,-0.191167046985377,-0.716431280370883,0.138661308487000
1809,0.107236199453292,-0.191167046985382,-0.716431280370877,0.138661308487008
1810,0.717768037753073,0.392429329436547,-0.265649513431788,0.145979727806648
1811,0.107236199453299,-0.191167046985377,-0.716431280370883,0.138661308487000
1812,0.107236199453296,-0.191167046985380,-0.716431280370867,0.138661308487001
1813,0.107236199453828,-0.191167046982641,-0.716431280388043,0.138661308491723
1814,0.107236199453828,-0.191167046982641,-0.716431280388043,0.138661308491723
1815,0.107236199453831,-0.191167046982640,-0.716431280388011,0.138661308491710
1816,0.107236199453828,-0.191167046982641,-0.716431280388043,0.138661308491723
1817,0.107236199453828,-0.191167046982641,-0.716431280388043,0.138661308491723
1818,0.107236199453828,-0.191167046982641,-0.716431280388043,0.138661308491723
1819,0.107236199453833,-0.191167046982637,-0.716431280388059,0.138661308491719
1820,0.107236199453828,-0.191167046982641,-0.716431280388043,0.138661308491723
1821,0.107236199453828,-0.191167046982641,-0.716431280388043,0.138661308491723
1822,0.107236199453833,-0.191167046982637,-0.716431280388059,0.138661308491719
1823,0.107236199453828,-0.191167046982641,-0.716431280388043,0.138661308491723
1824,0.854138437292342,0.256487123304020,0.046736173080503,0.033813647920155
1825,-0.607274772833503,0.444155760053264,1.607265588796652,-0.012002389981529
1826,0.856268780087862,-0.064185334293385,0.045359288544519,0.020426264480721
1827,0.458680148003428,-0.609125427578663,-1.009331005419306,-0.108862828548607
1828,0.458680148003428,-0.609125427578663,-1.009331005419306,-0.108862828548607
1829,-0.330754319584237,-0.220952513384433,-0.693875961787614,0.122610586831728
1830,-0.161485109994564,0.011638926595472,-0.713166576024359,-0.043765582919737
1831,0.107236199453234,-0.191167046984960,-0.716431280376923,0.138661308488407
1832,0.137959423131343,-0.543753699034111,-0.170200081635437,-0.002397805738019
1833,0.107236200416812,-0.191167049355653,-0.716431248992205,0.138661299781447
1834,0.156927538103684,-0.731980108781247,-1.314464540872054,-0.030030950522568
1835,-0.539290578558652,-0.000204121193800,-1.799731568610485,0.319684433769471
1836,0.131777781204900,-0.816603333947803,0.026616879407743,-0.057928918235266
1837,0.446218548365429,-0.076755889090737,-0.695732450876931,0.094763919380102
1838,0.446218548365423,-0.076755889090727,-0.695732450890614,0.094763919381967
1839,0.585285381755408,0.003851491799960,-1.311622020879822,-0.530348976007590
1840,-0.415742568498518,-0.909482334483884,-0.072780914903933,-0.179223735130763
1841,0.407342565309803,0.437314683492030,0.732593697859138,0.173907589017812
1842,0.390048369786482,-0.542296548851732,1.219712802685614,-0.117338740239718
1843,0.064915865383232,-0.314559924426392,0.109295935199068,-0.002091232022272
1844,0.818165058528444,-0.574983423242051,0.186975650754728,-0.177615438413246
1845,0.106821291892677,-0.240704177107687,0.716545879404316,-0.116007771994773
1846,0.150024212966371,0.098579592856223,-0.502055022937951,-0.361140784060812
1847,-0.372444446441288,0.526569314258238,1.637692342183856,0.377081366253297
1848,0.000000000000000,0.000000000000000,0.000000000000000,0.000000000000000
1849,-0.567397445710015,0.188612763459636,-0.173403136067594,-0.030474368254585
1850,-0.473335570217727,0.445384127887652,-0.742212091465868,-0.032743703315598
1851,-0.322778030927570,-0.115683369813326,-0.091577923348948,-0.014954377040402
1852,0.183079407291229,-0.359234185271404,2.067125233881363,0.112808002555893
1853,0.047790059459592,-0.507768506212796,1.565505412548799,-0.062467872509859
1854,0.308533527640442,-0.590326899222825,0.845623108218324,-0.184062278755996
1855,0.149510896048206,-0.117126009204632,0.090190296384977,0.037059568734456
1856,-0.628365815269778,0.365711752711699,-1.652717541732932,0.203125488497058
1857,-0.425679246369842,0.610246199260801,-0.786834163447866,0.006320011185790
1858,0.120561842346818,-0.246461964004829,0.824290950964681,0.288951028021109
1859,0.599649816633599,0.051262891661506,1.678216528443633,0.205868479175933
1860,0.508298537016909,-0.753878170400927,-1.130449938284890,-0.050831169534872
1861,0.516414989183391,0.529099942013800,0.031029628747582,0.088679616660911
1862,0.234495967088816,0.371583636023340,1.643746125689490,0.136539678747734
1863,0.382957592228120,-0.252670240020707,1.764692140173285,-0.310989926759661
1864,0.107078183025770,-0.239855860633771,0.715264118317016,-0.115923720813644
1865,0.404404981587256,-0.343532887253471,0.707641731903428,-0.045735225696790
1866,-0.340738268552896,0.157116615264134,0.687831918799581,0.132180824788990
1867,0.529355077230049,0.484466655204795,0.258423996324372,-0.006096598412755
1868,0.529355077230049,0.484466655204795,0.258423996324372,-0.006096598412755
1869,0.682634898596534,-0.264039402290942,-1.217800487318390,-0.215424359834836
1870,0.500993649295469,-0.278021967016324,-1.751048913883739,-0.296641428192617
1871,0.542641830594991,-0.079252016533193,-0.706908089917304,-0.024674140540757
1872,-0.299004184251556,0.519616328511480,0.918483962338779,0.260314741287586
1873,0.241413450070267,-0.231973536451310,0.710082735748181,0.131315219469895
1874,0.443033194731436,-0.125737634502080,-0.692665252919366,0.104734224765455
1875,-0.015113957174670,0.191921660097265,2.061684634485554,-0.112670113670317
1876,-0.208959839524971,-0.320069780876161,-0.935914415110581,-0.085330315170691
1877,-0.351282037791557,0.582554115870137,1.439977252836676,0.034027069617937
1878,0.092875434059858,-0.203389841606435,-0.110055723004182,-0.033937307650028
1879,0.168616934116759,0.479724555442131,-0.655348484036795,-0.274085150376255
1880,0.448539162138464,-0.467135269168669,0.629252996764355,0.354145713630883
1881,-0.521083510204481,0.661111160979387,-1.055601200919547,0.019374185300366
1882,0.064472621839559,0.116073177460491,-2.139368288511970,-0.046677389513921
1883,0.622175761228508,-0.066056322245681,0.665856569200154,0.183873526278902
1884,0.529506611190854,0.394593387561265,-1.413258288900867,0.034047778477731
1885,0.679863088520684,-0.249735050934152,-1.287710254538040,-0.246874453390787
1886,0.363752558891255,-0.176626638299497,-1.519517987165750,0.324700526487075
1887,0.622175761228483,-0.066056322245752,0.665856569200297,0.183873526279627
1888,0.000000000000000,0.000000000000000,0.000000000000000,0.000000000000000
1889,0.673634350370688,0.392872115199918,0.922974170758373,-0.460235145312892
1890,0.594852135181812,0.297978290436114,0.647163217891452,-0.255943612377619
1891,0.673634350370692,0.392872115199921,0.922974170758365,-0.460235145312888
1892,0.000000000000000,0.000000000000000,0.000000000000000,0.000000000000000
1893,0.000000000000000,0.000000000000000,0.000000000000000,0.000000000000000
1894,0.635677420471864,0.438421286978341,0.046843235406574,0.116763964635760
1895,0.681905692389235,0.398236989747710,0.915151580851279,-0.461851486305540
1896,0.000000000000000,0.000000000000000,0.000000000000000,0.000000000000000
1897,-0.603882010543930,0.583570761595811,-1.458007753460150,-0.012013861464641
1898,-0.559776816601736,0.597259549783583,1.483706932285233,-0.007573649430866
1899,-0.581602290515369,0.658639208369793,-1.391377925858666,-0.005345140547575
1900,-0.603882010543930,0.583570761595811,-1.458007753460150,-0.012013861464641
1901,0.530947201139848,0.569559027592379,0.366171363258000,-0.018061100526247
1902,0.106300395369160,-0.242430188366759,0.710378825281535,-0.114566982263046
1903,-0.573318726528437,0.063961738262886,-1.443953694727153,0.044229576670010
1904,0.106821301309046,-0.240704325175072,0.716546154576081,-0.116007855256132
1905,-0.261465193680704,-0.357066923446564,0.650387183132738,-0.228268927007320
1906,0.622175760725250,-0.066056321298589,0.665856569510333,0.183873526349474
1907,0.000000000000000,0.000000000000000,0.000000000000000,0.000000000000000
1908,0.000000000000000,0.000000000000000,0.000000000000000,0.000000000000000
1909,0.000000000000000,0.000000000000000,0.000000000000000,0.000000000000000
1910,0.329266795589054,0.749318349109619,0.401387465849953,0.011415810740981
1911,0.329266795589054,0.749318349109619,0.401387465849953,0.011415810740981
1912,-0.079029594877242,0.362770378240310,1.021324328448111,0.497981074764841
1913,0.329236470951619,0.749284191192095,0.401285868592363,0.011416993960246
1914,0.329236470951619,0.749284191192095,0.401285868592363,0.011416993960246
1915,0.000000000000000,0.000000000000000,0.000000000000000,0.000000000000000
1916,0.160144807780633,-0.159274121643569,-0.726253475831901,0.080696543389430
1917,0.743673792062648,0.424482441891285,0.121943205936250,0.758890041694175
1918,0.000000000000000,0.000000000000000,0.000000000000000,0.000000000000000
1919,0.615600206288092,0.271924327951895,0.846814367287541,-0.147554062997202
1920,0.418881254207663,-0.103348209966386,-0.600788807500785,0.280724435913308
1921,0.699642075988153,-0.484820520176001,1.459911801184609,-0.088255170789414
1922,-0.055905129480502,-0.158284288931039,-2.137093796449508,0.277047884499529
1923,0.000000000000000,0.000000000000000,0.000000000000000,0.000000000000000
1924,0.106821291902558,-0.240704177030751,-0.716545879212794,0.116007771937927
1925,0.000000000000000,0.000000000000000,0.000000000000000,0.000000000000000
1926,0.494047288785591,-0.521654127106251,1.292977688104615,-0.076811948176392
1927,-0.477514347842240,0.394634401098515,-1.445365077741779,-0.423708506588841
1928,0.111329408853771,-0.089344086312814,-2.006893512842964,0.415866468592389
1929,0.106821291902558,-0.240704177030751,-0.716545879212794,0.116007771937927
1930,0.000000000000000,0.000000000000000,0.000000000000000,0.000000000000000
1931,-0.202843010352039,-0.117904939211430,-1.689110669580472,-0.097794500336260
1932,0.106821291892694,-0.240704177072339,-0.716545879332763,0.116007771973217
1933,-0.156467798503879,0.080417644144706,-0.709159818376073,-0.051744547347618
1934,0.887190799033162,0.461402737433253,0.034440492468952,-0.053348183774167
1935,-0.944830234201072,-0.327560419677879,1.802766955998363,0.449010145184035
1936,-0.520265041593784,-0.127482187341770,-1.590065872621508,-0.094220827823355
1937,0.000000000000000,0.000000000000000,0.000000000000000,0.000000000000000
1938,0.241413445445024,-0.231973525167392,-0.710082738599269,-0.131315220896815
1939,0.106821291892694,-0.240704177072339,-0.716545879332763,0.116007771973217
1940,0.339230803461053,-0.486238970736328,1.571861000012346,-0.085981552226762
1941,0.515597136071098,-0.154775629079658,0.706557433749371,0.028545196609693
1942,0.106821291892694,-0.240704177072339,-0.716545879332763,0.116007771973217
1943,0.106821291892694,-0.240704177072339,0.716545879332763,-0.116007771973217
1944,-0.125678327705108,-0.067149710219031,1.947360078670632,-0.362588783162628
1945,-0.277353938725784,0.191781167110450,-0.692337366832552,-0.117724965578842
1946,-0.174858692196369,0.394901303775837,0.557819579581748,0.327522306494506
1947,0.000000000000000,0.000000000000000,0.000000000000000,0.000000000000000
1948,0.106821291892694,-0.240704177072339,-0.716545879332763,0.116007771973217
1949,0.106821291892694,-0.240704177072339,-0.716545879332763,0.116007771973217
1950,0.325238096813030,-0.600489880157313,1.385830893578257,-0.225244622116244
1951,0.000000000000000,0.000000000000000,0.000000000000000,0.000000000000000
1952,0.010414571935873,-0.004248581953594,0.650340273178649,0.202775878296095
1953,-0.479495923998362,0.450531130886213,-0.775229291487792,-0.021856294989845
1954,0.413480626269235,-0.186981971229734,0.720855021806279,0.125493582952613
1955,0.106821291892694,-0.240704177072339,-0.716545879332763,0.116007771973217
1956,0.424848716587908,0.478479062668584,1.064829665928509,0.106204425641627
1957,0.106821291892694,-0.240704177072339,-0.716545879332763,0.116007771973217
1958,-0.145261348136645,-0.238711933667674,0.088049601752418,-0.008008168346404
1959,-0.477748548452037,0.024818859955907,-1.644296031465882,-0.015819512349890
1960,0.471443071825964,-0.185327397187556,0.637767767155230,-0.223002996806958
1961,-0.157100392774240,-0.491473329563328,-1.284465227869054,-0.191401230613735
1962,0.621970339030237,0.276535246098440,0.854522165328213,-0.125292101147788
1963,-0.386529216281394,-0.922277162766645,-1.771001497169126,-0.239344458871380
1964,0.223979514854825,-0.134187950690713,0.651867710464427,0.207844858277827
1965,0.106821291873279,-0.240704180688067,-0.716545886715772,0.116007774187287
1966,-0.298220069698601,0.282595768360723,0.585273979242124,0.306449588100781
1967,-0.020253765016438,0.102748385288028,2.188989172558519,-0.385631402165227
1968,-0.102595681939273,-0.367125211186906,1.983554111205084,-0.334586648989096
1969,0.281262840962114,-0.613260759381814,-0.800087295590484,0.165347747536620
1970,-0.292174480837559,0.613715637230988,1.554024348238370,0.160768990967994
1971,-0.054538574842165,-0.121199650989363,-2.028893881940902,-0.099365588594367
1972,-0.365558775681315,-0.065164074662186,-1.535610188512260,-0.177243668762553
1973,0.221422628566251,-0.657861557450539,0.341973975051667,-0.011420247899633
1974,0.000000000000000,0.000000000000000,0.000000000000000,0.000000000000000
1975,0.106821291890624,-0.240704177831345,0.716545880898510,-0.116007772442600
1976,-0.330901211937048,0.226460870376252,-1.668885418895150,-0.057067548679655
1977,-0.354885343038814,0.325321736463199,1.824790541262726,-0.260306806670866
1978,-0.151471289196325,0.510675501139863,-1.147679578667322,-0.396229678540859
1979,-0.525556647718335,0.603484145465535,1.338949308056122,-0.431087662520272
1980,-0.438573823947088,0.122859633790651,-1.854347730978914,-0.351273040595846
1981,-0.701653243458178,-0.432248231407750,-1.341442206120732,0.103665036707126
1982,-0.925486891697433,-0.041328659755454,-1.526127875185012,0.373384849844453
1983,0.342745801588651,-0.362952992596912,0.175599642687239,-0.056884217042011
1984,0.610303346995489,-0.792167800813757,0.049242322344178,-0.092879290196207
1985,0.445030899803488,-0.895515213840668,0.035024089490615,-0.125853498110984
1986,0.000000000000000,0.000000000000000,0.000000000000000,0.000000000000000
1987,0.106821291902614,-0.240704177031494,-0.716545879214141,0.116007771938320
1988,-0.834166741341611,0.220045936114693,-1.892030400168577,0.485967323758605
1989,0.580581197478002,0.101813654124548,1.505361533159619,-0.239429054878561
1990,0.418881254205888,-0.103348209967786,-0.600788807499975,0.280724435913980
1991,0.106821291902614,-0.240704177031494,-0.716545879214141,0.116007771938320
1992,0.000000000000000,0.000000000000000,0.000000000000000,0.000000000000000
1993,0.000000000000000,0.000000000000000,0.000000000000000,0.000000000000000
1994,-0.151471289196325,0.510675501139864,-1.147679578667323,-0.396229678540859
1995,0.000000000000000,0.000000000000000,0.000000000000000,0.000000000000000
1996,-0.461098483459440,-0.066651758763826,1.368593306685381,-0.009607557412845
1997,-0.688226438046945,-0.576446215766475,-1.372078697418544,0.316500787002721
1998,0.000000000000000,0.000000000000000,0.000000000000000,0.000000000000000
1999,0.000000000000000,0.000000000000000,0.000000000000000,0.000000000000000
2000,0.000000000000000,0.000000000000000,0.000000000000000,0.000000000000000
2001,0.000000000000000,0.000000000000000,0.000000000000000,0.000000000000000
2002,-0.580499748802009,0.440442667163348,-1.493494102629934,0.015616541514095
2003,-0.524429773087092,0.328959096615500,-1.576479189084565,-0.197369912109150
2004,0.000000000000000,0.000000000000000,0.000000000000000,0.000000000000000
2005,-0.248605091671632,-0.437835892154034,1.989438845340098,0.037521661395586
2006,-0.078018025495578,-0.612695393620867,1.809377853055799,0.087096932300794
2007,0.000000000000000,0.000000000000000,0.000000000000000,0.000000000000000
2008,0.227548083598964,-0.534436161534501,0.254732497917092,-0.067828610076530
2009,0.221456620367129,-0.657501261077991,0.341344171254925,-0.011284173374817
2010,0.954596950528538,0.297900423030275,0.169268727968815,0.197192797957347
2011,-0.841679735902437,0.525599208605354,-1.745216352023609,0.360409054237918
2012,0.000000000000000,0.000000000000000,0.000000000000000,0.000000000000000
2013,0.000000000000000,0.000000000000000,0.000000000000000,0.000000000000000
2014,0.532335242859162,0.143662201547543,1.340918034729153,-0.749073814285299
2015,-0.862052525382640,0.361761285113853,-1.421869611434339,-0.201213482233637
2016,0.000000000000000,0.000000000000000,0.000000000000000,0.000000000000000
2017,-0.579279506775523,0.428336771148451,-1.798933136702536,0.733228661803175
2018,0.231419007449802,-0.683115012751808,0.679151006832511,-0.240238306119882
2019,-0.568361170530046,-0.739904561766102,-1.260786462261616,0.281670389571257
2020,0.000000000000000,0.000000000000000,0.000000000000000,0.000000000000000
2021,0.396927641883154,-0.499744745447864,0.106991554280718,-0.026951656628776
2022,0.000000000000000,0.000000000000000,0.000000000000000,0.000000000000000
2023,0.000000000000000,0.000000000000000,0.000000000000000,0.000000000000000
2024,0.956038252688789,-0.293241980957311,1.598171994362363,0.977257241358771
2025,-0.180886118592047,-0.621221453057165,-2.194717422543664,0.300743531285063
2026,0.275153655732978,-0.519809822818719,-0.242506850945804,0.085457299312481
2027,0.254322430434705,-0.904110539858976,-0.200696078852000,0.015324685189171
2028,-0.537150366060601,0.262963763824628,1.578424524567095,-0.036440056098184
2029,0.389842941004279,-0.507964656237753,0.103375794850147,-0.028090156212408
2030,0.399986532784510,-0.494373680967132,0.105925962786662,-0.026667999897881
2031,0.389842941004279,-0.507964656237753,0.103375794850147,-0.028090156212408
2032,0.923393844012040,0.258233641594478,-0.114688394697061,0.122105080267011
2033,0.681029540271157,0.254015861833105,0.087334293997026,-0.045850413726117
2034,-0.799221473188005,-0.601036635152297,-1.681864677991578,0.089645141224743
2035,0.922463991902723,0.386083130482135,0.090705518949529,0.034874436385069
2036,0.945641793858219,0.260556817965545,0.156094676057128,-0.161634949431932
2037,0.614956141291595,0.121917542618415,0.066588929874495,-0.057043592581204
2038,0.881276112077472,0.225997754331699,0.113921583246798,-0.103673441845857
2039,-0.813575612310636,-0.581459132745694,-1.886851810535302,0.502915783102820
2040,0.166116787777091,0.645958967862079,1.643475356737608,0.328613055809826
2041,-0.454735981685530,-0.164629827763878,-1.464720447428888,-0.049474281083170
2042,0.590822527258373,0.241292301452185,1.386160524791363,-0.937171672712822
2043,0.106821291916659,-0.240704177033418,-0.716545879162703,0.116007771923674
2044,-0.616445887582311,-0.096280147575405,0.134224729554246,0.000178787692134
2045,0.563781347804448,-0.072874138657010,0.120357458962205,-0.020936506477367
2046,-0.636250272290222,0.114485039004191,-1.623495220611187,-0.320674743589686
2047,-0.707844010185292,-0.174848339924623,-1.829087674578662,0.006274188156610
2048,-0.171293014133139,0.093297687148487,0.039493148667325,0.003715652788303
2049,-0.026625233575116,-0.046045999732604,-2.499725929986984,0.119411120391507
2050,0.621226191980873,0.244920553651673,1.832195669982333,0.976114350191703
2051,-0.561703832090885,0.700283682058142,1.747980105382641,-0.181963862847308
2052,0.529189939208976,0.385039913442829,0.104076303734802,0.053089370107888
2053,0.674111156570511,0.167452932605184,0.123284565713461,0.028987327906291
2054,0.506594907368100,0.722676010404603,0.745060623020207,-0.118017480970800
2055,0.000000000000000,0.000000000000000,0.000000000000000,0.000000000000000
2056,0.387308612059952,-0.523734381895966,0.107677401055138,-0.026859433646900
2057,0.394055772743583,-0.514725280880455,0.107090216530263,-0.026114219849211
2058,-0.679404460401906,0.438219952697130,-1.021540677254228,-0.006843292512346
2059,0.000000000000000,0.000000000000000,0.000000000000000,0.000000000000000
2060,0.000000000000000,0.000000000000000,0.000000000000000,0.000000000000000
2061,-0.091833000872073,-0.083424202857832,-1.913071560872462,0.435277715946830
2062,0.673249387902908,0.397587178398772,-0.084599812109117,0.057606938401294
2063,-0.362017056449669,0.638431450059531,1.443866767724213,-0.077450853582284
2064,-0.590030918965438,-0.445479301721704,0.716169006385475,-0.058088955527333
2065,0.000000000000000,0.000000000000000,0.000000000000000,0.000000000000000
2066,0.000000000000000,0.000000000000000,0.000000000000000,0.000000000000000
2067,0.753155876403782,0.236137773371738,0.147679324820550,0.037522970917233
2068,-0.275986829740062,-0.655373420165833,-0.656238087353284,0.251851024664384
2069,0.000000000000000,0.000000000000000,0.000000000000000,0.000000000000000
2070,-0.279297162140330,0.434087049145767,1.653538157744816,-0.243071145808837
2071,-0.382816168975698,0.709939238615450,-1.504559833367357,0.115755442204086
2072,0.000000000000000,0.000000000000000,0.000000000000000,0.000000000000000
2073,-0.616749704961027,-0.041162274741890,1.509393978661894,-0.166160594856103
2074,-0.431365719607028,0.142565697825248,-1.602808755091263,-0.100812868122183
2075,-0.452462452726396,0.738060447036222,-0.929406935491003,0.258585138789356
2076,-0.110511894574675,0.199538309182378,-1.122902787290468,-0.629501722326900
2077,-0.414775778105955,0.261740717572427,-1.904252118109357,0.140289690093431
2078,0.036406636184367,0.028806901366257,-2.198342004072893,0.035255010871441
2079,0.152300658628467,-0.165298285228045,-2.133690838861804,0.001722058776690
2080,-0.537170432318363,0.139343446948083,1.382726731169267,-0.081744200903135
2081,0.594354780219824,0.156469695240067,-0.726295738992192,0.171109545418414
2082,-0.032111048340003,-0.999484307317782,-1.924650876995215,-0.593882269595200
2083,0.519189189069530,-0.427313368723072,0.061273846303418,-0.009172967102510
2084,-0.331199397672731,0.500305590183407,-1.594890322401543,0.174846734312265
2085,0.107077018527177,-0.239849546532559,-0.715266314835660,0.115920159829103
2086,-0.732496129861424,0.349402746020505,-0.129737159779464,0.022577479195424
2087,-0.644107180114884,0.343995478281081,-0.132606851441009,0.039273759858989
2088,0.809543020100362,0.289456219954192,0.079490470169808,-0.073888868597376
2089,0.469231621494485,-0.883075130093502,0.373349579016725,-0.041413733925672
2090,0.711766468955630,-0.138216706110409,0.068475660039025,-0.008686598663896
2091,0.093044247831876,-0.193576692566380,0.721814599528633,-0.137233984237678
2092,-0.622440359213558,0.381281610783528,-1.641730840856453,0.060313159554922
2093,0.289394864589278,-0.957209805815502,-0.112385762777658,-0.134010376482424
2094,-0.624619116592288,0.092346798895889,-0.126092548619392,0.003490274474463
2095,0.708651308958338,-0.146933346153151,0.067442385004372,-0.021371776072246
2096,0.781787493178041,0.517778195745964,0.149150426276450,-6.376966055727928
2097,0.712086190453406,-0.193066360702637,0.063551902587623,-0.014621785862196
2098,0.502520723686477,-0.677361434980917,0.079457871206518,-0.022642426135186
2099,0.531784989740051,-0.846879403862896,0.122471359999029,-0.214016647196725
2100,0.027258429103541,0.154132370036479,0.079362897439252,0.012434670745800
2101,0.000000000000000,0.000000000000000,0.000000000000000,0.000000000000000
2102,0.263034725862818,-0.311146344054242,1.941795513509502,-0.273182121645459
2103,0.262943912263599,-0.311379437741297,1.941889753308800,-0.272961536826862
2104,0.264377447595409,-0.282807263111642,0.702933807927707,0.122205380766385
2105,0.263023215020239,-0.311223314348926,1.941794123460203,-0.273123041056204
2106,-0.427974459123277,0.506740697471009,0.614006029721084,0.298734971865479
2107,0.003303006589593,0.436821165445080,1.262553266674835,0.180817508519414
2108,-0.116662873373283,-0.046707475341736,0.063983846804744,0.009287653600072
2109,-0.617175366348110,0.354437164145261,-1.322252018516523,0.227735525398646
2110,-0.634317851356745,0.337957198355017,-1.530281019068182,0.239494619209510
2111,-0.013613331969108,0.442163282304924,1.195942708307916,0.190729247470305
2112,-0.830079157856220,0.342390656680241,-1.230531160424459,-0.350937118479772
2113,0.494946785230389,0.139716082167678,1.765845199654430,0.688318145089457
2114,0.494793358790667,0.139437826015928,1.766210548233340,0.688670397218877
2115,0.470338414378681,0.226540974888461,0.085995634170052,0.044992987746459
2116,0.358379407690059,0.297550161621109,0.087228191853533,-0.025280471578217
2117,0.000000000000000,0.000000000000000,0.000000000000000,0.000000000000000
2118,0.262558823121749,-0.228852606757408,0.653000912582792,0.252292343587819
2119,0.488085729174155,0.285596754767217,1.181699501037903,0.964385519768405
2120,0.736761782025522,0.178926712769491,-0.083222527941249,-0.008312137758703
2121,0.000000000000000,0.000000000000000,0.000000000000000,0.000000000000000
2122,0.000000000000000,0.000000000000000,0.000000000000000,0.000000000000000
2123,0.777318694710302,0.297529651735045,-0.131008075730268,0.026319139178546
2124,-0.051162669318064,0.309637295632791,8.161219438068130,-2.920157271626313
2125,0.676759138340378,0.066786873794320,-0.108292843295507,0.009615577203337
2126,0.681882087503569,-0.003396469309267,-0.105906909847909,0.004115400565406
2127,0.673080190853499,0.141667348397359,-0.083396269773587,0.008103263011241
2128,-0.046370411106115,0.998924313936672,0.997185562141449,-2.080277921305422
2129,-0.918179558439508,0.147426001328536,-0.090085472398754,0.005616530208707
2130,-0.400366475134087,0.648948458142446,-1.038563898747643,0.170546573463155
2131,-0.400366475134088,0.648948458142445,-1.038563898747644,0.170546573463155
2132,-0.400366475134088,0.648948458142445,-1.038563898747644,0.170546573463155
2133,0.515597136071146,-0.154775629087422,0.706557433725292,0.028545196608587
2134,0.099680535774949,0.008967856760571,0.594492956127319,0.278878578727716
2135,0.099680541721861,0.008967850128942,0.594492955426062,0.278878578667953
2136,0.457463829522615,0.736346664510307,0.732581636047360,-0.108388341287230
2137,0.000000000000000,0.000000000000000,0.000000000000000,0.000000000000000
2138,0.000000000000000,0.000000000000000,0.000000000000000,0.000000000000000
2139,-0.547147180285422,-0.837036416833648,-0.096888514818389,-0.251458011618169
2140,0.000000000000000,0.000000000000000,0.000000000000000,0.000000000000000
2141,-0.565071767592513,0.379513334745497,-1.164934552885575,0.630364191186872
2142,0.089248184025732,-0.329885533220195,-1.881280922161180,-0.760586802813561
2143,0.000000000000000,0.000000000000000,0.000000000000000,0.000000000000000
2144,-0.070161479468674,0.101477930360295,0.550407236904582,0.321783642811023
2145,-0.070161479468674,0.101477930360295,0.550407236904582,0.321783642811023
2146,-0.929031466889229,-0.155631927910815,-1.092713780459610,0.182180932203755
2147,0.000000000000000,0.000000000000000,0.000000000000000,0.000000000000000
2148,-0.670244521278856,0.719814014005321,-0.852244101840994,0.133302385787239
2149,0.245633339257862,-0.322509193883265,0.998074163863427,0.278695446101618
2150,0.331911282061447,-0.017269204697321,1.839136567245174,-0.114335412023880
2151,0.250016435373790,-0.318858061944703,-1.379917562462209,0.437877893900295
2152,-0.383924466801882,0.587284426211899,-0.766689911942048,-0.068151854647474
2153,0.106821291892694,-0.240704177072339,-0.716545879332763,0.116007771973217
2154,-0.111942655326196,0.547667371870841,0.005062856711890,0.050346695662054
2155,-0.209039641507574,-0.319876208732194,-0.935315438454836,-0.085273354783434
2156,0.262526354062247,-0.228809220448949,0.652995694839184,0.252293488221051
2157,0.195112342872682,-0.210718894817608,-1.845198241029376,-0.142637520109040
2158,0.148291289852747,-0.103445524707665,0.103834724550772,0.023309136089661
2159,-0.213103545709710,0.129144113048755,-1.545526252456730,-0.568905941255061
2160,-0.209039641507574,-0.319876208732194,-0.935315438454836,-0.085273354783434
2161,0.525440006877490,0.761311806610598,0.404231509925869,-0.743171619944516
2162,0.638798877076117,0.395392563446964,1.331305001634351,-0.121386299894188
2163,0.009456849910463,0.078414327504031,1.655726843601223,0.385028362907811
2164,0.016999306403192,-0.557636308378579,1.639423750360082,-0.032371622493801
2165,0.106821291596628,-0.240704181020937,-0.716545873069523,0.116007773391931
2166,-0.156467798503879,0.080417644144706,-0.709159818376072,-0.051744547347618
2167,-0.277346477891532,0.191748921566268,0.692345325299510,0.117721950954908
2168,-0.282105122019282,-0.914804982985570,0.043280589970903,-0.067437475539920
2169,-0.956824079759593,-0.290667645932960,-0.288415931989139,0.073893750334234
2170,0.000000000000000,0.000000000000000,0.000000000000000,0.000000000000000
2171,-0.545265279786812,0.683590866403572,-1.037800432726630,0.217614003480318
2172,-0.365054248822010,0.735777056936968,-0.935257686069467,0.325015050839313
2173,-0.326874273020486,-0.053799070537875,-1.870456045303514,-0.154054573610636
2174,-0.528644759136773,0.424208575675270,-0.136673480251695,0.032600441449652
2175,-0.539542282644849,0.321942306963590,0.131668816233438,-0.025998780143054
2176,-0.751379085889239,0.150489760172696,-0.068560816544824,0.022186690507533
2177,-0.597366331637506,0.189317208849176,-0.075796990310086,0.021140964200252
2178,-0.833979546389876,0.385670260366321,-1.542006715487032,0.043813397322987
2179,-0.249531392773442,-0.858015539240493,1.108406952438317,-0.234546138097387
2180,-0.515487073901736,0.116349004631923,-1.756682184299746,-0.234537636956933
2181,0.404424260115557,-0.343397775197445,0.707730873267334,-0.045748121633715
2182,0.099680540483732,0.008967851540680,0.594492955466582,0.278878578606747
2183,0.000000000000000,0.000000000000000,0.000000000000000,0.000000000000000
2184,0.371287101557138,-0.928518114102950,0.521194379919232,-0.232641813795130
2185,-0.646510918528969,-0.685978733102322,-1.063333586142873,0.017626722832197
2186,-0.156818396493559,0.731408646745545,-1.414695271310463,0.371618193025500
2187,-0.203679272355431,0.293559795886141,1.906492837615685,0.073875350623208
2188,-0.264979326372764,0.420956139487600,-0.646861559152205,-0.286005758740261
2189,0.404424259810164,-0.343397777527790,0.707730871438146,-0.045748121349589
2190,-0.156467798503881,0.080417644144663,0.709159818376056,0.051744547347613
2191,-0.322974276493184,0.422511459964517,-1.702118567109125,-0.339544874898342
2192,0.404424259810164,-0.343397777527790,-0.707730871438146,0.045748121349589
2193,0.596927823220958,-0.498057009024969,0.098654825112914,0.018717127994298
2194,0.668086213280644,-0.637371020804658,0.126288708166815,0.028538838991540
2195,0.000000000000000,0.000000000000000,0.000000000000000,0.000000000000000
2196,0.000000000000000,0.000000000000000,0.000000000000000,0.000000000000000
2197,0.000000000000000,0.000000000000000,0.000000000000000,0.000000000000000
2198,0.978337820287709,0.207014756466041,1.741200611531235,-0.924705758785912
2199,0.997806209158657,0.066202484578977,1.517374182331094,-1.061188696040588
2200,0.000000000000000,0.000000000000000,0.000000000000000,0.000000000000000
2201,0.104524379879814,0.428312159071350,0.021513586051000,0.064082290995285
2202,0.070437246482174,0.458909881488205,0.032041987231454,0.087403998309194
2203,0.000000000000000,0.000000000000000,0.000000000000000,0.000000000000000
2204,0.000000000000000,0.000000000000000,0.000000000000000,0.000000000000000
2205,0.000000000000000,0.000000000000000,0.000000000000000,0.000000000000000
2206,-0.208959732786828,-0.320071039468807,-0.935911828949572,-0.085329969673801
2207,-0.303714575532548,-0.242118989545554,-0.753803328862409,-0.122298841009277
2208,0.000000000000000,0.000000000000000,0.000000000000000,0.000000000000000
2209,0.503767166026375,-0.863839477237383,0.364702390994169,-0.169170270898695
2210,0.504614347700859,-0.863344867416513,0.372661594575411,-0.173272255368442
2211,0.000000000000000,0.000000000000000,0.000000000000000,0.000000000000000
2212,-0.166517080299431,0.514392082009989,-0.005149542959058,0.030440412018145
2213,-0.449132389344002,0.059164106088263,-0.097477551053605,0.002293261003104
2214,0.199209480626542,0.133718221707165,0.054974244591192,-0.003941070505992
2215,0.000000000000000,0.000000000000000,0.000000000000000,0.000000000000000
2216,0.000000000000000,0.000000000000000,0.000000000000000,0.000000000000000
2217,0.000000000000000,0.000000000000000,0.000000000000000,0.000000000000000
2218,0.285162911945877,0.738963412322290,1.030924593821915,0.481198318290246
2219,0.584880165463234,0.730215806607029,-0.173024896628217,0.478992905285651
2220,0.194062015281731,0.041753392484941,-2.039533193499202,-0.100945180370459
2221,0.000000000000000,0.000000000000000,0.000000000000000,0.000000000000000
2222,-0.003676720111194,-0.999993240841769,0.032209692264733,-0.190086746122197
2223,0.403945537664584,-0.907880682453220,0.175458522730628,-0.132274975704233
2224,0.199780983372670,-0.979840578197621,0.253642930479280,-0.228709063465223
2225,0.000000000000000,0.000000000000000,0.000000000000000,0.000000000000000
2226,-0.646681518719503,-0.183935099906190,-1.321980185256361,0.120030634835887
2227,-0.282425813582859,0.896663766354074,1.248176315687881,-0.244743201047790
2228,-0.197814330471794,0.899378080980286,1.212927322665542,-0.179599398456208
2229,-0.473309999595376,0.650734358224318,-1.087585853941761,-0.061402192663802
2230,-0.298817503671442,0.608913591893902,1.644411151133013,-0.421886415752889
2231,-0.566786869131005,0.470180498919752,-1.364504379606791,0.441468026894315
2232,-0.656550962290151,0.072701517191891,-1.628552259312922,0.156570225267662
2233,-0.628977855870947,-0.777423216031002,1.135488806947640,0.046041155100629
2234,-0.007748013335230,0.192147247700241,1.123692322544151,0.608934326980352
2235,-0.048198536286013,-0.072422152032368,2.126488278506950,-0.335579102705530
2236,-0.709682678372834,0.176992924328879,-1.729048994457365,0.675115182884100
2237,-0.520726342633060,0.145218531252037,-1.411268426442241,0.134939707228853
2238,-0.095794876429270,-0.000861796703454,-2.228135366352731,0.468436440090310
2239,-0.542337841912797,0.645779142858305,-1.573739214086435,0.189191744258941
2240,-0.391389432482236,-0.897754778404495,0.626729508961337,0.178209350171653
2241,0.377832689756338,0.056056380607937,0.065681251076448,-0.000600711496717
2242,0.387720442736410,-0.066852793041738,0.072722268339394,0.006060458087721
2243,0.363338187300060,0.115049682733562,0.077096656211040,0.004602576423933
2244,0.173898197200762,-0.304240565439110,2.156329874337379,-0.009539672108598
2245,0.000000000000000,0.000000000000000,0.000000000000000,0.000000000000000
2246,0.506223742919401,-0.227193369411409,-1.666264666292717,0.071965925789137
2247,-0.079687123660668,-0.251021499184609,2.053112267610861,-0.454654146867338
2248,-0.004643679198927,0.833464680733319,-0.552517218144302,0.407653882799174
2249,-0.442652469720059,0.043824219265934,-1.794626539452242,-0.192483771463165
2250,-0.033898196131805,-0.598961674842685,-1.766420254790170,-0.053590321128721
2251,0.106821291606503,-0.240704180979350,0.716545872949637,-0.116007773356651
2252,-0.662888085491914,-0.546920836904409,-0.737238338768645,0.016095654096427
2253,-0.664150517698333,-0.587308943244935,-0.745482170409188,0.005451456355977
2254,-0.663561540888850,-0.610616284470183,-0.743156568714316,0.012687836784419
2255,-0.922680760074772,-0.385564799985478,-1.099277722810835,0.156918775926749
2256,-0.094063171574231,-0.995566230721692,-0.945021329807990,-2.043508863168878
2257,0.961466108180480,-0.274923485392356,1.792977696857329,0.069012809134609
2258,-0.536189884458017,0.411695636150231,-1.123315052944189,0.055085575409202
2259,0.717234545359621,-0.696831835483123,0.131681574411722,-0.130511706081032
2260,0.000000000000000,0.000000000000000,0.000000000000000,0.000000000000000
2261,0.093591368065689,0.526561813186081,0.727537134288494,0.176528703985017
2262,0.093679564077308,-0.118290455935558,-0.012844554887563,-0.025969838429862
2263,0.018841288434943,-0.069974551553715,-0.010221710454188,-0.024338081234746
2264,0.000000000000000,0.000000000000000,0.000000000000000,0.000000000000000
2265,-0.654252672666044,-0.756276034467137,-1.010013259827459,0.006269895389317
2266,0.000000000000000,0.000000000000000,0.000000000000000,0.000000000000000
2267,-0.678524644162972,-0.145749034466050,-1.627568668094018,0.322967050539630
2268,0.189582389246087,0.468045651089894,-1.981970079783866,1.014599852343386
2269,0.000000000000000,0.000000000000000,0.000000000000000,0.000000000000000
2270,-0.015066310669567,-0.622034170091138,-1.716049294860451,-0.035634259196277
2271,0.490728464565714,-0.205850529514136,0.700553697247438,-0.072712224789400
2272,0.146736729757796,-0.090678022063916,-2.075923514668509,-0.215211546455061
2273,-0.066821774346178,0.272956362150261,2.356918156679572,0.396353786629433
2274,0.928965593792271,-0.370166078335353,1.447749007532403,0.474314993485336
2275,0.950738160672442,-0.008961066931038,0.250896903880861,0.242097668958096
2276,0.803790630033488,0.505721454446117,0.135331361108972,0.100673559384267
2277,0.000000000000000,0.000000000000000,0.000000000000000,0.000000000000000
2278,-0.585985888563313,-0.704643147813431,-0.776019303488117,-0.033467375326931
2279,-0.661003033499175,-0.414396320567977,-1.556519368684009,-0.021896729401535
2280,-0.067236883336977,0.325580580049519,1.935908262739358,0.024672785937317
2281,-0.254921675531881,0.382883373971045,-0.602599819258017,-0.335566197171967
2282,0.155778470302017,-0.162507073472501,0.590994232109377,0.294372660526172
2283,-0.124793805913320,0.174039683259695,-1.574432212985399,-0.501807724232637
2284,-0.038525398489950,0.445618716839384,0.845918851254328,0.284569877637090
2285,0.658323701867859,0.193741399772177,0.083768773423842,-0.005694931199228
2286,-0.386952605484002,-0.055953900430132,1.485597550091176,0.269386894547660
2287,0.670388290108874,-0.742010471950964,-0.090318560453000,-0.071922603762181
2288,0.000000000000000,0.000000000000000,0.000000000000000,0.000000000000000
2289,0.402537920746555,0.155803563926848,0.085348224475887,-0.018750567337352
2290,-0.902175193782320,0.220476314863879,-3.150241891569367,1.191835592767592
2291,0.371264624572194,-0.535051313091237,-0.186755114441492,0.019132555072420
2292,0.475499351160423,0.453348183793427,0.091272327620262,0.049502347635171
2293,0.896963833574408,0.250839855611335,0.057066370755596,0.008779450405450
2294,0.734988585622300,0.295311147277241,0.153244211883167,-0.001139814603609
2295,0.888381711375837,0.459105581422117,0.142594031951764,0.120761578289675
2296,0.279470669644319,-0.250932507971773,0.646494660001224,0.247567598602965
2297,0.413737795171125,-0.187887363308915,0.720213634521743,0.125459464741014
2298,0.119793223829594,0.199614634607884,2.342029911666372,0.404356982525091
2299,0.508920885694328,0.293923865795290,-0.090157155433126,-0.022203621795087
2300,0.390036764515673,0.206882942604931,0.046743006780198,0.033150449315919
2301,0.449940756129619,0.756290588694943,0.718370140486760,-0.088984904279868
2302,-0.189921720896600,0.861838388602827,-0.989318864047131,1.074252058121277
2303,0.000000000000000,0.000000000000000,0.000000000000000,0.000000000000000
2304,0.682394724956606,-0.455677045968669,0.100617798153762,-0.068772038666325
2305,-0.764478397326268,-0.005134816617278,-1.745428081343430,0.377657155296234
2306,0.000000000000000,0.000000000000000,0.000000000000000,0.000000000000000
2307,0.791025678241824,-0.611782948734323,0.586004038066327,-0.062869969670131
2308,-0.748756625811130,0.202835418346663,-1.542724295891973,0.211277860650196
2309,0.455827839944179,0.289537060194015,0.096431119471526,0.085876155361266
2310,0.224674709101698,-0.135233761042253,0.651685154926153,0.207728385881248
2311,0.366888980725551,0.147639401587912,0.099263788396021,-0.013029103359456
2312,0.303514952961314,-0.115461147165947,0.088549162574473,0.000138695841740
2313,0.223979514854825,-0.134187950690714,0.651867710464427,0.207844858277827
2314,0.000000000000000,0.000000000000000,0.000000000000000,0.000000000000000
2315,0.000000000000000,0.000000000000000,0.000000000000000,0.000000000000000
2316,0.758488766969217,-0.651686113387045,0.065214212474708,-0.081019302225395
2317,0.262014303019674,-0.965063990113150,0.049141989662825,-0.286955422207301
2318,0.297671973898867,-0.954668212498537,0.063017076301421,-0.291743764275844
2319,0.000000000000000,0.000000000000000,0.000000000000000,0.000000000000000
2320,0.000000000000000,0.000000000000000,0.000000000000000,0.000000000000000
2321,-0.495798212027017,0.712466801872613,-1.028428303937166,0.346651641493617
2322,0.729990073392873,-0.188667189455271,0.117201139745029,-0.012175278394089
2323,0.875177651681013,0.483801692843367,0.104756482258324,-0.054163263967064
2324,0.933198000229745,0.359362619601990,0.106726927667547,-0.102112916531417
2325,0.000000000000000,0.000000000000000,0.000000000000000,0.000000000000000
2326,-0.744867118493105,0.280385188029774,-0.088326986679200,0.025064518998114
2327,-0.744867118493105,0.280385188029774,-0.088326986679200,0.025064518998114
2328,-0.794004649313981,0.172089146960239,-0.070667732297994,0.027102564358930
2329,0.000000000000000,0.000000000000000,0.000000000000000,0.000000000000000
2330,0.165688853928400,-0.169972004990921,1.432710740417217,0.607944660892503
2331,0.000000000000000,0.000000000000000,0.000000000000000,0.000000000000000
2332,0.000000000000000,0.000000000000000,0.000000000000000,0.000000000000000
2333,0.917246107673163,0.354165344758751,0.157380110436038,0.002568187380501
2334,0.718483222764777,0.204952612544118,0.598905978978252,0.735584469460427
2335,0.908066860460267,0.108557778528572,0.452178507435268,0.468015005743463
2336,0.908066860460267,0.108557778528572,0.452178507435268,0.468015005743463
2337,0.008301722308820,0.233052494984431,2.322572470188449,0.618903907967559
2338,0.089760129416568,0.160649435786173,2.411800121948520,0.760083433960505
2339,0.215568403133805,0.126103455402157,2.138102124792801,0.843871545237827
2340,0.996878636262401,-0.078949253090930,1.186216779565079,0.907082978814872
2341,0.215651666256214,-0.665603714794435,0.575650135980482,-0.019504518837886
2342,0.126613950107040,-0.291463920531306,-0.762340107612356,0.104423961271633
2343,-0.392518787073301,0.648383293222060,0.931924161818168,-0.355283906081804
2344,-0.185482407675063,0.530730781178269,-0.789455010254895,0.010975661400820
2345,-0.361847724990711,0.080938405463530,2.140613775700003,-0.506972839343833
2346,-0.165793293553864,-0.030971381629042,-0.702893580110179,-0.103318939194317
2347,0.126613951134610,-0.291463921988424,-0.762340110283904,0.104423962309293
2348,-0.165793293553881,-0.030971381629024,-0.702893580110177,-0.103318939194313
2349,0.126613951134610,-0.291463921988424,0.762340110283904,-0.104423962309293
2350,-0.348507297517074,0.277424884884814,-1.623912211614176,-0.000717266922220
2351,0.126613951134610,-0.291463921988424,0.762340110283904,-0.104423962309293
2352,-0.165793293553881,-0.030971381629024,-0.702893580110177,-0.103318939194313
2353,-0.045749538377742,-0.399253545598151,1.820363818366720,-0.068491336542828
2354,0.559361685400606,0.277685020969967,-0.678981618031849,0.223346909462831
2355,-0.185480152561727,0.530684895406251,-0.789172605782151,0.010942511411888
2356,0.247699054700620,-0.763345284099762,0.414108255603923,0.014027729889076
2357,0.126613951134610,-0.291463921988424,0.762340110283904,-0.104423962309293
2358,0.559361685400606,0.277685020969967,-0.678981618031849,0.223346909462831
2359,-0.110228452670104,-0.398409104201290,1.942108392122050,-0.062206157851756
2360,-0.584464447920588,0.554407190387956,-1.808300374754077,-0.705916590501785
2361,0.126613951134610,-0.291463921988424,-0.762340110283904,0.104423962309293
2362,0.248729445644769,-0.240003167887971,0.711354376754061,0.128600694261811
2363,-0.185480152561727,0.530684895406251,-0.789172605782151,0.010942511411888
2364,0.126613951134610,-0.291463921988424,0.762340110283904,-0.104423962309293
2365,-0.185480152561727,0.530684895406251,-0.789172605782151,0.010942511411888
2366,0.215651666256214,-0.665603714794435,0.575650135980482,-0.019504518837886
2367,0.386097498158501,0.709272722129544,1.199799813170902,0.411396760905606
2368,0.000000000000000,0.000000000000000,0.000000000000000,0.000000000000000
2369,0.000000000000000,0.000000000000000,0.000000000000000,0.000000000000000
2370,0.731190259200615,-0.552379587714816,1.242046674875511,-0.158714689696871
2371,0.652662745619219,0.612487313708406,1.237761798814433,0.325723976714417
2372,0.466582051090468,-0.825714166817985,1.105982500611560,-0.125086536185126
2373,0.600923838783464,-0.799306286714764,1.438414877295474,-0.999152473007256
2374,0.447843980860104,-0.317232484045012,0.685489426505406,-0.127437504351228
2375,0.952255501704566,-0.089825805742359,1.516081826305644,0.074490424459271
2376,0.436810258401411,-0.349482239881508,0.684965229149643,-0.129835270110800
2377,0.436810258401411,-0.349482239881508,0.684965229149643,-0.129835270110800
2378,0.233985284812885,-0.695030670979714,0.890696009761269,-0.197527684574160
2379,0.260426175506674,-0.629593952347300,0.758639188384408,-0.179720802666682
2380,0.126613951207931,-0.291463921967308,0.762340110577157,-0.104423962260949
2381,0.514406136829617,-0.231946123688386,0.721383172278217,0.081173778944405
2382,0.514406136829617,-0.231946123688386,0.721383172278217,0.081173778944405
2383,0.110354507680834,0.027421503864064,0.556969092310108,0.317401404393962
2384,0.239424438608473,-0.150965758244013,0.656053755857453,0.202504739237981
2385,0.433536991434134,-0.094867901600320,0.615167902964470,-0.260158457717773
2386,0.126613950107051,-0.291463920531300,0.762340107612361,-0.104423961271631
2387,0.433536991434159,-0.094867901600285,0.615167902964388,-0.260158457717756
2388,0.126613950107051,-0.291463920531300,0.762340107612361,-0.104423961271631
2389,0.126613950107040,-0.291463920531306,0.762340107612356,-0.104423961271633
2390,0.126613950107040,-0.291463920531306,0.762340107612356,-0.104423961271633
2391,0.126613950107057,-0.291463920531334,0.762340107612333,-0.104423961271657
2392,0.126613950107040,-0.291463920531306,0.762340107612356,-0.104423961271633
2393,0.176987948337692,-0.778830699177326,-0.021374029163220,-0.105420947492774
2394,-0.328890010470719,-0.116488738200021,0.709167484985003,-0.054803666845194
2395,0.248729445644727,-0.240003167887889,0.711354376753407,0.128600694261715
2396,0.693855354914978,-0.570092344587349,0.104656815509355,-0.095639577054127
2397,0.126614046137926,-0.291464126956391,0.762340171212255,-0.104424195760298
2398,0.126614046137940,-0.291464126956368,-0.762340171212266,0.104424195760303
2399,0.248729445644727,-0.240003167887889,0.711354376753407,0.128600694261715
2400,0.126613950107051,-0.291463920531300,0.762340107612361,-0.104423961271631
2401,0.126613950107090,-0.291463920531307,0.762340107612433,-0.104423961271634
2402,0.248729446036009,-0.240003167334203,0.711354377237508,0.128600694089592
2403,0.248729445644754,-0.240003167887942,0.711354376753826,0.128600694261777
2404,0.000000000000000,0.000000000000000,0.000000000000000,0.000000000000000
2405,0.819153186288737,-0.331709320208446,1.402025771831779,0.076216662798465
2406,0.546696952719159,0.341482924481502,0.913995434038781,-0.011852899244374
2407,0.126613950107030,-0.291463920531314,0.762340107612351,-0.104423961271637
2408,0.029332936784256,-0.537066855242067,1.604327298572734,-0.039378877556500
2409,0.405469517293021,-0.342089251134805,0.707076338076259,-0.048707963610694
2410,0.126613945798051,-0.291463925529568,-0.762340121935688,0.104423963389960
2411,0.106198204168168,-0.018003414007346,0.583857941582998,0.292163119523029
2412,0.786365020593524,0.160767804478605,1.339285471763506,-0.293842357887507
2413,0.750218830269533,0.394711757459610,1.338149126110438,-0.023140227607146
2414,0.681705592247126,-0.119700663519953,1.621804798149114,0.175461052151902
2415,0.719349105399216,-0.274525932434076,1.678395160335321,0.204580260256035
2416,0.579252897901003,-0.282743963357623,1.790827460700488,0.082575472036568
2417,0.492117466711499,-0.050582896872456,1.710578878894628,0.293008772009547
2418,0.537069723274540,-0.009193694135159,1.628928475181461,0.483353385985121
2419,0.592492029132114,-0.077797443016749,1.613755240946199,0.398724075847170
2420,0.126613950108397,-0.291463920532878,0.762340107615443,-0.104423961272753
2421,0.126613682266542,-0.291464127425796,0.762340554966998,-0.104424063090897
2422,0.126613950107041,-0.291463920531307,0.762340107612356,-0.104423961271634
2423,0.608102023765697,-0.476679759525485,1.454883050745367,0.087520975108775
2424,-0.046139805608419,-0.398025089596725,1.821176106224425,-0.068579054563472
2425,0.501343514524778,-0.166435383600379,0.699890822670500,-0.074900831439660
2426,0.501343514524682,-0.166435383599884,0.699890822634576,-0.074900831435078
2427,0.126613950107041,-0.291463920531307,0.762340107612356,-0.104423961271634
2428,0.990508982953458,-0.137448007219118,1.099023531476488,0.458864589289160
2429,-0.330334300009457,0.441030187965642,0.238354097014578,0.423448647826088
2430,0.874909274048782,0.484286859395702,1.240016828209295,0.005315245902623
2431,0.000000000000000,0.000000000000000,0.000000000000000,0.000000000000000
2432,0.433536991431212,-0.094867901604261,0.615167902975070,-0.260158457720444
2433,0.121579359884462,-0.305032542534662,0.714675673414580,-0.095164612555834
2434,0.121579359884462,-0.305032542534662,0.714675673414580,-0.095164612555834
2435,0.296265516277057,-0.707084007865795,1.359089553381186,-0.097957848951650
2436,0.296265516277057,-0.707084007865795,1.359089553381186,-0.097957848951650
2437,0.000000000000000,0.000000000000000,0.000000000000000,0.000000000000000
2438,0.000000000000000,0.000000000000000,0.000000000000000,0.000000000000000
2439,0.131017768790198,-0.662321906141329,1.368380326374379,0.007190675280486
2440,-0.328890010470719,-0.116488738200021,0.709167484985017,-0.054803666845195
2441,-0.328890010470719,-0.116488738200021,0.709167484985017,-0.054803666845195
2442,-0.393786652264440,-0.705641217300695,0.031143341992806,-0.096934086453869
2443,0.827872324898253,-0.011829984497197,1.444584855578762,-0.047024923217508
2444,0.490212999061473,-0.301074902337811,1.526820529373229,0.103986423344736
2445,0.461045456302306,0.456528389285159,0.297384539659673,0.008017208690799
2446,0.389014296228293,-0.226860814058882,0.703815377089403,0.138969527118664
2447,0.126613950107030,-0.291463920531314,-0.762340107612351,0.104423961271637
2448,0.126613950107030,-0.291463920531314,-0.762340107612351,0.104423961271637
2449,0.126613950107030,-0.291463920531314,-0.762340107612351,0.104423961271637
2450,0.389014296228293,-0.226860814058882,0.703815377089403,0.138969527118664
2451,0.389014296228293,-0.226860814058882,0.703815377089403,0.138969527118664
2452,0.963583633097569,-0.267407146550890,1.483857065972883,0.256193242720599
2453,0.825403383762433,-0.564543403179530,1.271721227341926,-0.117464397268676
2454,0.825440079918201,-0.564489746996908,1.271829832008700,-0.117451637512522
2455,0.543920400086061,-0.214523898947732,1.670628190809278,-0.130391531187286
2456,0.546530141995877,-0.202779105045265,1.679722947052145,-0.123842502136903
2457,0.623148321804735,0.474233917259634,0.891337742977019,0.010159263474867
2458,0.643088556837184,0.401552083124164,0.944468321206892,-0.023130231426899
2459,-0.065588654891519,-0.339961951051872,1.858016309907553,-0.095853201733720
2460,-0.031226363234313,-0.489863879413139,1.769207164786196,-0.011133080316689
2461,-0.561002973383738,0.367527651562431,-1.536604275935577,0.532719052587438
2462,0.766829258745306,-0.054356745754823,1.476216969548110,0.432132119294426
2463,0.484847471849080,-0.241203411331603,0.655474990164641,-0.198108955170035
2464,0.485076698034970,-0.240809331466998,0.655512269090565,-0.198122782140624
2465,-0.404271766397058,0.162833966044246,0.683660851425002,0.135348381561198
2466,0.743400150130342,-0.668846930759337,0.397557657601570,-0.032271077244341
2467,0.524975536404797,0.241899175741629,0.073333029779800,0.072985040035432
2468,0.398690594650402,0.095578140035720,1.638009308326075,0.359159026290052
2469,0.398673322051699,0.095724110645611,1.637950435409078,0.359070747143377
2470,0.126613950107048,-0.291463920531299,0.762340107612362,-0.104423961271630
2471,0.126613950107171,-0.291463920531472,0.762340107612732,-0.104423961271734
2472,0.663529596428972,-0.601402252929808,1.107602779760219,-0.182662546033804
2473,0.705697630695322,-0.541185077621010,1.049984729447275,-0.128896417065825
2474,0.869393874498456,-0.493170013166405,1.187321608318431,-0.061207874287531
2475,0.869393874497876,-0.493170013169592,1.187321608316074,-0.061207874287494
2476,0.126613950107030,-0.291463920531314,0.762340107612351,-0.104423961271637
2477,0.126613950107040,-0.291463920531303,0.762340107612361,-0.104423961271631
2478,0.000000000000000,0.000000000000000,0.000000000000000,0.000000000000000
2479,0.624481708417079,-0.207074868661676,0.129681407371230,-0.023188993703113
2480,-0.489845475964536,0.502268048501404,0.087348259081792,0.256210599872329
2481,0.808142697846951,-0.588986740017678,1.247867636797938,-0.179589478646472
2482,0.000000000000000,0.000000000000000,0.000000000000000,0.000000000000000
2483,0.455886925947099,-0.148282209374011,-0.089122088818596,-0.008304617820446
2484,0.000000000000000,0.000000000000000,0.000000000000000,0.000000000000000
2485,0.143751666179792,0.989613792583013,-0.171835335657395,1.987755561572628
2486,0.000000000000000,0.000000000000000,0.000000000000000,0.000000000000000
2487,0.000000000000000,0.000000000000000,0.000000000000000,0.000000000000000
2488,0.804649180906404,-0.593559355322470,1.202490949052252,-0.170139201508500
2489,0.942549141006390,0.019837011801958,0.717833972441132,-0.085086751523772
2490,0.930470964828511,-0.041099024828638,0.698054324684657,-0.128709305603613
2491,0.682340321603287,-0.731034667792385,1.046831177048411,0.024212274171412
2492,0.624448049068925,-0.554265500167787,1.221313737734184,-0.029268792495081
2493,-0.740935349914225,-0.671576359952823,-0.075653910443600,-0.198923865291830
2494,0.832483476062359,0.256394296464068,0.289820336829611,0.031411626893814
2495,0.576574311167239,-0.098353759947073,0.701816568661130,-0.064609623860295
2496,0.552746990792202,-0.112985341952146,0.705386804497849,-0.040606322283592
2497,0.000000000000000,0.000000000000000,0.000000000000000,0.000000000000000
2498,0.000000000000000,0.000000000000000,0.000000000000000,0.000000000000000
2499,0.779053259825118,-0.187941545763578,0.669396208739679,-0.166905027737359
2500,0.765027148755237,-0.179988477783552,0.663317789097550,-0.179042523715141
2501,0.912414879501500,-0.033935901669779,0.701878319441365,-0.075709747287330
2502,0.877764881173465,-0.454351013719338,1.132632691087513,-0.025043560827966
2503,0.126613945727374,-0.291463925532209,0.762340121851551,-0.104423963398613
2504,0.126613945727390,-0.291463925532208,0.762340121851552,-0.104423963398615
2505,0.501929267327911,-0.174708849297200,1.830435366545034,0.209671425174028
2506,0.496896729906651,-0.283797097441041,1.215680418474747,-0.115481928434301
2507,-0.328890010470719,-0.116488738200021,0.709167484985017,-0.054803666845195
2508,-0.182421387733091,-0.175357504182465,0.065867259745559,0.005142978417049
2509,-0.619536103080568,-0.484336955838930,0.750465278284382,-0.117196655763340
2510,0.126613950107030,-0.291463920531314,-0.762340107612351,0.104423961271637
2511,0.126613950107033,-0.291463920531314,-0.762340107612334,0.104423961271640
2512,0.252990710084694,-0.688573021767813,0.032764104776792,0.081776789174396
2513,0.000000000000000,0.000000000000000,0.000000000000000,0.000000000000000
2514,-0.328890010470719,-0.116488738200021,0.709167484985017,-0.054803666845195
2515,0.000000000000000,0.000000000000000,0.000000000000000,0.000000000000000
2516,-0.160344295270616,0.431970143183564,-0.092384195661695,-0.031257466013104
2517,0.071251708883177,-0.303500660587083,0.071338352928888,-0.008305774916420
2518,0.126613950107030,-0.291463920531314,-0.762340107612351,0.104423961271637
2519,-0.338768682404637,-0.249416572707281,0.709666066713106,0.047140423467653
2520,0.481313083399831,0.416839342581336,1.787975340359632,0.387977508202851
2521,0.997907235839620,0.064661802162699,1.488335314996185,0.463801341554740
2522,0.390102582107719,0.475842124506372,1.595059185577748,0.383636233716617
2523,0.126613945727368,-0.291463925532218,0.762340121851545,-0.104423963398620
2524,0.126613945727368,-0.291463925532218,0.762340121851545,-0.104423963398620
2525,0.000000000000000,0.000000000000000,0.000000000000000,0.000000000000000
2526,0.684646870889252,0.648666500263697,1.154937232669868,0.126217635894717
2527,0.000000000000000,0.000000000000000,0.000000000000000,0.000000000000000
2528,0.000000000000000,0.000000000000000,0.000000000000000,0.000000000000000
2529,-0.003282340165349,0.802429229859678,-0.788687120178250,0.605992487941194
2530,0.582585826645045,0.733175163534365,-0.398035484094026,0.466300854397059
2531,0.461509289595243,0.741947500906662,-0.470004479551500,0.566704415252652
2532,0.411171885344120,0.534917966210426,-0.504639542583893,0.908164431912083
2533,-0.313499303154506,-0.949588430280003,-0.047222464059060,-0.269046537745122
2534,0.790605756671793,-0.005396712341256,0.706758599811952,0.023672756863253
2535,0.622235896537932,-0.070931263361379,0.095669357083199,-0.006979542838038
2536,0.789107442804628,-0.077444457099550,0.707317159950021,0.018038153894218
2537,-0.886519061583429,0.462692071954164,-0.179166788864110,0.954155580922760
2538,-0.890615248883882,0.454757604065617,-0.262362830446526,0.971599285592219
2539,-0.249745465571386,-0.968311521374465,-0.005594007697356,-0.182144770968846
2540,0.126613950106991,-0.291463920531349,0.762340107612414,-0.104423961271650
2541,0.126613950107009,-0.291463920531328,0.762340107612341,-0.104423961271643
2542,0.126613974526196,-0.291463952150857,0.762340170757220,-0.104423983559647
2543,0.126613950107037,-0.291463920531219,0.762340107611352,-0.104423961271688
2544,0.862420807111526,0.184154825155626,1.439202114570069,0.190466248458959
2545,0.721200323556441,0.159129720260751,1.630894352558068,0.203645192981992
2546,0.000000000000000,0.000000000000000,0.000000000000000,0.000000000000000
2547,0.000000000000000,0.000000000000000,0.000000000000000,0.000000000000000
2548,0.385367100845382,0.394918443065699,1.594120552687304,0.156657915938279
2549,-0.192725857343482,0.559898586861555,0.983940843410385,0.361005501453463
2550,0.454315215524464,-0.623746000966945,1.009185827385395,-0.113634195191493
2551,0.454315215524464,-0.623746000966945,1.009185827385395,-0.113634195191493
2552,0.650009201046556,-0.053263411762287,0.680242663900012,0.144982019217863
2553,0.562525099846070,0.311009618019642,1.114431208670707,0.177822814604686
2554,0.514399106408213,-0.231933346943849,0.721376922208875,0.081184571511942
2555,0.514399106408213,-0.231933346943849,0.721376922208875,0.081184571511942
2556,0.854797729094686,0.277341103146629,1.255755757521207,-0.157071687620169
2557,0.651585658543618,-0.305218541409095,1.491105856261672,-0.279964597461357
2558,0.858057183202576,-0.309934822872067,1.343717658414951,0.158484245690313
2559,0.126613950107046,-0.291463920531299,0.762340107612361,-0.104423961271629
2560,0.859152916632985,-0.323648730876753,0.458140653736646,-0.009839137017553
2561,0.126613950107048,-0.291463920531298,-0.762340107612364,0.104423961271628
2562,0.126613950107048,-0.291463920531298,-0.762340107612364,0.104423961271628
2563,0.000000000000000,0.000000000000000,0.000000000000000,0.000000000000000
2564,0.454983002118487,-0.083871796229532,-0.692716302109421,0.104932062984947
2565,0.126613950106992,-0.291463920531333,-0.762340107612331,0.104423961271642
2566,0.351928920012072,-0.567980224218227,0.662842925594000,0.070473272140732
2567,0.126613950106992,-0.291463920531333,-0.762340107612331,0.104423961271642
2568,0.126613950106987,-0.291463920531336,-0.762340107612333,0.104423961271642
2569,0.000000000000000,0.000000000000000,0.000000000000000,0.000000000000000
2570,0.126613950106987,-0.291463920531336,-0.762340107612333,0.104423961271642
2571,0.126613950106987,-0.291463920531336,-0.762340107612333,0.104423961271642
2572,0.126613950106987,-0.291463920531336,-0.762340107612333,0.104423961271642
2573,0.308888943458074,0.686250304547757,0.349500761236958,-0.731322884759588
2574,0.126613950106992,-0.291463920531333,-0.762340107612331,0.104423961271642
2575,-0.165793293553862,-0.030971381629044,-0.702893580110184,-0.103318939194318
2576,0.118752598706884,0.706115705251008,0.600546471519623,-0.928142151183008
2577,-0.397267720958702,0.446515779800567,1.703107283719115,-0.414802734721052
2578,-0.486542941773954,0.298816232510470,1.922273906562179,-0.185525112192150
2579,0.548294307728246,0.251188080891972,-0.061227915173720,0.043310829169054
2580,-0.092903997399302,0.040391661709614,2.117207094382682,0.079252608221459
2581,-0.487764106933776,0.648308544345584,1.040691642224242,-0.398795447151324
2582,-0.320546247553448,-0.011881839058149,1.584211153893425,0.156180292010754
2583,0.038771344861249,-0.082844784095510,-0.640789890924643,-0.226656691293578
2584,0.126613950107030,-0.291463920531314,0.762340107612351,-0.104423961271637
2585,0.215676547929151,-0.665525540457958,0.575673169662579,-0.019443006223723
2586,-0.798902903373573,-0.581353874607756,-0.878782639818076,0.040395128077793
2587,-0.788411219881465,-0.615148557963863,-1.047274039028918,0.059729881991611
2588,-0.808055280130697,-0.589106666277764,-0.915842594335533,0.048555051172483
2589,-0.110740114834580,0.025020873722563,0.084948237642155,-0.002236702402370
2590,0.647608341272350,0.455358456397997,1.082950408323806,0.163598521238539
2591,0.716583043854262,0.395999914695922,1.073262883231048,0.097118900252479
2592,0.852947494136714,0.315152112021214,1.203450689863911,-0.034085968343490
2593,0.845350108153788,0.344892617008104,1.199869330601707,-0.010573846147512
2594,0.417890939009278,-0.282208324030724,1.731156492384422,0.115919829930896
2595,0.417724592287755,-0.278743245667592,1.731308568215541,0.114293803538733
2596,0.334464062192700,0.521526876168500,0.816461522549054,0.184277288336394
2597,0.334464062192700,0.521526876168500,0.816461522549054,0.184277288336394
2598,0.443089538820799,0.330048935655901,0.878872259963994,0.107054703180718
2599,0.455020342053398,0.331122288704668,0.813220962657719,0.094823148147932
2600,0.239254602645258,-0.150674714135197,0.656020550128966,0.202523187455305
2601,0.248729446036009,-0.240003167334203,0.711354377237509,0.128600694089593
2602,0.906026423128201,0.063386904573692,0.721545927425142,0.003353035892897
2603,0.348898469807975,-0.557368264775715,1.103452545964412,0.200506597104483
2604,0.348898469807975,-0.557368264775715,1.103452545964412,0.200506597104483
2605,0.121579359884202,-0.305032542534795,0.714675673417904,-0.095164612556021
2606,0.121579358411010,-0.305032543447928,0.714675692279817,-0.095164613648747
2607,0.121579358411010,-0.305032543447928,0.714675692279817,-0.095164613648747
2608,-0.165771437986487,-0.031062632471243,0.702801991084554,0.103313447435760
2609,0.738241187326606,0.485224296879192,1.428190742816005,0.303673980951885
2610,0.377234843171108,0.731285104076830,0.949074642455973,0.428425764265523
2611,0.369846888860159,-0.626485923936832,0.996116572512260,0.160485203205950
2612,0.195953935119153,-0.746390440981875,1.077553638509028,0.028970699077331
2613,0.126613950107035,-0.291463920531316,0.762340107612353,-0.104423961271639
2614,0.908253044462212,0.081321426589978,0.726738970745506,0.011640192806874
2615,0.126613950107009,-0.291463920531322,0.762340107612342,-0.104423961271637
2616,0.405469517293020,-0.342089251134811,0.707076338076259,-0.048707963610694
2617,0.405469517293018,-0.342089251134831,0.707076338076259,-0.048707963610695
2618,0.000000000000000,0.000000000000000,0.000000000000000,0.000000000000000
2619,0.993341099033888,0.115210507203763,0.423589032118377,-0.092530862196533
2620,0.000000000000000,0.000000000000000,0.000000000000000,0.000000000000000
2621,0.996842364131670,0.079405925927377,0.731265055271351,0.024019685294655
2622,0.421293890588281,0.488669129493926,0.503961923195956,-0.058360236935094
2623,0.421293890588305,0.488669129493999,0.503961923195313,-0.058360236934926
2624,0.126613950107030,-0.291463920531314,0.762340107612351,-0.104423961271637
2625,0.126613945727374,-0.291463925532209,-0.762340121851551,0.104423963398613
2626,0.126613950107030,-0.291463920531314,-0.762340107612351,0.104423961271637
2627,0.126613945727374,-0.291463925532209,-0.762340121851551,0.104423963398613
2628,0.126613950107030,-0.291463920531314,-0.762340107612351,0.104423961271637
2629,0.389014296228293,-0.226860814058882,-0.703815377089403,-0.138969527118664
2630,0.126613950107030,-0.291463920531314,-0.762340107612351,0.104423961271637
2631,0.126613950107030,-0.291463920531314,-0.762340107612351,0.104423961271637
2632,-0.297677028561396,-0.803518337493168,-0.534093103662312,0.184586433917471
2633,0.126613950107030,-0.291463920531314,-0.762340107612351,0.104423961271637
2634,0.072525428121174,-0.521785343156267,-1.813955063630761,0.251649448475846
2635,0.126613950107030,-0.291463920531314,-0.762340107612351,0.104423961271637
2636,0.928858699116634,-0.370434227731935,0.697099764770097,1.320245136036335
2637,0.126613950107030,-0.291463920531314,-0.762340107612351,0.104423961271637
2638,-0.328890010470719,-0.116488738200021,0.709167484985017,-0.054803666845195
2639,-0.658730280682307,0.752379171237620,-0.275349570765165,-0.169842000915467
2640,-0.367975460357962,-0.869880231177434,-0.652621427896403,0.266619168707652
2641,0.038771344861249,-0.082844784095510,-0.640789890924643,-0.226656691293578
2642,-0.215894319976780,0.211593332571146,-0.106500325774193,0.017820453436594
2643,0.131017768806601,-0.662321906158052,1.368380326323194,0.007190675284483
2644,0.603116852313059,-0.472023531246250,1.095871273138258,-0.036572196241743
2645,0.602363076629422,-0.467229024333365,1.086970241158352,-0.037014232383577
2646,0.126613950107053,-0.291463920531301,0.762340107612363,-0.104423961271633
2647,0.130937068869642,-0.662241727253043,-1.368625568803234,-0.007170545995309
2648,0.389014296228293,-0.226860814058883,-0.703815377089403,-0.138969527118664
2649,0.126613950107053,-0.291463920531301,-0.762340107612363,0.104423961271633
2650,0.457599519954114,-0.626833960515743,1.016072791539774,-0.127260508387735
2651,-0.963532615281652,0.267590917798981,-0.856498958569279,1.313683126542746
2652,0.126613945727375,-0.291463925532129,0.762340121850541,-0.104423963398680
2653,0.126613945727380,-0.291463925532207,0.762340121851551,-0.104423963398613
2654,0.126613945727380,-0.291463925532207,0.762340121851551,-0.104423963398613
2655,0.126613945727366,-0.291463925532215,0.762340121851547,-0.104423963398617
2656,0.417640001971135,0.435690537149791,0.867903281730662,0.049388405702469
2657,0.514399106929813,-0.231933350041750,0.721376922110927,0.081184571982131
2658,0.660003862492165,-0.208504659720833,1.373512431158670,0.082986707309274
2659,0.751418217353000,0.207224812277729,1.373849979801285,0.001708644120693
2660,-0.357676986156447,0.451935814612566,0.220410560618909,0.407987434541470
2661,0.126613945727374,-0.291463925532209,0.762340121851551,-0.104423963398613
2662,0.126613945727374,-0.291463925532209,0.762340121851551,-0.104423963398613
2663,0.126613945727374,-0.291463925532209,0.762340121851551,-0.104423963398613
2664,-0.387032985246926,0.653059461881171,-0.559983072395791,0.264352432403610
2665,0.882869957234024,-0.368095076222003,1.233990105269301,0.403047662215012
2666,0.859064467896671,0.080905187046312,0.677916716129052,0.173810772914415
2667,0.000000000000000,0.000000000000000,0.000000000000000,0.000000000000000
2668,0.000000000000000,0.000000000000000,0.000000000000000,0.000000000000000
2669,0.000000000000000,0.000000000000000,0.000000000000000,0.000000000000000
2670,0.000000000000000,0.000000000000000,0.000000000000000,0.000000000000000
2671,0.000000000000000,0.000000000000000,0.000000000000000,0.000000000000000
2672,0.000000000000000,0.000000000000000,0.000000000000000,0.000000000000000
2673,0.000000000000000,0.000000000000000,0.000000000000000,0.000000000000000
2674,0.000000000000000,0.000000000000000,0.000000000000000,0.000000000000000
2675,0.760052030553165,-0.032131567409874,0.111890685527234,-0.002770811085602
2676,0.718389980537596,0.072922329510194,0.095844500579287,-0.012280133356358
2677,0.753032423736153,0.172375739737532,0.109935920120828,-0.008661741454341
2678,0.000000000000000,0.000000000000000,0.000000000000000,0.000000000000000
2679,0.458332296381183,-0.176737806009327,0.093415397080041,0.027104725584225
2680,0.514656376682067,-0.218146579084517,0.713143383376636,0.072215464669500
2681,0.753711423200411,0.151879299001112,0.147262618125575,0.027812805186096
2682,0.753711423200411,0.151879299001112,0.147262618125575,0.027812805186096
2683,0.911766821628695,-0.410708245567469,0.398728004062159,0.025371678753147
2684,-0.973133749814407,0.230240537204358,-0.158351501923066,0.154926629849371
2685,0.419389604826222,-0.583393534373214,0.470631529126375,-0.059518811709270
2686,0.419389418341338,-0.583393928027815,0.470633274734417,-0.059519094419352
2687,0.099425076631167,-0.219648237311730,0.719372067236446,-0.058097105488218
2688,0.099425076631167,-0.219648237311730,0.719372067236446,-0.058097105488218
2689,0.000000000000000,0.000000000000000,0.000000000000000,0.000000000000000
2690,-0.501350134477472,0.641363060954032,1.133938145053844,0.347975727401896
2691,0.555663371269641,-0.179230144375648,1.577542313146864,0.178836659357746
2692,0.540792021805040,-0.136466591551378,1.579530067240935,0.214945546008433
2693,0.000000000000000,0.000000000000000,0.000000000000000,0.000000000000000
2694,0.544997693213970,-0.659171709752907,1.409694871895316,0.081981855181162
2695,-0.924396644672474,-0.381432619630614,-0.162883620600950,0.031739648909346
2696,-0.830656947528924,-0.556784550362104,-0.156731996563342,0.005350909083438
2697,0.000000000000000,0.000000000000000,0.000000000000000,0.000000000000000
2698,-0.128902669110182,0.097365499847654,-2.011836726850948,-0.029530004649251
2699,-0.214360915256387,0.518117435349581,0.770172737164091,0.324531611649790
2700,-0.522082785466763,0.526804264696507,-0.197452442409404,-0.016994642239548
2701,0.378721247606846,-0.243101841756271,0.050690557567920,0.021187721178835
2702,0.749171299770684,-0.273451133718771,0.722430699969001,-0.031454807078069
2703,0.735832538716872,-0.390310533197722,1.134553199114168,-0.047842854122302
2704,0.126613945727360,-0.291463925532219,0.762340121851544,-0.104423963398620
2705,0.099425076638741,-0.219648237263196,0.719372067749415,-0.058097105522462
2706,0.702913778046729,-0.119189748992174,0.692673134019849,-0.104769939449213
2707,0.656363688992031,-0.336787089384868,1.250542627834227,-0.156417701994583
2708,0.000000000000000,0.000000000000000,0.000000000000000,0.000000000000000
2709,0.808763022187219,-0.151301973757972,1.065067614160085,-0.100086319799129
2710,0.000000000000000,0.000000000000000,0.000000000000000,0.000000000000000
2711,0.000000000000000,0.000000000000000,0.000000000000000,0.000000000000000
2712,0.873993117507344,0.127334698220918,1.189262058966185,-0.111404662140494
2713,0.695141992417966,-0.091832588558473,0.674104590043512,0.167592272361972
2714,0.000000000000000,0.000000000000000,0.000000000000000,0.000000000000000
2715,0.699212472973988,-0.097405521362561,0.667996372212023,0.172635597819463
2716,0.692357383866734,-0.083654273209993,0.671398468592252,0.173101780323787
2717,0.692357383866734,-0.083654273209993,0.671398468592252,0.173101780323787
2718,0.692357383866734,-0.083654273209993,0.671398468592252,0.173101780323787
2719,0.692357383866734,-0.083654273209993,0.671398468592252,0.173101780323787
2720,0.848172612829495,-0.292190728249753,1.567332728099476,0.194655182405053
2721,0.829574525333547,-0.281309865948701,1.583200605526866,0.132544815361584
2722,0.000000000000000,0.000000000000000,0.000000000000000,0.000000000000000
2723,0.435468275207999,-0.818402593753865,0.266798369630425,-0.012354302759005
2724,0.046696343406224,-0.940312041948438,-0.975910369007542,0.419211944498402
2725,0.000000000000000,0.000000000000000,0.000000000000000,0.000000000000000
2726,0.572006243213810,-0.820249265604318,0.068836168791467,-0.115787373498606
2727,0.998768005148922,0.049623299878605,0.056735072487613,0.024339757405148
2728,-0.705041567566820,-0.088556493108419,-0.092458874726610,0.010676044416420
2729,0.000000000000000,0.000000000000000,0.000000000000000,0.000000000000000
2730,0.000000000000000,0.000000000000000,0.000000000000000,0.000000000000000
2731,0.099425076638741,-0.219648237263196,0.719372067749415,-0.058097105522462
2732,0.099425076638741,-0.219648237263196,0.719372067749415,-0.058097105522462
2733,0.099425076638741,-0.219648237263196,0.719372067749415,-0.058097105522462
2734,0.099425076638741,-0.219648237263196,0.719372067749415,-0.058097105522462
2735,0.376746656751488,-0.212512144946097,0.696298466857019,0.152522261212193
2736,0.376746656751488,-0.212512144946097,0.696298466857019,0.152522261212193
2737,0.610966200702026,-0.601149177119987,1.344184850389308,-0.156964964904122
2738,0.000000000000000,0.000000000000000,0.000000000000000,0.000000000000000
2739,0.155134170697954,0.129612710668108,2.114463354118998,0.374099494058156
2740,0.248731527099550,-0.240011714172082,0.711356017808536,0.128601961722735
2741,0.248731527099550,-0.240011714172082,0.711356017808536,0.128601961722735
2742,0.434417298968642,0.354340071500062,0.189011156946225,0.020984776084060
2743,0.099425076638741,-0.219648237263196,0.719372067749415,-0.058097105522462
2744,0.437361852444410,-0.545881744712645,0.928674962764440,-0.070374925543777
2745,0.099425076638741,-0.219648237263196,0.719372067749414,-0.058097105522462
2746,0.248731527099550,-0.240011714172082,0.711356017808536,0.128601961722735
2747,0.273628500674346,-0.299878931427481,0.706230963949856,0.120273054290387
2748,0.550236202595345,-0.127216276338754,0.704914373882715,-0.044721382583057
2749,0.550236202595345,-0.127216276338754,0.704914373882715,-0.044721382583057
2750,0.508464122885197,-0.074620315676805,0.664712578197192,0.194787829115762
2751,0.646306753044684,-0.450323554958253,1.250631351965961,-0.047752746406860
2752,0.677544556775572,-0.397486443554485,1.390777701468807,0.060533190129975
2753,0.099425076638758,-0.219648237263736,0.719372067738514,-0.058097105521666
2754,0.099425076638740,-0.219648237263201,0.719372067749352,-0.058097105522458
2755,0.739024815950229,-0.027076600792608,1.513836806391565,-0.044339634557560
2756,0.376746656752319,-0.212512144945323,0.696298466863699,0.152522261211382
2757,0.000000000000000,0.000000000000000,0.000000000000000,0.000000000000000
2758,0.000000000000000,0.000000000000000,0.000000000000000,0.000000000000000
2759,0.769893202181723,-0.063824431824330,1.498483152829601,-0.015005292072191
2760,0.376746656751488,-0.212512144946097,0.696298466857019,0.152522261212193
2761,-0.145537454546079,0.397515413478590,-0.684747951459213,0.139406310676479
2762,-0.145537454546079,0.397515413478590,-0.684747951459213,0.139406310676479
2763,0.099425076638741,-0.219648237263196,0.719372067749415,-0.058097105522462
2764,-0.597267172503806,0.297909872147825,1.463254487154443,-0.333202170275767
2765,0.525086463035388,-0.606500184002026,1.496663430718859,0.091453017656513
2766,0.545714452843727,-0.641351703438944,1.498407631547742,0.135293944247666
2767,0.248731527099550,-0.240011714172082,0.711356017808536,0.128601961722735
2768,0.248731527099550,-0.240011714172082,0.711356017808536,0.128601961722735
2769,0.137276242737604,-0.800186653535456,0.020284707487223,-0.102425464597883
2770,0.372638389587136,0.589403707754755,1.261073011811568,0.418762667219018
2771,0.028878498844328,-0.851213254736184,0.008092972468790,-0.098913345931631
2772,0.778763419162670,-0.378236532572696,1.262045978759601,0.083988884704029
2773,0.769188030938545,-0.233439991567944,0.727269038221317,0.027463268894074
2774,0.769210586865021,-0.234287984680617,0.727661937281268,0.027465253895824
2775,0.011288627681853,0.559132799254865,0.745522907803130,0.194666888533715
2776,0.011288627681853,0.559132799254865,0.745522907803130,0.194666888533715
2777,0.000000000000000,0.000000000000000,0.000000000000000,0.000000000000000
2778,0.000000000000000,0.000000000000000,0.000000000000000,0.000000000000000
2779,0.000000000000000,0.000000000000000,0.000000000000000,0.000000000000000
2780,0.000000000000000,0.000000000000000,0.000000000000000,0.000000000000000
2781,0.701366799748156,0.605459201389369,1.135055416422100,0.178985867265518
2782,0.836123734325243,0.086332005399968,0.727763402038371,-0.048728300911206
2783,0.099425076638741,-0.219648237263196,0.719372067749415,-0.058097105522462
2784,-0.365700911627830,-0.930732423005976,-0.043408993320902,-0.253541999690778
2785,-0.369162793806725,-0.929364746301910,-0.037164754595744,-0.252633133302902
2786,-0.288846135943256,-0.594714413720028,0.624322127729515,-0.011916525799376
2787,0.870676736002584,0.491855691624979,0.033980440457698,-0.046193732909265
2788,-0.264075509305476,-0.964502009010377,1.464907733293431,0.147337072355910
2789,-0.847352737102830,0.403471119814450,-0.287631354468707,1.204130331731849
2790,0.000000000000000,0.000000000000000,0.000000000000000,0.000000000000000
2791,0.735591858096752,0.103887484615508,0.140544021091104,0.252860600291977
2792,-0.708975995522279,-0.705232612528088,-0.262660774833257,-0.045496227065253
2793,-0.887345095139684,0.461105933741418,-0.195858720550584,0.996777081287372
2794,0.928466223112887,-0.371416844715598,1.212106069081171,-0.107100709332191
2795,-0.559959452327880,0.500337538642474,-0.703722860695143,1.094789796891169
2796,0.000000000000000,0.000000000000000,0.000000000000000,0.000000000000000
2797,0.572626219753837,0.166335893031826,0.296137083315382,0.470282266295394
2798,0.000000000000000,0.000000000000000,0.000000000000000,0.000000000000000
2799,-0.195750541781260,-0.168419371140025,1.566577712314227,0.231716228686846
2800,0.000000000000000,0.000000000000000,0.000000000000000,0.000000000000000
2801,0.000000000000000,0.000000000000000,0.000000000000000,0.000000000000000
2802,0.000000000000000,0.000000000000000,0.000000000000000,0.000000000000000
2803,-0.103000976216796,0.719267945507349,-2.132339443508244,0.286169641319559
2804,0.829371023294168,-0.558698224196198,0.490620135324442,-0.063662810694300
2805,-0.327439256446104,-0.751551517433609,-0.053251085380349,-0.142106625563921
2806,-0.406067990927771,0.545993364271331,-1.720968466994307,0.387557839160812
2807,0.709764454735719,-0.122707396066664,-0.061359509282306,0.000461600533634
2808,0.645500294010480,0.542389037292132,-0.143153399665147,0.442476794954689
2809,-0.643760010843374,-0.106129539052345,-0.123032597098246,-0.007559118434214
2810,-0.608398349781532,-0.170793876953484,-1.711427194922791,-0.089165865722414
2811,0.248731527099550,-0.240011714172082,0.711356017808536,0.128601961722735
2812,0.929348830888682,0.050491318270416,0.563108530076212,0.425925753191276
2813,0.000000000000000,0.000000000000000,0.000000000000000,0.000000000000000
2814,0.000000000000000,0.000000000000000,0.000000000000000,0.000000000000000
2815,-0.761913876989772,-0.647678349221598,-0.773402954318112,-0.084057297891076
2816,0.870094430011303,0.492885060499206,0.064545911875544,0.086985365203976
2817,0.248731527099550,-0.240011714172082,0.711356017808536,0.128601961722735
2818,0.768135787816221,-0.040320947301193,0.162777798882481,0.014015193920028
2819,0.758001037106250,0.041018357418598,0.164505234927074,0.013279895510416
2820,0.000000000000000,0.000000000000000,0.000000000000000,0.000000000000000
2821,0.099425076638741,-0.219648237263196,0.719372067749414,-0.058097105522462
2822,0.574596617525305,0.281861333705573,1.139344359071828,0.175100277182000
2823,0.574596617525305,0.281861333705573,1.139344359071828,0.175100277182000
2824,0.099425076638741,-0.219648237263196,0.719372067749414,-0.058097105522462
2825,0.099425076638741,-0.219648237263196,0.719372067749414,-0.058097105522462
2826,0.099425076638741,-0.219648237263196,0.719372067749414,-0.058097105522462
2827,0.000000000000000,0.000000000000000,0.000000000000000,0.000000000000000
2828,0.747913536619609,0.133427541027854,0.554930580097704,0.335006875589160
2829,0.000000000000000,0.000000000000000,0.000000000000000,0.000000000000000
2830,0.000000000000000,0.000000000000000,0.000000000000000,0.000000000000000
2831,0.000000000000000,0.000000000000000,0.000000000000000,0.000000000000000
2832,0.462205505596611,-0.705193206610929,0.054227485065660,-0.056339424111170
2833,0.000000000000000,0.000000000000000,0.000000000000000,0.000000000000000
2834,-0.895464573450957,0.301037423177454,-1.122202939929721,0.885705980540158
2835,0.000000000000000,0.000000000000000,0.000000000000000,0.000000000000000
2836,-0.730518394409088,-0.288275155635210,1.398348189371960,-0.177312176042349
2837,-0.021392264375763,0.391479033558377,1.120528749725257,0.366952890057144
2838,-0.788447992838769,-0.615101424635415,-0.980467274628825,0.001923331268922
2839,-0.023060003209672,0.392966901450370,1.115951507435627,0.365954326431121
2840,0.848880191371521,-0.528585301249525,0.334617641713465,-0.077346574055696
2841,0.101946788834375,-0.639950148453354,-1.396168877591935,-0.033063775670772
2842,0.710638187525047,-0.583189155894301,-0.084621176026547,0.036892699580524
2843,0.051575477851542,0.835015685461474,-0.853062212128207,0.544983479421794
2844,-0.351666347672949,-0.714503760374849,-1.418894361376785,0.049580553186442
2845,-0.907023051553951,0.161614493247620,-0.868679254384892,0.637753466021300
2846,0.828424958372836,0.082332093963672,0.391993396763629,0.539320775153133
2847,0.710441500409509,-0.084045813510296,0.694024382267767,-0.099599997373458
2848,0.710441500409497,-0.084045813510338,0.694024382267074,-0.099599997373353
2849,0.395790909548894,0.638939810746008,1.085094820763690,0.475583713360115
2850,0.884916988393609,0.127696675533297,1.573741598419442,0.347236145345937
2851,0.000000000000000,0.000000000000000,0.000000000000000,0.000000000000000
2852,0.000000000000000,0.000000000000000,0.000000000000000,0.000000000000000
2853,0.000000000000000,0.000000000000000,0.000000000000000,0.000000000000000
2854,0.000000000000000,0.000000000000000,0.000000000000000,0.000000000000000
2855,0.121939210661420,-0.992537570524799,-0.027052652318509,-0.194603430470709
2856,-0.329062573989364,-0.117503063044075,0.709083875119450,-0.054567993254739
2857,-0.747854374161117,-0.623564777310181,-1.288746461912025,0.119058137501895
2858,0.205279413217698,-0.978703408857350,-0.009233465391481,-0.181545369833737
2859,0.693691023422448,-0.528632288510980,1.435528181568699,0.019342651662039
2860,0.698288069201437,-0.489027496278063,1.648605965339273,0.023051283925713
2861,0.856774148193625,-0.515691825596537,1.118242164964777,0.150086610235481
2862,0.857296978628124,-0.514822193028904,1.120427347457345,0.151754144903586
2863,0.774993564722021,-0.233183437017493,1.584942086698004,0.110689800742471
2864,0.779966969196995,0.005161686530614,1.794355290054132,0.484257833865201
2865,-0.253435785185246,0.673619508171209,1.075649030530798,0.400844243662986
2866,0.898747723460866,-0.413388876578409,1.125843044011275,0.136113670804311
2867,0.946654081433109,-0.243888547502606,1.366584781916638,0.339003060441502
2868,0.565030906248706,-0.587941222474409,1.444052275537856,-0.045153836050272
2869,0.818346415928917,0.393021744468890,1.017817787220797,0.025199333343547
2870,0.639360130106578,-0.294283932657817,1.797553773400635,0.152897914505545
2871,0.648533408154926,-0.229625881757103,1.821703555377745,0.200935714446800
2872,0.793317632814507,-0.608807961072773,0.448962910249023,-0.074975373050384
2873,0.579837680162310,-0.814732020153852,-0.059898438242099,0.111753842588716
2874,0.000000000000000,0.000000000000000,0.000000000000000,0.000000000000000
2875,0.000000000000000,0.000000000000000,0.000000000000000,0.000000000000000
2876,-0.892554243220024,0.341483189897964,-1.201743416324502,1.214510928662001
2877,0.152610405255693,-0.988286428221947,-0.010674280774140,-0.193427364651666
2878,0.241681772692244,0.733197651766495,0.469219928187027,0.187653132188968
2879,0.743255072612346,-0.657167720992700,1.146039866751628,-0.048020061383938
2880,0.801133133489483,-0.306193416987821,0.851799047019318,0.032634970204342
2881,0.099425073890366,-0.219648252998527,0.719371980331777,-0.058097098817744
2882,0.099425076638741,-0.219648237263196,0.719372067749415,-0.058097105522462
2883,0.000000000000000,0.000000000000000,0.000000000000000,0.000000000000000
2884,-0.734120273842779,-0.679019457403839,-0.297657614118908,-0.062685253629132
2885,-0.805185211343621,-0.593023418958753,-0.327051826051575,-0.047845495386485
2886,0.000000000000000,0.000000000000000,0.000000000000000,0.000000000000000
2887,0.016493857570755,0.422037430612498,1.434694328305667,0.016532515944165
2888,0.248731527099510,-0.240011714171974,0.711356017808566,0.128601961722745
2889,0.181121925788508,0.983460648932463,0.304365026677739,1.834617761613759
2890,0.000000000000000,0.000000000000000,0.000000000000000,0.000000000000000
2891,-0.167231554698214,-0.043245959396558,-0.703445145787766,-0.106373812456253
2892,0.144535105645601,0.229783565835971,1.345473665057309,0.334527788103299
2893,0.144535105644588,0.229783565836068,1.345473665059849,0.334527788104318
2894,0.099425076660194,-0.219648237265182,0.719372067429452,-0.058097105495255
2895,0.099425076660194,-0.219648237265182,0.719372067429452,-0.058097105495255
2896,0.099425076660194,-0.219648237265182,0.719372067429452,-0.058097105495255
2897,0.403934960354043,-0.035913027544777,0.674700425128585,-0.160405130349957
2898,0.840057387099825,0.081197445718695,1.267565376386591,-0.221922988470026
2899,0.323882400150402,0.415433647312130,0.916302275834173,0.140432645504322
2900,0.508682892775332,-0.074868678099260,0.664854223081522,0.194715526330951
2901,0.515036084413107,-0.219104847924475,0.713517196567041,0.071811917002046
2902,0.403934960354043,-0.035913027544777,0.674700425128585,-0.160405130349957
2903,0.143640058111272,0.230543461619667,1.345434790136118,0.335183930671598
2904,0.674247803200557,-0.098743272596304,1.396155498659633,-0.164000499592029
2905,0.977203064347095,0.212306785173359,1.706404357325467,0.594522406106934
2906,0.878771314672319,0.477243100012021,1.683229777379968,0.334156834401240
2907,0.682553924930297,-0.277147299162969,1.601586184733849,0.370696144724609
2908,0.806202274113004,-0.162697519614241,0.162021727025634,0.007587956208340
2909,0.798217948854808,-0.339971357908812,0.664714453446211,0.168539107832053
2910,-0.207249921015039,0.583012484521542,0.786535368629751,0.276796691525159
2911,-0.207249921015025,0.583012484521539,0.786535368629809,0.276796691525173
2912,0.649758865468376,-0.335911057035898,1.629756623016907,0.166700580077672
2913,0.641953249377149,-0.373645763346519,1.582889515216974,0.144965245021379
2914,0.143060700965112,-0.650734971828627,1.266465680903215,0.030897397204298
2915,-0.223531012322010,-0.794573579495495,-0.684406045819793,-0.121727196181994
2916,0.099425073890366,-0.219648252998526,0.719371980331777,-0.058097098817744
2917,0.099425076638741,-0.219648237263196,0.719372067749416,-0.058097105522462
2918,0.099425076638741,-0.219648237263196,0.719372067749415,-0.058097105522462
2919,0.099425076638741,-0.219648237263196,0.719372067749415,-0.058097105522462
2920,0.099425076638741,-0.219648237263196,0.719372067749415,-0.058097105522462
2921,0.250761619026924,-0.365047443140130,0.208209164873049,-0.092224883972336
2922,0.249894097386069,-0.365838818595429,0.208734806395011,-0.092515812489638
2923,0.143060700965112,-0.650734971828627,1.266465680903215,0.030897397204298
2924,0.670900717604763,-0.741547184687134,-0.044864115272593,-0.220778532193525
2925,-0.167231555279090,-0.043245956468614,-0.703445150706664,-0.106373813490196
2926,-0.205048992605102,-0.978751710410579,-1.131941398498814,-0.097180968811899
2927,-0.760726027408815,0.391043088145808,-0.502983878878065,0.392178788721645
2928,-0.376872132091662,-0.690930826923023,-1.446642863977917,-0.023001070122841
2929,0.000000000000000,0.000000000000000,0.000000000000000,0.000000000000000
2930,0.193840655477142,-0.599862914858002,0.150339045031764,0.021360125555929
2931,0.112448638348584,-0.552115871951736,-0.152541016974367,-0.039980471373687
2932,0.879381941402580,0.476117003618889,0.046909886236926,0.099267334947980
2933,-0.328110902242191,-0.407141001319917,2.112635028708315,0.109231076142389
2934,0.021407285591489,-0.887897769879582,0.742132478331544,0.251831080290278
2935,0.730930298514804,0.580987115320745,0.064135260081061,-0.052319698097401
2936,-0.853745397991015,-0.181132732703052,-1.917529082308793,-0.424306939415007
2937,0.000000000000000,0.000000000000000,0.000000000000000,0.000000000000000
2938,-0.564827571295646,0.203029697676735,-1.305858949150469,1.335520807210128
2939,0.407447850306179,-0.025802673906845,0.671915625725843,-0.163450628397524
