legislator_id,period,coord1D,coord2D,effective_model
132,1,0.169431131053700,-0.334744170682684,2
137,1,-1.080965418997212,-0.528168063592668,2
140,1,-0.941666768560905,-0.466793424326282,2
150,1,-0.920533117960179,0.862933416564072,2
151,1,0.802198054612470,0.597058021615965,0
155,1,0.628842286774841,-0.571015296302226,2
159,1,1.275922954587172,0.241313012176393,2
161,1,0.611667753275453,-0.522805415249613,2
164,1,0.444689218770184,-0.522557429617024,2
165,1,0.809101010788723,0.762652174389023,2
166,1,2.228420884843460,0.587570521898988,2
169,1,-0.986777820080648,0.742720165634343,2
170,1,-0.236160152245695,-0.369984642054705,0
172,1,0.870128003503202,-0.143049691947337,2
173,1,-0.939844735741409,0.341601921392666,0
175,1,0.535063457437966,0.802378026352643,2
176,1,-0.976933285815263,-0.957090854815708,2
177,1,-0.773622234701194,0.577439446653323,2
178,1,-0.207517377727373,-0.433294045983269,2
179,1,0.169546001741352,0.691862486847585,2
181,1,-0.906185452768078,-0.386361954614729,2
185,1,-0.837112139653681,-0.444834158337162,2
187,1,0.534731455438997,0.648719684416375,2
190,1,-0.204490341284777,-1.024053456577108,2
193,1,-0.910817305496211,0.844234070400324,2
195,1,-0.539297827216079,1.036234631887045,2
202,1,-0.456825181395889,0.200431110768291,0
205,1,-1.087123423082619,0.630738764827861,2
206,1,0.552455326121311,0.350023946968149,2
208,1,0.384865913350271,0.742151192256008,2
209,1,0.086657926999269,0.674635110338600,2
211,1,-0.178866705669469,0.184814713496092,1
213,1,-0.797460664161796,-0.654958614654623,2
220,1,-0.915433222291442,-0.637146167653289,2
221,1,-0.807543689244112,0.880961399984753,2
222,1,-0.309169635507152,-1.257132047078998,2
224,1,-0.868538708536337,-0.474812493036042,2
226,1,-0.681986739611198,-0.431624903401268,2
234,1,0.316130087779170,0.913497117911841,2
239,1,-0.392384068451738,1.180497958736357,2
800,1,-0.791833127085929,0.610105780534870,2
802,1,-0.852025369775019,0.604242737624597,2
804,1,-1.009077645193611,0.553253185247193,2
805,1,0.575944940783095,0.590954077023099,2
806,1,1.023269444716782,-0.483946894592760,2
807,1,0.516333516860464,0.726858126822749,2
808,1,-1.195791822382151,0.577174955470781,2
810,1,-0.765918676840655,-0.935434213118809,2
811,1,0.683826619651540,0.647082037952592,2
812,1,0.533804696574130,0.620908237769229,2
813,1,0.480501887768353,-0.496625216060736,2
814,1,0.493113071201685,-0.509004128872741,2
816,1,-0.963011736938088,-0.883350997716220,2
817,1,-0.794315585284923,1.147104158556660,2
818,1,0.551443992397343,-0.446303164979654,2
819,1,-0.873552536272498,0.484954519486863,2
821,1,0.360036932895918,0.644052695650123,2
822,1,0.270334035423725,0.796253291135989,2
823,1,0.566711177519863,0.761234660075321,2
825,1,0.902663232755355,-0.281860420865233,2
826,1,2.825955191549445,0.978355162419300,2
828,1,0.798627874489710,0.580230853777234,2
830,1,0.905527840561049,0.685639465843406,2
832,1,-0.934104732387392,0.819128435212799,2
834,1,1.898792633487341,-0.545450841172841,2
837,1,-1.041732824262799,0.539748221134156,2
840,1,0.488823862279913,0.735712616555122,2
842,1,0.416415067457244,-0.335207641402263,2
843,1,0.653587406777817,-0.534827803044596,2
844,1,0.572711947031695,0.619247464801370,2
848,1,-0.881038931809898,0.896803161465004,2
849,1,-0.792597857267236,0.483095516886426,2
850,1,0.729028690101590,0.546263999686898,2
854,1,-0.815451944858673,0.524400533331674,2
855,1,-0.963285965581006,0.306050603032850,2
857,1,0.596621720696596,0.876834098604958,2
859,1,-0.900412194135088,0.520467428066020,2
862,1,-0.329266855221465,-0.950743494687854,2
863,1,0.748176219946492,-0.374136650053989,2
864,1,0.568021810114562,0.640017313581001,2
865,1,0.684585746938267,0.810746205951352,2
866,1,-0.850861112557463,0.557756976209596,2
868,1,1.119535256461563,-0.382924413990298,2
870,1,-1.061329771662075,0.841885915556416,2
871,1,0.430752332957557,0.751237465615300,2
872,1,-0.644112851398448,-0.059189732150232,2
873,1,-0.770283298324001,0.369566842256616,2
875,1,0.405783687493159,0.720189545200803,2
877,1,-0.624692515808185,-0.472824344678560,2
878,1,-0.839707183322404,-0.494090874507325,2
879,1,-0.917919295210572,-0.412912587972711,2
881,1,0.471455605555603,-0.569537526388855,2
882,1,-0.972261049007260,0.887959220795799,2
884,1,0.522601159606269,0.689484848304487,2
885,1,-0.740676732949647,0.569277265814396,2
886,1,-0.541278336326651,0.490901855144056,2
887,1,0.412563174271742,0.865401552584433,2
888,1,-0.927829037487743,0.648007607850203,2
889,1,0.428797544629928,0.853819643292671,2
890,1,-0.711573614291137,0.959547935058873,2
892,1,-0.841507724088119,0.521481227685321,2
894,1,-0.993669475884099,0.363161943869398,2
895,1,0.500700524892284,0.762521752869350,2
897,1,-0.232626334725150,-0.342950340056137,2
899,1,-0.798337383457222,0.611341784404046,2
902,1,-0.862667573259171,0.532428156526963,2
903,1,-0.823685368201681,0.633428278751167,2
904,1,-0.826128513348511,0.626187452220529,2
906,1,0.658525202027888,0.712963032547122,2
907,1,0.816755815793741,0.763616003328454,2
908,1,0.944621516588770,0.666193124438488,2
910,1,-0.606406375398397,0.715005066377491,2
912,1,0.119928970630693,-0.572228846106440,2
914,1,-0.917724089810393,0.458211714458070,2
916,1,-0.954275087436957,0.061210470093211,2
917,1,0.563372310596728,0.630982309246769,2
918,1,-0.794218066780355,-0.263199857449747,2
921,1,0.467987241012043,-0.384379947041212,2
962,1,0.503599936578240,-0.415233313130601,2
132,2,0.260378765706756,-0.393440452460954,2
137,2,-0.909513695713837,-0.338410913116887,2
140,2,-0.635957013920174,-0.467576952636865,2
150,2,-0.933959928774091,0.677188303341870,2
151,2,0.802198054612470,0.597058021615965,0
155,2,0.619169099544392,-0.515904003523866,2
158,2,-0.707067995982934,0.572772686942868,2
159,2,0.965846138502181,0.373145570436847,2
161,2,0.671911214880321,-0.472333122914882,2
164,2,0.378140600426011,-0.534457393021763,2
165,2,0.897306107308619,0.565604725373681,2
166,2,1.457983486887805,0.138766271954286,2
169,2,-0.898291915411765,0.570871001010807,2
170,2,-0.236160152245695,-0.369984642054705,0
172,2,0.875612776780005,-0.205405106036336,2
173,2,-0.939844735741409,0.341601921392666,0
175,2,0.620323751178993,0.696247219918829,2
176,2,-1.024061593677812,-0.313899897152780,2
177,2,-0.785186573836575,0.524000059059635,2
178,2,0.250197561779696,-0.468772543768938,2
179,2,0.391111190894532,0.678420853220662,2
181,2,-0.780946131762167,-0.377938328417804,2
185,2,-0.846973404915599,-0.247905968660541,2
187,2,0.587218052824078,0.604308334577333,2
190,2,-0.314271006869488,-0.736864198719032,2
193,2,-0.900462618545858,0.709453921149724,2
195,2,-0.756738413693202,0.822248829097721,2
202,2,-0.456825181395889,0.200431110768291,0
205,2,-0.993847633293778,0.540171489996248,2
206,2,0.561663466555009,0.503784439498883,2
208,2,0.509232499036013,0.697053957164608,2
209,2,0.354991494539333,0.613456345908301,2
211,2,-0.152603015614603,0.012614816309003,1
213,2,-0.820630900153816,-0.347159042657859,2
220,2,-0.792740044433613,-0.458293370709951,2
221,2,-0.799404383298519,0.705104089219792,2
222,2,-0.495521192948134,-0.762057272731160,2
224,2,-0.907197664554391,-0.299805131657098,2
226,2,-0.650064591797176,-0.250606576594117,2
234,2,0.571007876705484,0.751180917958973,2
239,2,-0.525383677034417,0.740556780780200,2
800,2,-0.814520208972845,0.525383996549398,2
802,2,-0.878455895361510,0.544270693706625,2
804,2,-0.999516694750046,0.444119284620129,2
805,2,0.621316157129225,0.586621964330437,2
806,2,0.878577402958485,-0.438727113408220,2
807,2,0.601294836939738,0.665174203218693,2
808,2,-1.058735471190394,0.376086891817752,2
810,2,-0.759984922699316,-0.662509259705140,2
811,2,0.722724513097381,0.576989087331631,2
812,2,0.614666852442280,0.581456540358217,2
813,2,0.503543878042244,-0.460356219873396,2
814,2,0.563503694382566,-0.472950587190529,2
816,2,-0.914000447221969,-0.645057020948984,2
817,2,-0.872139117351994,0.817959677690532,2
818,2,0.637018785117610,-0.380821226900699,2
819,2,-0.849178441993877,0.447466293575826,2
821,2,0.504126074810598,0.609471879351056,2
822,2,0.427897074639414,0.728820242815672,2
823,2,0.634611949528977,0.651190434174928,2
825,2,0.908137179013694,-0.333401212646994,2
826,2,2.228726313816699,0.843658415611226,2
828,2,0.770279495210663,0.532204187077983,2
830,2,0.863884843897802,0.580807997736771,2
832,2,-0.928959409325170,0.596780034544539,2
834,2,1.632412617004900,-0.402671679008830,2
837,2,-1.028393646806040,0.477496751107193,2
840,2,0.616175174827220,0.653553408513618,2
842,2,0.509987685219135,-0.324971857711296,2
843,2,0.684289492222725,-0.464421848011948,2
844,2,0.653942448233106,0.582145812258297,2
848,2,-0.885596911180337,0.727251832046319,2
849,2,-0.800307175402071,0.478095899072101,2
850,2,0.768791470910689,0.497678802200200,2
854,2,-0.810394466694958,0.482369187959117,2
855,2,-0.964871975057646,0.269025985341109,2
857,2,0.673639271314333,0.791202001150419,2
859,2,-0.873238925059794,0.482987118013541,2
862,2,-0.391995332898988,-0.698907411992933,2
863,2,0.759847271647813,-0.369125035680236,2
864,2,0.596263441636821,0.632046448745261,2
865,2,0.715727853042110,0.720064529441599,2
866,2,-0.856585433704942,0.489623234086252,2
868,2,1.052738174607621,-0.353686382267969,2
870,2,-1.042839678241661,0.670008218922414,2
871,2,0.503309998009512,0.682473456575509,2
872,2,-0.597396328459264,-0.148838697148111,2
873,2,-0.804897221070116,0.345551675034711,2
875,2,0.529975899473824,0.665319779397220,2
877,2,-0.629996096382830,-0.368242063591770,2
878,2,-0.777503213675243,-0.424351176543332,2
879,2,-0.875269445469891,-0.265988864555617,2
881,2,0.500484410749365,-0.508333657381572,2
882,2,-0.987949262309471,0.669303726065505,2
884,2,0.612190042041013,0.655118309426038,2
885,2,-0.757507833967709,0.504654267178808,2
886,2,-0.674806176603392,0.479318091685490,2
887,2,0.531287271576754,0.773751707064020,2
888,2,-0.924652818727558,0.529928959332828,2
889,2,0.512644943347403,0.735852797261761,2
890,2,-0.848345193991285,0.707621383055749,2
892,2,-0.850122319475677,0.495059304298335,2
894,2,-0.916739214952229,0.243192739262634,2
895,2,0.557475655010040,0.695963003541856,2
897,2,-0.265831065595811,-0.373745445084264,2
899,2,-0.788851143279107,0.543777608350109,2
902,2,-0.847864467631377,0.489674853598254,2
903,2,-0.851685358299490,0.550633850107834,2
904,2,-0.813590467209451,0.520119263692993,2
906,2,0.725598243957313,0.647669133655491,2
907,2,0.832550120411812,0.697252510299189,2
908,2,0.969850236644734,0.610088718065585,2
910,2,-0.714105583640916,0.560786812850919,2
912,2,0.329178325587269,-0.501317384861980,2
914,2,-0.887990442517471,0.434326371888462,2
916,2,-0.925700089646771,0.092291521895209,2
917,2,0.632583278273885,0.562191757023234,2
918,2,-0.713977605792958,-0.216866813734753,2
921,2,0.527760897827737,-0.383297736636220,2
962,2,0.481192574448223,-0.443258679856319,2
132,3,0.355225944576624,-0.424573266517130,2
137,3,-0.766722899682461,-0.204732832238772,2
140,3,-0.423738292648819,-0.463090123227545,2
150,3,-0.940803978446060,0.509150868960912,2
151,3,0.802198054612470,0.597058021615965,0
155,3,0.627727640318924,-0.464792016895072,2
158,3,-0.769384505590800,0.501081467649676,2
159,3,0.741903774753883,0.460427416644416,2
161,3,0.716285103131183,-0.422249305160707,2
164,3,0.365068572041681,-0.518824652688234,2
165,3,0.957672499230533,0.410700590712697,2
166,3,0.875255585965333,-0.195840125979529,2
169,3,-0.833977274723960,0.439342076788138,2
170,3,-0.236160152245695,-0.369984642054705,0
172,3,0.881954219660714,-0.245021681478765,2
173,3,-0.939844735741409,0.341601921392666,0
175,3,0.691940639694637,0.603037189178030,2
176,3,-1.047709272652628,0.148228668152590,2
177,3,-0.792054296742858,0.467200019348342,2
178,3,0.531183036670956,-0.486147898250202,2
179,3,0.568984640593988,0.646931764926334,2
181,3,-0.687029456352046,-0.327956394714181,2
185,3,-0.837223193896794,-0.111402112857647,2
187,3,0.634029687267882,0.559452457490509,2
190,3,-0.398856563885990,-0.454839449218831,2
193,3,-0.899547131309686,0.571831801809142,2
195,3,-0.918577088517862,0.615106863295549,2
202,3,-0.456825181395889,0.200431110768291,0
205,3,-0.917237130049682,0.469936902626754,2
206,3,0.582920045215227,0.576763125357428,2
208,3,0.618669299509162,0.645489798287178,2
209,3,0.580470779479601,0.549500937787885,2
211,3,-0.126339325559736,-0.159585080878085,1
213,3,-0.827588193356870,-0.126904675398011,2
220,3,-0.701585045752343,-0.288748143728326,2
221,3,-0.794040618691778,0.561994421529801,2
222,3,-0.636674363865645,-0.390164520146151,2
224,3,-0.913019891496784,-0.176209980640406,2
226,3,-0.618476229749635,-0.124066881426861,2
234,3,0.750650873333589,0.623256754068146,2
239,3,-0.620753095250965,0.375425206791195,2
800,3,-0.833779644571320,0.445930388962570,2
802,3,-0.901912701018076,0.486650709716708,2
804,3,-0.990501715511895,0.348010589353113,2
805,3,0.664310304218570,0.574814176762657,2
806,3,0.757220839907455,-0.398229350714424,2
807,3,0.675485790539070,0.607329261463510,2
808,3,-0.936223024498318,0.197455598029900,2
810,3,-0.752616760777979,-0.416758538225424,2
811,3,0.758335923701092,0.510293609794637,2
812,3,0.686144279354176,0.540010642519166,2
813,3,0.526580018304525,-0.423563924905807,2
814,3,0.625712658524228,-0.437372722024371,2
816,3,-0.865983929851765,-0.427250761303698,2
817,3,-0.934978601383032,0.540842262325690,2
818,3,0.711049619210632,-0.320654139876832,2
819,3,-0.826388877074205,0.409822230027111,2
821,3,0.631352206718193,0.572950616824795,2
822,3,0.567530194299128,0.662075049976707,2
823,3,0.696911581981491,0.554394590513699,2
825,3,0.910835683753957,-0.369747705514215,2
826,3,1.691135968083667,0.704269137707518,2
828,3,0.751458550090831,0.485955881006688,2
830,3,0.832713049905106,0.489524137317615,2
832,3,-0.923493457982980,0.406943622898957,2
834,3,1.397596111510044,-0.284070667121570,2
837,3,-1.014762633262038,0.418161647238640,2
840,3,0.724723630754540,0.575891642366012,2
842,3,0.591608981005606,-0.313263043154634,2
843,3,0.712489732817491,-0.397662185888981,2
844,3,0.725995031906635,0.542855467153149,2
848,3,-0.888653767716998,0.572400449468490,2
849,3,-0.806157384708698,0.467198965005801,2
850,3,0.803868229065702,0.450177990542202,2
854,3,-0.804583024871559,0.440837038696425,2
855,3,-0.964146149405081,0.233017876157161,2
857,3,0.743378865642334,0.707990582660110,2
859,3,-0.850743077468021,0.444414590904557,2
862,3,-0.447940173392847,-0.468204423863318,2
863,3,0.769422089019853,-0.360482293402278,2
864,3,0.624843497137655,0.614107406690558,2
865,3,0.744052276808224,0.633482606563758,2
866,3,-0.859859163209886,0.424105773572936,2
868,3,0.992858760673051,-0.323639382256557,2
870,3,-1.023857421539214,0.516550604046708,2
871,3,0.569213716874646,0.614577085518494,2
872,3,-0.561096047186532,-0.227499513888108,2
873,3,-0.834160070506733,0.320873165366070,2
875,3,0.642631699752473,0.611151378084550,2
877,3,-0.634297385285948,-0.271110495876707,2
878,3,-0.721298126239431,-0.368232845681274,2
879,3,-0.834304138890333,-0.133360618699168,2
881,3,0.528388219151205,-0.453857960415589,2
882,3,-0.996186109998532,0.478314838585322,2
884,3,0.694650037635223,0.618063759269946,2
885,3,-0.771617100034253,0.442289549396142,2
886,3,-0.784949508863675,0.462726649755209,2
887,3,0.636983921898348,0.686400790136745,2
888,3,-0.920583700234611,0.421559357222630,2
889,3,0.587648021225525,0.625832418179554,2
890,3,-0.954541691785392,0.493871512627532,2
892,3,-0.856141059561310,0.466158324714585,2
894,3,-0.852659767569107,0.154055776519577,2
895,3,0.610649304718949,0.630121873974282,2
897,3,-0.298242750712692,-0.397319723494485,2
899,3,-0.781997258671926,0.479952865843000,2
902,3,-0.833279068603728,0.447859192083514,2
903,3,-0.874430463508500,0.474135778899302,2
904,3,-0.804215200073744,0.434352304234820,2
906,3,0.786194110003082,0.583928550651910,2
907,3,0.846379137828766,0.630859212613443,2
908,3,0.991774682401908,0.554657565279202,2
910,3,-0.798308664649955,0.418263851227838,2
912,3,0.504779641363213,-0.437632491811432,2
914,3,-0.862138247959314,0.408392210111104,2
916,3,-0.898578095063488,0.118762108788308,2
917,3,0.694178340616751,0.496265442442495,2
918,3,-0.644589757391697,-0.166471228767734,2
921,3,0.572547195828907,-0.381383040579542,2
962,3,0.471467113007067,-0.457407894740796,2
132,4,0.453972667663303,-0.428142612851210,2
137,4,-0.652593030903083,-0.127133820958322,2
140,4,-0.305010604746840,-0.453332936098322,2
150,4,-0.941065266976084,0.358821113421198,2
155,4,0.654517909098439,-0.417679336415844,2
158,4,-0.823601402322312,0.436399523252013,2
159,4,0.604095863342278,0.503158550799102,2
161,4,0.744789418028038,-0.372553961987090,2
164,4,0.405473133617193,-0.475659208616436,2
165,4,0.990200186554464,0.297939770406070,2
166,4,0.480237182076045,-0.416248671902458,2
169,4,-0.793833898017235,0.348133392966337,2
172,4,0.889152332145328,-0.261899418274623,2
175,4,0.749914122984896,0.522747934130248,2
176,4,-1.047876322739709,0.429294841100402,2
177,4,-0.794225403420042,0.407039327519443,2
178,4,0.635439046946407,-0.485420109427061,2
179,4,0.703166350839719,0.597395221964600,2
181,4,-0.624435426537714,-0.236416153503861,2
185,4,-0.807861506597267,-0.035322590928480,2
187,4,0.675166358770407,0.514152053155904,2
190,4,-0.458247012334284,-0.177979208076507,2
193,4,-0.908070843787696,0.431367712378578,2
195,4,-1.024813851690060,0.414808734480530,2
205,4,-0.857291913350332,0.420035002719380,2
206,4,0.616225062101966,0.568960004543785,2
208,4,0.713176314769721,0.587458715623719,2
209,4,0.763095781820074,0.482768885977353,2
213,4,-0.818332543770961,0.005804487124921,2
220,4,-0.641968226247631,-0.128510486708415,2
221,4,-0.791452395423887,0.451632396914779,2
222,4,-0.732629148259686,-0.141453789323971,2
224,4,-0.886005389363517,-0.104027039985968,2
226,4,-0.587221653468575,-0.052005817899499,2
234,4,0.855059077663487,0.529724626239360,2
239,4,-0.678492323101383,0.085103236769343,2
800,4,-0.849611433881354,0.371744957774388,2
802,4,-0.922395786744717,0.431382785654845,2
804,4,-0.982032707479160,0.264927099446145,2
805,4,0.704927382051129,0.555530714319757,2
806,4,0.659199755563693,-0.362453606511371,2
807,4,0.738906377658462,0.553323301557202,2
808,4,-0.828254482305924,0.041281074107227,2
810,4,-0.743814191076642,-0.198182048679661,2
811,4,0.790660851462673,0.446995605341610,2
812,4,0.748236977309818,0.496570544252078,2
813,4,0.549610308555195,-0.386248331157967,2
814,4,0.679739963626671,-0.402270533374265,2
816,4,-0.818962184827476,-0.229932218780361,2
817,4,-0.982834037378036,0.315751912462134,2
818,4,0.773536494676410,-0.265801903908053,2
819,4,-0.805183841513482,0.372022328840717,2
821,4,0.741715328618703,0.534488908071340,2
822,4,0.689233394402866,0.596017712619096,2
823,4,0.753610074877404,0.470847129091634,2
825,4,0.910758746976144,-0.390899899466895,2
826,4,1.213184154350349,0.560187328708176,2
828,4,0.742165039130215,0.441485935563347,2
830,4,0.812012458582961,0.411787884585936,2
832,4,-0.917706878360822,0.249619200276052,2
834,4,1.194343117002770,-0.189647805511059,2
837,4,-1.000839783630791,0.361742909528497,2
840,4,0.814469230061874,0.502727318112305,2
842,4,0.661278954816656,-0.300081197732278,2
843,4,0.738188128562115,-0.334548816675694,2
844,4,0.788869698052281,0.501376429485926,2
848,4,-0.890209501419880,0.432249013731516,2
849,4,-0.810148485187119,0.450404714687525,2
850,4,0.834258964566628,0.403761564712904,2
854,4,-0.798017619388476,0.399804085543598,2
855,4,-0.961108488623313,0.198026275481006,2
857,4,0.805840503680596,0.627199843134031,2
859,4,-0.832924651359769,0.404749846739067,2
862,4,-0.497101376703042,-0.258634530299009,2
863,4,0.776900672062612,-0.348208423220114,2
864,4,0.653761976617064,0.586200187416892,2
865,4,0.769559018236609,0.551000437317829,2
866,4,-0.860682301072295,0.361204594669649,2
868,4,0.939897014657854,-0.292783413956064,2
870,4,-1.004383001554735,0.381513070929299,2
871,4,0.628463489552959,0.547548352444256,2
872,4,-0.535212007580252,-0.295172182370222,2
873,4,-0.858071846633851,0.295531313250692,2
875,4,0.743751088329106,0.557684341262793,2
877,4,-0.637596382517538,-0.181429641533370,2
878,4,-0.671091921014970,-0.325735881921148,2
879,4,-0.795023375471897,-0.015027850403366,2
881,4,0.555167030761125,-0.406110435490904,2
882,4,-0.996971592074443,0.314992558355250,2
884,4,0.769981146388899,0.578321197836213,2
885,4,-0.783004531149278,0.382183112466399,2
886,4,-0.871708333107500,0.441127529353211,2
887,4,0.729653125236526,0.603348801802610,2
888,4,-0.915621682008901,0.322898801519610,2
889,4,0.653806778264297,0.523758506046051,2
890,4,-1.030163107673458,0.318298323774222,2
892,4,-0.859563944345016,0.434778288934071,2
894,4,-0.801431133734732,0.095751055640225,2
895,4,0.660221474019012,0.564998364166625,2
897,4,-0.329861390075791,-0.413673175286798,2
899,4,-0.777775729635677,0.419867556882717,2
902,4,-0.818911376176225,0.406981171982744,2
903,4,-0.891920683828713,0.403934065125572,2
904,4,-0.798002711941390,0.368886573846010,2
906,4,0.840312800165197,0.521741283536378,2
907,4,0.858242868044604,0.564436110271218,2
908,4,1.010394853860290,0.499899666079340,2
910,4,-0.859015618425514,0.287436181508245,2
912,4,0.646732917958527,-0.381174166954794,2
914,4,-0.840167506135923,0.380409229125996,2
916,4,-0.872909103687107,0.140622230772508,2
917,4,0.748157497625325,0.433203365504550,2
918,4,-0.586054521576572,-0.112013102548690,2
921,4,0.602346135015550,-0.378635858871177,2
962,4,0.474423552254773,-0.457680957784033,2
132,5,0.556618934966794,-0.404148491463194,2
137,5,-0.567124089375702,-0.105613879275538,2
140,5,-0.279773950214238,-0.438305391249197,2
150,5,-0.934743794364164,0.226199036722729,2
155,5,0.699539905882936,-0.374565962086183,2
158,5,-0.869718686177472,0.378726853749879,2
159,5,0.552422404267365,0.501338972900903,2
161,5,0.757424159570887,-0.323247093394029,2
164,5,0.499354285152546,-0.404961060806370,2
165,5,0.994889169280412,0.227322264453800,2
166,5,0.272928275219939,-0.522459365814501,2
169,5,-0.777861785291588,0.297244949545403,2
172,5,0.897207114233847,-0.256038316423911,2
175,5,0.794244201049771,0.455379454775482,2
176,5,-1.024562743939057,0.529298621690655,2
177,5,-0.791699893868127,0.343517983572939,2
178,5,0.562965592606049,-0.466589177299515,2
179,5,0.793656321631725,0.529811224335461,2
181,5,-0.593164042319172,-0.103317604786844,2
185,5,-0.758888343017017,-0.019667402873040,2
187,5,0.710628067331656,0.468407121573518,2
190,5,-0.492442352214370,0.093716524707942,2
193,5,-0.926033755979887,0.288061652858031,2
195,5,-1.075448703209795,0.221354442652663,2
205,5,-0.814011983195725,0.390465790274125,2
206,5,0.661578517215225,0.480375077057952,2
208,5,0.792753544817689,0.522960709174230,2
209,5,0.902866501560751,0.413260190476703,2
213,5,-0.792863951396086,0.050968444910938,2
220,5,-0.613889585919478,0.022419600349782,2
221,5,-0.791639713494846,0.374018015374727,2
222,5,-0.783385546130255,-0.015925080264620,2
224,5,-0.826154158154590,-0.083256309693782,2
226,5,-0.556300862953995,-0.034423386012031,2
234,5,0.884232489695177,0.470584534472616,2
239,5,-0.698601360585670,-0.130409129285356,2
800,5,-0.862015576902946,0.302827702984851,2
802,5,-0.939905152541434,0.378466921521036,2
804,5,-0.974109670651840,0.194868814899225,2
805,5,0.743167390626903,0.528771577001737,2
806,5,0.584514149927198,-0.331399880799061,2
807,5,0.791556598297912,0.503156323499768,2
808,5,-0.734829844613212,-0.092436679950268,2
810,5,-0.733577213595307,-0.006779791067852,2
811,5,0.819699296382124,0.387095073972550,2
812,5,0.800944946309208,0.451136245556951,2
813,5,0.572634748794254,-0.348409438629878,2
814,5,0.725585609689896,-0.367644021240213,2
816,5,-0.772935212149101,-0.053101393378973,2
817,5,-1.015705425337007,0.142688628099864,2
818,5,0.824479411514943,-0.216264518994362,2
819,5,-0.785563335311707,0.334066590016646,2
821,5,0.835215440512130,0.494086753090690,2
822,5,0.793006674950629,0.530648230742837,2
823,5,0.804707428216718,0.400548049908734,2
825,5,0.907906368680255,-0.396857794505035,2
826,5,0.794870872616744,0.411412988613200,2
828,5,0.742398962328815,0.398794350747960,2
830,5,0.801783069931368,0.347599239541736,2
832,5,-0.911599670458698,0.124806766675824,2
834,5,1.022653633483079,-0.119403094177298,2
837,5,-0.986625097912301,0.308240537976764,2
840,5,0.885411972749222,0.434060435752495,2
842,5,0.718997606652285,-0.285426321444226,2
843,5,0.761384679456597,-0.275081740372087,2
844,5,0.842566446670045,0.457708699256627,2
848,5,-0.890264112288983,0.306797524835396,2
849,5,-0.812280476837332,0.427713148117273,2
850,5,0.859963677413469,0.358429524712308,2
854,5,-0.790698250245709,0.359270328500637,2
855,5,-0.955758992712341,0.164051183312645,2
857,5,0.861024185429121,0.548829782572183,2
859,5,-0.819783646735039,0.363992885517072,2
862,5,-0.539478942829574,-0.070197731300006,2
863,5,0.782283020776090,-0.332303425133744,2
864,5,0.683018880075050,0.548324790924263,2
865,5,0.792248077327266,0.472618021703811,2
866,5,-0.859054847292169,0.300919697376390,2
868,5,0.893852936562030,-0.261118477366489,2
870,5,-0.984416418288223,0.264895619570187,2
871,5,0.681059316044452,0.481387257352794,2
872,5,-0.519744209640422,-0.351856702594453,2
873,5,-0.876632549451470,0.269526118688579,2
875,5,0.833334065203723,0.504918668931948,2
877,5,-0.639893088077601,-0.099199500561761,2
878,5,-0.626884598001858,-0.296860285262957,2
879,5,-0.757427155214583,0.089009440331791,2
881,5,0.580820845579122,-0.365091082607519,2
882,5,-0.990305708537203,0.179336885375290,2
884,5,0.838183368302041,0.535890625124838,2
885,5,-0.791670127312786,0.324334956389579,2
886,5,-0.935082649334866,0.414520730479498,2
887,5,0.809294881591287,0.524595742061615,2
888,5,-0.909766764050430,0.233947292223768,2
889,5,0.711121214463716,0.429631060861251,2
890,5,-1.075209441655483,0.180901816495818,2
892,5,-0.860390973826796,0.400919196956793,2
894,5,-0.763053313449104,0.068278576624578,2
895,5,0.706192162910229,0.500592474118888,2
897,5,-0.360686983685109,-0.422805800461204,2
899,5,-0.776186556170361,0.363521681469263,2
902,5,-0.804761390348867,0.367040793295944,2
903,5,-0.904156019260129,0.340028708786642,2
904,5,-0.794953002812390,0.323722072526562,2
906,5,0.887954314443657,0.461107332308895,2
907,5,0.868141311059324,0.497983203272512,2
908,5,1.025710751019881,0.445815020465998,2
910,5,-0.896226444967593,0.168303803692142,2
912,5,0.755038155373210,-0.331942410292069,2
914,5,-0.822078217047298,0.350377428933136,2
916,5,-0.848693115517628,0.157871887847810,2
917,5,0.794520749299607,0.373005526209401,2
918,5,-0.538371898347583,-0.053492435077621,2
921,5,0.617157715387668,-0.375056191511126,2
962,5,0.490061892191340,-0.444077868986029,2
132,6,0.663164746487097,-0.352590902353083,2
137,6,-0.510316075100321,-0.140173007190420,2
140,6,-0.348028329051011,-0.418007488680170,2
150,6,-0.921839560610300,0.111284638865503,2
155,6,0.762793630672415,-0.335451893906088,2
158,6,-0.907736357156278,0.328063459143273,2
159,6,0.586883397529145,0.454968682949821,2
161,6,0.754189327759730,-0.274328699381526,2
164,6,0.646712026647742,-0.306730209258036,2
165,6,0.971739447408376,0.198848072855888,2
166,6,0.253328865397017,-0.514472207715658,2
169,6,-0.786060936547020,0.286676746525336,2
172,6,0.906118565926271,-0.227438375926628,2
175,6,0.824930873889262,0.400931751113733,2
176,6,-0.977768536250671,0.448240009923350,2
177,6,-0.784477768087114,0.276635987508830,2
178,6,0.313762673649882,-0.429655101867565,2
179,6,0.840454552970006,0.444179772038917,2
181,6,-0.593215303696420,0.071339251436870,2
185,6,-0.690303703156045,-0.064436548691327,2
187,6,0.740414812951626,0.422217662743350,2
190,6,-0.501442583526247,0.360247749134514,2
193,6,-0.953435867886259,0.141913623247502,2
195,6,-1.070481643077068,0.034743987811949,2
205,6,-0.787397339585864,0.381229265290989,2
206,6,0.718980410555004,0.311008342899931,2
208,6,0.857400989653065,0.451995778938711,2
209,6,0.999782938701632,0.340974851285937,2
213,6,-0.751182416232248,0.008587197960040,2
220,6,-0.617349124767884,0.164042117446266,2
221,6,-0.794602572904656,0.329151276909644,2
222,6,-0.788943557477355,-0.013578392968099,2
224,6,-0.733466197870003,-0.113897789763849,2
226,6,-0.525713858205895,-0.071319585764457,2
234,6,0.838171109428659,0.445836478767913,2
239,6,-0.681080207703826,-0.271111891372903,2
800,6,-0.870992073636097,0.239178624593959,2
802,6,-0.954440798408225,0.327903117315281,2
804,6,-0.966732605029935,0.137835735712352,2
805,6,0.779030329945892,0.494536764808599,2
806,6,0.533164022997971,-0.305068173577494,2
807,6,0.833436452457422,0.456828327291209,2
808,6,-0.655949111420182,-0.203697664142584,2
810,6,-0.721905828333974,0.157448234610003,2
811,6,0.845451258459444,0.330592015687456,2
812,6,0.844268186352344,0.403707746433787,2
813,6,0.595653339021703,-0.310047247321539,2
814,6,0.763249596713901,-0.333493185622214,2
816,6,-0.727903011816642,0.103241714900465,2
817,6,-1.033592765259944,0.021652409238880,2
818,6,0.863878369726231,-0.172041985135759,2
819,6,-0.767527358468880,0.295955013554897,2
821,6,0.911852542398472,0.451744151882847,2
822,6,0.878850035942416,0.465966604347931,2
823,6,0.850203641999431,0.343497352964999,2
825,6,0.902278548866290,-0.387621390628635,2
826,6,0.436196122882855,0.257946117422591,2
828,6,0.752160319686632,0.357881126560529,2
830,6,0.802024883950325,0.296958202185013,2
832,6,-0.905171834276606,0.032506322098274,2
834,6,0.882527660950972,-0.073336533120288,2
837,6,-0.972118576106567,0.257654532583442,2
840,6,0.937551858816584,0.369890995286584,2
842,6,0.764764936512494,-0.269298414290479,2
843,6,0.782079385500938,-0.219260956978161,2
844,6,0.887085277759926,0.411852276465252,2
848,6,-0.888817600324307,0.196045982780132,2
849,6,-0.812553359659338,0.399124265295045,2
850,6,0.880982367606224,0.314181870540412,2
854,6,-0.782624917443258,0.319235767567542,2
855,6,-0.948097661672167,0.131092599652076,2
857,6,0.908929910887909,0.472880400974565,2
859,6,-0.811320063593830,0.322143707238571,2
862,6,-0.575072871772441,0.097105973133692,2
863,6,0.785569135160287,-0.312767299143169,2
864,6,0.712614207511611,0.500481217212672,2
865,6,0.812119454080194,0.398335359721705,2
866,6,-0.854976801869508,0.243251081693160,2
868,6,0.854726526385579,-0.228644572487832,2
870,6,-0.963957671739679,0.166698249969372,2
871,6,0.727001196349124,0.416093800244108,2
872,6,-0.514692653367044,-0.397553074560802,2
873,6,-0.889842178959591,0.242857581679729,2
875,6,0.911380630376323,0.452854361092017,2
877,6,-0.641187501966136,-0.024420072961878,2
878,6,-0.588676157200097,-0.281606055706700,2
879,6,-0.721515478118391,0.178751253506303,2
881,6,0.605349663605198,-0.330799901765432,2
882,6,-0.976188459386813,0.071347819645441,2
884,6,0.899256703374648,0.490772041135820,2
885,6,-0.797613888524775,0.268745081165682,2
886,6,-0.975072457545774,0.382906253134068,2
887,6,0.875909190962630,0.450141610913758,2
888,6,-0.903018946359196,0.154704829335103,2
889,6,0.759591329823784,0.343450082625155,2
890,6,-1.089680693731468,0.081681990792322,2
892,6,-0.858622148006651,0.364581048782751,2
894,6,-0.737526306712223,0.071638339472638,2
895,6,0.748561371392599,0.436904203831069,2
897,6,-0.390719531540647,-0.424717599017703,2
899,6,-0.777229738275978,0.310915239602636,2
902,6,-0.790829111121655,0.328038056023114,2
903,6,-0.911136469802747,0.282419709882514,2
904,6,-0.795066072686744,0.298858800276477,2
906,6,0.929118652838461,0.402026696969461,2
907,6,0.876074466872928,0.431500491617326,2
908,6,1.037722373880681,0.392403628439177,2
910,6,-0.909941144276192,0.060866717779529,2
912,6,0.829695353607262,-0.289937221823254,2
914,6,-0.807870380693439,0.318296809532526,2
916,6,-0.825930130555052,0.170511080014213,2
917,6,0.833268095639597,0.315671924557048,2
918,6,-0.501541887704729,0.009090773645473,2
921,6,0.616981936945261,-0.370644038499389,2
962,6,0.518382132816769,-0.416598628346784,2
132,7,0.773610102224211,-0.273469845520876,2
137,7,-0.482168988076937,-0.230811204702967,2
140,7,-0.509773741257161,-0.392439228391240,2
150,7,-0.902352565714491,0.014077919849523,2
155,7,0.844279083466877,-0.300337131875559,2
158,7,-0.937654415258730,0.284409339432195,2
159,7,0.707478843127617,0.364047680945854,2
161,7,0.735084922594566,-0.225798779949581,2
164,7,0.847546358102779,-0.180966653971433,2
165,7,0.920751020938358,0.212517195612333,2
166,7,0.421438952607278,-0.392287197605929,2
169,7,-0.818431351783531,0.316428783906136,2
172,7,0.915886687222601,-0.176099596782775,2
175,7,0.841974141503369,0.359404823145000,2
176,7,-0.907493699674552,0.186119005798487,2
177,7,-0.772559026077002,0.206393339327115,2
178,7,-0.112169709922093,-0.374617883131210,2
179,7,0.843561044854563,0.340500865074967,2
181,7,-0.624589210669456,0.287554415167282,2
185,7,-0.602107587014350,-0.169630028383342,2
187,7,0.764526595630319,0.375583676665400,2
190,7,-0.485247706269916,0.621614465203210,2
193,7,-0.990277179506813,-0.007076376453009,2
195,7,-1.009912671291878,-0.145022630041612,2
205,7,-0.777447982520748,0.392325427769973,2
206,7,0.788430742121304,0.060859802069721,2
208,7,0.907118649275850,0.374563924917163,2
209,7,1.053845093242718,0.265912868405053,2
211,7,-0.100075635504870,-0.331784978065173,1
213,7,-0.693287938279445,-0.121339253727774,2
220,7,-0.652346842792848,0.296357064581037,2
221,7,-0.800340973653317,0.317032181519530,2
222,7,-0.749303182300983,-0.134413727434406,2
224,7,-0.607941508509757,-0.195951480196168,2
226,7,-0.495460639224276,-0.162694417156777,2
234,7,0.716874936863933,0.455480459125251,2
239,7,-0.625928864455852,-0.337005049493298,2
800,7,-0.876540924080807,0.180797722601711,2
802,7,-0.966002724345092,0.279691373037580,2
804,7,-0.959901510613445,0.093827861885527,2
805,7,0.812516200008096,0.452826277740341,2
806,7,0.505149374776011,-0.283458484846671,2
807,7,0.864545940136990,0.414339312931524,2
808,7,-0.591612282726834,-0.292501878469722,2
810,7,-0.708800035292642,0.294502028353905,2
811,7,0.867916737694633,0.277486430486329,2
812,7,0.878206697439226,0.354285046882584,2
813,7,0.618666079237541,-0.271161757232950,2
814,7,0.792731924698689,-0.299818026520268,2
816,7,-0.683865583830096,0.239097106057954,2
817,7,-1.036496057146848,-0.047356744120818,2
818,7,0.891733369310275,-0.133134302332245,2
819,7,-0.751075910985002,0.257687599455470,2
821,7,0.971626634277729,0.407461104447810,2
822,7,0.946763477378227,0.401972833434379,2
823,7,0.890098716225543,0.299695038260427,2
825,7,0.893875287534249,-0.363190687837694,2
826,7,0.137159905148679,0.099786715136348,2
828,7,0.771449111203664,0.318746263001052,2
830,7,0.812737900639834,0.259864772515769,2
832,7,-0.898423369814546,-0.027282133456600,2
834,7,0.773965199406447,-0.051448122340027,2
837,7,-0.957320218213589,0.209984893348529,2
840,7,0.970888888263959,0.310218996714570,2
842,7,0.798580944397282,-0.251697476271037,2
843,7,0.800272246695137,-0.167086466493915,2
844,7,0.922426191321924,0.363807161111801,2
848,7,-0.885869965525853,0.099994387565723,2
849,7,-0.810967133653136,0.364638066220841,2
850,7,0.897315035144892,0.271018602197216,2
854,7,-0.773797620981123,0.279700402744312,2
855,7,-0.938124495502788,0.099150524499301,2
857,7,0.949557680056959,0.399351698341177,2
859,7,-0.807533901936143,0.279202311903565,2
862,7,-0.603883163531645,0.243276583002084,2
863,7,0.786759015215204,-0.289600045248388,2
864,7,0.742547958926747,0.442669466282118,2
865,7,0.829173148495393,0.328152451371511,2
866,7,-0.848448164804312,0.188198747619959,2
868,7,0.822517784128500,-0.195361699320094,2
870,7,-0.943006761909103,0.086920962126854,2
871,7,0.766289130466975,0.351667981118199,2
872,7,-0.520057338760117,-0.432261298269268,2
873,7,-0.897700735158212,0.215525702224143,2
875,7,0.977890783846908,0.401491417742997,2
877,7,-0.641479624183144,0.042908641266278,2
878,7,-0.556466598609686,-0.279973193252376,2
879,7,-0.687288344183322,0.254197589120169,2
881,7,0.628753484839353,-0.303236892964645,2
882,7,-0.954619844623273,-0.008974638834296,2
884,7,0.953201151606722,0.442965445869161,2
885,7,-0.800835814785246,0.215413486794708,2
886,7,-0.991677757740224,0.346284097316923,2
887,7,0.929496053350557,0.379986408359041,2
888,7,-0.895378228935200,0.085171412853616,2
889,7,0.799217124344500,0.265215571337762,2
890,7,-1.073576863901412,0.020638846663732,2
892,7,-0.854257466884580,0.325763844411946,2
894,7,-0.724850113524089,0.105830344184402,2
895,7,0.787329099466123,0.373933553303169,2
897,7,-0.419959033642403,-0.419408570956294,2
899,7,-0.780905275952529,0.262048231282836,2
902,7,-0.777114538494588,0.289972960164254,2
903,7,-0.912862035456567,0.231107068413186,2
904,7,-0.798341921564450,0.294296757095754,2
906,7,0.963805815349610,0.344499377518077,2
907,7,0.882042335485414,0.364987975305661,2
908,7,1.046429722442690,0.339665489998876,2
910,7,-0.900159716351311,-0.034875076229595,2
912,7,0.870704512660682,-0.255158601548351,2
914,7,-0.797543997074345,0.284167370924164,2
916,7,-0.804620148799378,0.178539807271718,2
917,7,0.864399536645295,0.261202560547490,2
918,7,-0.475564489648011,0.075736523620591,2
921,7,0.601818799688328,-0.365399399835965,2
962,7,0.559384274131060,-0.375243235866299,2
132,8,0.887955002178136,-0.166785320966575,2
137,8,-0.482682828305552,-0.377528471813179,2
140,8,-0.765010186832688,-0.361600610382408,2
150,8,-0.876282809676739,-0.065421120325214,2
151,8,0.802198054612470,0.597058021615965,0
155,8,0.943996264266320,-0.269221675994597,2
158,8,-0.959472860484830,0.247764494616646,2
159,8,0.914208741062783,0.228575966889003,2
161,8,0.700110944075396,-0.177657335098192,2
164,8,1.101857279517658,-0.027670394946563,2
165,8,0.841923889870357,0.268329632723135,2
166,8,0.777258536850723,-0.155904335485313,2
169,8,-0.874973031001121,0.386501061687803,2
170,8,-0.236160152245695,-0.369984642054705,0
172,8,0.926511478122836,-0.102021978992352,2
173,8,-0.939844735741409,0.341601921392666,0
175,8,0.845374003892091,0.330798670869284,2
176,8,-0.813738234210699,-0.257064390683935,2
177,8,-0.755943667837792,0.132790039027795,2
178,8,-0.714831558109879,-0.301477521090450,2
179,8,0.802975797285395,0.218774503443612,2
181,8,-0.687285763238283,0.545327886404392,2
185,8,-0.494299994591932,-0.335247841949084,2
187,8,0.782963415367735,0.328505163339669,2
190,8,-0.443857720445376,0.877816672914031,2
193,8,-1.036557690841548,-0.158908346243503,2
195,8,-0.893741787854225,-0.317945410908021,2
202,8,-0.456825181395889,0.200431110768291,0
205,8,-0.784163912000377,0.423754277711076,2
206,8,0.869929511914124,-0.270070545432678,2
208,8,0.941906523686044,0.290665147109586,2
209,8,1.065052965184007,0.188074241834052,2
211,8,-0.073811945450003,-0.503984875252261,1
213,8,-0.619180517537677,-0.338810910152504,2
220,8,-0.718882739994371,0.419364441754094,2
221,8,-0.808854915740828,0.337660729204387,2
222,8,-0.664464420601141,-0.378431083663543,2
224,8,-0.449580090073850,-0.329417380990741,2
226,8,-0.465541206009138,-0.308547880188992,2
234,8,0.520343972000999,0.499516475544630,2
239,8,-0.533147330841747,-0.328088603646540,2
242,8,0.632425244677190,-0.324054347720149,0
800,8,-0.878662128237076,0.127684997008109,2
802,8,-0.974590930352033,0.233831688687934,2
804,8,-0.953616387402370,0.062845193418750,2
805,8,0.843625000813514,0.403640115796963,2
806,8,0.500470205261318,-0.266570814606591,2
807,8,0.884885061336617,0.375689280420714,2
808,8,-0.541819358533167,-0.358849322931682,2
810,8,-0.694259834471311,0.404381590163853,2
811,8,0.887095734087693,0.227778318369169,2
812,8,0.902760479569855,0.302868146903343,2
813,8,0.641672969441768,-0.231752968364112,2
814,8,0.814032593644257,-0.266618543934375,2
816,8,-0.640822928189466,0.354464780093494,2
817,8,-1.024415300997719,-0.064338831979230,2
818,8,0.908044410267075,-0.099541470583818,2
819,8,-0.736208992860073,0.219264347718364,2
821,8,1.014537716149902,0.361237610785579,2
822,8,0.996746999258063,0.338666918002179,2
823,8,0.924392650895056,0.269141105795021,2
825,8,0.882696584684132,-0.323565686132213,2
826,8,-0.102237780585782,-0.063065218245529,2
828,8,0.800265336879913,0.281389760069530,2
830,8,0.833922119999894,0.236318950534002,2
832,8,-0.891354277072519,-0.054558599988796,2
834,8,0.696966248849506,-0.053737861836516,2
837,8,-0.942230024233368,0.165231620272026,2
840,8,0.985423061091349,0.255044440036455,2
842,8,0.820445630306649,-0.232623507385900,2
843,8,0.815963263039194,-0.118558268919350,2
844,8,0.948589187356040,0.313573353196275,2
848,8,-0.881421207893620,0.018642739192169,2
849,8,-0.807521798818728,0.324254550894661,2
850,8,0.908961680029475,0.228939719682721,2
854,8,-0.764216360859304,0.240664234030948,2
855,8,-0.925839494204206,0.068224957854319,2
857,8,0.982907492936272,0.328243674672020,2
859,8,-0.808425161761977,0.235168699512054,2
862,8,-0.625909818107185,0.368314098305171,2
863,8,0.785852660940840,-0.262801663449402,2
864,8,0.772820134320460,0.374889538132601,2
865,8,0.843409160572864,0.262069296653227,2
866,8,-0.839468936096582,0.135762695156786,2
868,8,0.797226709790794,-0.161269857863273,2
870,8,-0.921563688796494,0.025563756042632,2
871,8,0.798923118398006,0.288109799975066,2
872,8,-0.535838265819642,-0.455981373719851,2
873,8,-0.900208218047335,0.187530480321821,2
875,8,1.032864525615476,0.350829838884891,2
877,8,-0.640769454728625,0.102786642122708,2
878,8,-0.530255922230625,-0.291961697899987,2
879,8,-0.654745753409375,0.315348447173389,2
881,8,0.651032309281587,-0.282402056205157,2
882,8,-0.925599864246582,-0.061630490063923,2
884,8,1.000016712998262,0.392470839324859,2
885,8,-0.801335906094199,0.164340173276657,2
886,8,-0.984898549918215,0.304654263028061,2
887,8,0.970055468755066,0.314130134397463,2
888,8,-0.886844611778442,0.025347042779308,2
889,8,0.829998598025864,0.194927526999073,2
890,8,-1.026897952165315,-0.002227615889952,2
892,8,-0.847296930460582,0.284467583844377,2
894,8,-0.725024733884703,0.170854590759872,2
895,8,0.822495347130801,0.311680522535188,2
897,8,-0.448405489990379,-0.406878716276978,2
899,8,-0.787213169200012,0.216920656509864,2
902,8,-0.763617672467666,0.252845505719363,2
903,8,-0.909332716221590,0.186090784378660,2
904,8,-0.804780549445510,0.310035942984394,2
906,8,0.992015801977104,0.288525373954743,2
907,8,0.886044916896784,0.298445654337515,2
908,8,1.051832796705909,0.287600605145096,2
910,8,-0.866882161192951,-0.118921578335230,2
912,8,0.878065632533472,-0.227606549467359,2
914,8,-0.791099066190017,0.247989113108052,2
916,8,-0.784763170250607,0.181958069620325,2
917,8,0.887915072316702,0.209597434180728,2
918,8,-0.460439704177429,0.146444814847734,2
921,8,0.571668303616869,-0.359322275520855,2
962,8,0.613068316134213,-0.320011691544573,2
800,9,-0.877355686104902,0.079840447813152,2
801,9,0.547686236907586,-0.224336675910979,0
802,9,-0.980205416429050,0.190324064266342,2
803,9,-0.904760053726963,0.287494242495847,2
804,9,-0.947877235396710,0.044887730312020,2
805,9,0.872356732362147,0.346978278978467,2
806,9,0.519126514453893,-0.254405162857254,2
807,9,0.894453816056303,0.340878229758778,2
808,9,-0.506570338839181,-0.402739997528464,2
809,9,1.268540497211261,0.206418484353894,2
810,9,-0.678285225869982,0.487086920039848,2
811,9,0.902988247638622,0.181467679335975,2
812,9,0.917929532744231,0.249457046496064,2
813,9,0.664674009634384,-0.191820880715024,2
814,9,0.827151603550607,-0.233894737864536,2
815,9,0.863017577407026,0.274428475509617,2
816,9,-0.598775044894751,0.449344737007084,2
817,9,-0.997350496812555,-0.029293854336357,2
818,9,0.912811492596630,-0.071263489890479,2
819,9,-0.722926604094092,0.180685258343581,2
820,9,0.553391466766886,-0.277956952266894,0
821,9,1.040585788014990,0.313073670896153,2
822,9,1.028800601581924,0.276048858051333,2
823,9,0.953085446007968,0.251835555568779,2
824,9,-0.955117544646601,0.017007668386557,2
825,9,0.868742440315938,-0.268746385512192,2
826,9,-0.281996934320530,-0.230609682723040,2
827,9,-0.950161605084836,0.246262422397525,2
828,9,0.838608996715378,0.245811617765963,2
829,9,-0.631863003290098,0.570241026568877,0
830,9,0.865577542030505,0.226320736239713,2
831,9,0.889686874324905,0.212602826922710,2
832,9,-0.883964556050525,-0.049323077498315,2
833,9,-0.815339291207661,-0.137954453768450,0
834,9,0.651530809280148,-0.080205751609755,2
835,9,-0.697886650581529,-0.344314963019189,0
836,9,-0.836654732652487,-0.038990999722978,2
837,9,-0.926847994165902,0.123394713353934,2
838,9,0.927777229513663,0.204637977392936,2
839,9,-0.819308961991011,0.134338979204297,2
840,9,0.981154377298752,0.204367325252238,2
841,9,-0.558649853948604,0.463729395839254,0
842,9,0.830358994240595,-0.212076507635068,2
843,9,0.829152434533109,-0.073676364254465,2
844,9,0.965574265862273,0.261150852718673,2
845,9,-0.809419533540427,0.059385161205956,0
846,9,0.741010445258821,-0.218278020201547,2
847,9,-0.826690107312432,0.316863163388767,2
848,9,-0.875471327427609,-0.048008962340531,2
849,9,-0.802217355156112,0.277973719316506,2
850,9,0.915922302259971,0.187945222996926,2
851,9,0.791165426709948,-0.207260771368271,0
852,9,-0.872433719787260,0.139239266544814,2
853,9,0.687330429261517,-0.132283832906993,2
854,9,-0.753881137077801,0.202127261427450,2
855,9,-0.911242657776420,0.038315899717130,2
856,9,-0.989435632675494,0.146674743756839,2
857,9,1.008979349525847,0.259556329967094,2
858,9,-0.573763716036368,0.375551420332784,2
859,9,-0.813993843071332,0.190042870064037,2
860,9,-0.587705496688477,0.360643194287673,2
861,9,1.002667015829854,0.378041967929904,2
862,9,-0.641152835499061,0.472218519042952,2
863,9,0.782850072337195,-0.232372153746210,2
864,9,0.803430733692747,0.297141432764122,2
865,9,0.854827490312606,0.200085895566856,2
866,9,-0.828039115746316,0.085942924303642,2
867,9,0.855240902534590,-0.373736506281826,2
868,9,0.778853303372460,-0.126369048117371,2
869,9,-0.942630506667146,0.253349209981243,2
870,9,-0.899628452401853,-0.017373368283292,2
871,9,0.824903160142216,0.225419256814710,2
872,9,-0.562035434545618,-0.468713300912551,2
873,9,-0.897364627626960,0.158871915972762,2
874,9,0.923890168065802,0.246309118180585,2
875,9,1.076301855682029,0.300869624517697,2
876,9,-0.809033378486125,0.129101591624661,2
877,9,-0.639056993602577,0.155213929607411,2
878,9,-0.510044128062915,-0.317571569649531,2
879,9,-0.623887705796549,0.362203827665964,2
880,9,-0.982014141074215,0.084754747727234,2
881,9,0.672186136931899,-0.268295391486969,2
882,9,-0.889128518256742,-0.086619734043438,2
883,9,-0.949807855634494,-0.003732480044021,2
884,9,1.039703387549268,0.339288221502915,2
885,9,-0.799114162451634,0.115525140611528,2
886,9,-0.954734834079748,0.258016750267483,2
887,9,0.997587437176159,0.252572789029024,2
888,9,-0.877418094888921,-0.024768280887824,2
889,9,0.851935750867877,0.132585949609087,2
890,9,-0.949643958523177,0.013082603131272,2
891,9,0.782031213471168,-0.501146844040418,2
892,9,-0.837740538734659,0.240692267080044,2
893,9,-0.296119757766223,0.613685327663025,2
894,9,-0.738050167794064,0.266711079199048,2
895,9,0.854060114386632,0.250145111527125,2
896,9,0.734812015589021,-0.106447535451781,0
897,9,-0.476058900584574,-0.387128034979754,2
898,9,-0.760980203029972,0.386033706122175,2
899,9,-0.796153418018428,0.175532515283719,2
900,9,-0.848816231122019,-0.086374791867939,0
901,9,-0.977920291181466,0.208949875900841,0
902,9,-0.750338513040890,0.216655692688443,2
903,9,-0.900548512097815,0.147370857778935,2
904,9,-0.814381956329923,0.346076357942397,2
905,9,0.899702261038687,0.186281202053691,2
906,9,1.013748612720943,0.234104686279457,2
907,9,0.888082211107037,0.231873528712889,2
908,9,1.053931596670336,0.236208973877836,2
909,9,0.628580445425007,-0.295593745716363,0
910,9,-0.810108478801110,-0.191272788537375,2
911,9,-0.790978481233444,0.406417158708888,2
912,9,0.851778713225632,-0.207281065580279,2
913,9,-0.621315686596458,0.336534809803644,2
914,9,-0.788535588040455,0.209762036084189,2
915,9,0.511494951351152,-0.288716043027668,2
916,9,-0.766359194908738,0.180765867060032,2
917,9,0.903814702653817,0.160856545456761,2
918,9,-0.456167531292982,0.221215647326902,2
919,9,0.933153839049223,0.215481144791235,2
800,10,-0.872621597684288,0.037264075016840,2
801,10,0.547686236907586,-0.224336675910979,0
802,10,-0.982846182576141,0.149168499772804,2
803,10,-0.885617920600766,0.143776989056908,2
804,10,-0.942684054596466,0.039955472565338,2
805,10,0.898711394653995,0.282840767284851,2
806,10,0.561118302353735,-0.246961529598660,2
807,10,0.893252204296047,0.309906160945716,2
808,10,-0.485865223644878,-0.424173902260067,2
809,10,1.095316763811952,0.218031548264963,2
810,10,-0.660876209488654,0.542618017981889,2
811,10,0.915594278347420,0.138554513386748,2
812,10,0.923713856962354,0.194051745660747,2
813,10,0.687669199815389,-0.151365494285686,2
814,10,0.832088954417738,-0.201646608310750,2
815,10,0.949603118849414,0.232815458924164,2
816,10,-0.557721933945950,0.523736976798725,2
817,10,-0.955301644591359,0.057778188807803,2
818,10,0.906034616298940,-0.048300360252229,2
819,10,-0.711228744687060,0.141950331331120,2
820,10,0.553391466766886,-0.277956952266894,0
821,10,1.049770849872994,0.262969284779534,2
822,10,1.042924284349809,0.214118653581839,2
823,10,0.976177101564280,0.247778387581701,2
824,10,-0.950948439273638,0.014575740969549,2
825,10,0.852012854429669,-0.198732785977631,2
826,10,-0.402117556055563,-0.402846678296184,2
827,10,-0.944286157725605,0.150831162852712,2
828,10,0.886480090710059,0.212011836090351,2
829,10,-0.631863003290098,0.570241026568877,0
830,10,0.907704166731668,0.229870129632902,2
831,10,0.885358748390456,0.167632277235640,2
832,10,-0.876254206748564,-0.011575565985156,2
833,10,-0.815339291207661,-0.137954453768450,0
834,10,0.637658880698373,-0.130851791659745,2
835,10,-0.697886650581529,-0.344314963019189,0
836,10,-0.840118992115132,-0.053521321094434,2
837,10,-0.911174128011193,0.084474172594252,2
838,10,0.925190210566613,0.183505778222464,2
839,10,-0.807912360357186,0.116989773184885,2
840,10,0.958082836886168,0.158187652361919,2
841,10,-0.558649853948604,0.463729395839254,0
842,10,0.828321036199121,-0.190056477018541,2
843,10,0.839839761176883,-0.032440752499261,2
844,10,0.973381426840624,0.206539659678996,2
845,10,-0.809419533540427,0.059385161205956,0
846,10,0.699330799647716,-0.212171009463983,2
847,10,-0.744199524486709,0.353340652422011,2
848,10,-0.868020324127818,-0.099960717032375,2
849,10,-0.795053802665289,0.225795571486374,2
850,10,0.918196901836382,0.148035112139832,2
851,10,0.791165426709948,-0.207260771368271,0
852,10,-0.882963351820621,0.145884910808107,2
853,10,0.632751629651106,-0.195988186539060,2
854,10,-0.742791949636614,0.164089484933817,2
855,10,-0.894333986219431,0.009423350087734,2
856,10,-0.928319101714862,0.107540144306276,2
857,10,1.027773249825684,0.193289664226398,2
858,10,-0.577835302517659,0.459260374132744,2
859,10,-0.824239945864209,0.143824823559515,2
860,10,-0.609070565539418,0.396411984818670,2
861,10,0.931599482115056,0.101848797911572,2
862,10,-0.649612215707273,0.554989845215427,2
863,10,0.777751249404269,-0.198311516138812,2
864,10,0.834379757043611,0.209425150176679,2
865,10,0.863428137714619,0.142202248112396,2
866,10,-0.814158703753515,0.038739435060526,2
867,10,0.747553493925072,-0.264326463525831,2
868,10,0.767397564873500,-0.090659270082386,2
869,10,-0.916448852630935,0.186014719299031,2
870,10,-0.877201052725180,-0.041890410850920,2
871,10,0.844229255699605,0.163596351637130,2
872,10,-0.598648844938045,-0.470457079847369,2
873,10,-0.889169963897085,0.129550009176968,2
874,10,0.915113862809056,0.166992518648821,2
875,10,1.108202774046565,0.251610774641416,2
876,10,-0.805850537070443,0.100071063244046,2
877,10,-0.636342240805003,0.200190503720387,2
878,10,-0.495831216106554,-0.356802808501009,2
879,10,-0.594714201344846,0.394763730597893,2
880,10,-0.961948566428622,0.061731526512791,2
881,10,0.692214967790289,-0.260916898810079,2
882,10,-0.845205806653750,-0.083942370772841,2
883,10,-0.922295147853236,0.010507882712118,2
884,10,1.072261175259740,0.283417592403330,2
885,10,-0.794170583857550,0.068968388799322,2
886,10,-0.901186610224823,0.206371559035190,2
887,10,1.012091958613835,0.195314372253725,2
888,10,-0.867098678266639,-0.065174558147777,2
889,10,0.865028582870538,0.078190839167804,2
890,10,-0.841814882974998,0.066569503727402,2
891,10,0.687805615455037,-0.342974302212824,2
892,10,-0.825588291706809,0.194437894118947,2
893,10,-0.318590636664638,0.575293470230437,2
894,10,-0.763926415252172,0.393399809501930,2
895,10,0.882023401233618,0.189327320278982,2
896,10,0.734812015589021,-0.106447535451781,0
897,10,-0.502919265424988,-0.360156527064624,2
898,10,-0.710676722754611,0.463677107303826,2
899,10,-0.807726022407777,0.137883807604402,2
900,10,-0.848816231122019,-0.086374791867939,0
901,10,-0.977920291181466,0.208949875900841,0
902,10,-0.737277060214259,0.181403521071492,2
903,10,-0.886509423085242,0.114947288614011,2
904,10,-0.827146142217689,0.402418001969762,2
905,10,0.883449567318625,0.129896473758180,2
906,10,1.029004247581126,0.181237314492221,2
907,10,0.888154218116173,0.165271598431783,2
908,10,1.052726122335973,0.185490596197097,2
909,10,0.628580445425007,-0.295593745716363,0
910,10,-0.729838669175789,-0.251928706836031,2
911,10,-0.716253289235681,0.419188792220183,2
912,10,0.791843754737160,-0.194182149887110,2
913,10,-0.593943053621845,0.404681659708401,2
914,10,-0.789853562625658,0.169486139852576,2
915,10,0.575423790873686,-0.222137114813314,2
916,10,-0.749408222773771,0.174963199590841,2
917,10,0.912098427656640,0.114979894375590,2
918,10,-0.462747970994671,0.300049021058095,2
919,10,0.931183978714308,0.142983016347553,2
800,11,-0.864459862975232,-0.000044121380827,2
801,11,0.547686236907586,-0.224336675910979,0
802,11,-0.982513228793308,0.110364995207321,2
803,11,-0.866646627526419,0.014448796310910,2
804,11,-0.938036845001636,0.048048420178704,2
805,11,0.922688987689058,0.211227580716116,2
806,11,0.626445568960845,-0.244239914830810,2
807,11,0.881280226055851,0.282773073981528,2
808,11,-0.479704012950256,-0.423151037126492,2
809,11,0.973015671960071,0.212528328675414,2
810,11,-0.642032785327327,0.570974883989976,2
811,11,0.924913826214089,0.099038820521488,2
812,11,0.920113452224223,0.136652244397392,2
813,11,0.710658539984784,-0.110386809076099,2
814,11,0.828844646245650,-0.169874155273017,2
815,11,1.009093759415332,0.187128616226477,2
816,11,-0.517663595343064,0.577641499468416,2
817,11,-0.898268744334129,0.196877297453248,2
818,11,0.887713781374006,-0.030652081669066,2
819,11,-0.701115414638976,0.103059566680981,2
820,11,0.553391466766886,-0.277956952266894,0
821,11,1.042092901723914,0.210924452435720,2
822,11,1.039118047561719,0.152876304593699,2
823,11,0.993667617563991,0.256969601833788,2
824,11,-0.941490819595353,0.012000289868682,2
825,11,0.832507827025323,-0.113524887528529,2
826,11,-0.462599645790882,-0.579776204964962,2
827,11,-0.934131874323547,0.078850176241139,2
828,11,0.943878618863956,0.179990415042693,2
829,11,-0.631863003290098,0.570241026568877,0
830,11,0.960301994103381,0.246967130713569,2
831,11,0.879651734513003,0.122754801031481,2
832,11,-0.868223229166635,0.058683934550679,2
833,11,-0.815339291207661,-0.137954453768450,0
834,11,0.655350463104181,-0.205675981986484,2
835,11,-0.697886650581529,-0.344314963019189,0
836,11,-0.839468062919122,-0.068012808759121,2
837,11,-0.895208425769239,0.048469997992980,2
838,11,0.917564096238869,0.152822370738061,2
839,11,-0.795176383228992,0.096087054872747,2
840,11,0.916208439853599,0.116505421365498,2
841,11,-0.558649853948604,0.463729395839254,0
842,11,0.814331756182225,-0.166563415536319,2
843,11,0.848025242970515,0.005148566346263,2
844,11,0.972010670291092,0.149739774077243,2
845,11,-0.809419533540427,0.059385161205956,0
846,11,0.667003483986396,-0.183536486690689,2
847,11,-0.676945603735512,0.383195316476856,2
848,11,-0.859068197994249,-0.137212524883364,2
849,11,-0.786031141346258,0.167720107404267,2
850,11,0.915785478758706,0.109209387111439,2
851,11,0.791165426709948,-0.207260771368271,0
852,11,-0.867694798654908,0.166446110900744,2
853,11,0.530756724699749,-0.239953880641364,2
854,11,-0.730948798535743,0.126550904550049,2
855,11,-0.875113479533239,-0.018452691033869,2
856,11,-0.873232730391095,0.072978682840267,2
857,11,1.039289193835784,0.129443677449932,2
858,11,-0.578984217420057,0.519854515232049,2
859,11,-0.839163470140607,0.096514559998487,2
860,11,-0.623171862808268,0.424723967841114,2
861,11,0.919457616653450,-0.040093237810260,2
862,11,-0.651287958731821,0.616628076822597,2
863,11,0.770556192142062,-0.160619750627208,2
864,11,0.865667204373050,0.111740690370274,2
865,11,0.869211102778903,0.088418354289848,2
866,11,-0.797827700118179,-0.005847772572561,2
867,11,0.668386500903821,-0.166964079975945,2
868,11,0.762859494293912,-0.054140523758320,2
869,11,-0.891883457480274,0.125225706869436,2
870,11,-0.854281489766474,-0.047987371660252,2
871,11,0.856901405070174,0.102641084442326,2
872,11,-0.645678496996923,-0.461212710524304,2
873,11,-0.875624226857712,0.099564759934437,2
874,11,0.904004328316099,0.095759940883901,2
875,11,1.128567280709085,0.203053289256048,2
876,11,-0.797953880044069,0.068716341529829,2
877,11,-0.632625196335900,0.237716364461636,2
878,11,-0.487617186361543,-0.409655414454421,2
879,11,-0.567225240054266,0.413028155969176,2
880,11,-0.942918264528117,0.038862643177067,2
881,11,0.711118801856758,-0.260266578174489,2
882,11,-0.793831729437609,-0.053598400252134,2
883,11,-0.896661615770573,0.020774895451926,2
884,11,1.097690076129677,0.224858952026102,2
885,11,-0.786505170311948,0.024669917840039,2
886,11,-0.824253878353440,0.149718689331180,2
887,11,1.013569033068093,0.142354884071565,2
888,11,-0.855886361911594,-0.095871789000552,2
889,11,0.869277094033848,0.031742195675225,2
890,11,-0.703410725520778,0.158233085898439,2
891,11,0.612912083864448,-0.198462631750987,2
892,11,-0.810840189377034,0.145704464961087,2
893,11,-0.334922514710204,0.538385338702490,2
894,11,-0.802653476259027,0.550920781668516,2
895,11,0.906385207671756,0.129227148790757,2
896,11,0.734812015589021,-0.106447535451781,0
897,11,-0.528986584511621,-0.325964192531586,2
898,11,-0.664821851877132,0.522885826188079,2
899,11,-0.821930982368059,0.103974533471913,2
900,11,-0.848816231122019,-0.086374791867939,0
901,11,-0.977920291181466,0.208949875900841,0
902,11,-0.724433313987774,0.147088990868510,2
903,11,-0.867215449183872,0.088820076883888,2
904,11,-0.843073107108809,0.479060875066489,2
905,11,0.867346874234691,0.076974319374010,2
906,11,1.037782706557655,0.129923258593035,2
907,11,0.886260937924192,0.098639863494197,2
908,11,1.048216373702818,0.135445472102879,2
909,11,0.628580445425007,-0.295593745716363,0
910,11,-0.626072732316988,-0.300889333231197,2
911,11,-0.653113646111605,0.426043460995688,2
912,11,0.698260757068057,-0.188309802387852,2
913,11,-0.569936342235061,0.455328610050144,2
914,11,-0.795052989945627,0.127161424413211,2
915,11,0.627360480813624,-0.160743427104644,2
916,11,-0.733910253845707,0.164550067212752,2
917,11,0.912766247325171,0.071967480937214,2
918,11,-0.480181023282496,0.382944936041312,2
919,11,0.926470682236178,0.076759013875653,2
920,11,-0.957030341423878,0.359357731786741,2
921,11,0.526530448730884,-0.352412665554058,2
800,12,-0.852870481977735,-0.032084141379850,2
801,12,0.547686236907586,-0.224336675910979,0
802,12,-0.979206555080550,0.073913550569891,2
803,12,-0.847846174503920,-0.100490335742145,2
804,12,-0.933935606612222,0.069166573152117,2
805,12,0.944289511467336,0.132138719272262,2
807,12,0.858537881335713,0.259478968866215,2
808,12,-0.488086706755316,-0.399671402127739,2
809,12,0.901637221655617,0.189908825585245,2
810,12,-0.621754953386002,0.572157518064110,2
811,12,0.930946891238627,0.062920600740194,2
812,12,0.907128318529839,0.077258542705998,2
813,12,0.733642030142568,-0.068884825086262,2
814,12,0.817418679034344,-0.138577378751337,2
815,12,1.041489499104782,0.137367947416556,2
816,12,-0.478600029086092,0.611058305016158,2
818,12,0.857848987821827,-0.018318654140992,2
819,12,-0.692586613949841,0.064012964393164,2
820,12,0.553391466766886,-0.277956952266894,0
821,12,1.017551943567749,0.156939173864712,2
822,12,1.017381891217653,0.092321811086911,2
823,12,1.005556994007102,0.279409198325039,2
824,12,-0.926744685611745,0.009281315083958,2
825,12,0.810227358102902,-0.013122690164887,2
826,12,-0.463443203526486,-0.761398262729374,2
827,12,-0.919698754878664,0.030319462562806,2
828,12,1.010804581177069,0.149747354622990,2
829,12,-0.631863003290098,0.570241026568877,0
830,12,1.023371024145646,0.277611739481714,2
831,12,0.872565832692544,0.077970398310233,2
832,12,-0.859871623304738,0.161455424109192,2
833,12,-0.815339291207661,-0.137954453768450,0
834,12,0.704605556497573,-0.304678322589973,2
835,12,-0.697886650581529,-0.344314963019189,0
836,12,-0.834701945064456,-0.082465462717040,2
837,12,-0.878950887440042,0.015382189550118,2
838,12,0.904898886530430,0.112587754939727,2
839,12,-0.781101030606429,0.071630824267881,2
840,12,0.855531186201044,0.079320632262976,2
841,12,-0.558649853948604,0.463729395839254,0
842,12,0.788391154189910,-0.141597323188402,2
843,12,0.853708879914005,0.039091592282107,2
844,12,0.961461996213677,0.090751195913414,2
845,12,-0.809419533540427,0.059385161205956,0
846,12,0.644028498274861,-0.132374451881665,2
847,12,-0.624928345058842,0.406427155553303,2
848,12,-0.848614949026902,-0.159764385893498,2
849,12,-0.775149371199020,0.103747327070184,2
850,12,0.908688033026945,0.071468047911746,2
851,12,0.791165426709948,-0.207260771368271,0
852,12,-0.826628060290122,0.200922866822727,2
853,12,0.381345714407448,-0.264180915213908,2
854,12,-0.718351683775188,0.089511520276148,2
855,12,-0.853581137717843,-0.045312223647679,2
856,12,-0.824176518704193,0.042990359358812,2
857,12,1.043527181556146,0.068018369637697,2
858,12,-0.577210460743564,0.557333843630698,2
859,12,-0.858764415900526,0.048112079380954,2
860,12,-0.630009388495025,0.445579143355006,2
861,12,0.966241419445038,-0.047784139235591,2
862,12,-0.646180064572706,0.657133213864461,2
863,12,0.761264900550575,-0.119296857211399,2
864,12,0.897293075681064,0.004088053344906,2
865,12,0.872176385505459,0.038734214099211,2
866,12,-0.779046104840309,-0.047818698595619,2
867,12,0.617739923470840,-0.081649355632169,2
868,12,0.765239091633696,-0.016812809145172,2
869,12,-0.868934321215165,0.070982172692456,2
870,12,-0.830869763525736,-0.035664250711286,2
871,12,0.862919608253922,0.042553455230299,2
872,12,-0.703124390722253,-0.440980192943356,2
873,12,-0.856727416508840,0.068916168245170,2
874,12,0.890561564586931,0.032611384885826,2
875,12,1.137395375669588,0.155197168361593,2
876,12,-0.785343407407005,0.035037426482010,2
877,12,-0.627905860195271,0.267791511831158,2
878,12,-0.485402038827883,-0.476129387509766,2
879,12,-0.541420821924807,0.416997103779814,2
880,12,-0.924923235372698,0.016148097720061,2
881,12,0.728897639131306,-0.266344429580198,2
882,12,-0.735006286608317,0.004412177518685,2
883,12,-0.872907259386506,0.027068558175402,2
884,12,1.115990090159081,0.163612300371232,2
885,12,-0.776117921814828,-0.017370272266321,2
886,12,-0.723936638465598,0.088058141155454,2
887,12,1.002018660538935,0.093694324482544,2
888,12,-0.843781145823787,-0.116859973446150,2
889,12,0.864681284357805,-0.006759980868650,2
890,12,-0.534431486160518,0.288073349644382,2
891,12,0.557350618699399,-0.067611832654909,2
892,12,-0.793496231745333,0.094491979606463,2
893,12,-0.345115391902922,0.502960933079183,2
894,12,-0.854231350814630,0.739273995698809,2
895,12,0.927145533701049,0.069844597062450,2
896,12,0.734812015589021,-0.106447535451781,0
897,12,-0.554260857844473,-0.284551031380641,2
898,12,-0.623415590397536,0.563659862774937,2
899,12,-0.838768297899274,0.073804692886251,2
900,12,-0.848816231122019,-0.086374791867939,0
901,12,-0.977920291181466,0.208949875900841,0
902,12,-0.711807274361434,0.113712102079499,2
904,12,-0.862162851003282,0.576004977232580,2
905,12,0.851394181786885,0.027514738901182,2
906,12,1.040083989650528,0.080162518581897,2
907,12,0.882402370531095,0.031978323900130,2
908,12,1.040402350770873,0.086073601595181,2
909,12,0.628580445425007,-0.295593745716363,0
910,12,-0.498810668224708,-0.338154667722874,2
911,12,-0.601559551861218,0.426981165035404,2
912,12,0.571029720218324,-0.189664023082506,2
913,12,-0.549295552436106,0.488475660828872,2
914,12,-0.804133870000362,0.082787889766096,2
915,12,0.667305021170967,-0.104534979901660,2
916,12,-0.719865288124545,0.149526469925764,2
917,12,0.905818161659411,0.031819305141633,2
918,12,-0.508466688156456,0.469903392276554,2
919,12,0.919013949614836,0.016809137375537,2
920,12,-0.913289685712058,0.247966467465509,2
921,12,0.466405235030374,-0.344670569935575,2
922,12,-0.634778372579869,0.188655832567106,1
800,13,-0.837853454691797,-0.058855984980227,2
802,13,-0.972926161437867,0.039814165860516,2
803,13,-0.829216561533270,-0.201040407102258,2
808,13,-0.511013305060057,-0.353734997263808,2
809,13,0.881181412898592,0.150173038994457,2
810,13,-0.600042713664678,0.546165920204291,2
811,13,0.933693473421034,0.030199854042867,2
812,13,0.884758455879201,0.015870640586567,2
813,13,0.756619670288741,-0.026859542316175,2
814,13,0.797811052783819,-0.107756278745710,2
815,13,1.046790337917762,0.083533452494401,2
816,13,-0.440531235175036,0.623987393441951,2
818,13,0.816440235642404,-0.011300077668006,2
819,13,-0.685642342619654,0.024810524467668,2
822,13,0.977715815317611,0.032455173061477,2
824,13,-0.906710037322816,0.006418816615376,2
825,13,0.785171447662404,0.102473806113296,2
827,13,-0.900986799390954,0.005239021817713,2
831,13,0.864101042929080,0.033279069071896,2
836,13,-0.825820638551134,-0.096879282968191,2
837,13,-0.862401513023601,-0.014789252734334,2
838,13,0.887194581441298,0.062801930827462,2
839,13,-0.765686302489496,0.043621081370289,2
843,13,0.856890672007353,0.069388325308270,2
844,13,0.941735404608380,0.029573925187510,2
846,13,0.630405842513112,-0.058684905036912,2
847,13,-0.588147748456697,0.423036169651352,2
848,13,-0.836660577225776,-0.167616300062777,2
849,13,-0.762408492223576,0.033877230484125,2
850,13,0.896904564641097,0.034811094540754,2
853,13,0.184518598774201,-0.268669290256689,2
854,13,-0.705000605354949,0.052971332112112,2
855,13,-0.829736960773243,-0.071155247753696,2
856,13,-0.781150466654156,0.017575173861912,2
857,13,1.040487212986771,0.009013740789692,2
858,13,-0.572514032488178,0.571698359328693,2
860,13,-0.629583142599691,0.458977511360346,2
861,13,1.071950890489819,0.078776093635578,2
862,13,-0.634288533229926,0.676505256341019,2
863,13,0.749877374629807,-0.074342835891384,2
865,13,0.872323985894286,-0.006850172459514,2
866,13,-0.757813917919903,-0.087173343008649,2
867,13,0.595613761626125,-0.008382290494503,2
868,13,0.774536356892854,0.021323873757058,2
869,13,-0.847601443835608,0.023284116768092,2
870,13,-0.806965874002965,-0.004921048004023,2
871,13,0.862283865250849,-0.016666535998952,2
873,13,-0.832479532850469,0.037604234109167,2
874,13,0.874785571621553,-0.022453149345404,2
875,13,1.134687058928076,0.108042411958050,2
876,13,-0.768019119159250,-0.000965681899410,2
877,13,-0.622184232383113,0.290415945828954,2
879,13,-0.517300946956471,0.406670574029806,2
880,13,-0.907963478962366,-0.006412109858225,2
883,13,-0.851032078701034,0.029388870882546,2
885,13,-0.763008838366190,-0.057152181519758,2
887,13,0.977440841026359,0.049332693486662,2
888,13,-0.830783030003217,-0.128139111484570,2
889,13,0.851241153842411,-0.037315690463822,2
891,13,0.521121219959890,0.049578095075412,2
892,13,-0.773556418811706,0.040800438055075,2
893,13,-0.349169268242791,0.469020253360518,2
895,13,0.944304379321495,0.011179665094063,2
897,13,-0.578742085423544,-0.235917043611788,2
898,13,-0.586457938315821,0.585999217064398,2
902,13,-0.699398941335240,0.081272854704457,2
905,13,0.835591489975205,-0.018482267660305,2
906,13,1.035908096859746,0.031955094458809,2
907,13,0.876578515936880,-0.034713020350416,2
908,13,1.029284053540136,0.037374984674003,2
911,13,-0.561591006484518,0.422001904339329,2
913,13,-0.532020684224978,0.504122812044586,2
915,13,0.695257411945715,-0.053511773204360,2
916,13,-0.707273325610285,0.129892407729878,2
917,13,0.891254170659359,-0.005464633011152,2
919,13,0.908813780850279,-0.036866613152797,2
920,13,-0.874252273200583,0.149183443697814,2
922,13,-0.651634753894632,0.105090437489833,1
923,13,0.874221257517842,-0.007328518218042,2
924,13,-0.865205953604923,0.273410833645639,2
925,13,-0.626268903108400,0.060854202307727,2
926,13,0.962740500523100,0.183139601323872,2
927,13,0.545363977351952,-0.243054627461100,2
928,13,0.781834820880634,-0.161744320618400,0
929,13,-0.689210570869707,-0.007042197732663,2
930,13,-1.113549572043177,0.048588240888053,2
931,13,-0.855303318147977,0.035054853360980,2
932,13,-0.484491847414421,0.378133289070965,0
933,13,-0.540860321972396,0.575566666906967,2
934,13,-0.610286556329361,0.370152124368836,2
935,13,0.664656159421599,-0.284698049447810,2
936,13,-0.805032847069702,-0.015139745174583,2
937,13,-1.127062214495684,0.011548464659853,2
938,13,0.969423024005197,0.143859020760570,2
939,13,1.092027746891907,0.171555908412499,2
940,13,1.109582060386341,-0.014300270341666,2
941,13,-0.842738206945249,0.019704616400669,2
942,13,1.049042194244598,-0.010053149453822,2
943,13,0.452592958969526,0.891717227315481,0
944,13,0.809458441049302,-0.029655088410490,2
945,13,0.971820151069064,0.085082643699459,2
946,13,0.651207233386067,-0.071170564245713,2
947,13,-0.574373640527888,0.599157767604079,2
948,13,0.553765418890474,-0.292638807759157,2
949,13,0.424555640501699,-0.171678859162784,2
950,13,-0.508088804664539,0.504229228406549,2
951,13,0.886321975503943,0.079168705288522,2
952,13,0.755004109499255,0.197167532218943,2
953,13,0.624058517703608,-0.129100152951971,2
954,13,1.051645166176411,-0.043449193269240,2
955,13,1.146370437207348,0.013251446637714,2
956,13,-1.073374699357897,0.039758456912849,2
957,13,-0.569056677259876,0.284262830509104,2
958,13,-0.668283649888401,-0.021540539595885,2
959,13,0.954004518504779,0.066267175861961,2
960,13,-0.674612601301758,-0.045294551213702,0
961,13,0.513663152497232,0.194618653224137,2
962,13,0.679434258826227,-0.250903995381606,2
963,13,-0.411862125508426,0.492370694343465,2
964,13,0.829376597576228,-0.100456730695286,0
965,13,0.978592555164904,-0.149701675493907,0
800,14,-0.819408781117417,-0.080359652181959,2
802,14,-0.963672047865259,0.008066841079196,2
803,14,-0.810757788614468,-0.287201417769429,2
808,14,-0.548483807864480,-0.285341822534698,2
809,14,0.911648245688994,0.093320968903049,2
810,14,-0.576896066163356,0.493000090410517,2
811,14,0.933153572761312,0.000876580429507,2
812,14,0.853003864272310,-0.047511461960903,2
813,14,0.779591460423303,0.015689039234162,2
814,14,0.770021767494075,-0.077410855256137,2
815,14,1.024996275854274,0.025625131460012,2
816,14,-0.403457213609894,0.616428764745794,2
818,14,0.763487524835736,-0.009596352250107,2
819,14,-0.680282600648416,-0.014547753095505,2
822,14,0.920119819861595,-0.026723609482605,2
824,14,-0.881386874728564,0.003412794462936,2
825,14,0.757340095703830,0.233264601306019,2
827,14,-0.877996007860418,0.003608854005860,2
831,14,0.854257365222610,-0.011319186683530,2
836,14,-0.812824143379157,-0.111254269512574,2
837,14,-0.845560302519916,-0.042044328860376,2
838,14,0.864451180971472,0.003464898401266,2
839,14,-0.748932198878194,0.012057826179969,2
843,14,0.857570619250560,0.096038765424752,2
844,14,0.912830895475200,-0.033792038100470,2
846,14,0.626135516701148,0.037532153843570,2
847,14,-0.566603813929079,0.433022358771003,2
848,14,-0.823205082590871,-0.160768267391201,2
849,14,-0.747808504419923,-0.041890182353910,2
850,14,0.880435073601163,-0.000761473001538,2
853,14,-0.059724622199992,-0.253419005769709,2
854,14,-0.690895563275026,0.016930340057941,2
855,14,-0.803580948699440,-0.095981763351919,2
856,14,-0.744154574240984,-0.003266873650435,2
857,14,1.030169288127659,-0.047570209094082,2
858,14,-0.564894932653899,0.562948062326032,2
860,14,-0.621893125122265,0.464919071857134,2
861,14,1.236586029787792,0.339587460803248,2
862,14,-0.615613364703483,0.674744204252272,2
863,14,0.736393614379757,-0.025757686667164,2
865,14,0.869653903945384,-0.048334805386328,2
866,14,-0.734131139356963,-0.123911705811650,2
867,14,0.602008015369680,0.052837115437053,2
868,14,0.790751290071384,0.060269524948370,2
869,14,-0.827884825341601,-0.017868460903656,2
870,14,-0.782569821198163,0.044242236461536,2
871,14,0.854994176060955,-0.075018889245427,2
873,14,-0.802880575882600,0.005628957526428,2
874,14,0.856676349419963,-0.069433661809789,2
875,14,1.120442330484547,0.061589020045420,2
876,14,-0.745981015300804,-0.039292983614432,2
877,14,-0.615460312899429,0.305589666455023,2
879,14,-0.494865615149257,0.382048566719153,2
880,14,-0.892038995297121,-0.028817979557791,2
883,14,-0.831036073714157,0.027735833573357,2
885,14,-0.747177919966034,-0.094675809920273,2
887,14,0.939835574530367,0.009269991083919,2
888,14,-0.816892014449886,-0.129709203115813,2
889,14,0.828956702487666,-0.059924933110291,2
891,14,0.504223887645923,0.153107151439975,2
892,14,-0.751020750576153,-0.015370159693077,2
893,14,-0.347084143729812,0.436563299546493,2
895,14,0.957861744533095,-0.046767647114406,2
897,14,-0.602430267248834,-0.180062229225028,2
898,14,-0.553948895631989,0.589903889056462,2
902,14,-0.687208314909191,0.049771248743386,2
905,14,0.819938798799654,-0.061016700310450,2
906,14,1.025255028185309,-0.014699013776229,2
908,14,1.014861482010609,-0.010650378660654,2
911,14,-0.533208009981505,0.411105678907465,2
913,14,-0.518111737601680,0.502270063697285,2
915,14,0.711217653137867,-0.007673807012745,2
916,14,-0.696134366302928,0.105647880625093,2
917,14,0.869074274325015,-0.039884333521141,2
919,14,0.895870175942509,-0.084268237709348,2
920,14,-0.839918103889452,0.063008660483655,2
922,14,-0.668491135209395,0.021525042412561,1
923,14,0.898707535304933,-0.035059872943343,2
924,14,-0.826796196117932,0.170961255808981,2
925,14,-0.633007591880825,0.000168844762494,2
926,14,0.884809760249918,0.053951629167445,2
927,14,0.521094224764363,0.011736511946474,2
928,14,0.781834820880634,-0.161744320618400,0
929,14,-0.681526187691016,-0.014426555825545,2
930,14,-1.038643565594695,0.038825365682304,2
931,14,-0.831757768255868,-0.010725778884348,2
932,14,-0.484491847414421,0.378133289070965,0
933,14,-0.526688237316436,0.518871987695651,2
934,14,-0.581891040908526,0.416488393774064,2
935,14,0.783491323051689,-0.033150527398502,2
936,14,-0.849951918768623,0.095315086089806,2
937,14,-1.084896713320707,0.005278615550159,2
938,14,0.913991304985067,0.038656101554094,2
939,14,0.999978718397293,0.024329577646693,2
940,14,1.021449941942912,-0.089332497813452,2
941,14,-0.825180943135290,0.016904993252116,2
942,14,0.952133738202258,-0.072912813528649,2
943,14,0.452592958969526,0.891717227315481,0
944,14,0.803644542240456,-0.091269575043352,2
945,14,0.932616411767202,0.013562262991235,2
946,14,0.730306785143703,-0.006462139395173,2
947,14,-0.597877401036354,0.531170078931913,2
948,14,0.708527074987224,-0.012691482588074,2
949,14,0.542957769744995,-0.048971669297218,2
950,14,-0.517576406132786,0.597242485187518,2
951,14,0.831609597031451,-0.006008074506509,2
952,14,0.797489451991883,0.171440249493234,2
953,14,0.700902836804748,-0.046221700743245,2
954,14,0.988699525327023,-0.098282438153836,2
955,14,1.051602581172139,-0.071919147186092,2
956,14,-1.011113860435657,0.007975607078694,2
957,14,-0.596948364758804,0.371044347369618,2
958,14,-0.649607312943773,-0.036516789299222,2
959,14,0.967814516530516,0.014872320748332,2
960,14,-0.674612601301758,-0.045294551213702,0
961,14,0.399297893759941,0.661554897279952,2
962,14,0.758482102207103,-0.167920147377399,2
963,14,-0.399012412520030,0.493837996021667,2
964,14,0.829376597576228,-0.100456730695286,0
965,14,0.978592555164904,-0.149701675493907,0
966,14,0.815258880895686,-0.120486494950485,0
967,14,0.670248840949506,-0.161728617109004,2
800,15,-0.797536461254596,-0.096595142985046,2
802,15,-0.951444214362726,-0.021328423774071,2
803,15,-0.792469855747516,-0.358973367743657,2
808,15,-0.600498215168585,-0.194491877940410,2
809,15,0.993037720026823,0.019352615311022,2
810,15,-0.552315010882035,0.412660028682791,2
811,15,0.929327189259459,-0.025049220099887,2
812,15,0.811864543709166,-0.112887764936410,2
813,15,0.802557400546255,0.058760919564748,2
814,15,0.734050823165113,-0.047541108282617,2
815,15,0.976107312914316,-0.036357015686610,2
816,15,-0.367377964390667,0.588382418927688,2
818,15,0.698990855401824,-0.013207477887297,2
819,15,-0.676507388036127,-0.054061868296356,2
822,15,0.844593904849602,-0.085214536545334,2
824,15,-0.850775197828990,0.000263248626638,2
825,15,0.726733302227180,0.379249695413282,2
827,15,-0.850726380287055,0.025428959127248,2
831,15,0.843034799573135,-0.055824368956045,2
836,15,-0.795712459548523,-0.125590422350189,2
837,15,-0.828427255928987,-0.066383038828008,2
838,15,0.836668685120951,-0.065423342338860,2
839,15,-0.730838719772524,-0.023058941303078,2
843,15,0.855748721643624,0.119042912631554,2
846,15,0.631217520838969,0.156276724759782,2
847,15,-0.560296541475986,0.436385722912255,2
848,15,-0.808248465122187,-0.139220287878771,2
849,15,-0.731349407788064,-0.123554911443920,2
850,15,0.859279559907144,-0.035249654715129,2
853,15,-0.351383948515129,-0.218430061752967,2
854,15,-0.676036557535419,-0.018611455886364,2
855,15,-0.775113101496433,-0.119791770442350,2
856,15,-0.713188841464678,-0.019535783178227,2
857,15,1.012573406978809,-0.101733480013626,2
858,15,-0.554353161240729,0.531082952622716,2
860,15,-0.606939336062748,0.463403824845370,2
862,15,-0.590154558993376,0.651850057598220,2
863,15,0.720813619800428,0.026458590461262,2
865,15,0.864166139658754,-0.085719684681230,2
866,15,-0.707997769151487,-0.158033787004623,2
867,15,0.636922684701502,0.102008862162500,2
868,15,0.813883891169287,0.100024144428763,2
869,15,-0.809784465733146,-0.052475560322789,2
870,15,-0.757681605111328,0.111825602685392,2
871,15,0.841050540684241,-0.132503604509125,2
873,15,-0.767930545605232,-0.027009661503048,2
874,15,0.836233897982163,-0.108330152507330,2
875,15,1.094661190339003,0.015836992623702,2
876,15,-0.719229095831667,-0.079944478663055,2
877,15,-0.607734101744216,0.313312673709365,2
879,15,-0.474114826503165,0.343131081847854,2
880,15,-0.877149784376963,-0.051069511378639,2
883,15,-0.812919244425876,0.022109446247837,2
885,15,-0.728625166614359,-0.129941157467865,2
887,15,0.889202861050957,-0.026493782725684,2
888,15,-0.802108099163792,-0.121570248339877,2
889,15,0.797827930293568,-0.074587708808056,2
891,15,0.506658621757497,0.242975336438780,2
892,15,-0.725889227038674,-0.074019813637993,2
893,15,-0.338860018363984,0.405590071637110,2
895,15,0.967817629335849,-0.103997339562956,2
897,15,-0.625325403320344,-0.116986588220361,2
898,15,-0.525888462346038,0.575373878751130,2
902,15,-0.675235395083287,0.019207284196284,2
905,15,0.804436108260230,-0.100088559049254,2
906,15,1.008124783627217,-0.059799806123218,2
908,15,0.997134636182290,-0.058002488408790,2
911,15,-0.516410562352181,0.394292488739811,2
913,15,-0.507568712566209,0.482917415786969,2
915,15,0.715185744747424,0.032978918673185,2
916,15,-0.686448410202473,0.076792888611409,2
917,15,0.839278472656379,-0.071439796388335,2
919,15,0.880183134891526,-0.125395736294116,2
920,15,-0.810287177778665,-0.010557882176967,2
922,15,-0.685347516524158,-0.062040352664712,1
923,15,0.908517612210422,-0.060366981242069,2
924,15,-0.794121377365585,0.075440497462960,2
925,15,-0.633750121769550,-0.057466106838184,2
926,15,0.815319376429508,-0.054643657840498,2
927,15,0.522756460821739,0.220964158231030,2
928,15,0.781834820880634,-0.161744320618400,0
929,15,-0.671353791566493,-0.013570133515108,2
930,15,-0.978529169542457,0.026530588029108,2
931,15,-0.810844525690185,-0.049402065033707,2
932,15,-0.484491847414421,0.378133289070965,0
933,15,-0.512712410106284,0.471610850448233,2
934,15,-0.553791063841796,0.445958800371066,2
935,15,0.877475376099528,0.146357536537157,2
936,15,-0.882596274571487,0.189489393569742,2
937,15,-1.048637703228788,-0.000540556075443,2
938,15,0.867148018702581,-0.045617229328372,2
939,15,0.921287774888340,-0.092440991149018,2
940,15,0.945110209020825,-0.150922801478110,2
941,15,-0.809486669961671,0.010265321902603,2
942,15,0.871072709750155,-0.125547252683058,2
943,15,0.452592958969526,0.891717227315481,0
944,15,0.795945207504058,-0.140408829680658,2
945,15,0.892326743523745,-0.047484975614571,2
946,15,0.795842361529869,0.047823891456518,2
947,15,-0.607424781703825,0.475359021333264,2
948,15,0.725136514737130,0.257500114463268,2
949,15,0.640957586179054,0.056273021753327,2
950,15,-0.531655098090598,0.646766817847559,2
951,15,0.794993041989707,-0.072124291204270,2
952,15,0.831639032014073,0.152153412786265,2
953,15,0.758281283266605,0.026082144125326,2
954,15,0.931714601590341,-0.147608371949409,2
955,15,0.968506662185367,-0.143388984235357,2
956,15,-0.960099248570998,-0.017201915188715,2
957,15,-0.618913205129187,0.428630893435132,2
958,15,-0.629531576196345,-0.062217134175664,2
959,15,0.970340320340545,-0.033169248836172,2
960,15,-0.674612601301758,-0.045294551213702,0
961,15,0.264486233460666,0.914040952230323,2
962,15,0.850211846276840,-0.071060147531951,2
963,15,-0.388605828107819,0.478082120321638,2
964,15,0.829376597576228,-0.100456730695286,0
965,15,0.978592555164904,-0.149701675493907,0
966,15,0.815258880895686,-0.120486494950485,0
967,15,0.715200793081522,-0.177105300584525,2
800,16,-0.772236495103333,-0.107562457389489,2
802,16,-0.936242660930268,-0.048371628699283,2
803,16,-0.774352762932412,-0.416356257024943,2
808,16,-0.667056526972372,-0.081185163480944,2
809,16,1.125349835912081,-0.071732021781625,2
810,16,-0.526299547820715,0.305145735021110,2
811,16,0.922214322915476,-0.047577547545314,2
812,16,0.761340494189768,-0.180258268339956,2
813,16,0.825517490657596,0.102356098675584,2
814,16,0.689898219796932,-0.018147037825150,2
815,16,0.900123449097889,-0.102412988945466,2
816,16,-0.332293487517354,0.539848355987632,2
818,16,0.622950227340667,-0.022133454579575,2
819,16,-0.674316704782785,-0.093731821134885,2
822,16,0.751138070281634,-0.143017608126709,2
824,16,-0.814875006624093,-0.003029820893518,2
825,16,0.693351067232454,0.540429088435085,2
827,16,-0.819177916670867,0.070699337181875,2
831,16,0.830433345980655,-0.100236477745649,2
836,16,-0.774485587059234,-0.139887741481036,2
837,16,-0.811002373250815,-0.087805382637229,2
838,16,0.803847093889737,-0.143862791392918,2
839,16,-0.711405865172483,-0.061729221078852,2
843,16,0.851424979186547,0.138400766928676,2
846,16,0.645651854926576,0.297548807711723,2
847,16,-0.569225931097420,0.433126262075109,2
848,16,-0.791790724819725,-0.102972361525485,2
849,16,-0.713031202327997,-0.211116956785907,2
850,16,0.833438023559038,-0.068653450600019,2
853,16,-0.690459380171212,-0.163702458206463,2
854,16,-0.660423588136128,-0.053654055720803,2
855,16,-0.744333419164223,-0.142585269024987,2
856,16,-0.688253268325236,-0.031231554721466,2
857,16,0.987699569540221,-0.153476071968940,2
858,16,-0.540888718248666,0.476103030218744,2
860,16,-0.584721775421139,0.454431770325053,2
862,16,-0.557912116099605,0.607822816378861,2
863,16,0.703137390891817,0.082305995493894,2
865,16,0.855860693034394,-0.119004810344221,2
866,16,-0.679413807303477,-0.189539586587567,2
867,16,0.700357769621593,0.139132949681837,2
868,16,0.843934160186562,0.140587732198239,2
869,16,-0.793300365010242,-0.080537181489305,2
870,16,-0.732301225742460,0.197829050667545,2
871,16,0.820452959120706,-0.189120681790047,2
873,16,-0.727629442018366,-0.060311622979259,2
874,16,0.813458217308152,-0.139142621438026,2
875,16,1.057343638491442,-0.029213670307102,2
876,16,-0.687763360751840,-0.122920167045280,2
877,16,-0.599005598917477,0.313584967591981,2
879,16,-0.455048581018195,0.289918119415909,2
880,16,-0.863295846201892,-0.073166705320768,2
883,16,-0.796681590836190,0.012509708905985,2
885,16,-0.707350578311166,-0.162948224162534,2
887,16,0.825542700588131,-0.057958627942148,2
888,16,-0.786431284144936,-0.103722247156764,2
889,16,0.757854837260119,-0.081304017557117,2
891,16,0.528425422294611,0.319182650071827,2
892,16,-0.698161848199269,-0.135148523779672,2
893,16,-0.324496892145308,0.376100569632367,2
895,16,0.974172033729756,-0.160509412251588,2
897,16,-0.647427493638073,-0.046690120597787,2
898,16,-0.502276638457970,0.542409186148402,2
902,16,-0.663480181857529,-0.010419038936849,2
905,16,0.789083418356934,-0.135697843876717,2
906,16,0.984517363185470,-0.103347282582158,2
908,16,0.976103516055181,-0.104681344570406,2
911,16,-0.511198663596545,0.371562333836367,2
913,16,-0.500391609118567,0.446064868313638,2
915,16,0.707161686774385,0.068446403853430,2
916,16,-0.678215457308921,0.043327431688827,2
917,16,0.801866765653451,-0.100131021612734,2
919,16,0.861752657697328,-0.160249108907101,2
920,16,-0.785359494868221,-0.071516184284053,2
922,16,-0.702203897838921,-0.145605747741985,1
923,16,0.903651488234309,-0.083249843114221,2
924,16,-0.767181497347882,-0.013151441392426,2
925,16,-0.628496492774573,-0.112050652494307,2
926,16,0.754269349061870,-0.142646259699957,2
927,16,0.550350685524081,0.384628311392568,2
928,16,0.781834820880634,-0.161744320618400,0
929,16,-0.658693382496140,-0.004472930801352,2
930,16,-0.933206383886462,0.011703907928466,2
931,16,-0.792563590450930,-0.080974005087097,2
932,16,-0.484491847414421,0.378133289070965,0
933,16,-0.498932840341938,0.433783255164715,2
934,16,-0.525986625129170,0.458563344159842,2
935,16,0.946608318565114,0.253826142359167,2
936,16,-0.902965914478296,0.267383177265225,2
937,16,-1.018285184219926,-0.005909050216952,2
938,16,0.828893165157737,-0.108960971886827,2
939,16,0.855954916365049,-0.178755797974634,2
940,16,0.880562861620080,-0.199071181335640,2
941,16,-0.795655387424393,-0.000214397647869,2
942,16,0.805859108888291,-0.167956466917049,2
943,16,0.452592958969526,0.891717227315481,0
944,16,0.786360436840110,-0.177072852322408,2
945,16,0.850951146338691,-0.098059072117961,2
946,16,0.847813962544565,0.091687528309360,2
947,16,-0.603015782530299,0.431724594808133,2
948,16,0.603593738140194,0.517935983394870,2
949,16,0.718555089803876,0.144055213988850,2
950,16,-0.550324880537977,0.652802226386671,2
951,16,0.776472310378711,-0.119179944804760,2
952,16,0.857452849565825,0.139307022098037,2
953,16,0.796193857089179,0.087811381653741,2
954,16,0.880690394966363,-0.191426994655959,2
955,16,0.897082680247031,-0.201158064510081,2
956,16,-0.920330863763920,-0.035774109889378,2
957,16,-0.634951198371024,0.457022468705645,2
958,16,-0.608056439646116,-0.098641574225212,2
959,16,0.961581929934867,-0.077857532891550,2
960,16,-0.674612601301758,-0.045294551213702,0
961,16,0.109228171599407,0.952076818075251,2
962,16,0.954623491035440,0.039676004154738,2
963,16,-0.380642372271794,0.445103067243377,2
964,16,0.829376597576228,-0.100456730695286,0
965,16,0.978592555164904,-0.149701675493907,0
966,16,0.815258880895686,-0.120486494950485,0
967,16,0.750738158561824,-0.187736952973537,2
177,17,-0.734631693369484,0.055826086610869,2
802,17,-0.918067387567885,-0.073062773696441,2
811,17,0.911814973729362,-0.066708401906774,2
813,17,0.848471730757326,0.146474576566670,2
819,17,-0.673710550888393,-0.133557611611092,2
836,17,-0.749143525911290,-0.154146226905115,2
837,17,-0.793285654485398,-0.106311360288041,2
839,17,-0.690633635078074,-0.103953013147353,2
843,17,0.844599391879328,0.154112328316117,2
846,17,0.669438518963969,0.461348402699394,2
848,17,-0.773831861683484,-0.052024488331344,2
850,17,0.802910464556846,-0.100972860656210,2
852,17,-0.759763136726263,0.249315178574054,2
854,17,-0.644056655077153,-0.088197459445377,2
855,17,-0.711241901702810,-0.164362259099832,2
856,17,-0.669347854822659,-0.038354188280150,2
857,17,0.955547775811896,-0.202797984960023,2
860,17,-0.555240443197438,0.438002908296185,2
862,17,-0.518886036022170,0.542662480594197,2
863,17,0.683364927653925,0.141784528430731,2
865,17,0.844737564072306,-0.148190182375300,2
866,17,-0.648379253812931,-0.218429104560482,2
867,17,0.792313270129952,0.164209377995064,2
868,17,0.880902097123210,0.181960288256796,2
869,17,-0.778432523172889,-0.102053324403207,2
874,17,0.788349307397930,-0.161871068601877,2
875,17,1.008489674941865,-0.073562968746994,2
876,17,-0.651583810061322,-0.168220048761107,2
877,17,-0.589274804419210,0.306406548102870,2
879,17,-0.437666878694348,0.222409679423319,2
880,17,-0.850477180771907,-0.095109561384177,2
883,17,-0.782323112945099,-0.001063378452199,2
885,17,-0.683354155056455,-0.193697010004280,2
888,17,-0.769861569393319,-0.076165199566473,2
891,17,0.569524289257266,0.381729092339117,2
893,17,-0.303994765073783,0.348094793532265,2
897,17,-0.668736538202020,0.030827173642695,2
898,17,-0.483113423967783,0.491009811248278,2
902,17,-0.651942675231917,-0.039107720656011,2
905,17,0.773880729089765,-0.167844554792838,2
906,17,0.954432766860067,-0.145341443153049,2
908,17,0.951768121629281,-0.150686947145501,2
911,17,-0.517572313714596,0.342915214197133,2
913,17,-0.496580427258754,0.391712421277292,2
915,17,0.687145479218751,0.098728648527990,2
919,17,0.840578744359917,-0.188828355548304,2
920,17,-0.765135055158122,-0.119866245837602,2
923,17,0.884109163376593,-0.103708458559799,2
924,17,-0.745976556064823,-0.094814560757176,2
925,17,-0.617246704895896,-0.163584792205874,2
927,17,0.603876898871388,0.502728971431088,2
929,17,-0.643544960479956,0.012865052315722,2
930,17,-0.902675208626711,-0.005654674619624,2
931,17,-0.776914962538100,-0.105441599044519,2
933,17,-0.485349528023399,0.405389201845095,2
934,17,-0.498477724770650,0.454302025140392,2
935,17,0.990890150448447,0.289255290067527,2
936,17,-0.911060838489048,0.328996437176255,2
937,17,-0.993839156294122,-0.010826866874368,2
938,17,0.799226744350537,-0.151375126121271,2
939,17,0.803980142827420,-0.234614842830154,2
940,17,0.827807899740678,-0.233777637386044,2
941,17,-0.783687095523455,-0.014534165399301,2
942,17,0.756492935616666,-0.200140456230620,2
944,17,0.774890230248610,-0.201261642968603,2
945,17,0.808489620212040,-0.138160026518933,2
946,17,0.886221588187791,0.125128771163352,2
947,17,-0.584650403515777,0.400266799356519,2
948,17,0.343898745196415,0.768616124206732,2
949,17,0.775750280619461,0.214374907409351,2
950,17,-0.573585753474922,0.615348710804856,2
951,17,0.776047402198462,-0.147175035307980,2
952,17,0.874930904647138,0.132901077428548,2
954,17,0.835626905455089,-0.229738306273486,2
955,17,0.837330635357131,-0.245226388010264,2
956,17,-0.891808706014423,-0.047740977023296,2
957,17,-0.645062344484316,0.456219073181159,2
958,17,-0.585181903293086,-0.145790109447864,2
959,17,0.941539345313481,-0.119192531417803,2
963,17,-0.375122045011955,0.394900836786883,2
967,17,0.776860937390414,-0.193623574276043,2
968,17,-0.820093861124013,-0.058866860964806,2
969,17,-0.606408088601721,0.284297172788381,0
970,17,0.808827839881893,-0.300704287612630,2
971,17,0.876754847807375,0.205441725383669,2
972,17,-0.641037387194884,0.962909143753383,2
973,17,-0.897218529617939,0.012417283996305,2
974,17,-0.759273319876664,0.164317350166726,2
975,17,-0.824208252763595,-0.071698096801215,2
976,17,0.970960392400617,-0.211580188115692,2
977,17,-0.434648395750364,0.400985453805318,0
978,17,0.777414573849925,-0.183598201245781,0
979,17,-0.409967045619698,0.175166244334937,0
980,17,-0.509382391105805,-0.171016732884439,0
981,17,-0.822578199599254,0.002654767174849,2
982,17,-0.568565173561382,0.530227327102984,2
983,17,-0.598520418519703,0.286860900416448,0
984,17,1.017402634499297,0.131569624608943,2
985,17,0.780876926387900,-0.180011652453641,2
986,17,-0.644668546194545,0.231511729144289,2
987,17,-0.809212276207270,0.686683726344186,2
988,17,0.765310818082311,0.318238164386446,0
989,17,0.799554086025014,-0.202678394376832,2
990,17,-0.783781108908297,-0.086172956959519,0
991,17,-0.788146553280326,0.753368974595324,2
992,17,-0.487465387601289,0.450420528728861,0
993,17,-0.899821806738785,-0.038577346555417,2
994,17,0.742214985942353,0.214956800414312,2
995,17,0.918503713205744,0.153127280477983,2
996,17,-0.418156809050546,0.156947049657201,0
997,17,-0.782489385428134,-0.100929826276292,0
998,17,-0.551420799805206,0.475386071862496,0
999,17,0.882832946426124,0.194385198210526,2
1000,17,-0.745513809733928,-0.134077211115975,2
1001,17,-0.622084586766965,-0.213329108355071,2
1002,17,-0.769540300791512,-0.092165791589181,2
1003,17,0.771998523826437,-0.322680850999991,2
1004,17,-0.723722912476764,-0.093994141474719,0
1005,17,0.797880797516306,-0.272840221869664,2
1006,17,-0.911308302340315,0.050001394513460,2
177,18,-0.708623102672076,-0.024498517923662,2
802,18,-0.896918394275578,-0.095401858765545,2
811,18,0.898129141701118,-0.082441783184268,2
813,18,0.871420120845445,0.191116353238006,2
819,18,-0.674688926352949,-0.173539239724977,2
836,18,-0.719686276104689,-0.168365878622425,2
837,18,-0.775277099632738,-0.121900971780442,2
839,18,-0.668522029489296,-0.149730317508582,2
843,18,0.835271959721968,0.166177596793878,2
846,18,0.702577512951147,0.647675509722794,2
848,18,-0.754371875713465,0.013623331703652,2
850,18,0.767696882900568,-0.132207884883699,2
852,18,-0.667100027963331,0.311623046154726,2
854,18,-0.626935758358493,-0.122241667060085,2
855,18,-0.675838549112193,-0.185122740666883,2
856,18,-0.656472600956947,-0.040903683854280,2
857,18,0.916118025793833,-0.249699218986876,2
860,18,-0.518495339391646,0.414117238758764,2
862,18,-0.473076318761071,0.456369050244227,2
865,18,0.830796752772490,-0.173275800774467,2
866,18,-0.614894108679851,-0.244702340923369,2
867,18,0.912789186226579,0.177238147102181,2
868,18,0.924787701979231,0.224141812604436,2
869,18,-0.765180940221088,-0.117023989064492,2
874,18,0.760907168251497,-0.176515493998884,2
875,18,0.948099299690272,-0.117210902695973,2
876,18,-0.610690443760113,-0.215844123810536,2
877,18,-0.578541718249415,0.291777415242032,2
879,18,-0.421969719531622,0.140605761870083,2
880,18,-0.838693788087010,-0.116898079568867,2
883,18,-0.769843810752603,-0.018609815826715,2
885,18,-0.656635896850226,-0.222187514993103,2
888,18,-0.752398954908938,-0.038899105569004,2
891,18,0.629955222645463,0.430614663240648,2
893,18,-0.277353637149409,0.321572743336804,2
897,18,-0.689252537012187,0.115565294501084,2
898,18,-0.468398818875479,0.421175754050757,2
902,18,-0.640622875206450,-0.066858760961204,2
905,18,0.758828040458723,-0.196528691797617,2
906,18,0.917870994651010,-0.185782287835890,2
908,18,0.924128452904590,-0.196019296134076,2
911,18,-0.535531512706335,0.308351129822109,2
913,18,-0.496135166986769,0.319860074677932,2
915,18,0.655137122080522,0.123825652696865,2
919,18,0.816661394879293,-0.211133476217723,2
920,18,-0.749613858648367,-0.155608066837614,2
923,18,0.849890637637276,-0.121742827578802,2
924,18,-0.730506553516408,-0.169548860631289,2
925,18,-0.600000758133518,-0.212068525972886,2
927,18,0.683335100863661,0.575266138346591,2
929,18,-0.625908525517941,0.038443815836116,2
930,18,-0.886935643763204,-0.025545159615160,2
931,18,-0.763898641951698,-0.122804846905972,2
933,18,-0.471962473150667,0.386428690489373,2
934,18,-0.471264362766234,0.433174843312715,2
935,18,1.010320871749528,0.252644979662238,2
936,18,-0.906881046603743,0.374329173302833,2
937,18,-0.975299619451375,-0.015294006047692,2
938,18,0.778148756280979,-0.172859692031705,2
939,18,0.765363454275452,-0.260018125715579,2
940,18,0.786845323382617,-0.255042169629319,2
941,18,-0.773581794258858,-0.032693981351693,2
942,18,0.722974189935280,-0.222099220623772,2
944,18,0.761534587729559,-0.212975201619242,2
945,18,0.764942165143794,-0.167787838817488,2
946,18,0.911065238459546,0.148147620018494,2
947,18,-0.552328644660260,0.380985634978422,2
948,18,-0.053948464094208,1.009540536898853,2
949,18,0.812543158625809,0.267232102014831,2
950,18,-0.601437716901432,0.534406271102113,2
951,18,0.793718317448960,-0.156109562713929,2
952,18,0.884073197258014,0.132935578777800,2
954,18,0.796524133056520,-0.262542306801990,2
955,18,0.789250527515667,-0.275593954735907,2
956,18,-0.874532775322507,-0.053102516590467,2
957,18,-0.649246643469063,0.426220706861672,2
958,18,-0.560907967137255,-0.203662739843622,2
959,18,0.910212566476387,-0.157174244414930,2
963,18,-0.372044846328301,0.327475428952157,2
967,18,0.793569129567290,-0.194765164492041,2
968,18,-0.777066325457079,-0.095649728113379,2
969,18,-0.606408088601721,0.284297172788381,0
970,18,0.743060965110071,-0.223858629175364,2
971,18,0.832077085088737,0.066982855100579,2
972,18,-0.731006782033369,0.815360904391576,2
973,18,-0.906204309505587,-0.040510871559552,2
974,18,-0.738627483768384,0.092894256754500,2
975,18,-0.793126396321964,-0.050674058517659,2
976,18,0.902270680816939,-0.219366079776924,2
977,18,-0.434648395750364,0.400985453805318,0
978,18,0.777414573849925,-0.183598201245781,0
979,18,-0.409967045619698,0.175166244334937,0
980,18,-0.509382391105805,-0.171016732884439,0
981,18,-0.775211601649343,0.015513011867796,2
982,18,-0.464990978061258,0.507987499760603,2
983,18,-0.598520418519703,0.286860900416448,0
984,18,0.895699310578870,0.166750659749816,2
985,18,0.815320461113138,-0.179967135664895,2
986,18,-0.645415162022617,0.095057332983570,2
987,18,-0.805918200859648,0.650509291931610,2
988,18,0.765310818082311,0.318238164386446,0
989,18,0.750575249879232,-0.196384938844632,2
990,18,-0.783781108908297,-0.086172956959519,0
991,18,-0.740535801775392,0.688527857537555,2
992,18,-0.487465387601289,0.450420528728861,0
993,18,-0.898945396358824,-0.064354704275308,2
994,18,0.882219712180835,0.149111866317153,2
995,18,0.937375758369580,0.068941163567673,2
996,18,-0.418156809050546,0.156947049657201,0
997,18,-0.782489385428134,-0.100929826276292,0
998,18,-0.551420799805206,0.475386071862496,0
999,18,0.925271876565566,0.197519421156754,2
1000,18,-0.761497863930919,-0.089556511041786,2
1001,18,-0.694752726773492,-0.155305275701068,2
1002,18,-0.754610171546694,-0.118139095060383,2
1003,18,0.942212511340490,-0.252955200484359,2
1004,18,-0.723722912476764,-0.093994141474719,0
1005,18,0.778434435677133,-0.253704046546238,2
1006,18,-0.896043644893630,0.015286241193985,2
1007,18,-0.643687774301500,0.033846517854221,0
177,19,-0.677917895745570,-0.108183774575798,2
802,19,-0.872795681053345,-0.115388883906595,2
811,19,0.881156826830744,-0.094777691377795,2
813,19,0.894362660921953,0.236281428689591,2
819,19,-0.677251831176453,-0.213676705476540,2
836,19,-0.686113837639433,-0.182546696632968,2
837,19,-0.756976708692834,-0.134574217114433,2
839,19,-0.645071048406149,-0.199061134162537,2
843,19,0.823442682714465,0.174596572361958,2
846,19,0.745068836888110,0.856530128781923,2
848,19,-0.733410766909666,0.093971098579503,2
850,19,0.727797278590204,-0.162358523282488,2
854,19,-0.609060897980150,-0.155786678564927,2
855,19,-0.638123361392372,-0.204866713726141,2
856,19,-0.649627506728100,-0.038880041443856,2
857,19,0.869410319486033,-0.294179774049498,2
860,19,-0.474486464003762,0.382774761712791,2
862,19,-0.420482964316309,0.348942525328952,2
865,19,0.814038259134944,-0.194261665541723,2
866,19,-0.578958371904235,-0.268359295676227,2
867,19,1.061785517911474,0.178219257003189,2
868,19,0.975590974754625,0.267132305241157,2
869,19,-0.753545616154838,-0.125449175473162,2
874,19,0.731131799868853,-0.183075897629046,2
875,19,0.876172512736663,-0.160157472154040,2
876,19,-0.565083261848213,-0.265792392193566,2
877,19,-0.566806340408093,0.269697569009467,2
879,19,-0.407957103530019,0.044506366756201,2
880,19,-0.827945668147199,-0.138532259874838,2
883,19,-0.759243684258702,-0.040129603217563,2
885,19,-0.627195803692478,-0.248419739129004,2
888,19,-0.734043440691796,0.008076034835643,2
891,19,0.709718222459199,0.465839362776421,2
893,19,-0.244573508372187,0.296534419045984,2
897,19,-0.708975490068573,0.207524241977381,2
898,19,-0.458132823181056,0.332907014555840,2
902,19,-0.629520781781128,-0.093672159852427,2
905,19,0.743925352463810,-0.221750254891055,2
906,19,0.874832046558297,-0.224669816630682,2
908,19,0.893184509881107,-0.240678391536130,2
911,19,-0.565076260571762,0.267870080711296,2
913,19,-0.499055828302612,0.230507828515557,2
915,19,0.611136615359698,0.143737416360056,2
919,19,0.790000609255455,-0.227164470915360,2
920,19,-0.738795905338955,-0.178741647284090,2
923,19,0.800995911016356,-0.137352950171230,2
924,19,-0.720771489702637,-0.237354341014767,2
925,19,-0.576758652487440,-0.257501853795342,2
927,19,0.788725291500899,0.602239812139075,2
929,19,-0.605784077610094,0.072263359759828,2
930,19,-0.885987689295941,-0.047967547058143,2
931,19,-0.753514628691722,-0.133063748671456,2
933,19,-0.458771675723742,0.376901721097550,2
934,19,-0.444346539115923,0.395181798676813,2
935,19,1.004900482468357,0.143995211143299,2
936,19,-0.890426538822382,0.403381385644958,2
937,19,-0.962666573691686,-0.019310467736924,2
938,19,0.765659200949065,-0.173414669618128,2
939,19,0.740104850709146,-0.254965646630908,2
940,19,0.757675132545899,-0.262864778065467,2
941,19,-0.765339483630600,-0.054693845505044,2
942,19,0.705302871844132,-0.233832760096506,2
944,19,0.746293509282957,-0.212213528274325,2
945,19,0.720308781133951,-0.186942509013627,2
946,19,0.922344913359831,0.160744074874788,2
947,19,-0.506050505963746,0.373881101673843,2
948,19,-0.589947889731672,1.240709221471234,2
949,19,0.828933723822920,0.302626797805289,2
950,19,-0.633880770817508,0.409974907278443,2
951,19,0.829485056130206,-0.145983527022608,2
952,19,0.884879727398451,0.139410526145792,2
954,19,0.763382077770655,-0.289838996241471,2
955,19,0.752842356722639,-0.292260764687009,2
956,19,-0.868503071688173,-0.051858728590894,2
957,19,-0.647504095325265,0.367027369747186,2
958,19,-0.535234631178624,-0.272259465412485,2
959,19,0.867601593423587,-0.191802671882932,2
963,19,-0.371410776220833,0.242826843739199,2
967,19,0.800862735092454,-0.191161723621531,2
968,19,-0.747720508434238,-0.120608006981987,2
969,19,-0.606408088601721,0.284297172788381,0
970,19,0.676423045261060,-0.183856814544111,2
971,19,0.799784335872494,-0.016094848331742,2
972,19,-0.787071570432431,0.697046944846332,2
973,19,-0.913841572407910,-0.068720643559035,2
974,19,-0.721327049202179,0.033804566638962,2
975,19,-0.771333878032218,-0.038040631197232,2
976,19,0.840906224529053,-0.223511948228666,2
977,19,-0.434648395750364,0.400985453805318,0
978,19,0.777414573849925,-0.183598201245781,0
979,19,-0.409967045619698,0.175166244334937,0
980,19,-0.509382391105805,-0.171016732884439,0
981,19,-0.743622262011409,0.024802355003962,2
982,19,-0.396909580524055,0.444089297089133,2
983,19,-0.598520418519703,0.286860900416448,0
984,19,0.808143721891478,0.196760382285826,2
985,19,0.819773343798275,-0.182991017700050,2
986,19,-0.644886754500296,-0.010453705416614,2
987,19,-0.795298251099264,0.612302717767004,2
988,19,0.765310818082311,0.318238164386446,0
989,19,0.704537085043537,-0.191451712504466,2
990,19,-0.783781108908297,-0.086172956959519,0
991,19,-0.702995001833483,0.629535880555684,2
992,19,-0.487465387601289,0.450420528728861,0
993,19,-0.900199449564089,-0.072430432155951,2
994,19,0.969401624198297,0.113733123573595,2
995,19,0.948935803772218,0.025543261899903,2
996,19,-0.418156809050546,0.156947049657201,0
997,19,-0.782489385428134,-0.100929826276292,0
998,19,-0.551420799805206,0.475386071862496,0
999,19,0.942944055508617,0.196614027404784,2
1000,19,-0.772516650570661,-0.057056865838466,2
1001,19,-0.745038103476364,-0.110490437606619,2
1002,19,-0.742036038093110,-0.127373587650908,2
1003,19,1.032109089503722,-0.199731246688260,2
1004,19,-0.723722912476764,-0.093994141474719,0
1005,19,0.758911415093754,-0.231361440463353,2
1006,19,-0.889724394597687,-0.005832076891976,2
1007,19,-0.643687774301500,0.033846517854221,0
177,20,-0.642516072589966,-0.195229683345540,2
802,20,-0.845699247901187,-0.133023849119590,2
811,20,0.860898029118239,-0.103716126487355,2
813,20,0.917299350986851,0.281969802921426,2
819,20,-0.681399265358906,-0.253970008865781,2
836,20,-0.648426210515521,-0.196688680936742,2
837,20,-0.738384481665685,-0.144331096290014,2
839,20,-0.620280691828632,-0.251945463109220,2
843,20,0.809111560856821,0.179369255020358,2
846,20,0.796912490774859,1.087912259876783,2
848,20,-0.710948535272089,0.189018812296209,2
850,20,0.683211651625755,-0.191424775852576,2
854,20,-0.590432073942123,-0.188832493959904,2
855,20,-0.598096338543348,-0.223594178277606,2
856,20,-0.648812572136118,-0.032283261048878,2
857,20,0.815424656888495,-0.336239650147890,2
860,20,-0.423213817033787,0.343975477158266,2
862,20,-0.361105972687882,0.220382905848371,2
865,20,0.794462083159670,-0.211147776677067,2
866,20,-0.540572043486085,-0.289399968819057,2
867,20,1.239302265184637,0.167152707698087,2
868,20,1.033311915449391,0.310931766166960,2
869,20,-0.743526550974139,-0.127328883629216,2
874,20,0.699023202249998,-0.181552279492364,2
875,20,0.792709314081038,-0.202402677121194,2
876,20,-0.514762264325623,-0.318064853910198,2
877,20,-0.554068670895243,0.240167009405176,2
879,20,-0.395629030689539,-0.065888505918326,2
880,20,-0.818232820952476,-0.160012102302090,2
883,20,-0.750522733463397,-0.065622740624743,2
885,20,-0.595033875583213,-0.272393682411981,2
888,20,-0.714795026741891,0.064760221647467,2
891,20,0.808813288698477,0.487403190946437,2
893,20,-0.205654378742117,0.272979820659805,2
897,20,-0.727905397371178,0.306704016071584,2
898,20,-0.452315436884516,0.226203592763526,2
902,20,-0.618636394955951,-0.119547917329680,2
905,20,0.729172665105023,-0.243509244073152,2
906,20,0.825315922581929,-0.262004029537424,2
908,20,0.858936292558834,-0.284664233351663,2
911,20,-0.606206557310877,0.221472066864693,2
913,20,-0.505342411206284,0.123655682790168,2
915,20,0.555143959056278,0.158463939517561,2
919,20,0.760596387488403,-0.236921339641214,2
920,20,-0.732681195229888,-0.189266987177029,2
923,20,0.737424983513835,-0.150538826337084,2
924,20,-0.716771364623510,-0.298231001907609,2
925,20,-0.547520387957660,-0.299884775673243,2
927,20,0.920047470783102,0.583649992808541,2
929,20,-0.583171616756416,0.114323684086858,2
930,20,-0.899831345224921,-0.072921836948572,2
931,20,-0.745762922758173,-0.136218304340972,2
933,20,-0.445777135742623,0.376808293669626,2
934,20,-0.417724253819716,0.340322891232684,2
935,20,0.974628982604933,-0.036694015489289,2
936,20,-0.861697315144965,0.416153074202630,2
937,20,-0.955940019015055,-0.022876251942063,2
938,20,0.761758078354794,-0.153040058880540,2
939,20,0.728204332128502,-0.219457405576141,2
940,20,0.740297327230522,-0.257245462694488,2
941,20,-0.758960163638684,-0.080533757859355,2
942,20,0.703478981343223,-0.235341074648821,2
944,20,0.729166994908804,-0.198976622933853,2
945,20,0.674589468182512,-0.195624037107348,2
946,20,0.920060612888647,0.162918135732231,2
947,20,-0.445815987426236,0.378953199442782,2
948,20,-1.264099531715981,1.462122177923874,2
949,20,0.824921976210794,0.320558994780726,2
950,20,-0.670914915223150,0.242054619333844,2
951,20,0.883347618242199,-0.116796928234016,2
952,20,0.877350495068450,0.152325919532525,2
954,20,0.736200739597495,-0.311628374591928,2
955,20,0.728106122978047,-0.295226817863570,2
956,20,-0.873719595111420,-0.044009613024574,2
957,20,-0.639834700052922,0.278639061837699,2
958,20,-0.508161895417192,-0.351580286154453,2
959,20,0.813706426155078,-0.223077813821808,2
963,20,-0.373219834689550,0.140955081148009,2
967,20,0.798741753965905,-0.182813251664514,2
968,20,-0.732056410055488,-0.133741697570631,2
969,20,-0.606408088601721,0.284297172788381,0
970,20,0.608914080334858,-0.180698843718871,2
971,20,0.779876600158645,-0.043791384913295,2
972,20,-0.809231752392070,0.607967265117649,2
973,20,-0.920130318324909,-0.072212032002143,2
974,20,-0.707372016178049,-0.012951720179886,2
975,20,-0.758830697894355,-0.033797814839935,2
976,20,0.786867023536956,-0.224017793470918,2
977,20,-0.434648395750364,0.400985453805318,0
978,20,0.777414573849925,-0.183598201245781,0
979,20,-0.409967045619698,0.175166244334937,0
980,20,-0.509382391105805,-0.171016732884439,0
981,20,-0.727810180685451,0.030522796583346,2
982,20,-0.364320980949772,0.338532719088576,2
983,20,-0.598520418519703,0.286860900416448,0
984,20,0.754735868437119,0.221598792216970,2
985,20,0.794235574443310,-0.189083298559106,2
986,20,-0.643083323627584,-0.085021386056260,2
987,20,-0.777352426926119,0.572064003850367,2
988,20,0.765310818082311,0.318238164386446,0
989,20,0.661439591517928,-0.187878715356335,2
990,20,-0.783781108908297,-0.086172956959519,0
991,20,-0.675524153454597,0.576393043649713,2
992,20,-0.487465387601289,0.450420528728861,0
993,20,-0.903583966354583,-0.062804530197344,2
994,20,1.003760721994741,0.108820572183638,2
995,20,0.953183849413656,0.022933575474671,2
996,20,-0.418156809050546,0.156947049657201,0
997,20,-0.782489385428134,-0.100929826276292,0
998,20,-0.551420799805206,0.475386071862496,0
999,20,0.935849483255277,0.191669016954618,2
1000,20,-0.778570169653153,-0.036578275506014,2
1001,20,-0.772940716875582,-0.078884594071722,2
1002,20,-0.731817900430759,-0.119869269360758,2
1003,20,1.041688258316134,-0.163008989611692,2
1004,20,-0.723722912476764,-0.093994141474719,0
1005,20,0.739311735766168,-0.205812403621009,2
1006,20,-0.892350551452486,-0.013353559744423,2
1007,20,-0.643687774301500,0.033846517854221,0
74,21,-0.775427710777858,-0.118670899339407,0
172,21,0.937992938626975,-0.005205522555358,2
660,21,-0.197714345049163,0.288766672186284,0
803,21,-0.756406510169157,-0.459350085613287,2
810,21,-0.498849676979397,0.170457209425477,2
811,21,0.837352748563604,-0.109257088512949,2
815,21,0.797044684404993,-0.172542788316556,2
827,21,-0.783350617011851,0.139419988169743,2
837,21,-0.719500418551294,-0.151171609307185,2
843,21,0.792278594149035,0.180495644769078,2
848,21,-0.686985180800734,0.298766472853769,2
850,21,0.633940002007219,-0.219406642593964,2
855,21,-0.555757480565120,-0.241305134321277,2
856,21,-0.654027797181001,-0.021113342669346,2
862,21,-0.294945343875792,0.070690191802485,2
865,21,0.772068224846667,-0.223934134180500,2
866,21,-0.499735123425400,-0.307824360351858,2
869,21,-0.735123744678992,-0.122663113532654,2
872,21,-0.770986526114034,-0.409759527104526,2
875,21,0.697709703723397,-0.243946517597435,2
879,21,-0.384985501010180,-0.190578856153499,2
885,21,-0.560150112522429,-0.294109344842036,2
893,21,-0.160596248259198,0.250908948178267,2
897,21,-0.746042258920002,0.413104616783695,2
898,21,-0.450946659985858,0.101065488673816,2
908,21,0.821383800937770,-0.327976821580676,2
913,21,-0.514994915697784,-0.000696362498237,2
917,21,0.756839153316232,-0.125958009194337,2
920,21,-0.731269728321165,-0.187184086516432,2
923,21,0.659177855129711,-0.161300456076363,2
925,21,-0.512285964544180,-0.339217291606589,2
926,21,0.701659678147005,-0.210056176410931,2
931,21,-0.740643524151050,-0.132268513914518,2
936,21,-0.820693375571491,0.412644238975849,2
937,21,-0.955119955421480,-0.025991358663109,2
940,21,0.734711907436488,-0.238184223516381,2
942,21,0.717502518432553,-0.226624164280716,2
945,21,0.627784226289477,-0.193832423098651,2
946,21,0.904212337045992,0.154669802590826,2
949,21,0.800507915789431,0.321028692941141,2
950,21,-0.712540150118358,0.030645407268317,2
952,21,0.861485500268011,0.171681758937997,2
953,21,0.814640558272469,0.138966011842000,2
956,21,-0.890182345592248,-0.029555169891508,2
957,21,-0.626238457652033,0.161055783133212,2
959,21,0.748527064670863,-0.250999670231560,2
961,21,-0.066476291823835,0.775662494814734,2
963,21,-0.377472021734453,0.021860141178587,2
967,21,0.787206186187642,-0.169719748620989,2
968,21,-0.730074030320830,-0.135050799879310,2
970,21,0.540534070331466,-0.214384716699643,2
971,21,0.772353877947191,-0.016106754644079,2
972,21,-0.797487327912286,0.548121865205528,2
973,21,-0.925070547256582,-0.050985036888877,2
974,21,-0.696762384695995,-0.047374603702047,2
975,21,-0.755616855908377,-0.037945609445768,2
976,21,0.740153077840650,-0.220883615503678,2
981,21,-0.727775357671470,0.032674336605949,2
982,21,-0.367225179338409,0.191317765758931,2
984,21,0.735475750215793,0.241265889543250,2
985,21,0.738707153048243,-0.198243978242062,2
986,21,-0.640004869404479,-0.128645708935370,2
987,21,-0.752080728340214,0.529793150181699,2
989,21,0.621282769302407,-0.185665947400237,2
991,21,-0.658123256638735,0.529099346819641,2
993,21,-0.909098946730303,-0.035476998399488,2
994,21,0.985297005570165,0.134374212147283,2
995,21,0.950119895293895,0.061112104291979,2
999,21,0.903988159805547,0.182684389806255,2
1000,21,-0.779658421178395,-0.028120740044432,2
1001,21,-0.778460566971144,-0.060487745096379,2
1002,21,-0.723955758559643,-0.095626140189931,2
1003,21,0.970950017777726,-0.142788429254655,2
1005,21,0.719635397694376,-0.177056936019207,2
1006,21,-0.903922115458026,-0.007278207363357,2
1008,21,-0.793935417875454,0.608002096185680,0
1009,21,0.758601173557112,-0.154571169314270,0
1010,21,0.811694410844961,0.261944262812079,0
1011,21,0.471260287128649,-0.225002662879345,0
1012,21,-0.913452159712500,-0.010676413364624,0
1013,21,-0.632854859661098,0.483172121331057,0
1014,21,-0.670698532822303,-0.374699121291127,0
1015,21,-0.695120832158121,0.486462218935040,0
1016,21,-0.155919213563707,0.308644481905838,0
1017,21,0.518784885125420,-0.190074318504047,0
1018,21,-0.697112735836203,0.457969970465685,0
1019,21,0.782671732994914,0.155840003796908,0
1020,21,-0.661771281525558,-0.027639255716575,0
1021,21,0.665502333824319,0.179466075874008,0
1022,21,0.746444316097751,0.161934077666514,0
1023,21,-0.694794373150085,0.472018111696864,0
1024,21,0.876423441113831,0.255889057954826,0
1025,21,0.782278168159421,0.146455209792215,0
1026,21,0.739491806187754,0.205592458443470,0
1027,21,0.709642718099849,0.264990048007751,0
1028,21,0.744420940168390,0.172537078399246,0
1029,21,0.778805761282687,0.165675069635325,0
1030,21,0.810242963218849,0.212972080105734,0
1031,21,0.691921668352923,-0.221971299895775,0
1032,21,0.801446223501335,0.241980304333621,0
1033,21,-0.726040393105609,0.562970038315576,0
1034,21,-0.829216943984901,0.558926882345394,0
1035,21,-0.924305834675400,-0.011598730811212,0
1036,21,-0.839163904724293,0.531465184209776,0
1037,21,-0.759930876322970,0.505799654295342,0
1038,21,-0.725708280754518,-0.031309437981688,0
1039,21,-0.809835601861593,0.586656878694263,0
1040,21,0.902036561840741,0.170171709579181,0
1041,21,0.863751191928924,0.285366673619426,0
1042,21,0.716393955570816,0.270138525830230,0
1043,21,-0.931757889295745,0.051783845670909,0
1044,21,-0.753045033285169,-0.048558905638044,0
1045,21,0.784531288466923,0.261463334637100,0
1046,21,0.764522328595629,0.291267925433072,0
1047,21,0.865324243261250,0.194421468667909,0
1048,21,-0.698460878926504,0.012895932736712,0
1049,21,-0.643277393960317,-0.142742789754026,0
1050,21,0.781669143168349,0.194533125403734,0
1051,21,-0.784626589991802,0.524406364780741,0
1052,21,0.871886035170399,0.266972815094698,0
1053,21,0.592271473254263,-0.183685556171557,0
1054,21,0.689479792358058,0.248078919842599,0
1055,21,0.561732373247271,-0.177593499141783,0
1056,21,-0.853883631785554,-0.143192817874293,0
1057,21,0.658715322940130,0.334265779936761,0
1058,21,-0.692435601470167,0.487167521370940,0
1059,21,0.697676456769599,0.308908919664266,0
1060,21,0.839236267040709,0.157245008751552,0
1061,21,-0.674073462695980,0.030506563241004,0
1062,21,-0.285454311716187,0.298922021746056,0
1063,21,-0.696495810830452,0.474446609933826,0
1064,21,0.624708542783646,0.195773330820741,0
1065,21,0.745609584760044,-0.215626421222488,0
1066,21,0.572973607345709,-0.182910102365759,0
1067,21,0.743693606323967,0.224764152911356,0
1068,21,-0.764417895934004,0.523720470066956,0
1069,21,0.757604829230129,0.346086712012537,0
1070,21,-0.674150162148549,0.247328256275259,0
1071,21,-0.774412817280190,-0.017827609526828,0
1072,21,0.685719393033983,-0.173623926086562,0
1073,21,-0.786173949084555,-0.028725648920093,0
1074,21,-0.910047840744049,-0.003648110335503,0
1075,21,0.821932183204693,0.228054501852335,0
1076,21,-0.659048362680597,-0.178501979478144,0
1077,21,-0.587693446013379,0.158052751198817,0
1078,21,-0.698819216152865,-0.152345673603919,0
1079,21,0.844354316899197,0.202561351365835,0
1080,21,0.418347672135941,-0.208740998543133,0
1081,21,0.923084277540552,0.278536033828708,0
1082,21,0.849497008246545,0.185398101631605,0
1083,21,-0.872293399430432,-0.269217957366382,0
1084,21,-0.256854855356487,0.291110734067520,0
1085,21,-0.687227129582473,0.463060194544120,0
1086,21,-0.758742211992891,0.518053542338027,0
1087,21,-0.751807733505033,0.487412650417211,0
74,22,-0.775427710777858,-0.118670899339407,0
172,22,0.950331068735020,0.114349772528207,2
660,22,-0.197714345049163,0.288766672186284,0
803,22,-0.738631097457751,-0.487954853508689,2
810,22,-0.469965398358080,0.008594451895889,2
811,22,0.810520985166839,-0.111400577454576,2
815,22,0.666871018835628,-0.246746413799879,2
827,22,-0.743244481310010,0.231590912090850,2
837,22,-0.700324519349658,-0.155095756165946,2
843,22,0.772943782591107,0.177975741608117,2
848,22,-0.661520703495600,0.423214080252186,2
850,22,0.579982329734597,-0.246304123506651,2
855,22,-0.511106787457689,-0.257999581857156,2
856,22,-0.665273181862750,-0.005370286305259,2
862,22,-0.222001077880038,-0.100135616808708,2
865,22,0.746856684195936,-0.232620738052021,2
866,22,-0.456447611722179,-0.323632470274630,2
869,22,-0.728337197269396,-0.111451865183476,2
872,22,-0.849264903172266,-0.367550713007813,2
875,22,0.591173681663739,-0.284788993582763,2
879,22,-0.376026514491943,-0.329564683949317,2
885,22,-0.522544514510126,-0.313566726419168,2
893,22,-0.109399116923431,0.230321801601370,2
897,22,-0.763386074715045,0.526726044113713,2
898,22,-0.454026492485082,-0.042507297713291,2
908,22,0.780527035017915,-0.370616156223169,2
913,22,-0.528013341777112,-0.142548307349656,2
917,22,0.704195635644720,-0.148920759133145,2
920,22,-0.734561504612786,-0.172492945302298,2
923,22,0.566254525863986,-0.169637839389068,2
925,22,-0.471055382247000,-0.375499401595379,2
926,22,0.657490363684913,-0.256873407973422,2
931,22,-0.738156432870354,-0.121214377392096,2
936,22,-0.767414720101960,0.392854879964616,2
937,22,-0.960206382910964,-0.028655787900063,2
940,22,0.740918873163796,-0.205681060531147,2
942,22,0.747373483112121,-0.207682028992194,2
945,22,0.579893055454845,-0.181567666987538,2
946,22,0.874800085831867,0.135999075450571,2
949,22,0.755691542558832,0.304035892286535,2
950,22,-0.758756475503131,-0.224252728918137,2
952,22,0.837284742997134,0.197478044362210,2
953,22,0.813621386816477,0.179546034690104,2
956,22,-0.917891323130657,-0.008495399191697,2
957,22,-0.606715368122600,0.014277533633725,2
959,22,0.672063508970939,-0.275568241112185,2
961,22,-0.262627156809060,0.384797982448774,2
963,22,-0.384167337355542,-0.114457976169067,2
967,22,0.766256031757667,-0.151881214490956,2
968,22,-0.741773369230263,-0.124535313908026,2
970,22,0.471283015250884,-0.284914433486429,2
971,22,0.777216169238132,0.066959042475905,2
972,22,-0.751838296993079,0.517510745109969,2
973,22,-0.928662259202931,-0.005039658219236,2
974,22,-0.689498154756016,-0.069464083927518,2
975,22,-0.761692352074284,-0.050484015014731,2
976,22,0.700764387440135,-0.214109414326948,2
981,22,-0.743517792969466,0.031256975071771,2
982,22,-0.405622175689966,0.002444437100197,2
984,22,0.750363367227502,0.255761674264665,2
985,22,0.653188079613075,-0.210473056748919,2
986,22,-0.635651391830982,-0.141326674053943,2
987,22,-0.719483155341547,0.485490156761000,2
989,22,0.584066618396972,-0.184813408636174,2
991,22,-0.650792311385898,0.487654790065468,2
993,22,-0.916744390691251,0.009552163237616,2
994,22,0.914010474924569,0.190394043464529,2
995,22,0.939743941412935,0.140078848351826,2
999,22,0.847360085159426,0.169660145959696,2
1000,22,-0.775781405146387,-0.031684259453718,2
1001,22,-0.761597653763052,-0.055299890680590,2
1002,22,-0.718449612479760,-0.054644200138427,2
1003,22,0.819894367888498,-0.139069565617151,2
1005,22,0.699882400878377,-0.145095037657947,2
1006,22,-0.924439086614308,0.012393980251223,2
1008,22,-0.793935417875454,0.608002096185680,0
1009,22,0.758601173557112,-0.154571169314270,0
1010,22,0.811694410844961,0.261944262812079,0
1011,22,0.471260287128649,-0.225002662879345,0
1012,22,-0.913452159712500,-0.010676413364624,0
1013,22,-0.632854859661098,0.483172121331057,0
1014,22,-0.670698532822303,-0.374699121291127,0
1015,22,-0.695120832158121,0.486462218935040,0
1016,22,-0.155919213563707,0.308644481905838,0
1017,22,0.518784885125420,-0.190074318504047,0
1018,22,-0.697112735836203,0.457969970465685,0
1019,22,0.782671732994914,0.155840003796908,0
1020,22,-0.661771281525558,-0.027639255716575,0
1021,22,0.665502333824319,0.179466075874008,0
1022,22,0.746444316097751,0.161934077666514,0
1023,22,-0.694794373150085,0.472018111696864,0
1024,22,0.876423441113831,0.255889057954826,0
1025,22,0.782278168159421,0.146455209792215,0
1026,22,0.739491806187754,0.205592458443470,0
1027,22,0.709642718099849,0.264990048007751,0
1028,22,0.744420940168390,0.172537078399246,0
1029,22,0.778805761282687,0.165675069635325,0
1030,22,0.810242963218849,0.212972080105734,0
1031,22,0.691921668352923,-0.221971299895775,0
1032,22,0.801446223501335,0.241980304333621,0
1033,22,-0.726040393105609,0.562970038315576,0
1034,22,-0.829216943984901,0.558926882345394,0
1035,22,-0.924305834675400,-0.011598730811212,0
1036,22,-0.839163904724293,0.531465184209776,0
1037,22,-0.759930876322970,0.505799654295342,0
1038,22,-0.725708280754518,-0.031309437981688,0
1039,22,-0.809835601861593,0.586656878694263,0
1040,22,0.902036561840741,0.170171709579181,0
1041,22,0.863751191928924,0.285366673619426,0
1042,22,0.716393955570816,0.270138525830230,0
1043,22,-0.931757889295745,0.051783845670909,0
1044,22,-0.753045033285169,-0.048558905638044,0
1045,22,0.784531288466923,0.261463334637100,0
1046,22,0.764522328595629,0.291267925433072,0
1047,22,0.865324243261250,0.194421468667909,0
1048,22,-0.698460878926504,0.012895932736712,0
1049,22,-0.643277393960317,-0.142742789754026,0
1050,22,0.781669143168349,0.194533125403734,0
1051,22,-0.784626589991802,0.524406364780741,0
1052,22,0.871886035170399,0.266972815094698,0
1053,22,0.592271473254263,-0.183685556171557,0
1054,22,0.689479792358058,0.248078919842599,0
1055,22,0.561732373247271,-0.177593499141783,0
1056,22,-0.853883631785554,-0.143192817874293,0
1057,22,0.658715322940130,0.334265779936761,0
1058,22,-0.692435601470167,0.487167521370940,0
1059,22,0.697676456769599,0.308908919664266,0
1060,22,0.839236267040709,0.157245008751552,0
1061,22,-0.674073462695980,0.030506563241004,0
1062,22,-0.285454311716187,0.298922021746056,0
1063,22,-0.696495810830452,0.474446609933826,0
1064,22,0.624708542783646,0.195773330820741,0
1065,22,0.745609584760044,-0.215626421222488,0
1066,22,0.572973607345709,-0.182910102365759,0
1067,22,0.743693606323967,0.224764152911356,0
1068,22,-0.764417895934004,0.523720470066956,0
1069,22,0.757604829230129,0.346086712012537,0
1070,22,-0.674150162148549,0.247328256275259,0
1071,22,-0.774412817280190,-0.017827609526828,0
1072,22,0.685719393033983,-0.173623926086562,0
1073,22,-0.786173949084555,-0.028725648920093,0
1074,22,-0.910047840744049,-0.003648110335503,0
1075,22,0.821932183204693,0.228054501852335,0
1076,22,-0.659048362680597,-0.178501979478144,0
1077,22,-0.587693446013379,0.158052751198817,0
1078,22,-0.698819216152865,-0.152345673603919,0
1079,22,0.844354316899197,0.202561351365835,0
1080,22,0.418347672135941,-0.208740998543133,0
1081,22,0.923084277540552,0.278536033828708,0
1082,22,0.849497008246545,0.185398101631605,0
1083,22,-0.872293399430432,-0.269217957366382,0
1084,22,-0.256854855356487,0.291110734067520,0
1085,22,-0.687227129582473,0.463060194544120,0
1086,22,-0.758742211992891,0.518053542338027,0
1087,22,-0.751807733505033,0.487412650417211,0
74,23,-0.775427710777858,-0.118670899339407,0
172,23,0.963525868446970,0.256643906258342,2
660,23,-0.197714345049163,0.288766672186284,0
803,23,-0.721026524798193,-0.502170560711148,2
810,23,-0.439646711956765,-0.180442537567652,2
811,23,0.780402738927943,-0.110146593312236,2
815,23,0.509602452389794,-0.325023865395437,2
827,23,-0.698859509565343,0.347212108945198,2
837,23,-0.680856784060778,-0.156103536866297,2
843,23,0.751107126183038,0.171809545537475,2
848,23,-0.634555103356687,0.562361634491456,2
850,23,0.521338634807889,-0.272117218590638,2
855,23,-0.464144259221054,-0.273677520885242,2
856,23,-0.682548726181363,0.014945908043381,2
862,23,-0.142273174700620,-0.292094519985205,2
865,23,0.718827461207476,-0.237207588291630,2
866,23,-0.410709508376424,-0.336824298587374,2
869,23,-0.723166908745351,-0.093695138581683,2
872,23,-0.937959521896950,-0.314353750653217,2
875,23,0.473101247902065,-0.324930105077179,2
879,23,-0.368752071134829,-0.482845989305781,2
885,23,-0.482217081546306,-0.330765827143378,2
893,23,-0.052062984734815,0.211218380929114,2
897,23,-0.779936844756308,0.647568298061639,2
898,23,-0.461554934382188,-0.204514766397793,2
908,23,0.736365994799269,-0.412582237279141,2
913,23,-0.544397689444269,-0.301900151764090,2
917,23,0.643936212638917,-0.169019271429157,2
920,23,-0.742556524104750,-0.145193563534627,2
923,23,0.458654995716658,-0.175550976275198,2
925,23,-0.423828641066119,-0.408731105639614,2
926,23,0.621761405675592,-0.283097954387428,2
931,23,-0.738301648916085,-0.103055894773706,2
936,23,-0.701861348736374,0.356784997168930,2
937,23,-0.971199301483505,-0.030869539652925,2
940,23,0.758918224412445,-0.159735973738785,2
942,23,0.793091875381927,-0.178514668783252,2
945,23,0.530915955678618,-0.158829768774008,2
946,23,0.831823859246271,0.106905954311466,2
949,23,0.690472856518995,0.269580592816907,2
950,23,-0.809563891377471,-0.522639789225519,2
952,23,0.804748223255819,0.229714775805163,2
953,23,0.793136342721201,0.209551450198052,2
956,23,-0.956846527726647,0.019169699074859,2
957,23,-0.581265431464621,-0.161695686660762,2
959,23,0.584315759055309,-0.296783526463686,2
961,23,-0.479224423356269,-0.220516719022630,2
963,23,-0.393305781552817,-0.267999270894953,2
967,23,0.735891290675979,-0.129297649274416,2
968,23,-0.767154426783789,-0.102195239656776,2
970,23,0.401160915093112,-0.392287994079226,2
971,23,0.794463474031468,0.205406006446658,2
972,23,-0.672284659634449,0.516133904830972,2
973,23,-0.930905454163955,0.065624104006780,2
974,23,-0.685579326358112,-0.079220160856300,2
975,23,-0.777057186392074,-0.071413031546823,2
976,23,0.668700952335410,-0.203695189940727,2
981,23,-0.775037486579439,0.026270711980812,2
982,23,-0.479511970004443,-0.228087266887625,2
984,23,0.799398719472244,0.265086146381215,2
985,23,0.537678354137805,-0.225770534079676,2
986,23,-0.630022890907093,-0.123064281411979,2
987,23,-0.679559707930119,0.439155023588270,2
989,23,0.549791138801624,-0.185321099064145,2
991,23,-0.653531317696084,0.452059373387194,2
993,23,-0.926520298237426,0.072282954713970,2
994,23,0.789901130057955,0.276880066135376,2
995,23,0.922055987770776,0.259833807654212,2
999,23,0.765965259316913,0.152596285414939,2
1000,23,-0.766939121557129,-0.047268833733873,2
1001,23,-0.722351977251304,-0.063321030824354,2
1002,23,-0.715299462191111,0.003076550793752,2
1003,23,0.588521308648449,-0.151852398699178,2
1005,23,0.680052745318172,-0.109926708537227,2
1006,23,-0.953901464921330,0.045663003099317,2
1008,23,-0.793935417875454,0.608002096185680,0
1009,23,0.758601173557112,-0.154571169314270,0
1010,23,0.811694410844961,0.261944262812079,0
1011,23,0.471260287128649,-0.225002662879345,0
1012,23,-0.913452159712500,-0.010676413364624,0
1013,23,-0.632854859661098,0.483172121331057,0
1014,23,-0.670698532822303,-0.374699121291127,0
1015,23,-0.695120832158121,0.486462218935040,0
1016,23,-0.155919213563707,0.308644481905838,0
1017,23,0.518784885125420,-0.190074318504047,0
1018,23,-0.697112735836203,0.457969970465685,0
1019,23,0.782671732994914,0.155840003796908,0
1020,23,-0.661771281525558,-0.027639255716575,0
1021,23,0.665502333824319,0.179466075874008,0
1022,23,0.746444316097751,0.161934077666514,0
1023,23,-0.694794373150085,0.472018111696864,0
1024,23,0.876423441113831,0.255889057954826,0
1025,23,0.782278168159421,0.146455209792215,0
1026,23,0.739491806187754,0.205592458443470,0
1027,23,0.709642718099849,0.264990048007751,0
1028,23,0.744420940168390,0.172537078399246,0
1029,23,0.778805761282687,0.165675069635325,0
1030,23,0.810242963218849,0.212972080105734,0
1031,23,0.691921668352923,-0.221971299895775,0
1032,23,0.801446223501335,0.241980304333621,0
1033,23,-0.726040393105609,0.562970038315576,0
1034,23,-0.829216943984901,0.558926882345394,0
1035,23,-0.924305834675400,-0.011598730811212,0
1036,23,-0.839163904724293,0.531465184209776,0
1037,23,-0.759930876322970,0.505799654295342,0
1038,23,-0.725708280754518,-0.031309437981688,0
1039,23,-0.809835601861593,0.586656878694263,0
1040,23,0.902036561840741,0.170171709579181,0
1041,23,0.863751191928924,0.285366673619426,0
1042,23,0.716393955570816,0.270138525830230,0
1043,23,-0.931757889295745,0.051783845670909,0
1044,23,-0.753045033285169,-0.048558905638044,0
1045,23,0.784531288466923,0.261463334637100,0
1046,23,0.764522328595629,0.291267925433072,0
1047,23,0.865324243261250,0.194421468667909,0
1048,23,-0.698460878926504,0.012895932736712,0
1049,23,-0.643277393960317,-0.142742789754026,0
1050,23,0.781669143168349,0.194533125403734,0
1051,23,-0.784626589991802,0.524406364780741,0
1052,23,0.871886035170399,0.266972815094698,0
1053,23,0.592271473254263,-0.183685556171557,0
1054,23,0.689479792358058,0.248078919842599,0
1055,23,0.561732373247271,-0.177593499141783,0
1056,23,-0.853883631785554,-0.143192817874293,0
1057,23,0.658715322940130,0.334265779936761,0
1058,23,-0.692435601470167,0.487167521370940,0
1059,23,0.697676456769599,0.308908919664266,0
1060,23,0.839236267040709,0.157245008751552,0
1061,23,-0.674073462695980,0.030506563241004,0
1062,23,-0.285454311716187,0.298922021746056,0
1063,23,-0.696495810830452,0.474446609933826,0
1064,23,0.624708542783646,0.195773330820741,0
1065,23,0.745609584760044,-0.215626421222488,0
1066,23,0.572973607345709,-0.182910102365759,0
1067,23,0.743693606323967,0.224764152911356,0
1068,23,-0.764417895934004,0.523720470066956,0
1069,23,0.757604829230129,0.346086712012537,0
1070,23,-0.674150162148549,0.247328256275259,0
1071,23,-0.774412817280190,-0.017827609526828,0
1072,23,0.685719393033983,-0.173623926086562,0
1073,23,-0.786173949084555,-0.028725648920093,0
1074,23,-0.910047840744049,-0.003648110335503,0
1075,23,0.821932183204693,0.228054501852335,0
1076,23,-0.659048362680597,-0.178501979478144,0
1077,23,-0.587693446013379,0.158052751198817,0
1078,23,-0.698819216152865,-0.152345673603919,0
1079,23,0.844354316899197,0.202561351365835,0
1080,23,0.418347672135941,-0.208740998543133,0
1081,23,0.923084277540552,0.278536033828708,0
1082,23,0.849497008246545,0.185398101631605,0
1083,23,-0.872293399430432,-0.269217957366382,0
1084,23,-0.256854855356487,0.291110734067520,0
1085,23,-0.687227129582473,0.463060194544120,0
1086,23,-0.758742211992891,0.518053542338027,0
1087,23,-0.751807733505033,0.487412650417211,0
1088,23,0.772826900173424,0.185786012672096,0
1089,23,0.630143945695197,-0.160434070408606,0
1090,23,0.747871289694569,0.095703588379046,0
1091,23,-0.991576526789689,-0.129522166132664,0
1092,23,-0.643913454568057,0.416731508312251,0
1093,23,-0.705208653484400,0.708999827257186,0
