legislator_id,period,coord1D,coord2D,effective_model
74,1,-0.798056850417228,-0.040957590137075,0
132,1,0.137313130077322,-0.214058172320509,2
137,1,-0.915150403331557,-0.947004480798025,2
140,1,-0.839255442470995,0.172282625470899,2
150,1,-0.828918100612572,2.021335464981132,2
151,1,0.908969284614727,0.416863094585009,0
155,1,0.520162496376785,-1.236377114859643,2
158,1,-0.700976676769944,0.674881878462245,2
159,1,0.928656118243310,0.138025535458479,2
161,1,0.437403594338290,-0.976451829779718,2
164,1,0.553560642484555,-1.150401666489748,2
165,1,0.781307057172886,0.080076732355584,2
166,1,1.311973135658370,0.750106677834877,2
169,1,-0.808364237543317,0.465033951633715,2
170,1,-0.476516265039831,-0.519739769935877,0
172,1,0.684429057131157,-0.735431820999352,2
173,1,-0.803477892368827,0.422124971400189,0
175,1,0.493266821425641,1.309995914676279,2
176,1,-0.935627385114729,0.542853490879548,2
177,1,-0.721498058368671,0.332271937609091,2
178,1,-0.379388976731868,-0.514556934610725,2
179,1,0.316379542928928,0.762758423277423,2
181,1,-0.831623461704836,0.082077740632514,2
185,1,-0.705368841874150,-0.667710025196213,2
187,1,0.731625057811867,0.925406648635329,2
190,1,-0.381861191374683,-1.397632194304289,2
193,1,-0.944994451872780,1.761529380957513,2
195,1,-1.049595854988597,3.196105787258142,2
202,1,-0.528088811857131,-0.106524122722596,0
205,1,-0.866323084353092,0.025253063345212,2
206,1,0.820171621943901,-0.853635133531944,2
208,1,0.631756715484921,0.689857534142150,2
209,1,0.178765250144622,0.404075930963545,2
211,1,-0.450967110085717,-0.029407852142095,1
213,1,-0.778052440394420,-0.952086376662031,2
220,1,-0.726046386267293,-0.711241601879312,2
221,1,-0.602949956488006,1.272861853096646,2
222,1,-0.677368030237303,-1.519128162123787,2
224,1,-0.740949117448881,-0.227161565607058,2
226,1,-0.588169134121674,-0.516399196085765,2
234,1,0.543447127442947,1.020233641234007,2
239,1,-0.225636887638556,0.746478685505375,2
242,1,0.482605513529633,-0.710913789375150,0
660,1,-0.145719860749826,0.562649735797021,0
800,1,-0.729824287169541,0.468881080369855,2
801,1,0.295644129660396,-0.578657272814547,0
802,1,-0.815470488261357,0.371551805793142,2
803,1,-0.916477837736582,0.932155169650365,2
804,1,-0.916553318341465,0.341639632877626,2
805,1,0.769793382803819,-0.054687934990929,2
806,1,0.726841414054722,-1.093496430188862,2
807,1,0.581506452317543,0.236257457939223,2
808,1,-0.969681275960477,0.278279441394669,2
809,1,1.024314527534947,0.751855583789417,2
810,1,-0.685695199062480,-1.198611379063710,2
811,1,0.804395933067246,0.789333658429714,2
812,1,0.696550744956504,0.251568790694293,2
813,1,0.193509339386019,-1.101830078019915,2
814,1,0.414518027859076,-0.856757600848830,2
815,1,0.741376258421892,0.660269793921623,2
816,1,-0.754519589397108,-1.510041040345222,2
817,1,-1.009611747692984,1.595140947756871,2
818,1,0.360922978688465,-0.510993561520470,2
819,1,-0.893898092218637,0.266847535180475,2
820,1,0.324293199341951,-0.621802101504378,0
821,1,0.622106879633212,0.213417340966421,2
822,1,0.479688792360832,1.056410498243689,2
823,1,0.714259791694390,0.308788200713772,2
824,1,-0.952338096148003,0.139523705562234,2
825,1,0.512984222104734,-0.998592677106752,2
826,1,3.507360514483656,0.536486075971688,2
827,1,-0.911717458656707,0.407582018498831,2
828,1,0.765862336358594,-0.066467126926449,2
829,1,-0.707808351900693,0.706404513702755,0
830,1,0.874097086843396,0.460004049981360,2
831,1,0.731153849247941,0.510963628387201,2
832,1,-0.852819869228586,0.462027644809516,2
833,1,-0.793022769579931,-0.170780677315859,0
834,1,0.671793027371559,-0.621839933951779,2
835,1,-0.676622381785643,-0.736330192554077,0
836,1,-0.811498737945537,-0.294927164286261,2
837,1,-0.904180436493086,0.697167289145244,2
838,1,0.760927636850491,0.356968172967417,2
839,1,-0.778693146500992,0.038794429096081,2
840,1,0.691481255858451,0.568749291525850,2
841,1,-0.590894881324843,0.595275800786507,0
842,1,0.370189062870765,-0.613874037674010,2
843,1,0.548976519188148,-1.327193248566089,2
844,1,0.687774031998410,0.298953737840711,2
845,1,-0.775701129593900,-0.024830412772745,0
846,1,0.408890303416602,-0.141199400518382,2
847,1,-0.660803041826199,-0.137511527871833,2
848,1,-0.823423998488492,1.130125493156309,2
849,1,-0.722525737927080,0.088552059318908,2
850,1,0.818715695987909,0.790771938430136,2
851,1,0.496025169974253,-0.520445650617399,0
852,1,-0.803897882540769,0.021176142860803,2
853,1,0.349285289426052,-0.252721262022150,2
854,1,-0.799657459972783,0.331854001369862,2
855,1,-0.791016421862656,-0.133760236200047,2
856,1,-0.939887442578909,-0.071201804002940,2
857,1,0.878634976003391,1.228073862329478,2
858,1,-0.622510616729369,0.412091121265654,2
859,1,-0.797463713649428,0.353194147924134,2
860,1,-0.644650881992264,0.656910176883431,2
861,1,0.784604706960842,0.905642108555027,2
862,1,-0.333224894504648,-1.338106254433856,2
863,1,0.523811085670076,-0.570191332952284,2
864,1,0.680215919348156,0.506392477338827,2
865,1,0.843980898124220,1.574198957240672,2
866,1,-0.796222420695882,0.561286456003133,2
867,1,0.511568527456277,-0.791337160343789,2
868,1,0.778044273591015,-1.115107766080395,2
869,1,-0.912189054665721,0.469978534044914,2
870,1,-1.009600348032655,0.501913782097840,2
871,1,0.424535710017263,0.830666805861137,2
872,1,-0.770619487428219,0.677127171116925,2
873,1,-0.664706480035258,0.064279882892334,2
874,1,0.698063973960793,0.614175571434697,2
875,1,0.586214409298367,0.601876204707706,2
876,1,-0.814760006124956,0.125519907646768,2
877,1,-0.586171868637428,-0.624594019843738,2
878,1,-0.755655956770807,-1.296659418010043,2
879,1,-0.787661734312030,-0.794986282738602,2
880,1,-0.941611961592681,0.173586164745724,2
881,1,0.209222780782097,-1.114379989220770,2
882,1,-0.953057936325926,1.138723502741198,2
883,1,-0.940485473983957,0.091972756711752,2
884,1,0.667309060189840,0.413701694717641,2
885,1,-0.704089511762031,0.483047439755822,2
886,1,-0.450809114919763,0.332311158090378,2
887,1,0.733828186244127,0.767638156526073,2
888,1,-0.796601547883087,0.717628494275580,2
889,1,0.526413141934944,1.693375634843398,2
890,1,-0.778358535773325,1.195424092542313,2
891,1,0.544138300569533,-1.052207402605854,2
892,1,-0.845011924538059,0.191220744601785,2
893,1,-0.624124409026813,0.791654274388966,2
894,1,-0.804666867371930,0.021460772663880,2
895,1,0.714546704090119,0.834113943774356,2
896,1,0.466535036761955,-0.408767424291475,0
897,1,-0.524570615362548,-0.523852170526605,2
898,1,-0.753090596211955,0.382426960158471,2
899,1,-0.692632152064560,0.776902196129288,2
900,1,-0.840079892253771,-0.306521600119445,0
901,1,-0.940515556870493,0.339750625142303,0
902,1,-0.895095106673787,0.310872929883877,2
903,1,-0.721314381560344,0.488181687305772,2
904,1,-0.749293954473826,0.459787914094576,2
905,1,0.656866962652304,0.485134389213160,2
906,1,0.949404805621297,0.752993549320494,2
907,1,0.969434877529591,0.841920941387132,2
908,1,1.107584108287145,0.585216531876494,2
909,1,0.392793392588053,-0.653603962304985,0
910,1,-0.547727214736871,0.315516818997375,2
911,1,-0.773979769980018,0.639989926699567,2
912,1,-0.071419225270676,-0.858257852711762,2
913,1,-0.693654724476431,0.620176401740235,2
914,1,-0.798537513534246,0.269773879618290,2
915,1,0.316651522082215,-0.696830380354719,2
916,1,-0.734554475660488,-0.225515738436800,2
917,1,0.736517576256723,0.529846713574954,2
918,1,-0.672928426947444,-0.485363645049163,2
919,1,0.684792865011675,0.517198860580332,2
920,1,-0.948885471392849,0.490849830728566,2
921,1,0.214443423114106,-0.548790812000924,2
922,1,-0.603124908421220,0.344117465285741,1
923,1,0.606078950901669,-0.180964961459073,2
924,1,-0.873710659359338,0.256964301714922,2
925,1,-0.557684802333790,0.151905408722403,2
926,1,0.607236773900884,-0.425069882870316,2
927,1,0.423282686675506,-0.879704457620559,2
928,1,0.613511177367672,-0.368314275186344,0
929,1,-0.632934369590460,-0.153421778604750,2
930,1,-1.210269533434669,0.070849180793198,2
931,1,-0.876341441792026,0.137965775664081,2
932,1,-0.492435372935894,0.516424034556019,0
933,1,-0.588533516022868,0.837805920530168,2
934,1,-0.653518959967692,0.445870138748111,2
935,1,0.586418416974328,-0.685354765348574,2
936,1,-0.833960488142220,-0.132967434228209,2
937,1,-1.224689475043036,0.165148299973550,2
938,1,0.579617927458237,0.436426027753857,2
939,1,0.783609952976582,0.565705281132847,2
940,1,0.867597699174674,0.104706197737550,2
941,1,-0.833609604150600,-0.089760242883853,2
942,1,0.780759640446794,0.064238728333790,2
943,1,0.116587234305588,0.993180455303540,0
944,1,0.563894310020312,0.336542917962447,2
945,1,0.628909584274651,0.216515950865750,2
946,1,0.444714653694315,-0.091290277578710,2
947,1,-0.661026908580466,1.183644685829383,2
948,1,0.554033013840324,-0.905915690491462,2
949,1,0.312033550892653,-0.385080928770333,2
950,1,-0.563880720215896,0.635110768443552,2
951,1,0.577007803870583,0.390826559607230,2
952,1,0.413848260469060,0.345570108661114,2
953,1,0.421072676434043,-0.280325926840596,2
954,1,0.840502825568188,0.001753126803352,2
955,1,0.905755086546452,0.218328187500648,2
956,1,-1.161878631544220,0.289526229418516,2
957,1,-0.603763881737025,0.268590346876553,2
958,1,-0.641296957341062,0.083793293188889,2
959,1,0.613632419385445,0.354258261213081,2
960,1,-0.618650203453689,-0.119263323328448,0
961,1,0.151104302063709,0.691601442073935,2
962,1,0.210515096697664,-0.590735129043246,2
963,1,-0.393199995733924,0.645217406326886,2
964,1,0.613421134362394,-0.185583473912754,0
965,1,0.772880901068763,0.004425934955361,0
966,1,0.588903644894976,-0.297145075057363,0
967,1,0.550170796505597,-0.343837655312896,2
968,1,-0.822560788959870,-0.079409222169523,2
969,1,-0.613460388374363,0.563027985307809,0
970,1,0.608492069420028,-0.647976202311753,2
971,1,0.641743482576479,0.698318456630943,2
972,1,-0.383715777694440,1.598853070796136,2
973,1,-0.908811811775873,0.049655661207407,2
974,1,-0.745370793186676,0.301896118299847,2
975,1,-0.813714378440950,0.014705044352679,2
976,1,0.734331779715099,-0.361039870418679,2
977,1,-0.439721840518718,0.720177821778321,0
978,1,0.567586819796158,-0.355315152421168,0
979,1,-0.414608618019670,0.307766279687123,0
980,1,-0.525936863691156,-0.261597340179598,0
981,1,-0.788704075262443,0.130294118631363,2
982,1,-0.600987609757121,0.760368952920861,2
983,1,-0.566173419645555,0.606361661608239,0
984,1,0.774025750649105,0.628902806121350,2
985,1,0.541068825461358,-0.449719458606842,2
986,1,-0.604513645945579,0.328685303161531,2
987,1,-0.778745557803168,0.730044803451657,2
988,1,0.483689818955835,0.652003139551428,0
989,1,0.562597367749220,-0.439933256677756,2
990,1,-0.794257255149324,-0.091940448977909,0
991,1,-0.624411989631952,1.056085701957526,2
992,1,-0.487995294112659,0.798233569157570,0
993,1,-0.919937696409872,-0.001773813576774,2
994,1,0.460122430120257,0.517406193511345,2
995,1,0.701556379166802,0.631457569574169,2
996,1,-0.419323994193225,0.285630299707686,0
997,1,-0.790688301483762,-0.071383620329989,0
998,1,-0.560903936934656,0.792568033734043,0
999,1,0.645504882229962,0.700104032245376,2
1000,1,-0.704330223861755,-0.045066318797125,2
1001,1,-0.579700573442953,-0.382335904859849,2
1002,1,-0.727132286886261,0.061029430202455,2
1003,1,0.573888412652960,-0.535955561724046,2
1004,1,-0.726487652033239,-0.095016971985348,0
1005,1,0.588814080931474,-0.591716250243081,2
1006,1,-0.887405982168458,0.123297469487022,2
1007,1,-0.657865358751399,0.160375833137456,0
1008,1,-0.920701778672009,0.390266876316961,0
1009,1,0.741317662113357,-0.219294849121396,0
1010,1,0.650028735027442,0.453705548863281,0
1011,1,0.383568678764159,-0.249363651648970,0
1012,1,-0.905754575783045,0.123022656300299,0
1013,1,-0.656823171918671,0.722798261932366,0
1014,1,-0.643926567979176,-0.314942920924292,0
1015,1,-0.733415929631946,0.679780166055254,0
1016,1,-0.088221134713884,0.739090690290179,0
1017,1,0.455852178443074,-0.136868215303027,0
1018,1,-0.739341023668618,0.673331159588184,0
1019,1,0.665188513613641,0.295319020851313,0
1020,1,-0.685562184130805,0.053888034600011,0
1021,1,0.499793131878557,0.406602040008737,0
1022,1,0.609522628081927,0.215244470241779,0
1023,1,-0.735586426815810,0.677430888453324,0
1024,1,0.771263440039504,0.448793748018439,0
1025,1,0.675877600276678,0.318280678177635,0
1026,1,0.612539689545366,0.367575217195229,0
1027,1,0.534341152442857,0.511422367953278,0
1028,1,0.614543502852580,0.350085842079463,0
1029,1,0.659898851461359,0.385731414442182,0
1030,1,0.719524682375757,0.414684831565900,0
1031,1,0.672441496895761,-0.344884290358641,0
1032,1,0.674944149847909,0.407817811198945,0
1033,1,-0.796226941418395,0.604998064260959,0
1034,1,-0.901009316419345,0.433799735041799,0
1035,1,-0.917688327587055,0.087133329901845,0
1036,1,-0.902066024906342,0.431598061522142,0
1037,1,-0.813221552326679,0.581954213689863,0
1038,1,-0.732784772179675,0.151347406330385,0
1039,1,-0.888070728960361,0.459706841763109,0
1040,1,0.848027687047677,0.183387273827747,0
1041,1,0.698930008317627,0.437973167188332,0
1042,1,0.547698498681590,0.491300160501060,0
1043,1,-0.925864844206593,0.225851158911191,0
1044,1,-0.757276382878248,0.107031857529085,0
1045,1,0.629922301187174,0.476146282696813,0
1046,1,0.604974761822562,0.625890584810993,0
1047,1,0.760892605276680,0.362018418589090,0
1048,1,-0.738390835879576,0.101442387131277,0
1049,1,-0.655057914488211,-0.078298801343302,0
1050,1,0.671801986269633,0.371087383719288,0
1051,1,-0.872857276398239,0.487975566793342,0
1052,1,0.761177176309139,0.450350809647832,0
1053,1,0.527329641094213,-0.094760333981583,0
1054,1,0.528528828484735,0.525560039610466,0
1055,1,0.465044224266225,-0.229208195796930,0
1056,1,-0.862078830681926,0.080888925597258,0
1057,1,0.476474813581914,0.767101108239301,0
1058,1,-0.728899918621082,0.684620266011882,0
1059,1,0.537905672480560,0.656905508251028,0
1060,1,0.758651038663642,0.323595127955514,0
1061,1,-0.712529352206308,0.117047177343796,0
1062,1,-0.248284801230419,0.687391181236920,0
1063,1,-0.742525925772143,0.669817324461082,0
1064,1,0.433201743589111,0.269743780064169,0
1065,1,0.721898303668206,-0.415863475865929,0
1066,1,0.471170024142782,-0.259332560002528,0
1067,1,0.580528383706279,0.502225207303181,0
1068,1,-0.834028847416587,0.551720836725385,0
1069,1,0.624203501374632,0.781261792788851,0
1070,1,-0.723288343617127,0.365811416702842,0
1071,1,-0.795950456279653,0.089814046258084,0
1072,1,0.616996915992537,-0.251451930376087,0
1073,1,-0.810102799484142,0.087362772737100,0
1074,1,-0.906983071409541,0.145368645827878,0
1075,1,0.710646505469345,0.461706853888679,0
1076,1,-0.659110165527673,-0.073246512179014,0
1077,1,-0.617539190061302,0.301919228767431,0
1078,1,-0.691781076956808,-0.032992295158119,0
1079,1,0.734142251813331,0.398452022526006,0
1080,1,0.297955492167781,-0.277657475927286,0
1081,1,0.854306180819217,0.439949872047180,0
1082,1,0.787664618249153,0.343150139591721,0
1083,1,-0.777834276499163,0.409530273747729,0
1084,1,-0.234605289755199,0.583860487593783,0
1085,1,-0.727824660913539,0.685763269844989,0
1086,1,-0.805563557715299,0.592509370795998,0
1087,1,-0.821124577686948,0.570749004579806,0
1088,1,0.675429769562388,0.408398310226785,0
1089,1,0.561009434925524,-0.084007944155132,0
1090,1,0.676156499846240,0.378947064199276,0
1091,1,-0.993730463143674,-0.111802355164187,0
1092,1,-0.579510303148736,0.814964912462163,0
1093,1,-0.995825600329256,0.091276359090822,0
74,2,-0.798056850417228,-0.040957590137075,0
132,2,0.156482464790359,-0.297023664150142,2
137,2,-0.878999407131602,-0.854389048079477,2
140,2,-0.791273955853684,0.064906179411700,2
150,2,-0.840950065933957,1.712821549867857,2
151,2,0.908969284614727,0.416863094585009,0
155,2,0.495861417676557,-1.171303049015271,2
158,2,-0.723115996668864,0.613325848224464,2
159,2,0.884211208029451,0.177507227619884,2
161,2,0.447863022788434,-0.960712778012984,2
164,2,0.519129020560639,-1.084866613462957,2
165,2,0.789341508205636,0.094010963245652,2
166,2,1.159443245436844,0.557181406556667,2
169,2,-0.797759753346911,0.442365129513591,2
170,2,-0.476516265039831,-0.519739769935877,0
172,2,0.679470604741106,-0.743770426052758,2
173,2,-0.803477892368827,0.422124971400189,0
175,2,0.531696061325058,1.200423699060833,2
176,2,-0.955302494255656,0.507109401440722,2
177,2,-0.729414520981562,0.368730125303136,2
178,2,-0.226410916852573,-0.631455276792017,2
179,2,0.384983368812696,0.770802091325088,2
181,2,-0.797057401594874,-0.032900717968879,2
185,2,-0.713793143807560,-0.606080866796977,2
187,2,0.716819878213697,0.875277800041046,2
190,2,-0.401162465295112,-1.291562734475586,2
193,2,-0.937244212843203,1.538092385744460,2
195,2,-1.028120209274740,2.676043607905438,2
202,2,-0.528088811857131,-0.106524122722596,0
205,2,-0.852291708138370,0.072786959962659,2
206,2,0.760909521739934,-0.513185324431471,2
208,2,0.643534301462759,0.703710673670292,2
209,2,0.266430556042234,0.432144645041223,2
211,2,-0.443673748979131,0.002157178394454,1
213,2,-0.770088165006077,-0.848295110591950,2
220,2,-0.709053373577946,-0.679029112704074,2
221,2,-0.621515233020415,1.209560264307249,2
222,2,-0.678837133044094,-1.347636174796644,2
224,2,-0.759347875121320,-0.269331858736713,2
226,2,-0.589804281722821,-0.485375222806767,2
234,2,0.611099247305531,0.922992017311256,2
239,2,-0.276296482283696,0.583092094216201,2
242,2,0.482605513529633,-0.710913789375150,0
660,2,-0.145719860749826,0.562649735797021,0
800,2,-0.751275565300533,0.434839783659961,2
801,2,0.295644129660396,-0.578657272814547,0
802,2,-0.845865996917504,0.388229681023935,2
803,2,-0.917802131650683,0.584452797590056,2
804,2,-0.911487709604194,0.307690720484990,2
805,2,0.766952524862681,0.109396328422729,2
806,2,0.669665931620559,-1.020010849879804,2
807,2,0.619933070130518,0.325051041024026,2
808,2,-0.901760417961579,0.129642375025137,2
809,2,0.950415921790484,0.678350671536904,2
810,2,-0.698563207155911,-0.968396770126587,2
811,2,0.790031824782726,0.726628403214925,2
812,2,0.708840330061812,0.323255354906991,2
813,2,0.211646118618687,-1.013348629134744,2
814,2,0.432383253333187,-0.883467415301244,2
815,2,0.750612930595707,0.633894385178447,2
816,2,-0.755209801774594,-1.264029634654368,2
817,2,-0.989789958673061,1.343398006694285,2
818,2,0.414148804150812,-0.518056914509170,2
819,2,-0.862793632207907,0.293918446774220,2
820,2,0.324293199341951,-0.621802101504378,0
821,2,0.652242240455526,0.269267902245820,2
822,2,0.540560475792314,0.982845207707135,2
823,2,0.723037523328933,0.374020678977340,2
824,2,-0.949742810399565,0.110706555246778,2
825,2,0.548293790919526,-1.024790420895374,2
826,2,3.056619078457761,0.545416127044154,2
827,2,-0.914655323622759,0.314544567881747,2
828,2,0.747639128570186,0.050834336658975,2
829,2,-0.707808351900693,0.706404513702755,0
830,2,0.845860767202194,0.456375233299896,2
831,2,0.718154976698497,0.512842717033365,2
832,2,-0.857759886726949,0.423457300691934,2
833,2,-0.793022769579931,-0.170780677315859,0
834,2,0.688084943536045,-0.586448503886063,2
835,2,-0.676622381785643,-0.736330192554077,0
836,2,-0.818170511372195,-0.258624410171732,2
837,2,-0.906418912233443,0.589339408906563,2
838,2,0.749434075975773,0.338052029046855,2
839,2,-0.775488227466540,0.039169831424947,2
840,2,0.726121653085040,0.581883317402226,2
841,2,-0.590894881324843,0.595275800786507,0
842,2,0.383604324016016,-0.619479563583304,2
843,2,0.538999469772102,-1.125891832569247,2
844,2,0.704822685219438,0.358897254924273,2
845,2,-0.775701129593900,-0.024830412772745,0
846,2,0.397681404346553,-0.292735464942314,2
847,2,-0.658604090736981,-0.055416260377736,2
848,2,-0.837037261084035,0.925750534965539,2
849,2,-0.750497003698653,0.194089940668706,2
850,2,0.800178414550667,0.724439136089645,2
851,2,0.496025169974253,-0.520445650617399,0
852,2,-0.811663879241897,0.018660014990842,2
853,2,0.368115921183826,-0.298022231151610,2
854,2,-0.794009463680507,0.345658968223536,2
855,2,-0.814047473227099,-0.076433905024730,2
856,2,-0.902287726048513,-0.083079757780583,2
857,2,0.868808425995104,1.152823425165161,2
858,2,-0.627310464581966,0.477029772716512,2
859,2,-0.799447979563026,0.364954346578172,2
860,2,-0.658814524069554,0.638976491672806,2
861,2,0.761793188556875,0.732470677746439,2
862,2,-0.404802698650652,-0.996203242019688,2
863,2,0.529570525054556,-0.616801428585953,2
864,2,0.669375758608473,0.571521398864028,2
865,2,0.811951662272894,1.394736215906902,2
866,2,-0.803460824280303,0.505192467989851,2
867,2,0.479370283441447,-0.675056283392593,2
868,2,0.735193657924924,-1.025434202312654,2
869,2,-0.901663076565193,0.368795523428110,2
870,2,-0.995760018270805,0.453690553257709,2
871,2,0.457350323852121,0.831002841044956,2
872,2,-0.722228846991252,0.353949855544059,2
873,2,-0.697732328233703,0.103674617258651,2
874,2,0.689056024416436,0.524610080532075,2
875,2,0.644247998084714,0.619320863415511,2
876,2,-0.803388785051691,0.111818735033272,2
877,2,-0.596497775298555,-0.511170884751259,2
878,2,-0.745395468693710,-1.087499688570855,2
879,2,-0.768808504761588,-0.586095271286389,2
880,2,-0.943088050378175,0.145352341619416,2
881,2,0.222051268493607,-1.053922541798550,2
882,2,-0.948222255926913,1.006228688145178,2
883,2,-0.929251721321977,0.069286136021101,2
884,2,0.691459927976812,0.448776168404144,2
885,2,-0.720065308428779,0.458374170536244,2
886,2,-0.520156122741562,0.383430240736085,2
887,2,0.748100400026442,0.780111610617166,2
888,2,-0.811362519308783,0.579623035621632,2
889,2,0.540883504455207,1.545304174101915,2
890,2,-0.826763667672738,1.038821980522485,2
891,2,0.501897572166367,-0.870245136637551,2
892,2,-0.849039962503994,0.250442233873228,2
893,2,-0.614531496080758,0.739069953871724,2
894,2,-0.781367170509434,-0.028836250241576,2
895,2,0.701290659038744,0.828306449120058,2
896,2,0.466535036761955,-0.408767424291475,0
897,2,-0.503857550571545,-0.596165391810884,2
898,2,-0.735691716908453,0.444937447775486,2
899,2,-0.702343155002700,0.745611063798158,2
900,2,-0.840079892253771,-0.306521600119445,0
901,2,-0.940515556870493,0.339750625142303,0
902,2,-0.872263212358897,0.303399455374808,2
903,2,-0.741193069667243,0.481496372330341,2
904,2,-0.751842815719403,0.418711600328493,2
905,2,0.642640760106989,0.404444630041837,2
906,2,0.923898535794446,0.724256868163064,2
907,2,0.945876175790305,0.830978565571740,2
908,2,1.058954463465056,0.578976587102038,2
909,2,0.392793392588053,-0.653603962304985,0
910,2,-0.599986971966150,0.328334540530063,2
911,2,-0.744348758548901,0.609674081927280,2
912,2,0.031087127181348,-0.846183603340432,2
913,2,-0.673124292620553,0.645277066907288,2
914,2,-0.802161071677744,0.295664687821279,2
915,2,0.326549942981999,-0.578119855930942,2
916,2,-0.739695724705043,-0.148043549006427,2
917,2,0.731898577239999,0.514483137968228,2
918,2,-0.653402716609973,-0.462464999077086,2
919,2,0.684708906840478,0.428890130467479,2
920,2,-0.928290942981694,0.379083689820442,2
921,2,0.232304715063380,-0.590375586052206,2
922,2,-0.608322987025379,0.303205967879942,1
923,2,0.621201431924907,-0.182142709309696,2
924,2,-0.861301447348272,0.204972186946823,2
925,2,-0.565071447756459,0.090201918126101,2
926,2,0.607978344932765,-0.367538041812975,2
927,2,0.402848941737507,-0.613220881463495,2
928,2,0.613511177367672,-0.368314275186344,0
929,2,-0.634131130376968,-0.130504831894178,2
930,2,-1.178672923047348,0.078503324126531,2
931,2,-0.865584391522530,0.079788809908168,2
932,2,-0.492435372935894,0.516424034556019,0
933,2,-0.583801209738129,0.779311367606601,2
934,2,-0.646018606994395,0.456640506105281,2
935,2,0.595884224556059,-0.454248114739318,2
936,2,-0.842060615911435,-0.043293245320499,2
937,2,-1.187520188423274,0.146163435009212,2
938,2,0.579387987002994,0.337211883990295,2
939,2,0.762147188264166,0.424750475953140,2
940,2,0.833312864573930,0.012856219468664,2
941,2,-0.834567518066553,-0.083243325997231,2
942,2,0.742210791758909,-0.006509531922947,2
943,2,0.116587234305588,0.993180455303540,0
944,2,0.558805416714207,0.230985804027790,2
945,2,0.630968214551480,0.147898450072425,2
946,2,0.464376042784605,0.002786546829371,2
947,2,-0.662192802340258,1.080730027597529,2
948,2,0.547741276950207,-0.642730002461785,2
949,2,0.335305982358306,-0.245871239788158,2
950,2,-0.565057632524642,0.720876377739958,2
951,2,0.563322127406266,0.295083366902132,2
952,2,0.436204472782295,0.370984002539444,2
953,2,0.428323898884049,-0.195023612679845,2
954,2,0.818917746015304,-0.054309633526029,2
955,2,0.877929132432595,0.130480606304069,2
956,2,-1.126050633985957,0.222303982794813,2
957,2,-0.614141609742521,0.353615658143218,2
958,2,-0.625488659507550,0.058233388367916,2
959,2,0.642704693268662,0.301067766519054,2
960,2,-0.618650203453689,-0.119263323328448,0
961,2,0.121093348814784,0.692340231890254,2
962,2,0.217307069802610,-0.650267997099597,2
963,2,-0.396460119938087,0.645130122684087,2
964,2,0.613421134362394,-0.185583473912754,0
965,2,0.772880901068763,0.004425934955361,0
966,2,0.588903644894976,-0.297145075057363,0
967,2,0.552218809549499,-0.360785698554414,2
968,2,-0.811688466894923,-0.106181750175044,2
969,2,-0.613460388374363,0.563027985307809,0
970,2,0.597109547119942,-0.569819623521278,2
971,2,0.624331675331831,0.609835071381654,2
972,2,-0.452632704643188,1.462418156494342,2
973,2,-0.913408228466403,0.005916097576324,2
974,2,-0.743508707562859,0.273579196251852,2
975,2,-0.811866453127635,0.005515115882590,2
976,2,0.732329032953108,-0.360103050684884,2
977,2,-0.439721840518718,0.720177821778321,0
978,2,0.567586819796158,-0.355315152421168,0
979,2,-0.414608618019670,0.307766279687123,0
980,2,-0.525936863691156,-0.261597340179598,0
981,2,-0.783316625087272,0.116597776557130,2
982,2,-0.561498543784746,0.768513887609898,2
983,2,-0.566173419645555,0.606361661608239,0
984,2,0.728072566391387,0.598573500852726,2
985,2,0.568946179400518,-0.419464408617358,2
986,2,-0.610077179225035,0.276829381293945,2
987,2,-0.776094333101505,0.720739377263682,2
988,2,0.483689818955835,0.652003139551428,0
989,2,0.569744664949525,-0.422276346881696,2
990,2,-0.794257255149324,-0.091940448977909,0
991,2,-0.631663173925285,1.036982397439856,2
992,2,-0.487995294112659,0.798233569157570,0
993,2,-0.922861196057301,-0.041156253855179,2
994,2,0.480772257749674,0.482766203611218,2
995,2,0.685079637760530,0.563837037015937,2
996,2,-0.419323994193225,0.285630299707686,0
997,2,-0.790688301483762,-0.071383620329989,0
998,2,-0.560903936934656,0.792568033734043,0
999,2,0.639528891689087,0.675766719718370,2
1000,2,-0.720861830128149,-0.040459591454251,2
1001,2,-0.612368403694619,-0.353739996172309,2
1002,2,-0.732187373802870,0.007255273064833,2
1003,2,0.636740280681496,-0.502638176290537,2
1004,2,-0.726487652033239,-0.095016971985348,0
1005,2,0.596325067898470,-0.558890121640935,2
1006,2,-0.890245151582166,0.096084284770249,2
1007,2,-0.657865358751399,0.160375833137456,0
1008,2,-0.920701778672009,0.390266876316961,0
1009,2,0.741317662113357,-0.219294849121396,0
1010,2,0.650028735027442,0.453705548863281,0
1011,2,0.383568678764159,-0.249363651648970,0
1012,2,-0.905754575783045,0.123022656300299,0
1013,2,-0.656823171918671,0.722798261932366,0
1014,2,-0.643926567979176,-0.314942920924292,0
1015,2,-0.733415929631946,0.679780166055254,0
1016,2,-0.088221134713884,0.739090690290179,0
1017,2,0.455852178443074,-0.136868215303027,0
1018,2,-0.739341023668618,0.673331159588184,0
1019,2,0.665188513613641,0.295319020851313,0
1020,2,-0.685562184130805,0.053888034600011,0
1021,2,0.499793131878557,0.406602040008737,0
1022,2,0.609522628081927,0.215244470241779,0
1023,2,-0.735586426815810,0.677430888453324,0
1024,2,0.771263440039504,0.448793748018439,0
1025,2,0.675877600276678,0.318280678177635,0
1026,2,0.612539689545366,0.367575217195229,0
1027,2,0.534341152442857,0.511422367953278,0
1028,2,0.614543502852580,0.350085842079463,0
1029,2,0.659898851461359,0.385731414442182,0
1030,2,0.719524682375757,0.414684831565900,0
1031,2,0.672441496895761,-0.344884290358641,0
1032,2,0.674944149847909,0.407817811198945,0
1033,2,-0.796226941418395,0.604998064260959,0
1034,2,-0.901009316419345,0.433799735041799,0
1035,2,-0.917688327587055,0.087133329901845,0
1036,2,-0.902066024906342,0.431598061522142,0
1037,2,-0.813221552326679,0.581954213689863,0
1038,2,-0.732784772179675,0.151347406330385,0
1039,2,-0.888070728960361,0.459706841763109,0
1040,2,0.848027687047677,0.183387273827747,0
1041,2,0.698930008317627,0.437973167188332,0
1042,2,0.547698498681590,0.491300160501060,0
1043,2,-0.925864844206593,0.225851158911191,0
1044,2,-0.757276382878248,0.107031857529085,0
1045,2,0.629922301187174,0.476146282696813,0
1046,2,0.604974761822562,0.625890584810993,0
1047,2,0.760892605276680,0.362018418589090,0
1048,2,-0.738390835879576,0.101442387131277,0
1049,2,-0.655057914488211,-0.078298801343302,0
1050,2,0.671801986269633,0.371087383719288,0
1051,2,-0.872857276398239,0.487975566793342,0
1052,2,0.761177176309139,0.450350809647832,0
1053,2,0.527329641094213,-0.094760333981583,0
1054,2,0.528528828484735,0.525560039610466,0
1055,2,0.465044224266225,-0.229208195796930,0
1056,2,-0.862078830681926,0.080888925597258,0
1057,2,0.476474813581914,0.767101108239301,0
1058,2,-0.728899918621082,0.684620266011882,0
1059,2,0.537905672480560,0.656905508251028,0
1060,2,0.758651038663642,0.323595127955514,0
1061,2,-0.712529352206308,0.117047177343796,0
1062,2,-0.248284801230419,0.687391181236920,0
1063,2,-0.742525925772143,0.669817324461082,0
1064,2,0.433201743589111,0.269743780064169,0
1065,2,0.721898303668206,-0.415863475865929,0
1066,2,0.471170024142782,-0.259332560002528,0
1067,2,0.580528383706279,0.502225207303181,0
1068,2,-0.834028847416587,0.551720836725385,0
1069,2,0.624203501374632,0.781261792788851,0
1070,2,-0.723288343617127,0.365811416702842,0
1071,2,-0.795950456279653,0.089814046258084,0
1072,2,0.616996915992537,-0.251451930376087,0
1073,2,-0.810102799484142,0.087362772737100,0
1074,2,-0.906983071409541,0.145368645827878,0
1075,2,0.710646505469345,0.461706853888679,0
1076,2,-0.659110165527673,-0.073246512179014,0
1077,2,-0.617539190061302,0.301919228767431,0
1078,2,-0.691781076956808,-0.032992295158119,0
1079,2,0.734142251813331,0.398452022526006,0
1080,2,0.297955492167781,-0.277657475927286,0
1081,2,0.854306180819217,0.439949872047180,0
1082,2,0.787664618249153,0.343150139591721,0
1083,2,-0.777834276499163,0.409530273747729,0
1084,2,-0.234605289755199,0.583860487593783,0
1085,2,-0.727824660913539,0.685763269844989,0
1086,2,-0.805563557715299,0.592509370795998,0
1087,2,-0.821124577686948,0.570749004579806,0
1088,2,0.675429769562388,0.408398310226785,0
1089,2,0.561009434925524,-0.084007944155132,0
1090,2,0.676156499846240,0.378947064199276,0
1091,2,-0.993730463143674,-0.111802355164187,0
1092,2,-0.579510303148736,0.814964912462163,0
1093,2,-0.995825600329256,0.091276359090822,0
74,3,-0.798056850417228,-0.040957590137075,0
132,3,0.175806562999803,-0.373459099861268,2
137,3,-0.844661254572751,-0.768230572829975,2
140,3,-0.747396070678962,-0.032988413925840,2
150,3,-0.851747605028343,1.427629709875752,2
151,3,0.908969284614727,0.416863094585009,0
155,3,0.474721934302726,-1.110897014696044,2
158,3,-0.744073765331901,0.558014386954338,2
159,3,0.842753618336902,0.215696404401404,2
161,3,0.457197850817820,-0.944857303569489,2
164,3,0.488899485344583,-1.022656855171770,2
165,3,0.796234237010358,0.108554502707314,2
166,3,1.016647649001438,0.376710945015934,2
169,3,-0.788750381412592,0.422318804555460,2
170,3,-0.476516265039831,-0.519739769935877,0
172,3,0.675881649001913,-0.746676486822766,2
173,3,-0.803477892368827,0.422124971400189,0
175,3,0.566842473742341,1.099344003730799,2
176,3,-0.972387679264497,0.472277236712242,2
177,3,-0.736354795728179,0.399311523458511,2
178,3,-0.089599799501162,-0.734944236174628,2
179,3,0.447981269925077,0.777635125532742,2
181,3,-0.764726380628401,-0.133974812349697,2
185,3,-0.720671621910919,-0.549382487135109,2
187,3,0.702780496086497,0.829559118184276,2
190,3,-0.418773154819232,-1.184992025412065,2
193,3,-0.930167287665786,1.329424052386601,2
195,3,-1.008019291965966,2.194883779882957,2
202,3,-0.528088811857131,-0.106524122722596,0
205,3,-0.839359408831713,0.118742444216280,2
206,3,0.707588914931657,-0.205756782976075,2
208,3,0.654544672926111,0.715811884871993,2
209,3,0.348630798352175,0.456831779764844,2
211,3,-0.436380387872546,0.033722208931002,1
213,3,-0.762227095840138,-0.751383507471017,2
220,3,-0.693260696741880,-0.644648127863054,2
221,3,-0.639362718680548,1.147239006484368,2
222,3,-0.680093439026737,-1.188142371991210,2
224,3,-0.774953733753192,-0.306582609912693,2
226,3,-0.590805694471818,-0.456434182332101,2
234,3,0.671537303086008,0.835276992810240,2
239,3,-0.323777542172222,0.430664287028153,2
242,3,0.482605513529633,-0.710913789375150,0
660,3,-0.145719860749826,0.562649735797021,0
800,3,-0.770935143962276,0.400852040114902,2
801,3,0.295644129660396,-0.578657272814547,0
802,3,-0.873771494600875,0.400360734552993,2
803,3,-0.916145463516015,0.276621593195771,2
804,3,-0.907097745027760,0.276161327286337,2
805,3,0.763949531233469,0.259339734949667,2
806,3,0.616620585569431,-0.951375893155746,2
807,3,0.654487590089925,0.407033467951880,2
808,3,-0.838475933014386,-0.007855310929477,2
809,3,0.882729586417204,0.608526773606383,2
810,3,-0.708909713896389,-0.754360786653863,2
811,3,0.776714616784807,0.665680157101862,2
812,3,0.719379931861572,0.385242808351137,2
813,3,0.229929496724956,-0.925571299103815,2
814,3,0.449326491304370,-0.901776523254642,2
815,3,0.757562644707316,0.605062426942552,2
816,3,-0.754005266388614,-1.031698183537221,2
817,3,-0.971993974971533,1.111666113145133,2
818,3,0.462406486649425,-0.520738331090369,2
819,3,-0.833787361693048,0.315193159948058,2
820,3,0.324293199341951,-0.621802101504378,0
821,3,0.680173009991971,0.320396264083793,2
822,3,0.595924024194818,0.910858083928967,2
823,3,0.730974218804170,0.433754219253425,2
824,3,-0.947049168177826,0.083998297337103,2
825,3,0.578779637027691,-1.041181513684110,2
826,3,2.633111757031801,0.543889303127438,2
827,3,-0.916650498407716,0.231406121940910,2
828,3,0.731094140986583,0.158313596036275,2
829,3,-0.707808351900693,0.706404513702755,0
830,3,0.819757311865151,0.453790976147727,2
831,3,0.705524060277696,0.510926830927256,2
832,3,-0.862164982720958,0.387310691865249,2
833,3,-0.793022769579931,-0.170780677315859,0
834,3,0.700943845239915,-0.553112329501030,2
835,3,-0.676622381785643,-0.736330192554077,0
836,3,-0.823514227187671,-0.225685740979151,2
837,3,-0.907473058888715,0.488662096334439,2
838,3,0.738247675468143,0.318176961845203,2
839,3,-0.771986440019036,0.037102530324060,2
840,3,0.756980069611151,0.591836605179210,2
841,3,-0.590894881324843,0.595275800786507,0
842,3,0.396703070957766,-0.623522539747742,2
843,3,0.530281862299329,-0.936493676063963,2
844,3,0.719952231682550,0.411906929327432,2
845,3,-0.775701129593900,-0.024830412772745,0
846,3,0.387474481417225,-0.412991685509709,2
847,3,-0.656413438366986,0.022029811630386,2
848,3,-0.848799338773118,0.739177671825203,2
849,3,-0.775483948979268,0.287302689771467,2
850,3,0.781893061384258,0.659582556504882,2
851,3,0.496025169974253,-0.520445650617399,0
852,3,-0.817934665555501,0.018570736897840,2
853,3,0.380992575268831,-0.340329759932686,2
854,3,-0.787773734433176,0.355582966041601,2
855,3,-0.833340003494141,-0.025585426757469,2
856,3,-0.867233049258434,-0.092522637088807,2
857,3,0.859639372903284,1.076830194592660,2
858,3,-0.631507271092781,0.536173056992140,2
859,3,-0.801259950997120,0.374376558926568,2
860,3,-0.670701133787321,0.622925512248828,2
861,3,0.741917036047548,0.574998691686928,2
862,3,-0.468676823342834,-0.681983827922143,2
863,3,0.534243807555093,-0.654319527831277,2
864,3,0.659500637407326,0.629292999981425,2
865,3,0.782402203134539,1.223789675709785,2
866,3,-0.808098588359099,0.450114137394933,2
867,3,0.451429748350290,-0.563484750580623,2
868,3,0.696091909879524,-0.936135149471298,2
869,3,-0.891383266563998,0.275529370046088,2
870,3,-0.982046184890095,0.408482515679764,2
871,3,0.487713271742741,0.826765860271277,2
872,3,-0.678739615562442,0.061796899668853,2
873,3,-0.727989133125029,0.137563576495552,2
874,3,0.680171120433413,0.439808516377104,2
875,3,0.695904232615297,0.630854543673017,2
876,3,-0.792000904161477,0.095997717671859,2
877,3,-0.605673053630121,-0.403753188993966,2
878,3,-0.734707172436529,-0.898062584105811,2
879,3,-0.749677859059826,-0.396376076947622,2
880,3,-0.944097283070535,0.117822428836793,2
881,3,0.234808132824089,-0.997373711138275,2
882,3,-0.942948475530919,0.881753041977723,2
883,3,-0.918285775923310,0.048190565723688,2
884,3,0.714105183407649,0.480832465173876,2
885,3,-0.733425648949625,0.432131961177123,2
886,3,-0.584180846220985,0.428748662427967,2
887,3,0.760214977580264,0.787337099567807,2
888,3,-0.824266802917327,0.453288972070106,2
889,3,0.553917939401492,1.403129908006866,2
890,3,-0.869736654912256,0.893371492588323,2
891,3,0.462672657492654,-0.696606070049372,2
892,3,-0.851974654926783,0.301322156720462,2
893,3,-0.603472547206620,0.690073210452743,2
894,3,-0.760324946391444,-0.071472842630641,2
895,3,0.689545611651345,0.818532787687623,2
896,3,0.466535036761955,-0.408767424291475,0
897,3,-0.486119934666501,-0.652092471027321,2
898,3,-0.718201398347349,0.500505741643406,2
899,3,-0.711424483597338,0.713835081995923,2
900,3,-0.840079892253771,-0.306521600119445,0
901,3,-0.940515556870493,0.339750625142303,0
902,3,-0.850468122164002,0.294561288452337,2
903,3,-0.759638243087319,0.473677470109168,2
904,3,-0.754504473282626,0.381441040505141,2
905,3,0.629677614515104,0.327934443612323,2
906,3,0.900308001365231,0.693747774276936,2
907,3,0.923095474822746,0.818080367388549,2
908,3,1.014173027397297,0.567797111967366,2
909,3,0.392793392588053,-0.653603962304985,0
910,3,-0.647188835682634,0.334746471999416,2
911,3,-0.716690177086250,0.581599003116755,2
912,3,0.125459138768945,-0.833299813343032,2
913,3,-0.653685211546487,0.664233018245358,2
914,3,-0.805163247478469,0.318322897055910,2
915,3,0.335577104445995,-0.466811670226821,2
916,3,-0.743993116749263,-0.076946686739071,2
917,3,0.727065883628110,0.497134838797609,2
918,3,-0.634992569021081,-0.437142644561522,2
919,3,0.684352253485403,0.345218278131583,2
920,3,-0.908821441074364,0.275665090203927,2
921,3,0.248541839724365,-0.628300889723213,2
922,3,-0.613521065629538,0.262294470474144,1
923,3,0.633652494118388,-0.183294332248639,2
924,3,-0.849524613341914,0.154448001459820,2
925,3,-0.571098760127974,0.031450284081083,2
926,3,0.608702576900781,-0.314643992481043,2
927,3,0.383676512052624,-0.363700210736607,2
928,3,0.613511177367672,-0.368314275186344,0
929,3,-0.635059773671695,-0.108027228995620,2
930,3,-1.148902132738030,0.084230942279440,2
931,3,-0.855309294075832,0.026959102124535,2
932,3,-0.492435372935894,0.516424034556019,0
933,3,-0.578793256518480,0.726290880815719,2
934,3,-0.638286407995137,0.467521826822738,2
935,3,0.604749520422298,-0.242224481012020,2
936,3,-0.849113856494917,0.041013330278328,2
937,3,-1.152738236553350,0.129051450369916,2
938,3,0.579064941353971,0.244513141618273,2
939,3,0.742250252864690,0.293445142784185,2
940,3,0.801698163402277,-0.071832949155057,2
941,3,-0.835140676365882,-0.077267552746111,2
942,3,0.707320266168318,-0.072142472231918,2
943,3,0.116587234305588,0.993180455303540,0
944,3,0.554712233015973,0.132954582871918,2
945,3,0.631961266901166,0.084163065015836,2
946,3,0.483545376555794,0.089050619765049,2
947,3,-0.662259682291519,0.986365303994025,2
948,3,0.536170321201748,-0.393910821472598,2
949,3,0.357474473833831,-0.116286960882729,2
950,3,-0.567111169591876,0.793455181143707,2
951,3,0.551558485928596,0.206793893997510,2
952,3,0.457546817525249,0.393923068478592,2
953,3,0.436084037755208,-0.114843565473124,2
954,3,0.798504936166980,-0.107741253640166,2
955,3,0.851685807174604,0.047884246022792,2
956,3,-1.092680112130038,0.161488997240528,2
957,3,-0.623483388037032,0.429365723912522,2
958,3,-0.610613709424478,0.031625275385661,2
959,3,0.668626528710191,0.249372568128834,2
960,3,-0.618650203453689,-0.119263323328448,0
961,3,0.092888667532021,0.697061323860463,2
962,3,0.225651963215551,-0.700662208530706,2
963,3,-0.399122561441137,0.641162859885116,2
964,3,0.613421134362394,-0.185583473912754,0
965,3,0.772880901068763,0.004425934955361,0
966,3,0.588903644894976,-0.297145075057363,0
967,3,0.554562759235216,-0.375674731495894,2
968,3,-0.801591667349335,-0.129199760791452,2
969,3,-0.613460388374363,0.563027985307809,0
970,3,0.585472775207575,-0.498627571032971,2
971,3,0.608812491572152,0.528512001806160,2
972,3,-0.516749724479403,1.332987022374877,2
973,3,-0.917588423531571,-0.032122030848137,2
974,3,-0.741534928507289,0.247655710976043,2
975,3,-0.810036497281958,-0.002140766642884,2
976,3,0.729956031983048,-0.359065029108283,2
977,3,-0.439721840518718,0.720177821778321,0
978,3,0.567586819796158,-0.355315152421168,0
979,3,-0.414608618019670,0.307766279687123,0
980,3,-0.525936863691156,-0.261597340179598,0
981,3,-0.778466824571525,0.104549147686901,2
982,3,-0.524505806300961,0.774367036654393,2
983,3,-0.566173419645555,0.606361661608239,0
984,3,0.685914341882849,0.571017338399857,2
985,3,0.593762811376400,-0.391316149326103,2
986,3,-0.615196852163445,0.228547232271228,2
987,3,-0.773524109659291,0.711796699968546,2
988,3,0.483689818955835,0.652003139551428,0
989,3,0.575772040540876,-0.405310725045307,2
990,3,-0.794257255149324,-0.091940448977909,0
991,3,-0.638639115906505,1.016336044774651,2
992,3,-0.487995294112659,0.798233569157570,0
993,3,-0.925488719444187,-0.075190340479803,2
994,3,0.500335796735537,0.451884552975244,2
995,3,0.670918583115270,0.501901986670709,2
996,3,-0.419323994193225,0.285630299707686,0
997,3,-0.790688301483762,-0.071383620329989,0
998,3,-0.560903936934656,0.792568033734043,0
999,3,0.634248963987976,0.651871513133792,2
1000,3,-0.736057180858107,-0.035147105615629,2
1001,3,-0.642577462460429,-0.325597278652602,2
1002,3,-0.736711645955159,-0.040541929325078,2
1003,3,0.693313527481389,-0.470561659616128,2
1004,3,-0.726487652033239,-0.095016971985348,0
1005,3,0.603210001309215,-0.527204515168184,2
1006,3,-0.892999883798117,0.072392840814333,2
1007,3,-0.657865358751399,0.160375833137456,0
1008,3,-0.920701778672009,0.390266876316961,0
1009,3,0.741317662113357,-0.219294849121396,0
1010,3,0.650028735027442,0.453705548863281,0
1011,3,0.383568678764159,-0.249363651648970,0
1012,3,-0.905754575783045,0.123022656300299,0
1013,3,-0.656823171918671,0.722798261932366,0
1014,3,-0.643926567979176,-0.314942920924292,0
1015,3,-0.733415929631946,0.679780166055254,0
1016,3,-0.088221134713884,0.739090690290179,0
1017,3,0.455852178443074,-0.136868215303027,0
1018,3,-0.739341023668618,0.673331159588184,0
1019,3,0.665188513613641,0.295319020851313,0
1020,3,-0.685562184130805,0.053888034600011,0
1021,3,0.499793131878557,0.406602040008737,0
1022,3,0.609522628081927,0.215244470241779,0
1023,3,-0.735586426815810,0.677430888453324,0
1024,3,0.771263440039504,0.448793748018439,0
1025,3,0.675877600276678,0.318280678177635,0
1026,3,0.612539689545366,0.367575217195229,0
1027,3,0.534341152442857,0.511422367953278,0
1028,3,0.614543502852580,0.350085842079463,0
1029,3,0.659898851461359,0.385731414442182,0
1030,3,0.719524682375757,0.414684831565900,0
1031,3,0.672441496895761,-0.344884290358641,0
1032,3,0.674944149847909,0.407817811198945,0
1033,3,-0.796226941418395,0.604998064260959,0
1034,3,-0.901009316419345,0.433799735041799,0
1035,3,-0.917688327587055,0.087133329901845,0
1036,3,-0.902066024906342,0.431598061522142,0
1037,3,-0.813221552326679,0.581954213689863,0
1038,3,-0.732784772179675,0.151347406330385,0
1039,3,-0.888070728960361,0.459706841763109,0
1040,3,0.848027687047677,0.183387273827747,0
1041,3,0.698930008317627,0.437973167188332,0
1042,3,0.547698498681590,0.491300160501060,0
1043,3,-0.925864844206593,0.225851158911191,0
1044,3,-0.757276382878248,0.107031857529085,0
1045,3,0.629922301187174,0.476146282696813,0
1046,3,0.604974761822562,0.625890584810993,0
1047,3,0.760892605276680,0.362018418589090,0
1048,3,-0.738390835879576,0.101442387131277,0
1049,3,-0.655057914488211,-0.078298801343302,0
1050,3,0.671801986269633,0.371087383719288,0
1051,3,-0.872857276398239,0.487975566793342,0
1052,3,0.761177176309139,0.450350809647832,0
1053,3,0.527329641094213,-0.094760333981583,0
1054,3,0.528528828484735,0.525560039610466,0
1055,3,0.465044224266225,-0.229208195796930,0
1056,3,-0.862078830681926,0.080888925597258,0
1057,3,0.476474813581914,0.767101108239301,0
1058,3,-0.728899918621082,0.684620266011882,0
1059,3,0.537905672480560,0.656905508251028,0
1060,3,0.758651038663642,0.323595127955514,0
1061,3,-0.712529352206308,0.117047177343796,0
1062,3,-0.248284801230419,0.687391181236920,0
1063,3,-0.742525925772143,0.669817324461082,0
1064,3,0.433201743589111,0.269743780064169,0
1065,3,0.721898303668206,-0.415863475865929,0
1066,3,0.471170024142782,-0.259332560002528,0
1067,3,0.580528383706279,0.502225207303181,0
1068,3,-0.834028847416587,0.551720836725385,0
1069,3,0.624203501374632,0.781261792788851,0
1070,3,-0.723288343617127,0.365811416702842,0
1071,3,-0.795950456279653,0.089814046258084,0
1072,3,0.616996915992537,-0.251451930376087,0
1073,3,-0.810102799484142,0.087362772737100,0
1074,3,-0.906983071409541,0.145368645827878,0
1075,3,0.710646505469345,0.461706853888679,0
1076,3,-0.659110165527673,-0.073246512179014,0
1077,3,-0.617539190061302,0.301919228767431,0
1078,3,-0.691781076956808,-0.032992295158119,0
1079,3,0.734142251813331,0.398452022526006,0
1080,3,0.297955492167781,-0.277657475927286,0
1081,3,0.854306180819217,0.439949872047180,0
1082,3,0.787664618249153,0.343150139591721,0
1083,3,-0.777834276499163,0.409530273747729,0
1084,3,-0.234605289755199,0.583860487593783,0
1085,3,-0.727824660913539,0.685763269844989,0
1086,3,-0.805563557715299,0.592509370795998,0
1087,3,-0.821124577686948,0.570749004579806,0
1088,3,0.675429769562388,0.408398310226785,0
1089,3,0.561009434925524,-0.084007944155132,0
1090,3,0.676156499846240,0.378947064199276,0
1091,3,-0.993730463143674,-0.111802355164187,0
1092,3,-0.579510303148736,0.814964912462163,0
1093,3,-0.995825600329256,0.091276359090822,0
74,4,-0.798056850417228,-0.040957590137075,0
132,4,0.195285424705654,-0.443364479453888,2
137,4,-0.812135945655004,-0.688529055049519,2
140,4,-0.707621786946830,-0.121401154541719,2
150,4,-0.861310717895730,1.165759945004819,2
151,4,0.908969284614727,0.416863094585009,0
155,4,0.456744046255292,-1.055159011901962,2
158,4,-0.763849982759056,0.508947494651868,2
159,4,0.804283349165661,0.252593065803039,2
161,4,0.465408078426448,-0.928885406449233,2
164,4,0.462872036836387,-0.963772391616189,2
165,4,0.801985243587052,0.123707350740569,2
166,4,0.883586346352152,0.208695293212681,2
169,4,-0.781336121740360,0.404894976759320,2
170,4,-0.476516265039831,-0.519739769935877,0
172,4,0.673662189913581,-0.744150003309375,2
173,4,-0.803477892368827,0.422124971400189,0
175,4,0.598706058677488,1.006756828686177,2
176,4,-0.986882940141252,0.438356996694107,2
177,4,-0.742318882608523,0.424016132075216,2
178,4,0.031044375322365,-0.825023812758558,2
179,4,0.505373246266070,0.783257525900387,2
181,4,-0.734630398805418,-0.221144542509938,2
185,4,-0.726004276184227,-0.497614886210609,2
187,4,0.689506911430269,0.788250603065018,2
190,4,-0.434693259947044,-1.077920067113727,2
193,4,-0.923763676340528,1.135524380883934,2
195,4,-0.989293103062276,1.752626303190701,2
202,4,-0.528088811857131,-0.106524122722596,0
205,4,-0.827526186433120,0.163119516106073,2
206,4,0.660209801519071,0.068650490834243,2
208,4,0.664787829874977,0.726161167747253,2
209,4,0.425365977074445,0.478137335134409,2
211,4,-0.429087026765960,0.065287239467551,1
213,4,-0.754469232896603,-0.661351567299232,2
220,4,-0.678668355759095,-0.608098647356251,2
221,4,-0.656492413468404,1.085898079628003,2
222,4,-0.681136948185230,-1.040646753707486,2
224,4,-0.787766693344495,-0.338913819134996,2
226,4,-0.591173372368663,-0.429576074661768,2
234,4,0.724761294784376,0.757088567730958,2
239,4,-0.368080067304135,0.289195263941229,2
242,4,0.482605513529633,-0.710913789375150,0
660,4,-0.145719860749826,0.562649735797021,0
800,4,-0.788803023154769,0.366917849734679,2
801,4,0.295644129660396,-0.578657272814547,0
802,4,-0.899186981311471,0.407944966380315,2
803,4,-0.911507833332576,0.008661556467512,2
804,4,-0.903383424612162,0.247051453281665,2
805,4,0.760784401916181,0.395142284589883,2
806,4,0.567705375901340,-0.887591560016689,2
807,4,0.685170012195764,0.482204738722786,2
808,4,-0.779827821118898,-0.134213616469171,2
809,4,0.821255521415107,0.542383889997852,2
810,4,-0.716734719283914,-0.556503428645536,2
811,4,0.764444309073489,0.606488920090525,2
812,4,0.728169550355786,0.437531151026732,2
813,4,0.248359473704825,-0.838498087927128,2
814,4,0.465347741772625,-0.911684924709024,2
815,4,0.762225400756720,0.573773919213939,2
816,4,-0.750905983239170,-0.813046686993781,2
817,4,-0.956223796588399,0.899945267109414,2
818,4,0.505696026184304,-0.519037811264067,2
819,4,-0.806879280674062,0.330671674701990,2
820,4,0.324293199341951,-0.621802101504378,0
821,4,0.705899188242548,0.366802426480340,2
822,4,0.645779437568345,0.840449126909184,2
823,4,0.738069878120100,0.487988821542029,2
824,4,-0.944257169482786,0.059398931833211,2
825,4,0.604441760429227,-1.047765955472959,2
826,4,2.236838550205777,0.531905604221541,2
827,4,-0.917702983011577,0.158166680676322,2
828,4,0.716227373607785,0.255970651205450,2
829,4,-0.707808351900693,0.706404513702755,0
830,4,0.795786720832268,0.452251278524853,2
831,4,0.693261099985540,0.505215970068873,2
832,4,-0.866035157210615,0.353587818329458,2
833,4,-0.793022769579931,-0.170780677315859,0
834,4,0.710369732483171,-0.521831410796679,2
835,4,-0.676622381785643,-0.736330192554077,0
836,4,-0.827529885391964,-0.196111156708518,2
837,4,-0.907342876458901,0.395135351428871,2
838,4,0.727368435327601,0.297342971362461,2
839,4,-0.768187784158478,0.032592525793420,2
840,4,0.784056505436784,0.598609154856801,2
841,4,-0.590894881324843,0.595275800786507,0
842,4,0.409485303696015,-0.626002966167323,2
843,4,0.522823696769827,-0.758998779050237,2
844,4,0.733162671387746,0.457982761050187,2
845,4,-0.775701129593900,-0.024830412772745,0
846,4,0.378269534628619,-0.501968062220568,2
847,4,-0.654231084716215,0.094826688152532,2
848,4,-0.858710231555740,0.570406903735302,2
849,4,-0.797486573768923,0.368190306627192,2
850,4,0.763859636488682,0.596202199675848,2
851,4,0.496025169974253,-0.520445650617399,0
852,4,-0.822710241481581,0.020908308581798,2
853,4,0.387915251681065,-0.379643848365378,2
854,4,-0.780950272230789,0.361625994824056,2
855,4,-0.848894012663782,0.018785198601735,2
856,4,-0.834723412208670,-0.099530441927614,2
857,4,0.851127816727929,1.000094170611977,2
858,4,-0.635101036261814,0.589520974092537,2
859,4,-0.802899627951710,0.381460784969322,2
860,4,-0.680310711145563,0.608757238611496,2
861,4,0.724976249432859,0.433226150376492,2
862,4,-0.524847268581194,-0.395448012141221,2
863,4,0.537830933171689,-0.682745630688256,2
864,4,0.650590555744713,0.679707280691016,2
865,4,0.755332520709157,1.061359336649321,2
866,4,-0.810135712932271,0.396051464218377,2
867,4,0.427746922182805,-0.456622561907876,2
868,4,0.660739029454816,-0.847210607556325,2
869,4,-0.881349624662136,0.190180073898849,2
870,4,-0.968458847890526,0.366289669364005,2
871,4,0.515624553689123,0.817955863540101,2
872,4,-0.640151793141789,-0.199331696508693,2
873,4,-0.755476894709235,0.165946760603036,2
874,4,0.671409262011725,0.359770878969786,2
875,4,0.741183112890114,0.636477245480223,2
876,4,-0.780596363454313,0.078056855562527,2
877,4,-0.613697703632126,-0.302340932571859,2
878,4,-0.723591067999265,-0.728348104614910,2
879,4,-0.730269797206744,-0.225828699722299,2
880,4,-0.944639659669759,0.090996426397854,2
881,4,0.247493373773541,-0.944733497239946,2
882,4,-0.937236595137946,0.765296564238833,2
883,4,-0.907587637787953,0.028686045819514,2
884,4,0.735244826482350,0.509870585026837,2
885,4,-0.744170533324568,0.404320811678461,2
886,4,-0.642883285358033,0.468266423166026,2
887,4,0.770171918905594,0.789314623377996,2
888,4,-0.835314398708718,0.338626303621003,2
889,4,0.565516446773799,1.266852836558251,2
890,4,-0.907277497491878,0.759072628739829,2
891,4,0.426463556548392,-0.531290202841318,2
892,4,-0.853816001806427,0.343860513143488,2
893,4,-0.590947562404401,0.644664044132024,2
894,4,-0.741540195017958,-0.106449004503316,2
895,4,0.679311561927924,0.804792959477050,2
896,4,0.466535036761955,-0.408767424291475,0
897,4,-0.471357767647418,-0.691633408175915,2
898,4,-0.700619640528643,0.549131841762231,2
899,4,-0.719876137848473,0.681574250722582,2
900,4,-0.840079892253771,-0.306521600119445,0
901,4,-0.940515556870493,0.339750625142303,0
902,4,-0.829709836089104,0.284358429116465,2
903,4,-0.776649901820573,0.464724980642256,2
904,4,-0.757278927163498,0.347976234624519,2
905,4,0.617977525876648,0.255603829924617,2
906,4,0.878633202333651,0.661466267662108,2
907,4,0.901092774626913,0.803226346837559,2
908,4,0.973239800083868,0.551678106472477,2
909,4,0.392793392588053,-0.653603962304985,0
910,4,-0.689332805886322,0.334752613405435,2
911,4,-0.691004025592066,0.555764690267992,2
912,4,0.211696809492112,-0.819606482719564,2
913,4,-0.635337481254231,0.677044255754444,2
914,4,-0.807544040936422,0.337748507322182,2
915,4,0.343733006474202,-0.362905823242356,2
916,4,-0.747446651793149,-0.012225151634735,2
917,4,0.722019495421058,0.477801816063099,2
918,4,-0.617697984180769,-0.409396581502472,2
919,4,0.683722904946452,0.266183303572646,2
920,4,-0.890476965670860,0.180594031879020,2
921,4,0.263154797097061,-0.662566723013945,2
922,4,-0.618719144233697,0.221382973068345,1
923,4,0.643432137482114,-0.184419830275902,2
924,4,-0.838380157340265,0.105391745253914,2
925,4,-0.575766739448335,-0.024349493412649,2
926,4,0.609409469804931,-0.266387734874520,2
927,4,0.365765397620858,-0.131142445439896,2
928,4,0.613511177367672,-0.368314275186344,0
929,4,-0.635720299474644,-0.085988969909075,2
930,4,-1.120957162506717,0.088032035251926,2
931,4,-0.845516149451933,-0.020523347686819,2
932,4,-0.492435372935894,0.516424034556019,0
933,4,-0.573509656363923,0.678744460157522,2
934,4,-0.630322362969918,0.478514100900480,2
935,4,0.613014304573046,-0.049283864166682,2
936,4,-0.855120209892665,0.119952292568271,2
937,4,-1.120343619433264,0.113812346055660,2
938,4,0.578648790511168,0.158329800637791,2
939,4,0.723919146778152,0.171789281625984,2
940,4,0.772753595659715,-0.149361308133613,2
941,4,-0.835329079048588,-0.071832923130496,2
942,4,0.676088063675022,-0.132660092593121,2
943,4,0.116587234305588,0.993180455303540,0
944,4,0.551614758925607,0.042449254494832,2
945,4,0.631888741323709,0.025309795695983,2
946,4,0.502222655007881,0.167501941228324,2
947,4,-0.661227548434250,0.900550515018872,2
948,4,0.519320146594946,-0.159458147523904,2
949,4,0.378539025319229,0.003671907945954,2
950,4,-0.570041331417599,0.852847178654798,2
951,4,0.541716879437576,0.125958140893364,2
952,4,0.477875294697922,0.414387306478557,2
953,4,0.444353093047520,-0.039785785220432,2
954,4,0.779264396023215,-0.158541733539057,2
955,4,0.827025110772480,-0.029460893343182,2
956,4,-1.061767065976462,0.107081272755661,2
957,4,-0.631789216620558,0.495840544184464,2
958,4,-0.596672107091846,0.003968954242125,2
959,4,0.691397925710031,0.199172666042420,2
960,4,-0.618650203453689,-0.119263323328448,0
961,4,0.066490258215419,0.705764717984563,2
962,4,0.235549776936489,-0.741917763336575,2
963,4,-0.401187320243074,0.633315617929973,2
964,4,0.613421134362394,-0.185583473912754,0
965,4,0.772880901068763,0.004425934955361,0
966,4,0.588903644894976,-0.297145075057363,0
967,4,0.557202645562748,-0.388504754137336,2
968,4,-0.792270390323106,-0.148463254018745,2
969,4,-0.613460388374363,0.563027985307809,0
970,4,0.573581753682927,-0.434400044846833,2
971,4,0.595185931297442,0.454349247904461,2
972,4,-0.576066837203085,1.210559668437739,2
973,4,-0.921352396971377,-0.064458724065976,2
974,4,-0.739449456019964,0.224125662472419,2
975,4,-0.808224510903920,-0.008262603223741,2
976,4,0.727212776804920,-0.357925805688876,2
977,4,-0.439721840518718,0.720177821778321,0
978,4,0.567586819796158,-0.355315152421168,0
979,4,-0.414608618019670,0.307766279687123,0
980,4,-0.525936863691156,-0.261597340179598,0
981,4,-0.774154673715201,0.094148232020676,2
982,4,-0.490009397305765,0.777928400054346,2
983,4,-0.566173419645555,0.606361661608239,0
984,4,0.647551077123493,0.546234318762744,2
985,4,0.615518721389006,-0.365274680733078,2
986,4,-0.619872664760809,0.183838856093380,2
987,4,-0.771034887476526,0.703216771566249,2
988,4,0.483689818955835,0.652003139551428,0
989,4,0.580679494523275,-0.389036391168589,2
990,4,-0.794257255149324,-0.091940448977909,0
991,4,-0.645339815575611,0.994146643961909,2
992,4,-0.487995294112659,0.798233569157570,0
993,4,-0.927820266570530,-0.103876073450646,2
994,4,0.518813047077847,0.424761241603425,2
995,4,0.659073215231022,0.445652418538484,2
996,4,-0.419323994193225,0.285630299707686,0
997,4,-0.790688301483762,-0.071383620329989,0
998,4,-0.560903936934656,0.792568033734043,0
999,4,0.629665099126629,0.628418412491641,2
1000,4,-0.749916276051627,-0.029128861281257,2
1001,4,-0.670327749740381,-0.297907752300730,2
1002,4,-0.740705103343127,-0.082362176967278,2
1003,4,0.743608153052639,-0.439726011700819,2
1004,4,-0.726487652033239,-0.095016971985348,0
1005,4,0.609468881163709,-0.496659430824828,2
1006,4,-0.895670178816311,0.052223137619274,2
1007,4,-0.657865358751399,0.160375833137456,0
1008,4,-0.920701778672009,0.390266876316961,0
1009,4,0.741317662113357,-0.219294849121396,0
1010,4,0.650028735027442,0.453705548863281,0
1011,4,0.383568678764159,-0.249363651648970,0
1012,4,-0.905754575783045,0.123022656300299,0
1013,4,-0.656823171918671,0.722798261932366,0
1014,4,-0.643926567979176,-0.314942920924292,0
1015,4,-0.733415929631946,0.679780166055254,0
1016,4,-0.088221134713884,0.739090690290179,0
1017,4,0.455852178443074,-0.136868215303027,0
1018,4,-0.739341023668618,0.673331159588184,0
1019,4,0.665188513613641,0.295319020851313,0
1020,4,-0.685562184130805,0.053888034600011,0
1021,4,0.499793131878557,0.406602040008737,0
1022,4,0.609522628081927,0.215244470241779,0
1023,4,-0.735586426815810,0.677430888453324,0
1024,4,0.771263440039504,0.448793748018439,0
1025,4,0.675877600276678,0.318280678177635,0
1026,4,0.612539689545366,0.367575217195229,0
1027,4,0.534341152442857,0.511422367953278,0
1028,4,0.614543502852580,0.350085842079463,0
1029,4,0.659898851461359,0.385731414442182,0
1030,4,0.719524682375757,0.414684831565900,0
1031,4,0.672441496895761,-0.344884290358641,0
1032,4,0.674944149847909,0.407817811198945,0
1033,4,-0.796226941418395,0.604998064260959,0
1034,4,-0.901009316419345,0.433799735041799,0
1035,4,-0.917688327587055,0.087133329901845,0
1036,4,-0.902066024906342,0.431598061522142,0
1037,4,-0.813221552326679,0.581954213689863,0
1038,4,-0.732784772179675,0.151347406330385,0
1039,4,-0.888070728960361,0.459706841763109,0
1040,4,0.848027687047677,0.183387273827747,0
1041,4,0.698930008317627,0.437973167188332,0
1042,4,0.547698498681590,0.491300160501060,0
1043,4,-0.925864844206593,0.225851158911191,0
1044,4,-0.757276382878248,0.107031857529085,0
1045,4,0.629922301187174,0.476146282696813,0
1046,4,0.604974761822562,0.625890584810993,0
1047,4,0.760892605276680,0.362018418589090,0
1048,4,-0.738390835879576,0.101442387131277,0
1049,4,-0.655057914488211,-0.078298801343302,0
1050,4,0.671801986269633,0.371087383719288,0
1051,4,-0.872857276398239,0.487975566793342,0
1052,4,0.761177176309139,0.450350809647832,0
1053,4,0.527329641094213,-0.094760333981583,0
1054,4,0.528528828484735,0.525560039610466,0
1055,4,0.465044224266225,-0.229208195796930,0
1056,4,-0.862078830681926,0.080888925597258,0
1057,4,0.476474813581914,0.767101108239301,0
1058,4,-0.728899918621082,0.684620266011882,0
1059,4,0.537905672480560,0.656905508251028,0
1060,4,0.758651038663642,0.323595127955514,0
1061,4,-0.712529352206308,0.117047177343796,0
1062,4,-0.248284801230419,0.687391181236920,0
1063,4,-0.742525925772143,0.669817324461082,0
1064,4,0.433201743589111,0.269743780064169,0
1065,4,0.721898303668206,-0.415863475865929,0
1066,4,0.471170024142782,-0.259332560002528,0
1067,4,0.580528383706279,0.502225207303181,0
1068,4,-0.834028847416587,0.551720836725385,0
1069,4,0.624203501374632,0.781261792788851,0
1070,4,-0.723288343617127,0.365811416702842,0
1071,4,-0.795950456279653,0.089814046258084,0
1072,4,0.616996915992537,-0.251451930376087,0
1073,4,-0.810102799484142,0.087362772737100,0
1074,4,-0.906983071409541,0.145368645827878,0
1075,4,0.710646505469345,0.461706853888679,0
1076,4,-0.659110165527673,-0.073246512179014,0
1077,4,-0.617539190061302,0.301919228767431,0
1078,4,-0.691781076956808,-0.032992295158119,0
1079,4,0.734142251813331,0.398452022526006,0
1080,4,0.297955492167781,-0.277657475927286,0
1081,4,0.854306180819217,0.439949872047180,0
1082,4,0.787664618249153,0.343150139591721,0
1083,4,-0.777834276499163,0.409530273747729,0
1084,4,-0.234605289755199,0.583860487593783,0
1085,4,-0.727824660913539,0.685763269844989,0
1086,4,-0.805563557715299,0.592509370795998,0
1087,4,-0.821124577686948,0.570749004579806,0
1088,4,0.675429769562388,0.408398310226785,0
1089,4,0.561009434925524,-0.084007944155132,0
1090,4,0.676156499846240,0.378947064199276,0
1091,4,-0.993730463143674,-0.111802355164187,0
1092,4,-0.579510303148736,0.814964912462163,0
1093,4,-0.995825600329256,0.091276359090822,0
74,5,-0.798056850417228,-0.040957590137075,0
132,5,0.214919049907914,-0.506739802928002,2
137,5,-0.781423480378360,-0.615284494738109,2
140,5,-0.671951104657287,-0.200332042435939,2
150,5,-0.869639404536118,0.927212255255056,2
151,5,0.908969284614727,0.416863094585009,0
155,5,0.441927753534256,-1.004089040633026,2
158,5,-0.782444648950329,0.466125171317054,2
159,5,0.768800400515729,0.288197211824789,2
161,5,0.472493705614320,-0.912797086652215,2
164,5,0.441046675036050,-0.908213222796212,2
165,5,0.806594527935719,0.139469507345418,2
166,5,0.760259337488988,0.053134451146906,2
169,5,-0.775516974330214,0.390093646125171,2
170,5,-0.476516265039831,-0.519739769935877,0
172,5,0.672812227476107,-0.736190975512586,2
173,5,-0.803477892368827,0.422124971400189,0
175,5,0.627286816130500,0.922662173926965,2
176,5,-0.998788276885921,0.405348681386319,2
177,5,-0.747306781622594,0.442843951153250,2
178,5,0.135521607618008,-0.901694006543808,2
179,5,0.557159297835675,0.787669292428022,2
181,5,-0.706769456125925,-0.294409908449604,2
185,5,-0.729791106627485,-0.450778064023478,2
187,5,0.676999124245011,0.751352254683273,2
190,5,-0.448922780678547,-0.970346859580569,2
193,5,-0.918033378867429,0.956393371236460,2
195,5,-0.971941642563669,1.349271177828668,2
202,5,-0.528088811857131,-0.106524122722596,0
205,5,-0.816792040942593,0.205918175632040,2
206,5,0.618772181502175,0.310036496999483,2
208,5,0.674263772309357,0.734758522296072,2
209,5,0.496636092209045,0.496061311149917,2
211,5,-0.421793665659375,0.096852270004100,1
213,5,-0.746814576175471,-0.578199290076596,2
220,5,-0.665276350629592,-0.569380671183665,2
221,5,-0.672904317383983,1.025537483738155,2
222,5,-0.681967660519575,-0.905149319945473,2
224,5,-0.797786753895232,-0.366325486403623,2
226,5,-0.590907315413358,-0.404800899795769,2
234,5,0.770771222400637,0.688426742073411,2
239,5,-0.409204057679435,0.158685024955431,2
242,5,0.482605513529633,-0.710913789375150,0
660,5,-0.145719860749826,0.562649735797021,0
800,5,-0.804879202878013,0.333037212519292,2
801,5,0.295644129660396,-0.578657272814547,0
802,5,-0.922112457049292,0.410982376505901,2
803,5,-0.903889241100369,-0.219427312594723,2
804,5,-0.900344748357401,0.220361098470975,2
805,5,0.757457136910818,0.516803977343379,2
806,5,0.522920302616285,-0.828657850462631,2
807,5,0.711980336448034,0.550564853336742,2
808,5,-0.725816082275115,-0.249432541593946,2
809,5,0.765993726784193,0.479922020711313,2
810,5,-0.722038223318487,-0.374824696101607,2
811,5,0.753220901648772,0.549054692180915,2
812,5,0.735209185544452,0.480120382933775,2
813,5,0.266936049558295,-0.752128995604682,2
814,5,0.480447004737952,-0.913192619664392,2
815,5,0.764601198743919,0.540028861992607,2
816,5,-0.745911952326262,-0.608075145024046,2
817,5,-0.942479423523660,0.708235468587129,2
818,5,0.544017422755448,-0.512955355030266,2
819,5,-0.782069389150947,0.340353991036015,2
820,5,0.324293199341951,-0.621802101504378,0
821,5,0.729420775207257,0.408486389435461,2
822,5,0.690126715912893,0.771618336647787,2
823,5,0.744324501276724,0.536724485843152,2
824,5,-0.941366814314446,0.036908458735101,2
825,5,0.625280161124135,-1.044543746261920,2
826,5,1.867799457979689,0.509465030326462,2
827,5,-0.917812777434343,0.094826244087982,2
828,5,0.703038826433791,0.343805502166501,2
829,5,-0.707808351900693,0.706404513702755,0
830,5,0.773948994103545,0.451756140431275,2
831,5,0.681366095822028,0.495710134458215,2
832,5,-0.869370410195918,0.322288680084563,2
833,5,-0.793022769579931,-0.170780677315859,0
834,5,0.716362605265812,-0.492605747773009,2
835,5,-0.676622381785643,-0.736330192554077,0
836,5,-0.830217485985074,-0.169900657359834,2
837,5,-0.906028364944002,0.308759174189861,2
838,5,0.716796355554147,0.275550057598628,2
839,5,-0.764092259884867,0.025639817833027,2
840,5,0.807350960561939,0.602200966435000,2
841,5,-0.590894881324843,0.595275800786507,0
842,5,0.421951022230762,-0.626920842842047,2
843,5,0.516624973183598,-0.593407141528069,2
844,5,0.744454004335025,0.497124750092538,2
845,5,-0.775701129593900,-0.024830412772745,0
846,5,0.370066563980734,-0.559664595074889,2
847,5,-0.652057029784668,0.162974369188703,2
848,5,-0.866769939431902,0.419438230695835,2
849,5,-0.816504878067620,0.436752791235881,2
850,5,0.746078139863940,0.534298065602542,2
851,5,0.496025169974253,-0.520445650617399,0
852,5,-0.825990607020137,0.025672730042715,2
853,5,0.388883950420530,-0.415964496449687,2
854,5,-0.773539077073348,0.363788054570903,2
855,5,-0.860709500736023,0.056677971052883,2
856,5,-0.804758814899223,-0.104103172297003,2
857,5,0.843273757469041,0.922615353223110,2
858,5,-0.638091760089067,0.637073524017704,2
859,5,-0.804367010426796,0.386207024706434,2
860,5,-0.687643256144281,0.596471670760811,2
861,5,0.710970828712809,0.307153053815132,2
862,5,-0.573314034365731,-0.136595794676921,2
863,5,0.540331901904343,-0.702079737156890,2
864,5,0.642645513620636,0.722764240992804,2
865,5,0.730742614996747,0.907445198725510,2
866,5,-0.809572197999818,0.343004448460184,2
867,5,0.408321804938993,-0.354469717374354,2
868,5,0.629135016650799,-0.758660576567736,2
869,5,-0.871562150859606,0.112747634986393,2
870,5,-0.954998007272097,0.327112014310432,2
871,5,0.541084169691266,0.804572850851427,2
872,5,-0.606465379729292,-0.429435932988580,2
873,5,-0.780195612986320,0.188824169581104,2
874,5,0.662770449151373,0.284497168310121,2
875,5,0.780084638909167,0.636188968837129,2
876,5,-0.769175162930200,0.057996148705278,2
877,5,-0.620571725304569,-0.206934115484939,2
878,5,-0.712047155381917,-0.578356250098153,2
879,5,-0.710584319202342,-0.074453139610422,2
880,5,-0.944715180175849,0.064874334302598,2
881,5,0.260106991341965,-0.896001900103563,2
882,5,-0.931086614747993,0.656859254928506,2
883,5,-0.897157306915908,0.010772576308579,2
884,5,0.754878857200916,0.535890527963028,2
885,5,-0.752299961553607,0.374940722040257,2
886,5,-0.696263440152705,0.501983522950261,2
887,5,0.777971224002432,0.786044182047733,2
888,5,-0.844505306682957,0.235635030274322,2
889,5,0.575679026572127,1.136472959756069,2
890,5,-0.939386195411604,0.635925388977000,2
891,5,0.393270269333582,-0.374297535013389,2
892,5,-0.854564003142926,0.378057303142306,2
893,5,-0.576956541674099,0.602842454909565,2
894,5,-0.725012916388978,-0.133764735859600,2
895,5,0.670588509868481,0.787086964488340,2
896,5,0.466535036761955,-0.408767424291475,0
897,5,-0.459571049514294,-0.714788203256667,2
898,5,-0.682946443452335,0.590815748131961,2
899,5,-0.727698117756105,0.648828569978137,2
900,5,-0.840079892253771,-0.306521600119445,0
901,5,-0.940515556870493,0.339750625142303,0
902,5,-0.809988354134200,0.272790877367191,2
903,5,-0.792228045867006,0.454638903929602,2
904,5,-0.760166177362016,0.318317182686628,2
905,5,0.607540494191622,0.187452788978721,2
906,5,0.858874138699708,0.627412348318583,2
907,5,0.879868075202807,0.786416503918770,2
908,5,0.936154781524768,0.530619570617370,2
909,5,0.392793392588053,-0.653603962304985,0
910,5,-0.726418882577215,0.328352964748118,2
911,5,-0.667290304066347,0.532171143380992,2
912,5,0.289800139350850,-0.805103611470028,2
913,5,-0.618081101743786,0.683710779434547,2
914,5,-0.809303452051602,0.353941518620096,2
915,5,0.351017649066620,-0.266402314977547,2
916,5,-0.750056329836701,0.046121056306583,2
917,5,0.716759412618842,0.456484069764696,2
918,5,-0.601518962089036,-0.379226809899934,2
919,5,0.682820861223623,0.191785206790666,2
920,5,-0.873257516771182,0.093870514845722,2
921,5,0.276143587181469,-0.693173085924402,2
922,5,-0.623917222837857,0.180471475662546,1
923,5,0.650540362016084,-0.185519203391485,2
924,5,-0.827868079343325,0.057803418329103,2
925,5,-0.579075385717541,-0.077197414355097,2
926,5,0.610099023645215,-0.222769268993405,2
927,5,0.349115598442207,0.084452414426640,2
928,5,0.613511177367672,-0.368314275186344,0
929,5,-0.636112707785813,-0.064390054634544,2
930,5,-1.094838012353406,0.089906603043987,2
931,5,-0.836204957650832,-0.062658539525892,2
932,5,-0.492435372935894,0.516424034556019,0
933,5,-0.567950409274456,0.636672105632009,2
934,5,-0.622126471918738,0.489617328338507,2
935,5,0.620678577008302,0.124573735796697,2
936,5,-0.860079676104681,0.193523641549330,2
937,5,-1.090336337063015,0.100446122066445,2
938,5,0.578139534474584,0.078661861048848,2
939,5,0.707153870004553,0.059782892478534,2
940,5,0.746479161346245,-0.219728857467005,2
941,5,-0.835132726114670,-0.066939437150384,2
942,5,0.648514184279019,-0.188062393006557,2
943,5,0.116587234305588,0.993180455303540,0
944,5,0.549512994443111,-0.040530181103468,2
945,5,0.630750637819107,-0.028661357887135,2
946,5,0.520407878140867,0.238140511219195,2
947,5,-0.659096400768452,0.823285660672068,2
948,5,0.497190753129803,0.060628019384299,2
949,5,0.398499636814499,0.114005366697893,2
950,5,-0.573848118001811,0.899052370273232,2
951,5,0.533797307933203,0.052576107589693,2
952,5,0.497189904300313,0.432376716539339,2
953,5,0.453131064760985,0.030149728078229,2
954,5,0.761196125584010,-0.206711073222704,2
955,5,0.803947043226222,-0.101554811793855,2
956,5,-1.033311495525231,0.059080809340212,2
957,5,-0.639059095493099,0.553040118959044,2
958,5,-0.583663852509652,-0.024735575062693,2
959,5,0.711018884268181,0.150468060259812,2
960,5,-0.618650203453689,-0.119263323328448,0
961,5,0.041898120864978,0.718450414262552,2
962,5,0.247000510965422,-0.774034661517202,2
963,5,-0.402654396343898,0.621588396818658,2
964,5,0.613421134362394,-0.185583473912754,0
965,5,0.772880901068763,0.004425934955361,0
966,5,0.588903644894976,-0.297145075057363,0
967,5,0.560138468532093,-0.399275766478741,2
968,5,-0.783724635816236,-0.163972229856925,2
969,5,-0.613460388374363,0.563027985307809,0
970,5,0.561436482545999,-0.377137044962863,2
971,5,0.583451994507700,0.387346809676556,2
972,5,-0.630584042814234,1.095136094682930,2
973,5,-0.924700148785821,-0.091093982077193,2
974,5,-0.737252290100887,0.202989050740981,2
975,5,-0.806430493993520,-0.012850393859982,2
976,5,0.724099267418723,-0.356685380426664,2
977,5,-0.439721840518718,0.720177821778321,0
978,5,0.567586819796158,-0.355315152421168,0
979,5,-0.414608618019670,0.307766279687123,0
980,5,-0.525936863691156,-0.261597340179598,0
981,5,-0.770380172518300,0.085395029558456,2
982,5,-0.458009316799159,0.779197977809757,2
983,5,-0.566173419645555,0.606361661608239,0
984,5,0.612982772113318,0.524224441941386,2
985,5,0.634213909438334,-0.341340002838283,2
986,5,-0.624104617017127,0.142704252760401,2
987,5,-0.768626666553211,0.694999592056789,2
988,5,0.483689818955835,0.652003139551428,0
989,5,0.584467026896722,-0.373453345251543,2
990,5,-0.794257255149324,-0.091940448977909,0
991,5,-0.651765272932604,0.970414195001630,2
992,5,-0.487995294112659,0.798233569157570,0
993,5,-0.929855837436330,-0.127213452767709,2
994,5,0.536204008776604,0.401396269495759,2
995,5,0.649543534107786,0.395088332619261,2
996,5,-0.419323994193225,0.285630299707686,0
997,5,-0.790688301483762,-0.071383620329989,0
998,5,-0.560903936934656,0.792568033734043,0
999,5,0.625777297105047,0.605407417791919,2
1000,5,-0.762439115708711,-0.022404858451135,2
1001,5,-0.695619265534476,-0.270671417116691,2
1002,5,-0.744167745966774,-0.118205469861767,2
1003,5,0.787624157395245,-0.410131232544611,2
1004,5,-0.726487652033239,-0.095016971985348,0
1005,5,0.615101707461952,-0.467254868610866,2
1006,5,-0.898256036636748,0.035575175185072,2
1007,5,-0.657865358751399,0.160375833137456,0
1008,5,-0.920701778672009,0.390266876316961,0
1009,5,0.741317662113357,-0.219294849121396,0
1010,5,0.650028735027442,0.453705548863281,0
1011,5,0.383568678764159,-0.249363651648970,0
1012,5,-0.905754575783045,0.123022656300299,0
1013,5,-0.656823171918671,0.722798261932366,0
1014,5,-0.643926567979176,-0.314942920924292,0
1015,5,-0.733415929631946,0.679780166055254,0
1016,5,-0.088221134713884,0.739090690290179,0
1017,5,0.455852178443074,-0.136868215303027,0
1018,5,-0.739341023668618,0.673331159588184,0
1019,5,0.665188513613641,0.295319020851313,0
1020,5,-0.685562184130805,0.053888034600011,0
1021,5,0.499793131878557,0.406602040008737,0
1022,5,0.609522628081927,0.215244470241779,0
1023,5,-0.735586426815810,0.677430888453324,0
1024,5,0.771263440039504,0.448793748018439,0
1025,5,0.675877600276678,0.318280678177635,0
1026,5,0.612539689545366,0.367575217195229,0
1027,5,0.534341152442857,0.511422367953278,0
1028,5,0.614543502852580,0.350085842079463,0
1029,5,0.659898851461359,0.385731414442182,0
1030,5,0.719524682375757,0.414684831565900,0
1031,5,0.672441496895761,-0.344884290358641,0
1032,5,0.674944149847909,0.407817811198945,0
1033,5,-0.796226941418395,0.604998064260959,0
1034,5,-0.901009316419345,0.433799735041799,0
1035,5,-0.917688327587055,0.087133329901845,0
1036,5,-0.902066024906342,0.431598061522142,0
1037,5,-0.813221552326679,0.581954213689863,0
1038,5,-0.732784772179675,0.151347406330385,0
1039,5,-0.888070728960361,0.459706841763109,0
1040,5,0.848027687047677,0.183387273827747,0
1041,5,0.698930008317627,0.437973167188332,0
1042,5,0.547698498681590,0.491300160501060,0
1043,5,-0.925864844206593,0.225851158911191,0
1044,5,-0.757276382878248,0.107031857529085,0
1045,5,0.629922301187174,0.476146282696813,0
1046,5,0.604974761822562,0.625890584810993,0
1047,5,0.760892605276680,0.362018418589090,0
1048,5,-0.738390835879576,0.101442387131277,0
1049,5,-0.655057914488211,-0.078298801343302,0
1050,5,0.671801986269633,0.371087383719288,0
1051,5,-0.872857276398239,0.487975566793342,0
1052,5,0.761177176309139,0.450350809647832,0
1053,5,0.527329641094213,-0.094760333981583,0
1054,5,0.528528828484735,0.525560039610466,0
1055,5,0.465044224266225,-0.229208195796930,0
1056,5,-0.862078830681926,0.080888925597258,0
1057,5,0.476474813581914,0.767101108239301,0
1058,5,-0.728899918621082,0.684620266011882,0
1059,5,0.537905672480560,0.656905508251028,0
1060,5,0.758651038663642,0.323595127955514,0
1061,5,-0.712529352206308,0.117047177343796,0
1062,5,-0.248284801230419,0.687391181236920,0
1063,5,-0.742525925772143,0.669817324461082,0
1064,5,0.433201743589111,0.269743780064169,0
1065,5,0.721898303668206,-0.415863475865929,0
1066,5,0.471170024142782,-0.259332560002528,0
1067,5,0.580528383706279,0.502225207303181,0
1068,5,-0.834028847416587,0.551720836725385,0
1069,5,0.624203501374632,0.781261792788851,0
1070,5,-0.723288343617127,0.365811416702842,0
1071,5,-0.795950456279653,0.089814046258084,0
1072,5,0.616996915992537,-0.251451930376087,0
1073,5,-0.810102799484142,0.087362772737100,0
1074,5,-0.906983071409541,0.145368645827878,0
1075,5,0.710646505469345,0.461706853888679,0
1076,5,-0.659110165527673,-0.073246512179014,0
1077,5,-0.617539190061302,0.301919228767431,0
1078,5,-0.691781076956808,-0.032992295158119,0
1079,5,0.734142251813331,0.398452022526006,0
1080,5,0.297955492167781,-0.277657475927286,0
1081,5,0.854306180819217,0.439949872047180,0
1082,5,0.787664618249153,0.343150139591721,0
1083,5,-0.777834276499163,0.409530273747729,0
1084,5,-0.234605289755199,0.583860487593783,0
1085,5,-0.727824660913539,0.685763269844989,0
1086,5,-0.805563557715299,0.592509370795998,0
1087,5,-0.821124577686948,0.570749004579806,0
1088,5,0.675429769562388,0.408398310226785,0
1089,5,0.561009434925524,-0.084007944155132,0
1090,5,0.676156499846240,0.378947064199276,0
1091,5,-0.993730463143674,-0.111802355164187,0
1092,5,-0.579510303148736,0.814964912462163,0
1093,5,-0.995825600329256,0.091276359090822,0
74,6,-0.798056850417228,-0.040957590137075,0
132,6,0.234707438606580,-0.563585070283610,2
137,6,-0.752523858742820,-0.548496891895745,2
140,6,-0.640384023810333,-0.269781077608498,2
150,6,-0.876733664949507,0.711986640626463,2
151,6,0.908969284614727,0.416863094585009,0
155,6,0.430273056139616,-0.957687100889233,2
158,6,-0.799857763905720,0.429547416949896,2
159,6,0.736304772387107,0.322508842466655,2
161,6,0.478454732381433,-0.896592344178437,2
164,6,0.423423399943573,-0.855979348711840,2
165,6,0.810062090056357,0.155840972521861,2
166,6,0.646666622411943,-0.089971581181390,2
169,6,-0.771292939182156,0.377914812653014,2
170,6,-0.476516265039831,-0.519739769935877,0
172,6,0.673331761689492,-0.722799403432398,2
173,6,-0.803477892368827,0.422124971400189,0
175,6,0.652584746101378,0.847060039453165,2
176,6,-1.008103689498505,0.373252290788876,2
177,6,-0.751318492770390,0.455794980692613,2
178,6,0.223831897385766,-0.964954817530377,2
179,6,0.603339424633893,0.790870425115648,2
181,6,-0.681143552589920,-0.353770910168693,2
185,6,-0.732032113240693,-0.408872020573716,2
187,6,0.665257134530724,0.718864073039041,2
190,6,-0.461461717013741,-0.862272402812593,2
193,6,-0.912976395246490,0.792031023444179,2
195,6,-0.955964910470145,0.984818403796859,2
202,6,-0.528088811857131,-0.106524122722596,0
205,6,-0.807156972360130,0.247138422794180,2
206,6,0.583276054880969,0.518401235519646,2
208,6,0.682972500229252,0.741603948518450,2
209,6,0.562441143755974,0.510603707811369,2
211,6,-0.414500304552789,0.128417300540649,1
213,6,-0.739263125676743,-0.501926675803107,2
220,6,-0.653084681353369,-0.528494199345296,2
221,6,-0.688598430427287,0.966157218814823,2
222,6,-0.682585576029770,-0.781650070705168,2
224,6,-0.805013915405401,-0.388817611718573,2
226,6,-0.590007523605902,-0.382108657734102,2
234,6,0.809567085934789,0.629291515837598,2
239,6,-0.447149513298121,0.039133570070758,2
242,6,0.482605513529633,-0.710913789375150,0
660,6,-0.145719860749826,0.562649735797021,0
800,6,-0.819163683132008,0.299210128468740,2
801,6,0.295644129660396,-0.578657272814547,0
802,6,-0.942547921814337,0.409472964929752,2
803,6,-0.893289686819392,-0.407645013990933,2
804,6,-0.897981716263477,0.196090262854268,2
805,6,0.753967736217380,0.624324813210153,2
806,6,0.482265365714265,-0.774574764493574,2
807,6,0.734918562846736,0.612113811793750,2
808,6,-0.676440716483036,-0.353512086303803,2
809,6,0.716944202524463,0.421141165746764,2
810,6,-0.724820226000107,-0.209324589022076,2
811,6,0.743044394510656,0.493377473373030,2
812,6,0.740498837427572,0.513010504072266,2
813,6,0.285659224285366,-0.666464022136479,2
814,6,0.494624280200352,-0.906299608120744,2
815,6,0.764690038668911,0.503827255278556,2
816,6,-0.739023173649889,-0.416783557628018,2
817,6,-0.930760855777316,0.536536717578277,2
818,6,0.577370676362858,-0.502490962388963,2
819,6,-0.759357687123705,0.344240108950134,2
820,6,0.324293199341951,-0.621802101504378,0
821,6,0.750737770886097,0.445448152949157,2
822,6,0.728965859228464,0.704365713144776,2
823,6,0.749738088274042,0.579961212156793,2
824,6,-0.938378102672805,0.016526878042774,2
825,6,0.641294839112416,-1.031514886050995,2
826,6,1.525994480353536,0.476567581442202,2
827,6,-0.916979881676014,0.041384812175890,2
828,6,0.691528499464603,0.421818148919428,2
829,6,-0.707808351900693,0.706404513702755,0
830,6,0.754244131678982,0.452305561866993,2
831,6,0.669839047787161,0.482409324095284,2
832,6,-0.872170741676868,0.293413277130564,2
833,6,-0.793022769579931,-0.170780677315859,0
834,6,0.718922463587837,-0.465435340430022,2
835,6,-0.676622381785643,-0.736330192554077,0
836,6,-0.831577028967002,-0.147054242933097,2
837,6,-0.903529524344018,0.229533564617408,2
838,6,0.706531436147780,0.252798220553704,2
839,6,-0.759699867198203,0.016244406442880,2
840,6,0.826863434986617,0.602612039913807,2
841,6,-0.590894881324843,0.595275800786507,0
842,6,0.434100226562008,-0.626276169771914,2
843,6,0.511685691540640,-0.439718763497459,2
844,6,0.753826230524388,0.529332896454485,2
845,6,-0.775701129593900,-0.024830412772745,0
846,6,0.362865569473570,-0.586081284072674,2
847,6,-0.649891273572345,0.226472854738898,2
848,6,-0.872978462401603,0.286271652706802,2
849,6,-0.832538861875358,0.492990143597534,2
850,6,0.728548571510032,0.473870154284965,2
851,6,0.496025169974253,-0.520445650617399,0
852,6,-0.827775762171168,0.032864001280591,2
853,6,0.383898671487226,-0.449291704185612,2
854,6,-0.765540148960851,0.362069145282140,2
855,6,-0.868786467710864,0.088092890595974,2
856,6,-0.777339257330091,-0.106240828196974,2
857,6,0.836077195126619,0.844393742426059,2
858,6,-0.640479442574538,0.678830706767640,2
859,6,-0.805662098422378,0.388615278137905,2
860,6,-0.692698768783475,0.586068808696772,2
861,6,0.699900773887398,0.196779402002849,2
862,6,-0.614077120696445,0.094572824470755,2
863,6,0.541746713753055,-0.712321847237179,2
864,6,0.635665511035094,0.758463880886787,2
865,6,0.708632485997310,0.762047261938352,2
866,6,-0.806408043561741,0.290973090120354,2
867,6,0.393154396618853,-0.257026216980056,2
868,6,0.601279871467472,-0.670485056505531,2
869,6,-0.862020845156409,0.043232053308720,2
870,6,-0.941663663034810,0.290949550519045,2
871,6,0.564092119749172,0.786616822205256,2
872,6,-0.577680375324952,-0.628515809770807,2
873,6,-0.802145287956285,0.206195803429755,2
874,6,0.654254681852355,0.213987384398107,2
875,6,0.812608810672456,0.629989713743736,2
876,6,-0.757737302589138,0.035815597100110,2
877,6,-0.626295118647451,-0.117532737733204,2
878,6,-0.700075434584486,-0.448087020555540,2
879,6,-0.690621425046620,0.057750603388010,2
880,6,-0.944323844588804,0.039456152551027,2
881,6,0.272648985529359,-0.851178919729125,2
882,6,-0.924498534361060,0.556441114046744,2
883,6,-0.886994783307175,-0.005549842809117,2
884,6,0.773007275563347,0.558892293982447,2
885,6,-0.757813933636744,0.343991692262512,2
886,6,-0.744321310605001,0.529899961780672,2
887,6,0.783612892870777,0.777525775577017,2
888,6,-0.851839526840043,0.144315152030065,2
889,6,0.584405678796478,1.011990277600322,2
890,6,-0.966062748671434,0.523929773299838,2
891,6,0.363092795848224,-0.225628066565584,2
892,6,-0.854218658936281,0.403912526716915,2
893,6,-0.561499485015716,0.564608442785368,2
894,6,-0.710743110504503,-0.153420036699493,2
895,6,0.663376455473015,0.765414802721493,2
896,6,0.466535036761955,-0.408767424291475,0
897,6,-0.450759780267131,-0.721556856269577,2
898,6,-0.665181807118426,0.625557460752597,2
899,6,-0.734890423320236,0.615598039762586,2
900,6,-0.840079892253771,-0.306521600119445,0
901,6,-0.940515556870493,0.339750625142303,0
902,6,-0.791303676299293,0.259858633204517,2
903,6,-0.806372675226616,0.443419239971208,2
904,6,-0.763166223878182,0.292463884691468,2
905,6,0.598366519460026,0.123481320774634,2
906,6,0.841030810463401,0.591586016246358,2
907,6,0.859421376550428,0.767650838632182,2
908,6,0.902917971719998,0.504621504402048,2
909,6,0.392793392588053,-0.653603962304985,0
910,6,-0.758447065755311,0.315547526027467,2
911,6,-0.645549012509094,0.510818362455754,2
912,6,0.359769128345160,-0.789791199594422,2
913,6,-0.601916073015153,0.684232589285666,2
914,6,-0.810441480824010,0.366901930949651,2
915,6,0.357431032223248,-0.177301145432394,2
916,6,-0.751822150879918,0.098091937084883,2
917,6,0.711285635221462,0.433181599902403,2
918,6,-0.586455502745883,-0.346633329753910,2
919,6,0.681646122316917,0.122023987785644,2
920,6,-0.857163094375329,0.015494539104032,2
921,6,0.287508209977589,-0.720119978454584,2
922,6,-0.629115301442016,0.139559978256748,1
923,6,0.654977167720297,-0.186592451595387,2
924,6,-0.817988379351094,0.011683020685389,2
925,6,-0.581024698935593,-0.127093478746260,2
926,6,0.610771238421634,-0.183788594837698,2
927,6,0.333727114516673,0.283084368862999,2
928,6,0.613511177367672,-0.368314275186344,0
929,6,-0.636236998605203,-0.043230483172026,2
930,6,-1.070544682278100,0.089854645655625,2
931,6,-0.827375718672530,-0.099446473392685,2
932,6,-0.492435372935894,0.516424034556019,0
933,6,-0.562115515250081,0.600073817239182,2
934,6,-0.613698734841597,0.500831509136821,2
935,6,0.627742337728066,0.279348318878119,2
936,6,-0.863992255130963,0.261727377221506,2
937,6,-1.062716389442605,0.088952778402271,2
938,6,0.577537173244219,0.005509322851445,2
939,6,0.691954422543893,-0.042574024658163,2
940,6,0.722874860461866,-0.282935597155233,2
941,6,-0.834551617564129,-0.062587094805775,2
942,6,0.624598627980310,-0.238349373472227,2
943,6,0.116587234305588,0.993180455303540,0
944,6,0.548406939568485,-0.115983723922983,2
945,6,0.628546956387362,-0.077750395733517,2
946,6,0.538101045954752,0.300966329737663,2
947,6,-0.655866239294122,0.754570740953615,2
948,6,0.469782140806318,0.266347679252010,2
949,6,0.417356308319642,0.214713415373086,2
950,6,-0.578531529344511,0.932070755999008,2
951,6,0.527799771415479,-0.013352205913502,2
952,6,0.515490646332423,0.447891298660939,2
953,6,0.462417952895603,0.094962974422861,2
954,6,0.744300124849363,-0.252249272691105,2
955,6,0.782451604535830,-0.168397509329226,2
956,6,-1.007313400776345,0.017487606994180,2
957,6,-0.645293024654656,0.600964448236263,2
958,6,-0.571588945677898,-0.054488312528792,2
959,6,0.727489404384644,0.103258750781010,2
960,6,-0.618650203453689,-0.119263323328448,0
961,6,0.019112255480698,0.735118412694431,2
962,6,0.260004165302351,-0.797012903072588,2
963,6,-0.403523789743609,0.605981196551171,2
964,6,0.613421134362394,-0.185583473912754,0
965,6,0.772880901068763,0.004425934955361,0
966,6,0.588903644894976,-0.297145075057363,0
967,6,0.563370228143253,-0.407987768520107,2
968,6,-0.775954403828726,-0.175726688305992,2
969,6,-0.613460388374363,0.563027985307809,0
970,6,0.549036961796790,-0.326838571381061,2
971,6,0.573610681202927,0.327504687122446,2
972,6,-0.680301341312850,0.986716301110448,2
973,6,-0.927631678974903,-0.112027804881788,2
974,6,-0.734943430750055,0.184245875781728,2
975,6,-0.804654446550759,-0.015904138551606,2
976,6,0.720615503824458,-0.355343753321646,2
977,6,-0.439721840518718,0.720177821778321,0
978,6,0.567586819796158,-0.355315152421168,0
979,6,-0.414608618019670,0.307766279687123,0
980,6,-0.525936863691156,-0.261597340179598,0
981,6,-0.767143320980823,0.078289540300239,2
982,6,-0.428505564781143,0.778175769920626,2
983,6,-0.566173419645555,0.606361661608239,0
984,6,0.582209426852324,0.504987707935784,2
985,6,0.649848375524384,-0.319512115641718,2
986,6,-0.627892708932398,0.105143422272292,2
987,6,-0.766299446889345,0.687145161440168,2
988,6,0.483689818955835,0.652003139551428,0
989,6,0.587134637661216,-0.358561587294168,2
990,6,-0.794257255149324,-0.091940448977909,0
991,6,-0.657915487977483,0.945138697893816,2
992,6,-0.487995294112659,0.798233569157570,0
993,6,-0.931595432041587,-0.145202478430990,2
994,6,0.552508681831807,0.381789636652246,2
995,6,0.642329539745562,0.350209728913042,2
996,6,-0.419323994193225,0.285630299707686,0
997,6,-0.790688301483762,-0.071383620329989,0
998,6,-0.560903936934656,0.792568033734043,0
999,6,0.622585557923229,0.582838529034624,2
1000,6,-0.773625699829358,-0.014975097125265,2
1001,6,-0.718452009842715,-0.243888273100486,2
1002,6,-0.747099573826099,-0.148071808008545,2
1003,6,0.825361540509208,-0.381777322147504,2
1004,6,-0.726487652033239,-0.095016971985348,0
1005,6,0.620108480203945,-0.438990828526299,2
1006,6,-0.900757457259428,0.022448953511726,2
1007,6,-0.657865358751399,0.160375833137456,0
1008,6,-0.920701778672009,0.390266876316961,0
1009,6,0.741317662113357,-0.219294849121396,0
1010,6,0.650028735027442,0.453705548863281,0
1011,6,0.383568678764159,-0.249363651648970,0
1012,6,-0.905754575783045,0.123022656300299,0
1013,6,-0.656823171918671,0.722798261932366,0
1014,6,-0.643926567979176,-0.314942920924292,0
1015,6,-0.733415929631946,0.679780166055254,0
1016,6,-0.088221134713884,0.739090690290179,0
1017,6,0.455852178443074,-0.136868215303027,0
1018,6,-0.739341023668618,0.673331159588184,0
1019,6,0.665188513613641,0.295319020851313,0
1020,6,-0.685562184130805,0.053888034600011,0
1021,6,0.499793131878557,0.406602040008737,0
1022,6,0.609522628081927,0.215244470241779,0
1023,6,-0.735586426815810,0.677430888453324,0
1024,6,0.771263440039504,0.448793748018439,0
1025,6,0.675877600276678,0.318280678177635,0
1026,6,0.612539689545366,0.367575217195229,0
1027,6,0.534341152442857,0.511422367953278,0
1028,6,0.614543502852580,0.350085842079463,0
1029,6,0.659898851461359,0.385731414442182,0
1030,6,0.719524682375757,0.414684831565900,0
1031,6,0.672441496895761,-0.344884290358641,0
1032,6,0.674944149847909,0.407817811198945,0
1033,6,-0.796226941418395,0.604998064260959,0
1034,6,-0.901009316419345,0.433799735041799,0
1035,6,-0.917688327587055,0.087133329901845,0
1036,6,-0.902066024906342,0.431598061522142,0
1037,6,-0.813221552326679,0.581954213689863,0
1038,6,-0.732784772179675,0.151347406330385,0
1039,6,-0.888070728960361,0.459706841763109,0
1040,6,0.848027687047677,0.183387273827747,0
1041,6,0.698930008317627,0.437973167188332,0
1042,6,0.547698498681590,0.491300160501060,0
1043,6,-0.925864844206593,0.225851158911191,0
1044,6,-0.757276382878248,0.107031857529085,0
1045,6,0.629922301187174,0.476146282696813,0
1046,6,0.604974761822562,0.625890584810993,0
1047,6,0.760892605276680,0.362018418589090,0
1048,6,-0.738390835879576,0.101442387131277,0
1049,6,-0.655057914488211,-0.078298801343302,0
1050,6,0.671801986269633,0.371087383719288,0
1051,6,-0.872857276398239,0.487975566793342,0
1052,6,0.761177176309139,0.450350809647832,0
1053,6,0.527329641094213,-0.094760333981583,0
1054,6,0.528528828484735,0.525560039610466,0
1055,6,0.465044224266225,-0.229208195796930,0
1056,6,-0.862078830681926,0.080888925597258,0
1057,6,0.476474813581914,0.767101108239301,0
1058,6,-0.728899918621082,0.684620266011882,0
1059,6,0.537905672480560,0.656905508251028,0
1060,6,0.758651038663642,0.323595127955514,0
1061,6,-0.712529352206308,0.117047177343796,0
1062,6,-0.248284801230419,0.687391181236920,0
1063,6,-0.742525925772143,0.669817324461082,0
1064,6,0.433201743589111,0.269743780064169,0
1065,6,0.721898303668206,-0.415863475865929,0
1066,6,0.471170024142782,-0.259332560002528,0
1067,6,0.580528383706279,0.502225207303181,0
1068,6,-0.834028847416587,0.551720836725385,0
1069,6,0.624203501374632,0.781261792788851,0
1070,6,-0.723288343617127,0.365811416702842,0
1071,6,-0.795950456279653,0.089814046258084,0
1072,6,0.616996915992537,-0.251451930376087,0
1073,6,-0.810102799484142,0.087362772737100,0
1074,6,-0.906983071409541,0.145368645827878,0
1075,6,0.710646505469345,0.461706853888679,0
1076,6,-0.659110165527673,-0.073246512179014,0
1077,6,-0.617539190061302,0.301919228767431,0
1078,6,-0.691781076956808,-0.032992295158119,0
1079,6,0.734142251813331,0.398452022526006,0
1080,6,0.297955492167781,-0.277657475927286,0
1081,6,0.854306180819217,0.439949872047180,0
1082,6,0.787664618249153,0.343150139591721,0
1083,6,-0.777834276499163,0.409530273747729,0
1084,6,-0.234605289755199,0.583860487593783,0
1085,6,-0.727824660913539,0.685763269844989,0
1086,6,-0.805563557715299,0.592509370795998,0
1087,6,-0.821124577686948,0.570749004579806,0
1088,6,0.675429769562388,0.408398310226785,0
1089,6,0.561009434925524,-0.084007944155132,0
1090,6,0.676156499846240,0.378947064199276,0
1091,6,-0.993730463143674,-0.111802355164187,0
1092,6,-0.579510303148736,0.814964912462163,0
1093,6,-0.995825600329256,0.091276359090822,0
74,7,-0.798056850417228,-0.040957590137075,0
132,7,0.254650590801655,-0.613900281520712,2
137,7,-0.725437080748384,-0.488166246522428,2
140,7,-0.612920544405969,-0.329748260059398,2
150,7,-0.882593499135896,0.520083101119042,2
151,7,0.908969284614727,0.416863094585009,0
155,7,0.421779954071373,-0.915953192670586,2
158,7,-0.816089327625229,0.399214231550394,2
159,7,0.706796464779794,0.355527957728636,2
161,7,0.483291158727790,-0.880271179027898,2
164,7,0.410002211558956,-0.807070769363073,2
165,7,0.812387929948967,0.172821746269898,2
166,7,0.542808201121020,-0.220622803772208,2
169,7,-0.768664016296185,0.368358476342849,2
170,7,-0.476516265039831,-0.519739769935877,0
172,7,0.675220792553737,-0.703975287068812,2
173,7,-0.803477892368827,0.422124971400189,0
175,7,0.674599848590120,0.779950425264777,2
176,7,-1.014829177979002,0.342067824901779,2
177,7,-0.754354016051914,0.462869220693307,2
178,7,0.295975244625641,-1.014806245718266,2
179,7,0.643913626660722,0.792860923963263,2
181,7,-0.657752688197405,-0.399227547667207,2
185,7,-0.732727296023849,-0.371896755861323,2
187,7,0.654280942287408,0.690786058132321,2
190,7,-0.472310068952626,-0.753696696809799,2
193,7,-0.908592725477710,0.642437337507090,2
195,7,-0.941362906781705,0.659267981095275,2
202,7,-0.528088811857131,-0.106524122722596,0
205,7,-0.798620980685732,0.286780257592492,2
206,7,0.553721421655455,0.693744706394730,2
208,7,0.690914013634660,0.746697446414388,2
209,7,0.622781131715232,0.521764525118764,2
211,7,-0.407206943446204,0.159982331077197,1
213,7,-0.731814881400418,-0.432533724478766,2
220,7,-0.642093347930428,-0.485439231841145,2
221,7,-0.703574752598314,0.907757284858008,2
222,7,-0.682990694715817,-0.670149005986574,2
224,7,-0.809448177875003,-0.406390195079848,2
226,7,-0.588473996946295,-0.361499348476768,2
234,7,0.841148885386834,0.579682889023520,2
239,7,-0.481916434160193,-0.069459100712791,2
242,7,0.482605513529633,-0.710913789375150,0
660,7,-0.145719860749826,0.562649735797021,0
800,7,-0.831656463916754,0.265436597583023,2
801,7,0.295644129660396,-0.578657272814547,0
802,7,-0.960493375606606,0.403416731651868,2
803,7,-0.879709170489645,-0.555991547721119,2
804,7,-0.896294328330390,0.174238946431542,2
805,7,0.750316199835867,0.717704792190207,2
806,7,0.445740565195282,-0.725342302109517,2
807,7,0.753984691391870,0.666851614093809,2
808,7,-0.631701723742663,-0.446452250598740,2
809,7,0.674106948635915,0.366041325104207,2
810,7,-0.725080727328773,-0.060003107406943,2
811,7,0.733914787659140,0.439457263666872,2
812,7,0.744038506005144,0.536201514442206,2
813,7,0.304528997886038,-0.581503167522517,2
814,7,0.507879568159824,-0.891005890078082,2
815,7,0.762491920531698,0.465169099071786,2
816,7,-0.730239647210052,-0.239171924805696,2
817,7,-0.921068093349366,0.384849014082859,2
818,7,0.605755787006533,-0.487644633340161,2
819,7,-0.738744174592334,0.342330028444347,2
820,7,0.324293199341951,-0.621802101504378,0
821,7,0.769850175279069,0.477687717021426,2
822,7,0.762296867515058,0.638691256400151,2
823,7,0.754310639112052,0.617699000482952,2
824,7,-0.935291034557864,-0.001745810243772,2
825,7,0.652485794394069,-1.008679374840183,2
826,7,1.211423617327319,0.433213257568760,2
827,7,-0.915204295736589,-0.002157615059953,2
828,7,0.681696392700219,0.490008591464230,2
829,7,-0.707808351900693,0.706404513702755,0
830,7,0.736672133558579,0.453899542832006,2
831,7,0.658679955880936,0.465313538980079,2
832,7,-0.874436151653466,0.266961609467460,2
833,7,-0.793022769579931,-0.170780677315859,0
834,7,0.718049307449248,-0.440320188767716,2
835,7,-0.676622381785643,-0.736330192554077,0
836,7,-0.831608514337748,-0.127571913428309,2
837,7,-0.899846354658948,0.157458522711512,2
838,7,0.696573677108501,0.229087460227691,2
839,7,-0.755010606098485,0.004406291622980,2
840,7,0.842593928710817,0.599842375293221,2
841,7,-0.590894881324843,0.595275800786507,0
842,7,0.445932916689753,-0.624068946956924,2
843,7,0.508005851840955,-0.297933644958407,2
844,7,0.761279349955834,0.554607200136028,2
845,7,-0.775701129593900,-0.024830412772745,0
846,7,0.356666551107127,-0.581218129213921,2
847,7,-0.647733816079245,0.285322144803118,2
848,7,-0.877335800464843,0.170907169768204,2
849,7,-0.845588525192137,0.536902363712151,2
850,7,0.711270931426957,0.414918465723116,2
851,7,0.496025169974253,-0.520445650617399,0
852,7,-0.828065706934676,0.042482122295427,2
853,7,0.372959414881151,-0.479625471573154,2
854,7,-0.756953487893300,0.356469266957769,2
855,7,-0.873124913588303,0.113029957231008,2
856,7,-0.752464739501276,-0.105943409627527,2
857,7,0.829538129700663,0.765429338220826,2
858,7,-0.642264083718228,0.714792522342345,2
859,7,-0.806784891938456,0.388685545263734,2
860,7,-0.695477249063144,0.577548652419380,2
861,7,0.691766084956625,0.102105194939641,2
862,7,-0.647136527573337,0.298057845301809,2
863,7,0.542075368717825,-0.713471960929123,2
864,7,0.629650547988088,0.786806200372965,2
865,7,0.689002133710844,0.625165526287847,2
866,7,-0.800643249618038,0.239957389198887,2
867,7,0.382244697222385,-0.164292060724982,2
868,7,0.577173593904837,-0.582684047369710,2
869,7,-0.852725707552545,-0.018366671134170,2
870,7,-0.928455815178664,0.257802277989845,2
871,7,0.584648403862840,0.764087777601586,2
872,7,-0.553796779928769,-0.796571326855375,2
873,7,-0.821325919619130,0.218061662148990,2
874,7,0.645861960114672,0.148241527233746,2
875,7,0.838755628179980,0.617879480200044,2
876,7,-0.746282782431126,0.011515200747025,2
877,7,-0.630867883660772,-0.034136799316656,2
878,7,-0.687675905606972,-0.337540415987071,2
879,7,-0.670381114739578,0.170782529272998,2
880,7,-0.943465652908623,0.014741881143140,2
881,7,0.285119356335724,-0.810264556116633,2
882,7,-0.917472353977146,0.464042141593547,2
883,7,-0.877100066961754,-0.020281211533575,2
884,7,0.789630081569643,0.578875883085096,2
885,7,-0.760712449573978,0.311473722345224,2
886,7,-0.787056896714923,0.552015739657258,2
887,7,0.787096925510630,0.763759403965850,2
888,7,-0.857317059179976,0.064666668888230,2
889,7,0.591696403446851,0.893404790091008,2
890,7,-0.987307157271368,0.423085781708343,2
891,7,0.335931136092318,-0.085281797497904,2
892,7,-0.852779969186490,0.421426183867315,2
893,7,-0.544576392429250,0.529962007759433,2
894,7,-0.698730777364533,-0.165414907022996,2
895,7,0.657675398741527,0.739776474176508,2
896,7,0.466535036761955,-0.408767424291475,0
897,7,-0.444923959905928,-0.711939367214644,2
898,7,-0.647325731526915,0.653356979624138,2
899,7,-0.741453054540863,0.581882660075930,2
900,7,-0.840079892253771,-0.306521600119445,0
901,7,-0.940515556870493,0.339750625142303,0
902,7,-0.773655802584381,0.245561696628442,2
903,7,-0.819083789899404,0.431065988767074,2
904,7,-0.766279066711996,0.270416340639038,2
905,7,0.590455601681860,0.063689425312356,2
906,7,0.825103217624730,0.553987271445435,2
907,7,0.839752678669776,0.746929350977795,2
908,7,0.873529370669557,0.473683907826508,2
909,7,0.392793392588053,-0.653603962304985,0
910,7,-0.785417355420612,0.296336297243482,2
911,7,-0.625780150920307,0.491706347492278,2
912,7,0.421603776475040,-0.773669247092749,2
913,7,-0.586842395068330,0.678609685307801,2
914,7,-0.810958127253645,0.376629744310848,2
915,7,0.362973155944088,-0.095602314606898,2
916,7,-0.752744114922801,0.143687490700164,2
917,7,0.705598163228918,0.407894406476217,2
918,7,-0.572507606151308,-0.311616141064400,2
919,7,0.680198688226334,0.056899646557580,2
920,7,-0.842193698483302,-0.054533895346050,2
921,7,0.297248665485420,-0.743407400604491,2
922,7,-0.634313380046175,0.098648480850949,1
923,7,0.656742554594755,-0.187639574887610,2
924,7,-0.808741057363572,-0.032969447677228,2
925,7,-0.581614679102491,-0.174037686586138,2
926,7,0.611426114134187,-0.149445712407400,2
927,7,0.319599945844255,0.464753417869183,2
928,7,0.613511177367672,-0.368314275186344,0
929,7,-0.636093171932813,-0.022510255521522,2
930,7,-1.048077172280797,0.087876163086838,2
931,7,-0.819028432517026,-0.130887149287199,2
932,7,-0.492435372935894,0.516424034556019,0
933,7,-0.556004974290796,0.568949594979039,2
934,7,-0.605039151738495,0.512156643295420,2
935,7,0.634205586732339,0.415039885077581,2
936,7,-0.866857946971511,0.324563499584799,2
937,7,-1.037483776572032,0.079332315063137,2
938,7,0.576841706820074,-0.061127813954417,2
939,7,0.678320804396172,-0.135281469784107,2
940,7,0.701940693006578,-0.338981527198296,2
941,7,-0.833585753396965,-0.058775896096670,2
942,7,0.604341394778894,-0.283521033990129,2
943,7,0.116587234305588,0.993180455303540,0
944,7,0.548296594301728,-0.183911373963711,2
945,7,0.625277697028472,-0.121957317843163,2
946,7,0.555302158449535,0.355979396783728,2
947,7,-0.651537064011263,0.694405755863512,2
948,7,0.437094309624491,0.457700832079230,2
949,7,0.435109039834656,0.305796053971533,2
950,7,-0.584091565445700,0.951902335832127,2
951,7,0.523724269884403,-0.071826799616220,2
952,7,0.532777520794251,0.460931052843357,2
953,7,0.472213757451375,0.154653953813462,2
954,7,0.728576393819277,-0.295156331944262,2
955,7,0.762538794701305,-0.229988985949294,2
956,7,-0.983772781729802,-0.017698334282434,2
957,7,-0.650491004105228,0.639613532016120,2
958,7,-0.560447386596584,-0.085289258156172,2
959,7,0.740809486059417,0.057544737606015,2
960,7,-0.618650203453689,-0.119263323328448,0
961,7,-0.001867337937420,0.755768713280201,2
962,7,0.274560739947277,-0.810852488002733,2
963,7,-0.403795500442206,0.586494017127511,2
964,7,0.613421134362394,-0.185583473912754,0
965,7,0.772880901068763,0.004425934955361,0
966,7,0.588903644894976,-0.297145075057363,0
967,7,0.566897924396227,-0.414640760261436,2
968,7,-0.768959694360576,-0.183726629365944,2
969,7,-0.613460388374363,0.563027985307809,0
970,7,0.536383191435300,-0.283504624101428,2
971,7,0.565661991383122,0.274822880242132,2
972,7,-0.725218732698933,0.885300287720295,2
973,7,-0.930146987538624,-0.127260192479760,2
974,7,-0.732522877967471,0.167896137594660,2
975,7,-0.802896368575636,-0.017423837298614,2
976,7,0.716761486022124,-0.353900924373823,2
977,7,-0.439721840518718,0.720177821778321,0
978,7,0.567586819796158,-0.355315152421168,0
979,7,-0.414608618019670,0.307766279687123,0
980,7,-0.525936863691156,-0.261597340179598,0
981,7,-0.764444119102770,0.072831764246026,2
982,7,-0.401498141251716,0.774861776386952,2
983,7,-0.566173419645555,0.606361661608239,0
984,7,0.555231041340511,0.488524116745937,2
985,7,0.662422119647158,-0.299791019143383,2
986,7,-0.631236940506624,0.071156364629052,2
987,7,-0.764053228484929,0.679653479716385,2
988,7,0.483689818955835,0.652003139551428,0
989,7,0.588682326816757,-0.344361117296465,2
990,7,-0.794257255149324,-0.091940448977909,0
991,7,-0.663790460710249,0.918320152638465,2
992,7,-0.487995294112659,0.798233569157570,0
993,7,-0.933039050386302,-0.157843150440491,2
994,7,0.567727066243456,0.365941343072888,2
995,7,0.637431232144351,0.311016607419826,2
996,7,-0.419323994193225,0.285630299707686,0
997,7,-0.790688301483762,-0.071383620329989,0
998,7,-0.560903936934656,0.792568033734043,0
999,7,0.620089881581175,0.560711746219756,2
1000,7,-0.783476028413569,-0.006839577303646,2
1001,7,-0.738825982665096,-0.217558320252116,2
1002,7,-0.749500586921104,-0.171961191407613,2
1003,7,0.856820302394528,-0.354664280509497,2
1004,7,-0.726487652033239,-0.095016971985348,0
1005,7,0.624489199389687,-0.411867310571127,2
1006,7,-0.903174440684351,0.012844472599238,2
1007,7,-0.657865358751399,0.160375833137456,0
1008,7,-0.920701778672009,0.390266876316961,0
1009,7,0.741317662113357,-0.219294849121396,0
1010,7,0.650028735027442,0.453705548863281,0
1011,7,0.383568678764159,-0.249363651648970,0
1012,7,-0.905754575783045,0.123022656300299,0
1013,7,-0.656823171918671,0.722798261932366,0
1014,7,-0.643926567979176,-0.314942920924292,0
1015,7,-0.733415929631946,0.679780166055254,0
1016,7,-0.088221134713884,0.739090690290179,0
1017,7,0.455852178443074,-0.136868215303027,0
1018,7,-0.739341023668618,0.673331159588184,0
1019,7,0.665188513613641,0.295319020851313,0
1020,7,-0.685562184130805,0.053888034600011,0
1021,7,0.499793131878557,0.406602040008737,0
1022,7,0.609522628081927,0.215244470241779,0
1023,7,-0.735586426815810,0.677430888453324,0
1024,7,0.771263440039504,0.448793748018439,0
1025,7,0.675877600276678,0.318280678177635,0
1026,7,0.612539689545366,0.367575217195229,0
1027,7,0.534341152442857,0.511422367953278,0
1028,7,0.614543502852580,0.350085842079463,0
1029,7,0.659898851461359,0.385731414442182,0
1030,7,0.719524682375757,0.414684831565900,0
1031,7,0.672441496895761,-0.344884290358641,0
1032,7,0.674944149847909,0.407817811198945,0
1033,7,-0.796226941418395,0.604998064260959,0
1034,7,-0.901009316419345,0.433799735041799,0
1035,7,-0.917688327587055,0.087133329901845,0
1036,7,-0.902066024906342,0.431598061522142,0
1037,7,-0.813221552326679,0.581954213689863,0
1038,7,-0.732784772179675,0.151347406330385,0
1039,7,-0.888070728960361,0.459706841763109,0
1040,7,0.848027687047677,0.183387273827747,0
1041,7,0.698930008317627,0.437973167188332,0
1042,7,0.547698498681590,0.491300160501060,0
1043,7,-0.925864844206593,0.225851158911191,0
1044,7,-0.757276382878248,0.107031857529085,0
1045,7,0.629922301187174,0.476146282696813,0
1046,7,0.604974761822562,0.625890584810993,0
1047,7,0.760892605276680,0.362018418589090,0
1048,7,-0.738390835879576,0.101442387131277,0
1049,7,-0.655057914488211,-0.078298801343302,0
1050,7,0.671801986269633,0.371087383719288,0
1051,7,-0.872857276398239,0.487975566793342,0
1052,7,0.761177176309139,0.450350809647832,0
1053,7,0.527329641094213,-0.094760333981583,0
1054,7,0.528528828484735,0.525560039610466,0
1055,7,0.465044224266225,-0.229208195796930,0
1056,7,-0.862078830681926,0.080888925597258,0
1057,7,0.476474813581914,0.767101108239301,0
1058,7,-0.728899918621082,0.684620266011882,0
1059,7,0.537905672480560,0.656905508251028,0
1060,7,0.758651038663642,0.323595127955514,0
1061,7,-0.712529352206308,0.117047177343796,0
1062,7,-0.248284801230419,0.687391181236920,0
1063,7,-0.742525925772143,0.669817324461082,0
1064,7,0.433201743589111,0.269743780064169,0
1065,7,0.721898303668206,-0.415863475865929,0
1066,7,0.471170024142782,-0.259332560002528,0
1067,7,0.580528383706279,0.502225207303181,0
1068,7,-0.834028847416587,0.551720836725385,0
1069,7,0.624203501374632,0.781261792788851,0
1070,7,-0.723288343617127,0.365811416702842,0
1071,7,-0.795950456279653,0.089814046258084,0
1072,7,0.616996915992537,-0.251451930376087,0
1073,7,-0.810102799484142,0.087362772737100,0
1074,7,-0.906983071409541,0.145368645827878,0
1075,7,0.710646505469345,0.461706853888679,0
1076,7,-0.659110165527673,-0.073246512179014,0
1077,7,-0.617539190061302,0.301919228767431,0
1078,7,-0.691781076956808,-0.032992295158119,0
1079,7,0.734142251813331,0.398452022526006,0
1080,7,0.297955492167781,-0.277657475927286,0
1081,7,0.854306180819217,0.439949872047180,0
1082,7,0.787664618249153,0.343150139591721,0
1083,7,-0.777834276499163,0.409530273747729,0
1084,7,-0.234605289755199,0.583860487593783,0
1085,7,-0.727824660913539,0.685763269844989,0
1086,7,-0.805563557715299,0.592509370795998,0
1087,7,-0.821124577686948,0.570749004579806,0
1088,7,0.675429769562388,0.408398310226785,0
1089,7,0.561009434925524,-0.084007944155132,0
1090,7,0.676156499846240,0.378947064199276,0
1091,7,-0.993730463143674,-0.111802355164187,0
1092,7,-0.579510303148736,0.814964912462163,0
1093,7,-0.995825600329256,0.091276359090822,0
74,8,-0.798056850417228,-0.040957590137075,0
132,8,0.274748506493137,-0.657685436639307,2
137,8,-0.700163146395052,-0.434292558618156,2
140,8,-0.589560666444195,-0.380233589788638,2
150,8,-0.887218907095287,0.351501636732791,2
151,8,0.908969284614727,0.416863094585009,0
155,8,0.416448447329528,-0.878887315977084,2
158,8,-0.831139340108856,0.375125615118548,2
159,8,0.680275477693789,0.387254557610732,2
161,8,0.487002984653389,-0.863833591200597,2
164,8,0.400783109882199,-0.761487484749910,2
165,8,0.813572047613550,0.190411828589528,2
166,8,0.448684073616217,-0.338819216625547,2
169,8,-0.767630205672300,0.361424637194675,2
170,8,-0.476516265039831,-0.519739769935877,0
172,8,0.678479320068841,-0.679718626421828,2
173,8,-0.803477892368827,0.422124971400189,0
175,8,0.693332123596728,0.721333331361799,2
176,8,-1.018964742327414,0.311795283725028,2
177,8,-0.756413351467163,0.464066671155330,2
178,8,0.351951649337631,-1.051248291107474,2
179,8,0.678881903916165,0.793640788970869,2
181,8,-0.636596862948380,-0.430779820945144,2
185,8,-0.731876654976955,-0.339852269886298,2
187,8,0.644070547515063,0.667118209963114,2
190,8,-0.481467836495203,-0.644619741572186,2
193,8,-0.904882369561090,0.507612313425194,2
195,8,-0.928135631498348,0.372619909723913,2
202,8,-0.528088811857131,-0.106524122722596,0
205,8,-0.791184065919399,0.324843680026978,2
206,8,0.530108281825630,0.836066909624738,2
208,8,0.698088312525583,0.750039015983884,2
209,8,0.677656056086820,0.529543763072103,2
211,8,-0.399913582339618,0.191547361613746,1
213,8,-0.724469843346497,-0.370020436103574,2
220,8,-0.632302350360768,-0.440215768671210,2
221,8,-0.717833283897064,0.850337681867709,2
222,8,-0.683183016577714,-0.570646125789689,2
224,8,-0.811089541304037,-0.419043236487446,2
226,8,-0.586306735434537,-0.342972972023767,2
234,8,0.865516620756770,0.539600861631176,2
239,8,-0.513504820265652,-0.167092987395214,2
242,8,0.482605513529633,-0.710913789375150,0
660,8,-0.145719860749826,0.562649735797021,0
800,8,-0.842357545232250,0.231716619862142,2
801,8,0.295644129660396,-0.578657272814547,0
802,8,-0.975948818426100,0.392813676672248,2
803,8,-0.863147692111129,-0.664466913785279,2
804,8,-0.895282584558139,0.154807149202798,2
805,8,0.746502527766279,0.796943914283540,2
806,8,0.413345901059334,-0.680960463310461,2
807,8,0.769178722083435,0.714778260236919,2
808,8,-0.591599104053995,-0.528253034478759,2
809,8,0.637481965118551,0.314622498783641,2
810,8,-0.722819727304488,0.073139748743792,2
811,8,0.725832081094226,0.387294063062441,2
812,8,0.745828191277170,0.549693414043594,2
813,8,0.323545370360311,-0.497246431762797,2
814,8,0.520212868616368,-0.867311465536403,2
815,8,0.758006844332280,0.424054393372298,2
816,8,-0.719561373006751,-0.075240246557080,2
817,8,-0.913401136239811,0.253172358100875,2
818,8,0.629172754686474,-0.468416367883858,2
819,8,-0.720228851556835,0.334623749518653,2
820,8,0.324293199341951,-0.621802101504378,0
821,8,0.786757988386173,0.505205081652270,2
822,8,0.790119740772674,0.574594966413911,2
823,8,0.758042153790757,0.649937850821630,2
824,8,-0.932105609969622,-0.017909606124535,2
825,8,0.658853026969094,-0.976037212629483,2
826,8,0.924086868901037,0.379402058706136,2
827,8,-0.912486019616069,-0.035801037619549,2
828,8,0.673542506140641,0.548376829800908,2
829,8,-0.707808351900693,0.706404513702755,0
830,8,0.721232999742336,0.456538083326314,2
831,8,0.647888820103356,0.444422779112600,2
832,8,-0.876166640125710,0.242933677095251,2
833,8,-0.793022769579931,-0.170780677315859,0
834,8,0.713743136850043,-0.417260292786093,2
835,8,-0.676622381785643,-0.736330192554077,0
836,8,-0.830311942097311,-0.111453668845469,2
837,8,-0.894978855888793,0.092534048472172,2
838,8,0.686923078436309,0.204417776620587,2
839,8,-0.750024476585715,-0.009874526626673,2
840,8,0.854542441734539,0.593891972573244,2
841,8,-0.590894881324843,0.595275800786507,0
842,8,0.457449092613996,-0.620299174397077,2
843,8,0.505585454084541,-0.168051785910913,2
844,8,0.766813362629364,0.572947661137167,2
845,8,-0.775701129593900,-0.024830412772745,0
846,8,0.351469508881405,-0.545075130498632,2
847,8,-0.645584657305370,0.339522239381362,2
848,8,-0.879841953621623,0.073344781880040,2
849,8,-0.855653868017958,0.568489451579732,2
850,8,0.694245219614715,0.357442999916996,2
851,8,0.496025169974253,-0.520445650617399,0
852,8,-0.826860441310659,0.054527093087222,2
853,8,0.356066180602307,-0.506965798612312,2
854,8,-0.747779093870693,0.346988419597788,2
855,8,-0.873724838368343,0.131489170957986,2
856,8,-0.730135261412777,-0.103210916588662,2
857,8,0.823656561191173,0.685722140607409,2
858,8,-0.643445683520137,0.744958970741819,2
859,8,-0.807735390975030,0.386417826083921,2
860,8,-0.695978696983290,0.570911201928634,2
861,8,0.686566761920492,0.023130432625509,2
862,8,-0.672492254996407,0.473859267816240,2
863,8,0.541317866798654,-0.705530078232723,2
864,8,0.624600624479616,0.807791199451339,2
865,8,0.671851558137351,0.496799991773996,2
866,8,-0.792277816168711,0.189957345695783,2
867,8,0.375592706749590,-0.076267248609133,2
868,8,0.556816183962893,-0.495257549160273,2
869,8,-0.843676738048013,-0.072048538342277,2
870,8,-0.915374463703659,0.227670196722830,2
871,8,0.602753022032269,0.736985717040419,2
872,8,-0.534814593540743,-0.933602484242283,2
873,8,-0.837737507974855,0.224421745738809,2
874,8,0.637592283938324,0.087259596817037,2
875,8,0.858525091431739,0.599858268206052,2
876,8,-0.734811602456165,-0.014905040353979,2
877,8,-0.634290020344531,0.043253699764707,2
878,8,-0.674848568449374,-0.246716436392745,2
879,8,-0.649863388281217,0.264642638044540,2
880,8,-0.942140605135308,-0.009268479921063,2
881,8,0.297518103761060,-0.773258809266087,2
882,8,-0.910008073596253,0.379662337568913,2
883,8,-0.867473157879644,-0.033421529864794,2
884,8,0.804747275219804,0.595841295270974,2
885,8,-0.760995509365310,0.277386812288395,2
886,8,-0.824470198482468,0.568330856580021,2
887,8,0.788423321921991,0.744745067214230,2
888,8,-0.860937903702756,-0.003310419151182,2
889,8,0.597551200523246,0.780716497228128,2
890,8,-1.003119421211407,0.333393414202514,2
891,8,0.311785290065863,0.046741272189652,2
892,8,-0.850247933893554,0.430598274593508,2
893,8,-0.526187263914702,0.498903149831758,2
894,8,-0.688975916969068,-0.169749346830108,2
895,8,0.653485339674016,0.710171978853386,2
896,8,0.466535036761955,-0.408767424291475,0
897,8,-0.442063588430685,-0.685935736091870,2
898,8,-0.629378216677802,0.674214304746585,2
899,8,-0.747386011417988,0.547682430918169,2
900,8,-0.840079892253771,-0.306521600119445,0
901,8,-0.940515556870493,0.339750625142303,0
902,8,-0.757044732989464,0.229900067638966,2
903,8,-0.830361389885369,0.417579150317198,2
904,8,-0.769504705863457,0.252174550529339,2
905,8,0.583807740857123,0.008077102591887,2
906,8,0.811091360183695,0.514616113915814,2
907,8,0.820861981560851,0.724252040955609,2
908,8,0.847988978373446,0.437806780890752,2
909,8,0.392793392588053,-0.653603962304985,0
910,8,-0.807329751573117,0.270719278396161,2
911,8,-0.607983719299986,0.474835098490565,2
912,8,0.475304083740492,-0.756737753965007,2
913,8,-0.572860067903318,0.666842067500953,2
914,8,-0.810853391340507,0.383124958703686,2
915,8,0.367644020229140,-0.021305822501057,2
916,8,-0.752822221965349,0.182907717152426,2
917,8,0.699696996641211,0.380622489486139,2
918,8,-0.559675272305314,-0.274175243831403,2
919,8,0.678478558951874,-0.003587816893526,2
920,8,-0.828349329095101,-0.116214788504524,2
921,8,0.305364953704962,-0.763035352374123,2
922,8,-0.639511458650334,0.057736983445150,1
923,8,0.655836522639456,-0.188660573268152,2
924,8,-0.800126113380759,-0.076153986758750,2
925,8,-0.580845326218234,-0.218030037874731,2
926,8,0.612063650782874,-0.119740621702510,2
927,8,0.306734092424954,0.629459561445191,2
928,8,0.613511177367672,-0.368314275186344,0
929,8,-0.635681227768645,-0.002229371683031,2
930,8,-1.027435482361497,0.083971155337628,2
931,8,-0.811163099184320,-0.156980567209433,2
932,8,-0.492435372935894,0.516424034556019,0
933,8,-0.549618786396603,0.543299438851581,2
934,8,-0.596147722609432,0.523592730814305,2
935,8,0.640068324021120,0.531648434395084,2
936,8,-0.868676751626327,0.382032008639207,2
937,8,-1.014638498451297,0.071584732049045,2
938,8,0.576053135202148,-0.121249549368741,2
939,8,0.666253015561389,-0.218339442899299,2
940,8,0.683676658980382,-0.387866647596194,2
941,8,-0.832235133613177,-0.055505841023068,2
942,8,0.587742484674773,-0.323577374560264,2
943,8,0.116587234305588,0.993180455303540,0
944,8,0.549181958642840,-0.244313131225654,2
945,8,0.620942859742440,-0.161282124216073,2
946,8,0.572011215625217,0.403179712357389,2
947,8,-0.646108874919873,0.642790705401759,2
948,8,0.399127259584322,0.634687477865958,2
949,8,0.451757831359544,0.387253282493236,2
950,8,-0.590528226305377,0.958547109772589,2
951,8,0.521570803339975,-0.122847673518463,2
952,8,0.549050527685799,0.471495979086592,2
953,8,0.482518478428299,0.209222666250034,2
954,8,0.714024932493750,-0.335432250982173,2
955,8,0.744208613722646,-0.286329241654061,2
956,8,-0.962689638385603,-0.046477014489630,2
957,8,-0.654653033844815,0.668987370298616,2
958,8,-0.550239175265708,-0.117138411944835,2
959,8,0.750979129292502,0.013326020734826,2
960,8,-0.618650203453689,-0.119263323328448,0
961,8,-0.021040659389378,0.780401316019860,2
962,8,0.290670234900197,-0.815553416307637,2
963,8,-0.403469528439691,0.563126858547679,2
964,8,0.613421134362394,-0.185583473912754,0
965,8,0.772880901068763,0.004425934955361,0
966,8,0.588903644894976,-0.297145075057363,0
967,8,0.570721557291015,-0.419234741702727,2
968,8,-0.762740507411784,-0.187972053036783,2
969,8,-0.613460388374363,0.563027985307809,0
970,8,0.523475171461529,-0.247135203123963,2
971,8,0.559605925048286,0.229301389035611,2
972,8,-0.765336216972483,0.790888054512469,2
973,8,-0.932246074476982,-0.136791144871111,2
974,8,-0.729990631753132,0.153939836179777,2
975,8,-0.801156260068151,-0.017409490101006,2
976,8,0.712537214011721,-0.352356893583195,2
977,8,-0.439721840518718,0.720177821778321,0
978,8,0.567586819796158,-0.355315152421168,0
979,8,-0.414608618019670,0.307766279687123,0
980,8,-0.525936863691156,-0.261597340179598,0
981,8,-0.762282566884140,0.069021701395818,2
982,8,-0.376987046210878,0.769255997208737,2
983,8,-0.566173419645555,0.606361661608239,0
984,8,0.532047615577879,0.474833668371845,2
985,8,0.671935141806655,-0.282176713343278,2
986,8,-0.634137311739802,0.040743079830682,2
987,8,-0.761888011339962,0.672524546885440,2
988,8,0.483689818955835,0.652003139551428,0
989,8,0.589110094363346,-0.330851935258433,2
990,8,-0.794257255149324,-0.091940448977909,0
991,8,-0.669390191130901,0.889958559235579,2
992,8,-0.487995294112659,0.798233569157570,0
993,8,-0.934186692470473,-0.165135468796212,2
994,8,0.581859162011552,0.353851388757683,2
995,8,0.634848611304151,0.277508968139612,2
996,8,-0.419323994193225,0.285630299707686,0
997,8,-0.790688301483762,-0.071383620329989,0
998,8,-0.560903936934656,0.792568033734043,0
999,8,0.618290268078886,0.539027069347317,2
1000,8,-0.791990101461342,0.002001701013723,2
1001,8,-0.756741184001620,-0.191681558571579,2
1002,8,-0.751370785251788,-0.189873620058969,2
1003,8,0.882000443051205,-0.328792107630590,2
1004,8,-0.726487652033239,-0.095016971985348,0
1005,8,0.628243865019177,-0.385884314745349,2
1006,8,-0.905506986911517,0.006761732447606,2
1007,8,-0.657865358751399,0.160375833137456,0
1008,8,-0.920701778672009,0.390266876316961,0
1009,8,0.741317662113357,-0.219294849121396,0
1010,8,0.650028735027442,0.453705548863281,0
1011,8,0.383568678764159,-0.249363651648970,0
1012,8,-0.905754575783045,0.123022656300299,0
1013,8,-0.656823171918671,0.722798261932366,0
1014,8,-0.643926567979176,-0.314942920924292,0
1015,8,-0.733415929631946,0.679780166055254,0
1016,8,-0.088221134713884,0.739090690290179,0
1017,8,0.455852178443074,-0.136868215303027,0
1018,8,-0.739341023668618,0.673331159588184,0
1019,8,0.665188513613641,0.295319020851313,0
1020,8,-0.685562184130805,0.053888034600011,0
1021,8,0.499793131878557,0.406602040008737,0
1022,8,0.609522628081927,0.215244470241779,0
1023,8,-0.735586426815810,0.677430888453324,0
1024,8,0.771263440039504,0.448793748018439,0
1025,8,0.675877600276678,0.318280678177635,0
1026,8,0.612539689545366,0.367575217195229,0
1027,8,0.534341152442857,0.511422367953278,0
1028,8,0.614543502852580,0.350085842079463,0
1029,8,0.659898851461359,0.385731414442182,0
1030,8,0.719524682375757,0.414684831565900,0
1031,8,0.672441496895761,-0.344884290358641,0
1032,8,0.674944149847909,0.407817811198945,0
1033,8,-0.796226941418395,0.604998064260959,0
1034,8,-0.901009316419345,0.433799735041799,0
1035,8,-0.917688327587055,0.087133329901845,0
1036,8,-0.902066024906342,0.431598061522142,0
1037,8,-0.813221552326679,0.581954213689863,0
1038,8,-0.732784772179675,0.151347406330385,0
1039,8,-0.888070728960361,0.459706841763109,0
1040,8,0.848027687047677,0.183387273827747,0
1041,8,0.698930008317627,0.437973167188332,0
1042,8,0.547698498681590,0.491300160501060,0
1043,8,-0.925864844206593,0.225851158911191,0
1044,8,-0.757276382878248,0.107031857529085,0
1045,8,0.629922301187174,0.476146282696813,0
1046,8,0.604974761822562,0.625890584810993,0
1047,8,0.760892605276680,0.362018418589090,0
1048,8,-0.738390835879576,0.101442387131277,0
1049,8,-0.655057914488211,-0.078298801343302,0
1050,8,0.671801986269633,0.371087383719288,0
1051,8,-0.872857276398239,0.487975566793342,0
1052,8,0.761177176309139,0.450350809647832,0
1053,8,0.527329641094213,-0.094760333981583,0
1054,8,0.528528828484735,0.525560039610466,0
1055,8,0.465044224266225,-0.229208195796930,0
1056,8,-0.862078830681926,0.080888925597258,0
1057,8,0.476474813581914,0.767101108239301,0
1058,8,-0.728899918621082,0.684620266011882,0
1059,8,0.537905672480560,0.656905508251028,0
1060,8,0.758651038663642,0.323595127955514,0
1061,8,-0.712529352206308,0.117047177343796,0
1062,8,-0.248284801230419,0.687391181236920,0
1063,8,-0.742525925772143,0.669817324461082,0
1064,8,0.433201743589111,0.269743780064169,0
1065,8,0.721898303668206,-0.415863475865929,0
1066,8,0.471170024142782,-0.259332560002528,0
1067,8,0.580528383706279,0.502225207303181,0
1068,8,-0.834028847416587,0.551720836725385,0
1069,8,0.624203501374632,0.781261792788851,0
1070,8,-0.723288343617127,0.365811416702842,0
1071,8,-0.795950456279653,0.089814046258084,0
1072,8,0.616996915992537,-0.251451930376087,0
1073,8,-0.810102799484142,0.087362772737100,0
1074,8,-0.906983071409541,0.145368645827878,0
1075,8,0.710646505469345,0.461706853888679,0
1076,8,-0.659110165527673,-0.073246512179014,0
1077,8,-0.617539190061302,0.301919228767431,0
1078,8,-0.691781076956808,-0.032992295158119,0
1079,8,0.734142251813331,0.398452022526006,0
1080,8,0.297955492167781,-0.277657475927286,0
1081,8,0.854306180819217,0.439949872047180,0
1082,8,0.787664618249153,0.343150139591721,0
1083,8,-0.777834276499163,0.409530273747729,0
1084,8,-0.234605289755199,0.583860487593783,0
1085,8,-0.727824660913539,0.685763269844989,0
1086,8,-0.805563557715299,0.592509370795998,0
1087,8,-0.821124577686948,0.570749004579806,0
1088,8,0.675429769562388,0.408398310226785,0
1089,8,0.561009434925524,-0.084007944155132,0
1090,8,0.676156499846240,0.378947064199276,0
1091,8,-0.993730463143674,-0.111802355164187,0
1092,8,-0.579510303148736,0.814964912462163,0
1093,8,-0.995825600329256,0.091276359090822,0
74,9,-0.798056850417228,-0.040957590137075,0
132,9,0.295001185681027,-0.694940535639396,2
137,9,-0.676702055682823,-0.386875828182930,2
140,9,-0.570304389925010,-0.421237066796218,2
150,9,-0.890609888827679,0.206242247467711,2
151,9,0.908969284614727,0.416863094585009,0
155,9,0.414278535914079,-0.846489470808727,2
158,9,-0.845007801356601,0.357281567654358,2
159,9,0.656741811129094,0.417688642112943,2
161,9,0.489590210158231,-0.847279580696536,2
164,9,0.395766094913302,-0.719229494872353,2
165,9,0.813614443050104,0.208611219480753,2
166,9,0.364294239897534,-0.444560819741408,2
169,9,-0.768191507310502,0.357113295208493,2
170,9,-0.476516265039831,-0.519739769935877,0
172,9,0.683107344234805,-0.650029421491445,2
173,9,-0.803477892368827,0.422124971400189,0
175,9,0.708781571121200,0.671208757744233,2
176,9,-1.020510382543740,0.282434667258623,2
177,9,-0.757496499016140,0.459387332078682,2
178,9,0.391761111521738,-1.074280953698001,2
179,9,0.708244256400219,0.793210020138465,2
181,9,-0.617676076842844,-0.448427730002506,2
185,9,-0.729480190100011,-0.312738562648642,2
187,9,0.634625950213689,0.647860528531420,2
190,9,-0.488935019641471,-0.535041537099755,2
193,9,-0.901845327496629,0.387555951198491,2
195,9,-0.916283084620074,0.124874189682776,2
202,9,-0.528088811857131,-0.106524122722596,0
205,9,-0.784846228061131,0.361328690097638,2
206,9,0.512436635391496,0.945367845209667,2
208,9,0.704495396902020,0.751628657226939,2
209,9,0.727065916870737,0.533941421671385,2
211,9,-0.392620221233033,0.223112392150295,1
213,9,-0.717228011514979,-0.314386810677529,2
220,9,-0.623711688644389,-0.392823809835493,2
221,9,-0.731374024323539,0.793898409843926,2
222,9,-0.683162541615463,-0.483141430114514,2
224,9,-0.809938005692504,-0.426776735941368,2
226,9,-0.583505739070628,-0.326529528375099,2
234,9,0.882670292044599,0.509045433660567,2
239,9,-0.541914671614497,-0.253768089976512,2
242,9,0.482605513529633,-0.710913789375150,0
660,9,-0.145719860749826,0.562649735797021,0
800,9,-0.851266927078497,0.198050195306097,2
801,9,0.295644129660396,-0.578657272814547,0
802,9,-0.988914250272818,0.377663799990893,2
803,9,-0.843605251683843,-0.733071112183415,2
804,9,-0.894946484946724,0.137794871168036,2
805,9,0.742526720008616,0.862042179490152,2
806,9,0.385081373306423,-0.641429248096404,2
807,9,0.780500654921431,0.755893750223081,2
808,9,-0.556132857417032,-0.598914437943859,2
809,9,0.607069251972370,0.266884686785067,2
810,9,-0.718037225927249,0.190103979430129,2
811,9,0.718796274815913,0.336887871559735,2
812,9,0.745867893243648,0.553486202876431,2
813,9,0.342708341708184,-0.413693814857319,2
814,9,0.531624181569985,-0.835216334495710,2
815,9,0.751234810070656,0.380483138180091,2
816,9,-0.706988351039985,0.075011477117830,2
817,9,-0.907759984448651,0.141506749632324,2
818,9,0.647621579402680,-0.444806166020055,2
819,9,-0.703811718017208,0.321121272173053,2
820,9,0.324293199341951,-0.621802101504378,0
821,9,0.801461210207408,0.528000246841687,2
822,9,0.812434479001312,0.512076843186058,2
823,9,0.760932632310154,0.676677763172826,2
824,9,-0.928821828908080,-0.031964509599516,2
825,9,0.660396536837491,-0.933588399418897,2
826,9,0.663984235074690,0.315133984854331,2
827,9,-0.908825053314454,-0.059545455502896,2
828,9,0.667066839785867,0.596922863929462,2
829,9,-0.707808351900693,0.706404513702755,0
830,9,0.707926730230254,0.460221183349918,2
831,9,0.637465640454421,0.419737044492847,2
832,9,-0.877362207093601,0.221329480013938,2
833,9,-0.793022769579931,-0.170780677315859,0
834,9,0.706003951790223,-0.396255652485151,2
835,9,-0.676622381785643,-0.736330192554077,0
836,9,-0.827687312245692,-0.098699509184577,2
837,9,-0.888927028033553,0.034760141899390,2
838,9,0.677579640131206,0.178789169732393,2
839,9,-0.744741478659892,-0.026598048306080,2
840,9,0.862708974057784,0.584760831753874,2
841,9,-0.590894881324843,0.595275800786507,0
842,9,0.468648754334737,-0.614966852092374,2
843,9,0.504424498271399,-0.050073186354977,2
844,9,0.770428268544978,0.584354279457902,2
845,9,-0.775701129593900,-0.024830412772745,0
846,9,0.347274442796405,-0.477652287926806,2
847,9,-0.643443797250718,0.389073138473631,2
848,9,-0.880496921871942,-0.006415510957689,2
849,9,-0.862734890352819,0.587751407200277,2
850,9,0.677471436073306,0.301443756866604,2
851,9,0.496025169974253,-0.520445650617399,0
852,9,-0.824159965299118,0.068998913655976,2
853,9,0.333218968650694,-0.531312685303086,2
854,9,-0.738016966893031,0.333626603202198,2
855,9,-0.870586242050981,0.143470531776907,2
856,9,-0.710350823064593,-0.098043349080379,2
857,9,0.818432489598150,0.605272149585809,2
858,9,-0.644024241980264,0.769330051966062,2
859,9,-0.808513595532100,0.381812120598466,2
860,9,-0.694203112543912,0.566156457224534,2
861,9,0.684302804778997,-0.040144884939547,2
862,9,-0.690144302965654,0.621977092014048,2
863,9,0.539474207995541,-0.688496199147977,2
864,9,0.620515740509680,0.821418878121909,2
865,9,0.657180759276829,0.376950658396798,2
866,9,-0.781311743213759,0.140972959611041,2
867,9,0.373198425200468,0.007048219367492,2
868,9,0.540207641641640,-0.408205561877219,2
869,9,-0.834873936642814,-0.117813548315601,2
870,9,-0.902419608609794,0.200553306718001,2
871,9,0.618405974257461,0.705310640521755,2
872,9,-0.520733816160873,-1.039609281931532,2
873,9,-0.851380053023460,0.225276054199211,2
874,9,0.629445653323311,0.031041593147980,2
875,9,0.871917200427733,0.575926077761760,2
876,9,-0.723323762664255,-0.043445126202900,2
877,9,-0.636561528698729,0.114638759510883,2
878,9,-0.661593423111693,-0.175615081772563,2
879,9,-0.629068245671535,0.339330929702637,2
880,9,-0.940348701268857,-0.032574930641581,2
881,9,0.309845227805367,-0.740161679177486,2
882,9,-0.902105693218380,0.303301701972844,2
883,9,-0.858114056060845,-0.044970797802774,2
884,9,0.818358856513830,0.609788530540080,2
885,9,-0.758663113010738,0.241730962092025,2
886,9,-0.856561215907639,0.578845312548960,2
887,9,0.787592082104859,0.720482765322157,2
888,9,-0.862702060408384,-0.059616112088172,2
889,9,0.601970070025662,0.673925399011682,2
890,9,-1.013499540491550,0.254852670782352,2
891,9,0.290655257768861,0.170441142497083,2
892,9,-0.846622553057473,0.431428798895492,2
893,9,-0.506332099472073,0.471431869002345,2
894,9,-0.681478529318109,-0.166423356120830,2
895,9,0.650806278270482,0.676601316752127,2
896,9,0.466535036761955,-0.408767424291475,0
897,9,-0.442178665841402,-0.643545962901253,2
898,9,-0.611339262571087,0.688129436119936,2
899,9,-0.752689293951611,0.512997352289304,2
900,9,-0.840079892253771,-0.306521600119445,0
901,9,-0.940515556870493,0.339750625142303,0
902,9,-0.741470467514543,0.212873746236088,2
903,9,-0.840205475184513,0.402958724621583,2
904,9,-0.772843141332565,0.237738514362370,2
905,9,0.578422936985816,-0.043355647386773,2
906,9,0.798995238140296,0.473472543657494,2
907,9,0.802749285223653,0.699618908565624,2
908,9,0.826296794831665,0.396990123594778,2
909,9,0.392793392588053,-0.653603962304985,0
910,9,-0.824184254212827,0.238696469485506,2
911,9,-0.592159717648132,0.460204615450614,2
912,9,0.520870050141516,-0.738996720211196,2
913,9,-0.559969091520118,0.648929735865121,2
914,9,-0.810127273084597,0.386387574128165,2
915,9,0.371443625078402,0.045588330885127,2
916,9,-0.752056472007563,0.215752616441670,2
917,9,0.693582135458340,0.351365848932170,2
918,9,-0.547958501207898,-0.234310638054919,2
919,9,0.676485734493537,-0.059438402567674,2
920,9,-0.815629986210725,-0.169548140371389,2
921,9,0.311857074636216,-0.779003833763479,2
922,9,-0.644709537254494,0.016825486039352,1
923,9,0.652259071854401,-0.189655446737014,2
924,9,-0.792143547402655,-0.117870596559176,2
925,9,-0.578716640282823,-0.259070532612040,2
926,9,0.612683848367696,-0.094673322723029,2
927,9,0.295129554258768,0.777202799591023,2
928,9,0.613511177367672,-0.368314275186344,0
929,9,-0.635001166112697,0.017612168343446,2
930,9,-1.008619612520201,0.078139622407994,2
931,9,-0.803779718674413,-0.177726727159387,2
932,9,-0.492435372935894,0.516424034556019,0
933,9,-0.542956951567500,0.523123348856808,2
934,9,-0.587024447454407,0.535139771693475,2
935,9,0.645330549594410,0.629173966830629,2
936,9,-0.869448669095409,0.434132904384732,2
937,9,-0.994180555080400,0.065710029359993,2
938,9,0.575171458390441,-0.174855883391524,2
939,9,0.655751056039546,-0.291747944003738,2
940,9,0.668082758383277,-0.429590958348928,2
941,9,-0.830499758212766,-0.052776929584970,2
942,9,0.574801897667946,-0.358518395182633,2
943,9,0.116587234305588,0.993180455303540,0
944,9,0.551063032591823,-0.297188995708811,2
945,9,0.615542444529263,-0.195724814852247,2
946,9,0.588228217481798,0.442567276458648,2
947,9,-0.639581672019954,0.599725589568357,2
948,9,0.355880990685811,0.797307616612195,2
949,9,0.467302682894303,0.459085100938192,2
950,9,-0.597841511923543,0.952005077820393,2
951,9,0.521339371782196,-0.166414827620231,2
952,9,0.564309667007065,0.479586077390644,2
953,9,0.493332115826377,0.258669111732576,2
954,9,0.700645740872782,-0.373077029804840,2
955,9,0.727461061599853,-0.337418276443526,2
956,9,-0.944063970743748,-0.068848433627409,2
957,9,-0.657779113873418,0.689085963083750,2
958,9,-0.540964311685272,-0.150035773894779,2
959,9,0.757998334083898,-0.029397399832557,2
960,9,-0.618650203453689,-0.119263323328448,0
961,9,-0.038407708875174,0.809016220913410,2
962,9,0.308332650161114,-0.811115687987300,2
963,9,-0.402545873736063,0.535879720811675,2
964,9,0.613421134362394,-0.185583473912754,0
965,9,0.772880901068763,0.004425934955361,0
966,9,0.588903644894976,-0.297145075057363,0
967,9,0.574841126827618,-0.421769712843980,2
968,9,-0.757296842982352,-0.188462959318509,2
969,9,-0.613460388374363,0.563027985307809,0
970,9,0.510312901875478,-0.217730308448666,2
971,9,0.555442482198419,0.190940213502886,2
972,9,-0.800653794133500,0.703479601486972,2
973,9,-0.933928939789979,-0.140620662055839,2
974,9,-0.727346692107040,0.142376971537080,2
975,9,-0.799434121028304,-0.015861096958782,2
976,9,0.707942687793250,-0.350711660949761,2
977,9,-0.439721840518718,0.720177821778321,0
978,9,0.567586819796158,-0.355315152421168,0
979,9,-0.414608618019670,0.307766279687123,0
980,9,-0.525936863691156,-0.261597340179598,0
981,9,-0.760658664324934,0.066859351749614,2
982,9,-0.354972279658631,0.761358432385979,2
983,9,-0.566173419645555,0.606361661608239,0
984,9,0.512659149564428,0.463916362813509,2
985,9,0.678387442002874,-0.266669198241403,2
986,9,-0.636593822631935,0.013903567877181,2
987,9,-0.759803795454444,0.665758362947334,2
988,9,0.483689818955835,0.652003139551428,0
989,9,0.588417940300983,-0.318034041180073,2
990,9,-0.794257255149324,-0.091940448977909,0
991,9,-0.674714679239440,0.860053917685155,2
992,9,-0.487995294112659,0.798233569157570,0
993,9,-0.935038358294102,-0.167079433498152,2
994,9,0.594904969136094,0.345519773706632,2
995,9,0.634581677224964,0.249686811072402,2
996,9,-0.419323994193225,0.285630299707686,0
997,9,-0.790688301483762,-0.071383620329989,0
998,9,-0.560903936934656,0.792568033734043,0
999,9,0.617186717416361,0.517784498417305,2
1000,9,-0.799167918972679,0.011548737826841,2
1001,9,-0.772197613852287,-0.166257988058877,2
1002,9,-0.752710168818150,-0.201809093962615,2
1003,9,0.900901962479239,-0.304160803510784,2
1004,9,-0.726487652033239,-0.095016971985348,0
1005,9,0.631372477092417,-0.361041841048966,2
1006,9,-0.907755095940927,0.004200733056831,2
1007,9,-0.657865358751399,0.160375833137456,0
1008,9,-0.920701778672009,0.390266876316961,0
1009,9,0.741317662113357,-0.219294849121396,0
1010,9,0.650028735027442,0.453705548863281,0
1011,9,0.383568678764159,-0.249363651648970,0
1012,9,-0.905754575783045,0.123022656300299,0
1013,9,-0.656823171918671,0.722798261932366,0
1014,9,-0.643926567979176,-0.314942920924292,0
1015,9,-0.733415929631946,0.679780166055254,0
1016,9,-0.088221134713884,0.739090690290179,0
1017,9,0.455852178443074,-0.136868215303027,0
1018,9,-0.739341023668618,0.673331159588184,0
1019,9,0.665188513613641,0.295319020851313,0
1020,9,-0.685562184130805,0.053888034600011,0
1021,9,0.499793131878557,0.406602040008737,0
1022,9,0.609522628081927,0.215244470241779,0
1023,9,-0.735586426815810,0.677430888453324,0
1024,9,0.771263440039504,0.448793748018439,0
1025,9,0.675877600276678,0.318280678177635,0
1026,9,0.612539689545366,0.367575217195229,0
1027,9,0.534341152442857,0.511422367953278,0
1028,9,0.614543502852580,0.350085842079463,0
1029,9,0.659898851461359,0.385731414442182,0
1030,9,0.719524682375757,0.414684831565900,0
1031,9,0.672441496895761,-0.344884290358641,0
1032,9,0.674944149847909,0.407817811198945,0
1033,9,-0.796226941418395,0.604998064260959,0
1034,9,-0.901009316419345,0.433799735041799,0
1035,9,-0.917688327587055,0.087133329901845,0
1036,9,-0.902066024906342,0.431598061522142,0
1037,9,-0.813221552326679,0.581954213689863,0
1038,9,-0.732784772179675,0.151347406330385,0
1039,9,-0.888070728960361,0.459706841763109,0
1040,9,0.848027687047677,0.183387273827747,0
1041,9,0.698930008317627,0.437973167188332,0
1042,9,0.547698498681590,0.491300160501060,0
1043,9,-0.925864844206593,0.225851158911191,0
1044,9,-0.757276382878248,0.107031857529085,0
1045,9,0.629922301187174,0.476146282696813,0
1046,9,0.604974761822562,0.625890584810993,0
1047,9,0.760892605276680,0.362018418589090,0
1048,9,-0.738390835879576,0.101442387131277,0
1049,9,-0.655057914488211,-0.078298801343302,0
1050,9,0.671801986269633,0.371087383719288,0
1051,9,-0.872857276398239,0.487975566793342,0
1052,9,0.761177176309139,0.450350809647832,0
1053,9,0.527329641094213,-0.094760333981583,0
1054,9,0.528528828484735,0.525560039610466,0
1055,9,0.465044224266225,-0.229208195796930,0
1056,9,-0.862078830681926,0.080888925597258,0
1057,9,0.476474813581914,0.767101108239301,0
1058,9,-0.728899918621082,0.684620266011882,0
1059,9,0.537905672480560,0.656905508251028,0
1060,9,0.758651038663642,0.323595127955514,0
1061,9,-0.712529352206308,0.117047177343796,0
1062,9,-0.248284801230419,0.687391181236920,0
1063,9,-0.742525925772143,0.669817324461082,0
1064,9,0.433201743589111,0.269743780064169,0
1065,9,0.721898303668206,-0.415863475865929,0
1066,9,0.471170024142782,-0.259332560002528,0
1067,9,0.580528383706279,0.502225207303181,0
1068,9,-0.834028847416587,0.551720836725385,0
1069,9,0.624203501374632,0.781261792788851,0
1070,9,-0.723288343617127,0.365811416702842,0
1071,9,-0.795950456279653,0.089814046258084,0
1072,9,0.616996915992537,-0.251451930376087,0
1073,9,-0.810102799484142,0.087362772737100,0
1074,9,-0.906983071409541,0.145368645827878,0
1075,9,0.710646505469345,0.461706853888679,0
1076,9,-0.659110165527673,-0.073246512179014,0
1077,9,-0.617539190061302,0.301919228767431,0
1078,9,-0.691781076956808,-0.032992295158119,0
1079,9,0.734142251813331,0.398452022526006,0
1080,9,0.297955492167781,-0.277657475927286,0
1081,9,0.854306180819217,0.439949872047180,0
1082,9,0.787664618249153,0.343150139591721,0
1083,9,-0.777834276499163,0.409530273747729,0
1084,9,-0.234605289755199,0.583860487593783,0
1085,9,-0.727824660913539,0.685763269844989,0
1086,9,-0.805563557715299,0.592509370795998,0
1087,9,-0.821124577686948,0.570749004579806,0
1088,9,0.675429769562388,0.408398310226785,0
1089,9,0.561009434925524,-0.084007944155132,0
1090,9,0.676156499846240,0.378947064199276,0
1091,9,-0.993730463143674,-0.111802355164187,0
1092,9,-0.579510303148736,0.814964912462163,0
1093,9,-0.995825600329256,0.091276359090822,0
74,10,-0.798056850417228,-0.040957590137075,0
132,10,0.315408628365324,-0.725665578520979,2
137,10,-0.655053808611698,-0.345916055216751,2
140,10,-0.555151714848414,-0.452758691082139,2
150,10,-0.892766444333071,0.084304933323802,2
151,10,0.908969284614727,0.416863094585009,0
155,10,0.415270219825028,-0.818759657165514,2
158,10,-0.857694711368465,0.345682089157824,2
159,10,0.636195465085708,0.446830211235270,2
161,10,0.491052835242315,-0.830609147515713,2
164,10,0.394951166652265,-0.680296799730400,2
165,10,0.812515116258631,0.227419918943571,2
166,10,0.289638699964972,-0.537847613119790,2
169,10,-0.770347921210792,0.355424450384302,2
170,10,-0.476516265039831,-0.519739769935877,0
172,10,0.689104865051627,-0.614907672277664,2
173,10,-0.803477892368827,0.422124971400189,0
175,10,0.720948191163538,0.629576704412079,2
176,10,-1.019466098627980,0.253985975502564,2
177,10,-0.757603458698842,0.448831203463365,2
178,10,0.415403631177960,-1.083904233489848,2
179,10,0.732000684112886,0.791568617466051,2
181,10,-0.600990329880797,-0.452171274839291,2
185,10,-0.725537901393016,-0.290555634148355,2
187,10,0.625947150383285,0.633013013837238,2
190,10,-0.494711618391431,-0.424962083392506,2
193,10,-0.899481599284328,0.282268250826981,2
195,10,-0.905805266146885,-0.083969179028138,2
202,10,-0.528088811857131,-0.106524122722596,0
205,10,-0.779607467110927,0.396235287804470,2
206,10,0.500706482353053,1.021647513149518,2
208,10,0.710135266763970,0.751466370143554,2
209,10,0.771010714066983,0.534957500916611,2
211,10,-0.385326860126448,0.254677422686844,1
213,10,-0.710089385905865,-0.265632848200632,2
220,10,-0.616321362781291,-0.343263355333993,2
221,10,-0.744196973877737,0.738439468786660,2
222,10,-0.682929269829063,-0.407634918961049,2
224,10,-0.805993571040403,-0.429590693441614,2
226,10,-0.580071007854569,-0.312169017530763,2
234,10,0.892609899250319,0.488016605111693,2
239,10,-0.567145988206728,-0.329484408456685,2
242,10,0.482605513529633,-0.710913789375150,0
660,10,-0.145719860749826,0.562649735797021,0
800,10,-0.858384609455494,0.164437323914887,2
801,10,0.295644129660396,-0.578657272814547,0
802,10,-0.999389671146760,0.357967101607802,2
803,10,-0.821081849207788,-0.761804142915526,2
804,10,-0.895286029496147,0.123202112327256,2
805,10,0.738388776562877,0.912999587810044,2
806,10,0.360946981936548,-0.606748656467348,2
807,10,0.787950489905859,0.790198084052294,2
808,10,-0.525302983831774,-0.658436460994039,2
809,10,0.582868809197372,0.222827889108483,2
810,10,-0.710733223197057,0.290889584652069,2
811,10,0.712807368824201,0.288238689158756,2
812,10,0.744157611904579,0.547579880940715,2
813,10,0.362017911929658,-0.330845316806083,2
814,10,0.542113507020673,-0.794720496956002,2
815,10,0.742175817746826,0.334455333495166,2
816,10,-0.692520581309754,0.211583246219033,2
817,10,-0.904144637975886,0.049852188677206,2
818,10,0.661102261155152,-0.416814027748751,2
819,10,-0.689492773973452,0.301822596407547,2
820,10,0.324293199341951,-0.621802101504378,0
821,10,0.813959840742775,0.546073212589679,2
822,10,0.829241082200972,0.451136886716590,2
823,10,0.762982074670245,0.697918737536541,2
824,10,-0.925439691373237,-0.043910520668715,2
825,10,0.657116323999260,-0.881332935208423,2
826,10,0.431115715848279,0.240409036013344,2
827,10,-0.904221396831743,-0.073390868709995,2
828,10,0.662269393635898,0.635646693849891,2
829,10,-0.707808351900693,0.706404513702755,0
830,10,0.696753325022331,0.464948842902817,2
831,10,0.627410416934129,0.391256335120819,2
832,10,-0.878022852557140,0.202149018223520,2
833,10,-0.793022769579931,-0.170780677315859,0
834,10,0.694831752269789,-0.377306267864892,2
835,10,-0.676622381785643,-0.736330192554077,0
836,10,-0.823734624782890,-0.089309434445634,2
837,10,-0.881690871093228,-0.015863197006836,2
838,10,0.668543362193190,0.152201639563108,2
839,10,-0.739161612321015,-0.045764273415240,2
840,10,0.867093525680551,0.572448952835112,2
841,10,-0.590894881324843,0.595275800786507,0
842,10,0.479531901851978,-0.608071980042813,2
843,10,0.504522984401530,0.056002153709401,2
844,10,0.772124067702675,0.588827055098233,2
845,10,-0.775701129593900,-0.024830412772745,0
846,10,0.344081352852126,-0.378949601498443,2
847,10,-0.641311235915290,0.433974842079924,2
848,10,-0.879300705215801,-0.068373708744984,2
849,10,-0.866831592196722,0.594688230573786,2
850,10,0.660949580802731,0.246920736571940,2
851,10,0.496025169974253,-0.520445650617399,0
852,10,-0.819964278900054,0.085897584001689,2
853,10,0.304417779026311,-0.552666131645477,2
854,10,-0.727667106960314,0.316383817770999,2
855,10,-0.863709124636220,0.148974039687772,2
856,10,-0.693111424456726,-0.090440707102678,2
857,10,0.813865914921592,0.524079365156026,2
858,10,-0.643999759098611,0.787905766015075,2
859,10,-0.809119505609666,0.374868428807369,2
860,10,-0.690150495745009,0.563284418307081,2
861,10,0.684974213532141,-0.087720757755527,2
862,10,-0.700092671481079,0.742411317895234,2
863,10,0.536544392308485,-0.662370323674887,2
864,10,0.617395896078279,0.827689236384674,2
865,10,0.644989737129280,0.265617526156253,2
866,10,-0.767745030753182,0.093004230944662,2
867,10,0.375061852575017,0.085654343204893,2
868,10,0.527347966941078,-0.321528085520550,2
869,10,-0.826317303336947,-0.155661701054142,2
870,10,-0.889591249897071,0.176451607975358,2
871,10,0.631607260538414,0.669062548045593,2
872,10,-0.511554447789160,-1.114591719923121,2
873,10,-0.862253554764944,0.220624587530197,2
874,10,0.621422068269633,-0.020412483773425,2
875,10,0.878931955167963,0.546082908867169,2
876,10,-0.711819263055396,-0.074105056799739,2
877,10,-0.637682408723366,0.180018379921874,2
878,10,-0.647910469593928,-0.124236352126524,2
879,10,-0.607995686910533,0.394847404247289,2
880,10,-0.938089941309271,-0.055177471018416,2
881,10,0.322100728468645,-0.710973165850831,2
882,10,-0.893765212843527,0.234960234805339,2
883,10,-0.849022761505358,-0.054929015347515,2
884,10,0.830464825451720,0.620717588892417,2
885,10,-0.753715260510264,0.204506171756113,2
886,10,-0.883329948990433,0.583559107564074,2
887,10,0.784603206059235,0.690972498289633,2
888,10,-0.862609529296859,-0.104250409922739,2
889,10,0.604953011954101,0.573031495441669,2
890,10,-1.018447515111797,0.187463551447857,2
891,10,0.272541039201310,0.285817813424389,2
892,10,-0.841903826678248,0.423917756773267,2
893,10,-0.485010899101362,0.447548165271193,2
894,10,-0.676238614411654,-0.155436934895160,2
895,10,0.649638214530926,0.639064487872731,2
896,10,0.466535036761955,-0.408767424291475,0
897,10,-0.445269192138079,-0.584770047642794,2
898,10,-0.593208869206770,0.695102373744193,2
899,10,-0.757362902141731,0.477827424189332,2
900,10,-0.840079892253771,-0.306521600119445,0
901,10,-0.940515556870493,0.339750625142303,0
902,10,-0.726933006159618,0.194482732419810,2
903,10,-0.848616045796835,0.387204711680226,2
904,10,-0.776294373119320,0.227108232138132,2
905,10,0.574301190067939,-0.090608824623624,2
906,10,0.788814851494533,0.430556560670475,2
907,10,0.785414589658181,0.673029953807840,2
908,10,0.808452820044212,0.351233935938589,2
909,10,0.392793392588053,-0.653603962304985,0
910,10,-0.835980863339740,0.200267870511516,2
911,10,-0.578308145964743,0.447814898372425,2
912,10,0.558301675678110,-0.720446145831317,2
913,10,-0.548169465918728,0.624872690400306,2
914,10,-0.808779772485914,0.386417590584286,2
915,10,0.374371970491875,0.105080145551655,2
916,10,-0.750446865049442,0.242222188567896,2
917,10,0.687253579680305,0.320124484814309,2
918,10,-0.537357292859062,-0.192022323734948,2
919,10,0.674220214851322,-0.110652110464865,2
920,10,-0.804035669830176,-0.214533950946646,2
921,10,0.316725028279182,-0.791312844772561,2
922,10,-0.649907615858653,-0.024086011366447,1
923,10,0.646010202239590,-0.190624195294197,2
924,10,-0.784793359429260,-0.158119277078505,2
925,10,-0.575228621296258,-0.297159170798064,2
926,10,0.613286706888651,-0.074243815468956,2
927,10,0.284786331345699,0.907983132306679,2
928,10,0.613511177367672,-0.368314275186344,0
929,10,-0.634052986964969,0.037014364557910,2
930,10,-0.991629562756909,0.070381564297935,2
931,10,-0.796878290987304,-0.193125629137061,2
932,10,-0.492435372935894,0.516424034556019,0
933,10,-0.536019469803489,0.508421324994720,2
934,10,-0.577669326273422,0.546797765932932,2
935,10,0.649992263452208,0.707616482384215,2
936,10,-0.869173699378758,0.480866186821374,2
937,10,-0.976109946459341,0.061708206995982,2
938,10,0.574196676384955,-0.221946816022768,2
939,10,0.646814925830641,-0.355506973097425,2
940,10,0.655158991215263,-0.464154459456498,2
941,10,-0.828379627195732,-0.050589161782375,2
942,10,0.565519633758412,-0.388344095857234,2
943,10,0.116587234305588,0.993180455303540,0
944,10,0.553939816148674,-0.342538967413183,2
945,10,0.609076451388942,-0.225285389751686,2
946,10,0.603953164019277,0.474142089087502,2
947,10,-0.631955455311504,0.565210408363304,2
948,10,0.307355502928959,0.945561248317941,2
949,10,0.481743594438936,0.521291509306404,2
950,10,-0.606031422300197,0.932276239975540,2
951,10,0.523029975211066,-0.202528261921522,2
952,10,0.578554938758049,0.485201347755514,2
953,10,0.504654669645608,0.302993290261088,2
954,10,0.688438818956373,-0.408090668412262,2
955,10,0.712296138332926,-0.383256090317689,2
956,10,-0.927895778804238,-0.084812591695770,2
957,10,-0.659869244191035,0.699909310371523,2
958,10,-0.532622795855275,-0.183981344006004,2
959,10,0.761867100433605,-0.070625524096134,2
960,10,-0.618650203453689,-0.119263323328448,0
961,10,-0.053968486394808,0.841613427960849,2
962,10,0.327547985730027,-0.797539303041721,2
963,10,-0.401024536331322,0.504752603919499,2
964,10,0.613421134362394,-0.185583473912754,0
965,10,0.772880901068763,0.004425934955361,0
966,10,0.588903644894976,-0.297145075057363,0
967,10,0.579256633006034,-0.422245673685196,2
968,10,-0.752628701072279,-0.185199348211120,2
969,10,-0.613460388374363,0.563027985307809,0
970,10,0.496896382677146,-0.195289940075537,2
971,10,0.553171662833521,0.159739353643955,2
972,10,-0.831171464181985,0.623074928643802,2
973,10,-0.935195583477614,-0.138748744033945,2
974,10,-0.724591059029195,0.133207543666567,2
975,10,-0.797729951456096,-0.012778657871941,2
976,10,0.702977907366711,-0.348965226473521,2
977,10,-0.439721840518718,0.720177821778321,0
978,10,0.567586819796158,-0.355315152421168,0
979,10,-0.414608618019670,0.307766279687123,0
980,10,-0.525936863691156,-0.261597340179598,0
981,10,-0.759572411425151,0.066344715307413,2
982,10,-0.335453841594973,0.751169081918679,2
983,10,-0.566173419645555,0.606361661608239,0
984,10,0.497065643300158,0.455772200070928,2
985,10,0.681779020235816,-0.253268473837758,2
986,10,-0.638606473183021,-0.009362171231451,2
987,10,-0.757800580828377,0.659354927902066,2
988,10,0.483689818955835,0.652003139551428,0
989,10,0.586605864629667,-0.305907435061384,2
990,10,-0.794257255149324,-0.091940448977909,0
991,10,-0.679763925035865,0.828606227987196,2
992,10,-0.487995294112659,0.798233569157570,0
993,10,-0.935594047857187,-0.163675044546311,2
994,10,0.606864487617082,0.340946497919734,2
995,10,0.636630429906788,0.227550136218195,2
996,10,-0.419323994193225,0.285630299707686,0
997,10,-0.790688301483762,-0.071383620329989,0
998,10,-0.560903936934656,0.792568033734043,0
999,10,0.616779229593601,0.496984033429720,2
1000,10,-0.805009480947579,0.021801533135709,2
1001,10,-0.785195272217097,-0.141287608714008,2
1002,10,-0.753518737620191,-0.207767613118549,2
1003,10,0.913524860678629,-0.280770368150079,2
1004,10,-0.726487652033239,-0.095016971985348,0
1005,10,0.633875035609407,-0.337339889481977,2
1006,10,-0.909918767772579,0.005161474426913,2
1007,10,-0.657865358751399,0.160375833137456,0
1008,10,-0.920701778672009,0.390266876316961,0
1009,10,0.741317662113357,-0.219294849121396,0
1010,10,0.650028735027442,0.453705548863281,0
1011,10,0.383568678764159,-0.249363651648970,0
1012,10,-0.905754575783045,0.123022656300299,0
1013,10,-0.656823171918671,0.722798261932366,0
1014,10,-0.643926567979176,-0.314942920924292,0
1015,10,-0.733415929631946,0.679780166055254,0
1016,10,-0.088221134713884,0.739090690290179,0
1017,10,0.455852178443074,-0.136868215303027,0
1018,10,-0.739341023668618,0.673331159588184,0
1019,10,0.665188513613641,0.295319020851313,0
1020,10,-0.685562184130805,0.053888034600011,0
1021,10,0.499793131878557,0.406602040008737,0
1022,10,0.609522628081927,0.215244470241779,0
1023,10,-0.735586426815810,0.677430888453324,0
1024,10,0.771263440039504,0.448793748018439,0
1025,10,0.675877600276678,0.318280678177635,0
1026,10,0.612539689545366,0.367575217195229,0
1027,10,0.534341152442857,0.511422367953278,0
1028,10,0.614543502852580,0.350085842079463,0
1029,10,0.659898851461359,0.385731414442182,0
1030,10,0.719524682375757,0.414684831565900,0
1031,10,0.672441496895761,-0.344884290358641,0
1032,10,0.674944149847909,0.407817811198945,0
1033,10,-0.796226941418395,0.604998064260959,0
1034,10,-0.901009316419345,0.433799735041799,0
1035,10,-0.917688327587055,0.087133329901845,0
1036,10,-0.902066024906342,0.431598061522142,0
1037,10,-0.813221552326679,0.581954213689863,0
1038,10,-0.732784772179675,0.151347406330385,0
1039,10,-0.888070728960361,0.459706841763109,0
1040,10,0.848027687047677,0.183387273827747,0
1041,10,0.698930008317627,0.437973167188332,0
1042,10,0.547698498681590,0.491300160501060,0
1043,10,-0.925864844206593,0.225851158911191,0
1044,10,-0.757276382878248,0.107031857529085,0
1045,10,0.629922301187174,0.476146282696813,0
1046,10,0.604974761822562,0.625890584810993,0
1047,10,0.760892605276680,0.362018418589090,0
1048,10,-0.738390835879576,0.101442387131277,0
1049,10,-0.655057914488211,-0.078298801343302,0
1050,10,0.671801986269633,0.371087383719288,0
1051,10,-0.872857276398239,0.487975566793342,0
1052,10,0.761177176309139,0.450350809647832,0
1053,10,0.527329641094213,-0.094760333981583,0
1054,10,0.528528828484735,0.525560039610466,0
1055,10,0.465044224266225,-0.229208195796930,0
1056,10,-0.862078830681926,0.080888925597258,0
1057,10,0.476474813581914,0.767101108239301,0
1058,10,-0.728899918621082,0.684620266011882,0
1059,10,0.537905672480560,0.656905508251028,0
1060,10,0.758651038663642,0.323595127955514,0
1061,10,-0.712529352206308,0.117047177343796,0
1062,10,-0.248284801230419,0.687391181236920,0
1063,10,-0.742525925772143,0.669817324461082,0
1064,10,0.433201743589111,0.269743780064169,0
1065,10,0.721898303668206,-0.415863475865929,0
1066,10,0.471170024142782,-0.259332560002528,0
1067,10,0.580528383706279,0.502225207303181,0
1068,10,-0.834028847416587,0.551720836725385,0
1069,10,0.624203501374632,0.781261792788851,0
1070,10,-0.723288343617127,0.365811416702842,0
1071,10,-0.795950456279653,0.089814046258084,0
1072,10,0.616996915992537,-0.251451930376087,0
1073,10,-0.810102799484142,0.087362772737100,0
1074,10,-0.906983071409541,0.145368645827878,0
1075,10,0.710646505469345,0.461706853888679,0
1076,10,-0.659110165527673,-0.073246512179014,0
1077,10,-0.617539190061302,0.301919228767431,0
1078,10,-0.691781076956808,-0.032992295158119,0
1079,10,0.734142251813331,0.398452022526006,0
1080,10,0.297955492167781,-0.277657475927286,0
1081,10,0.854306180819217,0.439949872047180,0
1082,10,0.787664618249153,0.343150139591721,0
1083,10,-0.777834276499163,0.409530273747729,0
1084,10,-0.234605289755199,0.583860487593783,0
1085,10,-0.727824660913539,0.685763269844989,0
1086,10,-0.805563557715299,0.592509370795998,0
1087,10,-0.821124577686948,0.570749004579806,0
1088,10,0.675429769562388,0.408398310226785,0
1089,10,0.561009434925524,-0.084007944155132,0
1090,10,0.676156499846240,0.378947064199276,0
1091,10,-0.993730463143674,-0.111802355164187,0
1092,10,-0.579510303148736,0.814964912462163,0
1093,10,-0.995825600329256,0.091276359090822,0
74,11,-0.798056850417228,-0.040957590137075,0
132,11,0.335970834546029,-0.749860565284056,2
137,11,-0.635218405181677,-0.311413239719617,2
140,11,-0.544102641214407,-0.474798462646399,2
150,11,-0.893688573611465,-0.014310305698937,2
151,11,0.908969284614727,0.416863094585009,0
155,11,0.419423499062374,-0.795697875047446,2
158,11,-0.869200070144446,0.340327179628946,2
159,11,0.618636439563631,0.474679264977712,2
161,11,0.491390859905642,-0.813822291658130,2
164,11,0.398338325099087,-0.644689399324052,2
165,11,0.810274067239130,0.246837926977983,2
166,11,0.224717453818530,-0.618679596760694,2
169,11,-0.774099447373168,0.356358102722103,2
170,11,-0.476516265039831,-0.519739769935877,0
172,11,0.696471882519309,-0.574353378780484,2
173,11,-0.803477892368827,0.422124971400189,0
175,11,0.729831983723741,0.596437171365335,2
176,11,-1.015831890580134,0.226449208456850,2
177,11,-0.756734230515272,0.432398285309377,2
178,11,0.422879208306298,-1.080118130483014,2
179,11,0.750151187054165,0.788716580953628,2
181,11,-0.586539622062239,-0.442010455455501,2
185,11,-0.720049788855970,-0.273303484385436,2
187,11,0.618034148023853,0.622575665880569,2
190,11,-0.498797632745082,-0.314381380450439,2
193,11,-0.897791184924186,0.191749212310663,2
195,11,-0.896702176078778,-0.253910196408827,2
202,11,-0.528088811857131,-0.106524122722596,0
205,11,-0.775467783068789,0.429563473147475,2
206,11,0.494917822710300,1.064905913444292,2
208,11,0.715007922111435,0.749552154733727,2
209,11,0.809490447675559,0.532592000807780,2
211,11,-0.378033499019862,0.286242453223393,1
213,11,-0.703053966519154,-0.223758548672884,2
220,11,-0.610131372771474,-0.291534405166711,2
221,11,-0.756302132559658,0.683960858695910,2
222,11,-0.682483201218513,-0.344126592329294,2
224,11,-0.799256237347735,-0.427485108988183,2
226,11,-0.576002541786358,-0.299891439490761,2
234,11,0.895335442373932,0.476514375984553,2
239,11,-0.589198770042346,-0.394241942835732,2
242,11,0.482605513529633,-0.710913789375150,0
660,11,-0.145719860749826,0.562649735797021,0
800,11,-0.863710592363243,0.130878005688512,2
801,11,0.295644129660396,-0.578657272814547,0
802,11,-1.007375081047927,0.333723581522976,2
803,11,-0.795577484682963,-0.750666005981613,2
804,11,-0.896301218206406,0.111028872680459,2
805,11,0.734088697429064,0.949816139243214,2
806,11,0.340942726949708,-0.576918688423292,2
807,11,0.791528227036719,0.817691261724558,2
808,11,-0.499109483298221,-0.706819103629301,2
809,11,0.564880636793557,0.182452105753891,2
810,11,-0.700907719113913,0.375496564409610,2
811,11,0.707865363119089,0.241346515859503,2
812,11,0.740697347259964,0.531974448236449,2
813,11,0.381474081024733,-0.248700937609089,2
814,11,0.551680844968434,-0.745823952917278,2
815,11,0.730829867360791,0.285970979317521,2
816,11,-0.676158063816059,0.334475060746531,2
817,11,-0.902555096821515,-0.021791324764478,2
818,11,0.669614799943889,-0.384439953069947,2
819,11,-0.677272019425569,0.276727722222134,2
820,11,0.324293199341951,-0.621802101504378,0
821,11,0.824253879992273,0.559423978896245,2
822,11,0.840539550371655,0.391775097005507,2
823,11,0.764190480871030,0.713660773912774,2
824,11,-0.921959197365094,-0.053747639332131,2
825,11,0.649012388454402,-0.819270819998063,2
826,11,0.225481311221804,0.155227212183176,2
827,11,-0.898675050167937,-0.077337277240847,2
828,11,0.659150167690734,0.664548319562197,2
829,11,-0.707808351900693,0.706404513702755,0
830,11,0.687712784118568,0.470721061985011,2
831,11,0.617723149542481,0.358980650996518,2
832,11,-0.878148576516325,0.185392291723998,2
833,11,-0.793022769579931,-0.170780677315859,0
834,11,0.680226538288739,-0.360412138925314,2
835,11,-0.676622381785643,-0.736330192554077,0
836,11,-0.818453879708906,-0.083283444628638,2
837,11,-0.873270385067817,-0.059335968246504,2
838,11,0.659814244622261,0.124655186112733,2
839,11,-0.733284877569085,-0.067373201954153,2
840,11,0.867696096602840,0.556956335816958,2
841,11,-0.590894881324843,0.595275800786507,0
842,11,0.490098535165716,-0.599614558248396,2
843,11,0.505880912474932,0.150174234282221,2
844,11,0.771900760102456,0.586365988058161,2
845,11,-0.775701129593900,-0.024830412772745,0
846,11,0.341890239048568,-0.248967071213544,2
847,11,-0.639186973299086,0.474227350200242,2
848,11,-0.876253303653199,-0.112529811481844,2
849,11,-0.867943973549666,0.589299921700258,2
850,11,0.644679653802990,0.193873939033005,2
851,11,0.496025169974253,-0.520445650617399,0
852,11,-0.814273382113465,0.105223104124362,2
853,11,0.269662611729158,-0.571026137639485,2
854,11,-0.716729514072541,0.295260063304191,2
855,11,-0.853093486124057,0.147999694690580,2
856,11,-0.678417065589175,-0.080402990655559,2
857,11,0.809956837161501,0.442143787318060,2
858,11,-0.643372234875176,0.800686112888857,2
859,11,-0.809553121207727,0.365586750710630,2
860,11,-0.683820846586582,0.562295085176275,2
861,11,0.688580988179924,-0.119597185822431,2
862,11,-0.702337360542681,0.835161945459796,2
863,11,0.532528419737489,-0.627152451813452,2
864,11,0.615241091185414,0.826602274239634,2
865,11,0.635278491694703,0.162800595052361,2
866,11,-0.751577678786981,0.046051159696646,2
867,11,0.381182988873240,0.159551122903069,2
868,11,0.518237159861207,-0.235225120090264,2
869,11,-0.818006838130413,-0.185592996557901,2
870,11,-0.876889387565488,0.155365100494901,2
871,11,0.642356880875129,0.628241439611933,2
872,11,-0.507276488425604,-1.158549798217050,2
873,11,-0.870358013199309,0.210467345731767,2
874,11,0.613521528777290,-0.067102633947177,2
875,11,0.879569355652428,0.510328761522278,2
876,11,-0.700298103629588,-0.106884832144497,2
877,11,-0.637652660418441,0.239392560997678,2
878,11,-0.633799707896079,-0.092580247454630,2
879,11,-0.586645711998212,0.431192061678496,2
880,11,-0.935364325256550,-0.077076101051567,2
881,11,0.334284605750893,-0.685693269286122,2
882,11,-0.884986632471694,0.174637936066398,2
883,11,-0.840199274213183,-0.063296182499018,2
884,11,0.841065182033475,0.628628470327982,2
885,11,-0.746151951863887,0.165712441280659,2
886,11,-0.904776397730852,0.582472241625365,2
887,11,0.779456693785119,0.656214266116656,2
888,11,-0.860660310368181,-0.137213312654883,2
889,11,0.606500026308561,0.478034786518091,2
890,11,-1.017963345072148,0.131226056199028,2
891,11,0.257442634363211,0.392871284971571,2
892,11,-0.836091754755877,0.408065148226834,2
893,11,-0.462223662802568,0.427252038638302,2
894,11,-0.673256172249705,-0.136790083153101,2
895,11,0.649981148455348,0.597561492215197,2
896,11,0.466535036761955,-0.408767424291475,0
897,11,-0.451335167320716,-0.509607990316493,2
898,11,-0.574987036584852,0.695133117619356,2
899,11,-0.761406835988348,0.442172646618256,2
900,11,-0.840079892253771,-0.306521600119445,0
901,11,-0.940515556870493,0.339750625142303,0
902,11,-0.713432348924689,0.174727026190130,2
903,11,-0.855593101722334,0.370317111493129,2
904,11,-0.779858401223723,0.220283703856624,2
905,11,0.571442500103491,-0.133682429118665,2
906,11,0.780550200246405,0.385868164954758,2
907,11,0.768857894864437,0.644485176682257,2
908,11,0.794457054011090,0.300538217922182,2
909,11,0.392793392588053,-0.653603962304985,0
910,11,-0.842719578953858,0.155433481474192,2
911,11,-0.566429004249821,0.437665947255999,2
912,11,0.587598960350276,-0.701086030825369,2
913,11,-0.537461191099149,0.594670931106507,2
914,11,-0.806810889544458,0.383215008072048,2
915,11,0.376429056469560,0.157169621498527,2
916,11,-0.747993401090987,0.262316433531103,2
917,11,0.680711329307106,0.286898397132556,2
918,11,-0.527871647258805,-0.147310300871491,2
919,11,0.671682000025230,-0.157228940585098,2
920,11,-0.793566379953452,-0.251172220230294,2
921,11,0.319968814633859,-0.799962385401367,2
922,11,-0.655105694462812,-0.064997508772246,1
923,11,0.637089913795024,-0.191566818939698,2
924,11,-0.778075549460574,-0.196900028316738,2
925,11,-0.570381269258538,-0.332295952432802,2
926,11,0.613872226345741,-0.058452099940292,2
927,11,0.275704423685746,1.021800559592159,2
928,11,0.613511177367672,-0.368314275186344,0
929,11,-0.632836690325463,0.055977216960360,2
930,11,-0.976465333071620,0.060696981007453,2
931,11,-0.790458816122993,-0.203177273142455,2
932,11,-0.492435372935894,0.516424034556019,0
933,11,-0.528806341104568,0.499193367265317,2
934,11,-0.568082359066475,0.558566713532674,2
935,11,0.654053465594514,0.766975981055843,2
936,11,-0.867851842476374,0.522231855949132,2
937,11,-0.960426672588119,0.059579264957012,2
938,11,0.573128789185687,-0.262522347262472,2
939,11,0.639444624934675,-0.409616530180360,2
940,11,0.644905357476340,-0.491557150918903,2
941,11,-0.825874740562075,-0.048942537615284,2
942,11,0.559895692946172,-0.413054476584069,2
943,11,0.116587234305588,0.993180455303540,0
944,11,0.557812309313395,-0.380363046338768,2
945,11,0.601544880321478,-0.249963848914389,2
946,11,0.619186055237655,0.497904150243954,2
947,11,-0.623230224794523,0.539245161786602,2
948,11,0.253550796313764,1.079448372983195,2
949,11,0.495080565993440,0.573872507597870,2
950,11,-0.615097957435340,0.899360596238030,2
951,11,0.526642613626583,-0.231187976422338,2
952,11,0.591786342938752,0.488341790181201,2
953,11,0.516486139885993,0.342195201835571,2
954,11,0.677404166744524,-0.440473166804438,2
955,11,0.698713843921866,-0.423842683276551,2
956,11,-0.914185062567072,-0.094369488694712,2
957,11,-0.660923424797668,0.701457412161934,2
958,11,-0.525214627775717,-0.218975122278511,2
959,11,0.762585428341624,-0.110358352055904,2
960,11,-0.618650203453689,-0.119263323328448,0
961,11,-0.067722991948282,0.878192937162179,2
962,11,0.348316241606935,-0.774824261470901,2
963,11,-0.398905516225468,0.469745507871150,2
964,11,0.613421134362394,-0.185583473912754,0
965,11,0.772880901068763,0.004425934955361,0
966,11,0.588903644894976,-0.297145075057363,0
967,11,0.583968075826266,-0.420662624226373,2
968,11,-0.748736081681566,-0.178181219714618,2
969,11,-0.613460388374363,0.563027985307809,0
970,11,0.483225613866533,-0.179814098004576,2
971,11,0.552793466953591,0.135698809458819,2
972,11,-0.856889227117936,0.549674035982961,2
973,11,-0.936046005539887,-0.131175390805428,2
974,11,-0.721723732519596,0.126431552568240,2
975,11,-0.796043751351526,-0.008162172840484,2
976,11,0.697642872732103,-0.347117590154476,2
977,11,-0.439721840518718,0.720177821778321,0
978,11,0.567586819796158,-0.355315152421168,0
979,11,-0.414608618019670,0.307766279687123,0
980,11,-0.525936863691156,-0.261597340179598,0
981,11,-0.759023808184792,0.067477792069217,2
982,11,-0.318431732019904,0.738687945806838,2
983,11,-0.566173419645555,0.606361661608239,0
984,11,0.485267096785070,0.450401180144103,2
985,11,0.682109876505481,-0.241974540132343,2
986,11,-0.640175263393061,-0.029054137495214,2
987,11,-0.755878367461758,0.653314241749636,2
988,11,0.483689818955835,0.652003139551428,0
989,11,0.583673867349398,-0.294472116902367,2
990,11,-0.794257255149324,-0.091940448977909,0
991,11,-0.684537928520177,0.795615490141700,2
992,11,-0.487995294112659,0.798233569157570,0
993,11,-0.935853761159730,-0.154922301940689,2
994,11,0.617737717454518,0.340131561396990,2
995,11,0.640994869349625,0.211098943576991,2
996,11,-0.419323994193225,0.285630299707686,0
997,11,-0.790688301483762,-0.071383620329989,0
998,11,-0.560903936934656,0.792568033734043,0
999,11,0.617067804610605,0.476625674384564,2
1000,11,-0.809514787386042,0.032760086940325,2
1001,11,-0.795734159096051,-0.116770420536973,2
1002,11,-0.753796491657912,-0.207749177526773,2
1003,11,0.919869137649376,-0.258620801548474,2
1004,11,-0.726487652033239,-0.095016971985348,0
1005,11,0.635751540570145,-0.314778460044384,2
1006,11,-0.911998002406474,0.009643956557852,2
1007,11,-0.657865358751399,0.160375833137456,0
1008,11,-0.920701778672009,0.390266876316961,0
1009,11,0.741317662113357,-0.219294849121396,0
1010,11,0.650028735027442,0.453705548863281,0
1011,11,0.383568678764159,-0.249363651648970,0
1012,11,-0.905754575783045,0.123022656300299,0
1013,11,-0.656823171918671,0.722798261932366,0
1014,11,-0.643926567979176,-0.314942920924292,0
1015,11,-0.733415929631946,0.679780166055254,0
1016,11,-0.088221134713884,0.739090690290179,0
1017,11,0.455852178443074,-0.136868215303027,0
1018,11,-0.739341023668618,0.673331159588184,0
1019,11,0.665188513613641,0.295319020851313,0
1020,11,-0.685562184130805,0.053888034600011,0
1021,11,0.499793131878557,0.406602040008737,0
1022,11,0.609522628081927,0.215244470241779,0
1023,11,-0.735586426815810,0.677430888453324,0
1024,11,0.771263440039504,0.448793748018439,0
1025,11,0.675877600276678,0.318280678177635,0
1026,11,0.612539689545366,0.367575217195229,0
1027,11,0.534341152442857,0.511422367953278,0
1028,11,0.614543502852580,0.350085842079463,0
1029,11,0.659898851461359,0.385731414442182,0
1030,11,0.719524682375757,0.414684831565900,0
1031,11,0.672441496895761,-0.344884290358641,0
1032,11,0.674944149847909,0.407817811198945,0
1033,11,-0.796226941418395,0.604998064260959,0
1034,11,-0.901009316419345,0.433799735041799,0
1035,11,-0.917688327587055,0.087133329901845,0
1036,11,-0.902066024906342,0.431598061522142,0
1037,11,-0.813221552326679,0.581954213689863,0
1038,11,-0.732784772179675,0.151347406330385,0
1039,11,-0.888070728960361,0.459706841763109,0
1040,11,0.848027687047677,0.183387273827747,0
1041,11,0.698930008317627,0.437973167188332,0
1042,11,0.547698498681590,0.491300160501060,0
1043,11,-0.925864844206593,0.225851158911191,0
1044,11,-0.757276382878248,0.107031857529085,0
1045,11,0.629922301187174,0.476146282696813,0
1046,11,0.604974761822562,0.625890584810993,0
1047,11,0.760892605276680,0.362018418589090,0
1048,11,-0.738390835879576,0.101442387131277,0
1049,11,-0.655057914488211,-0.078298801343302,0
1050,11,0.671801986269633,0.371087383719288,0
1051,11,-0.872857276398239,0.487975566793342,0
1052,11,0.761177176309139,0.450350809647832,0
1053,11,0.527329641094213,-0.094760333981583,0
1054,11,0.528528828484735,0.525560039610466,0
1055,11,0.465044224266225,-0.229208195796930,0
1056,11,-0.862078830681926,0.080888925597258,0
1057,11,0.476474813581914,0.767101108239301,0
1058,11,-0.728899918621082,0.684620266011882,0
1059,11,0.537905672480560,0.656905508251028,0
1060,11,0.758651038663642,0.323595127955514,0
1061,11,-0.712529352206308,0.117047177343796,0
1062,11,-0.248284801230419,0.687391181236920,0
1063,11,-0.742525925772143,0.669817324461082,0
1064,11,0.433201743589111,0.269743780064169,0
1065,11,0.721898303668206,-0.415863475865929,0
1066,11,0.471170024142782,-0.259332560002528,0
1067,11,0.580528383706279,0.502225207303181,0
1068,11,-0.834028847416587,0.551720836725385,0
1069,11,0.624203501374632,0.781261792788851,0
1070,11,-0.723288343617127,0.365811416702842,0
1071,11,-0.795950456279653,0.089814046258084,0
1072,11,0.616996915992537,-0.251451930376087,0
1073,11,-0.810102799484142,0.087362772737100,0
1074,11,-0.906983071409541,0.145368645827878,0
1075,11,0.710646505469345,0.461706853888679,0
1076,11,-0.659110165527673,-0.073246512179014,0
1077,11,-0.617539190061302,0.301919228767431,0
1078,11,-0.691781076956808,-0.032992295158119,0
1079,11,0.734142251813331,0.398452022526006,0
1080,11,0.297955492167781,-0.277657475927286,0
1081,11,0.854306180819217,0.439949872047180,0
1082,11,0.787664618249153,0.343150139591721,0
1083,11,-0.777834276499163,0.409530273747729,0
1084,11,-0.234605289755199,0.583860487593783,0
1085,11,-0.727824660913539,0.685763269844989,0
1086,11,-0.805563557715299,0.592509370795998,0
1087,11,-0.821124577686948,0.570749004579806,0
1088,11,0.675429769562388,0.408398310226785,0
1089,11,0.561009434925524,-0.084007944155132,0
1090,11,0.676156499846240,0.378947064199276,0
1091,11,-0.993730463143674,-0.111802355164187,0
1092,11,-0.579510303148736,0.814964912462163,0
1093,11,-0.995825600329256,0.091276359090822,0
74,12,-0.798056850417228,-0.040957590137075,0
132,12,0.356687804223142,-0.767525495928627,2
137,12,-0.617195845392759,-0.283367381691530,2
140,12,-0.537157169022991,-0.487356381489000,2
150,12,-0.893376276662859,-0.089603469600505,2
151,12,0.908969284614727,0.416863094585009,0
155,12,0.426738373626117,-0.777304124454523,2
158,12,-0.879523877684545,0.341216839067724,2
159,12,0.604064734562863,0.501235803340269,2
161,12,0.490604284148211,-0.796919013123785,2
164,12,0.405927570253769,-0.612407293653309,2
165,12,0.806891295991600,0.266865243583989,2
166,12,0.169530501458209,-0.687056770664119,2
169,12,-0.779446085797631,0.359914252221896,2
170,12,-0.476516265039831,-0.519739769935877,0
172,12,0.705208396637850,-0.528366540999906,2
173,12,-0.803477892368827,0.422124971400189,0
175,12,0.735432948801809,0.571790158604003,2
176,12,-1.009607758400202,0.199824366121483,2
177,12,-0.754888814465427,0.410088577616719,2
178,12,0.414187842906752,-1.062922644677500,2
179,12,0.762695765224057,0.784653910601195,2
181,12,-0.574323953387171,-0.417945271851134,2
185,12,-0.713015852488874,-0.260982113359886,2
187,12,0.610886943135391,0.616548484661413,2
190,12,-0.501193062702424,-0.203299428273553,2
193,12,-0.896774084416204,0.115998835649539,2
195,12,-0.888973814415755,-0.384948862459293,2
202,12,-0.528088811857131,-0.106524122722596,0
205,12,-0.772427175934715,0.461313246126654,2
206,12,0.495070656463238,1.075143046093987,2
208,12,0.719113362944414,0.745886010997460,2
209,12,0.842505117696464,0.526844921344893,2
211,12,-0.370740137913277,0.317807483759941,1
213,12,-0.696121753354847,-0.188763912094284,2
220,12,-0.605141718614938,-0.237636959333645,2
221,12,-0.767689500369303,0.630462579571676,2
222,12,-0.681824335783815,-0.292616450219248,2
224,12,-0.789726004614500,-0.420459982581076,2
226,12,-0.571300340865996,-0.289696794255092,2
234,12,0.890846921415436,0.474538746279147,2
239,12,-0.608073017121351,-0.448040693113655,2
242,12,0.482605513529633,-0.710913789375150,0
660,12,-0.145719860749826,0.562649735797021,0
800,12,-0.867244875801742,0.097372240626973,2
801,12,0.295644129660396,-0.578657272814547,0
802,12,-1.012870479976319,0.304933239736415,2
803,12,-0.767092158109369,-0.699656701381674,2
804,12,-0.897992051077502,0.101275152227643,2
805,12,0.729626482607175,0.972491833789664,2
806,12,0.325068608345905,-0.551939343964237,2
807,12,0.791233866314010,0.838373283239873,2
808,12,-0.477552355816373,-0.744062365849644,2
809,12,0.553104734760925,0.145757336721289,2
810,12,-0.688560713677815,0.443924918702754,2
811,12,0.703970257700579,0.196211351661976,2
812,12,0.735487099309801,0.506669904763630,2
813,12,0.401076848993409,-0.167260677266336,2
814,12,0.560326195413267,-0.688526702379539,2
815,12,0.717196958912550,0.235030075647159,2
816,12,-0.657900798558900,0.443686920700322,2
817,12,-0.902991360985539,-0.073423790692728,2
818,12,0.673159195768892,-0.347683941983642,2
819,12,-0.667149454373557,0.245836649616814,2
820,12,0.324293199341951,-0.621802101504378,0
821,12,0.832343327955903,0.568052545761386,2
822,12,0.846329883513361,0.333991474052811,2
823,12,0.764557850912508,0.723903872301526,2
824,12,-0.918380346883650,-0.061475865589766,2
825,12,0.636084730202915,-0.747402053787815,2
826,12,0.047081021195264,0.059588513363826,2
827,12,-0.892186013323035,-0.071384681095449,2
828,12,0.657709161950375,0.683627741066377,2
829,12,-0.707808351900693,0.706404513702755,0
830,12,0.680805107518965,0.477537840596501,2
831,12,0.608403838279477,0.322909992119943,2
832,12,-0.877739378971158,0.171059300515371,2
833,12,-0.793022769579931,-0.170780677315859,0
834,12,0.662188309847074,-0.345573265666418,2
835,12,-0.676622381785643,-0.736330192554077,0
836,12,-0.811845077023739,-0.080621539733591,2
837,12,-0.863665569957320,-0.095658171819615,2
838,12,0.651392287418421,0.096149809381268,2
839,12,-0.727111274404102,-0.091424833922820,2
840,12,0.864516686824652,0.538282980699411,2
841,12,-0.590894881324843,0.595275800786507,0
842,12,0.500348654275954,-0.589594586709121,2
843,12,0.508498282491606,0.232443055363483,2
844,12,0.769758345744320,0.576971078337684,2
845,12,-0.775701129593900,-0.024830412772745,0
846,12,0.340701101385731,-0.087704697072107,2
847,12,-0.637071009402106,0.509830662834584,2
848,12,-0.871354717184136,-0.138883819168270,2
849,12,-0.866072034411651,0.571586480579695,2
850,12,0.628661655074082,0.142303364249798,2
851,12,0.496025169974253,-0.520445650617399,0
852,12,-0.807087274939351,0.126975474023994,2
853,12,0.228953466759236,-0.586392703285108,2
854,12,-0.705204188229714,0.270255339801774,2
855,12,-0.838739326514495,0.140547496785331,2
856,12,-0.666267746461941,-0.067930199739022,2
857,12,0.806705256317875,0.359465416071910,2
858,12,-0.642141669309959,0.807671092587409,2
859,12,-0.809814442326285,0.353967086308249,2
860,12,-0.675214165068632,0.563188457832115,2
861,12,0.695123128722345,-0.135774169140260,2
862,12,-0.696878370150461,0.900228974707736,2
863,12,0.527426290282550,-0.582842583563672,2
864,12,0.614051325831083,0.818157991686790,2
865,12,0.628047022973098,0.068499865085122,2
866,12,-0.732809687315155,0.000113745866993,2
867,12,0.391561834095134,0.228738558462021,2
868,12,0.512875220402027,-0.149296665586362,2
869,12,-0.809942541023212,-0.207607434826876,2
870,12,-0.864314021615047,0.137293784276630,2
871,12,0.650654835267607,0.582847315220775,2
872,12,-0.507899938070205,-1.171483516813320,2
873,12,-0.875693428326553,0.194804328803920,2
874,12,0.605744034846282,-0.109028857373277,2
875,12,0.873829401881129,0.468663635727088,2
876,12,-0.688760284386830,-0.141784452237172,2
877,12,-0.636472283783955,0.292761302738296,2
878,12,-0.619261138018148,-0.080646767756879,2
879,12,-0.565018320934570,0.448364901996257,2
880,12,-0.932171853110695,-0.098270820741033,2
881,12,0.346396859652113,-0.664321989483359,2
882,12,-0.875769952102881,0.122334805756022,2
883,12,-0.831643594184319,-0.070072299257282,2
884,12,0.850159926259095,0.633521174846776,2
885,12,-0.735973187071607,0.125349770665663,2
886,12,-0.920900562128896,0.575584714732832,2
887,12,0.772152545282510,0.616208068803227,2
888,12,-0.856854403622351,-0.158504820284604,2
889,12,0.606611113089044,0.388935272240946,2
890,12,-1.012047030372603,0.086140185035866,2
891,12,0.245360043254564,0.491601557138628,2
892,12,-0.829186337290361,0.383870973256193,2
893,12,-0.437970390575693,0.410543489103673,2
894,12,-0.672531202832261,-0.110482800894650,2
895,12,0.651835080043747,0.552092329779526,2
896,12,0.466535036761955,-0.408767424291475,0
897,12,-0.460376591389314,-0.418059790922350,2
898,12,-0.556673764705332,0.688221667745424,2
899,12,-0.764821095491463,0.406033019576075,2
900,12,-0.840079892253771,-0.306521600119445,0
901,12,-0.940515556870493,0.339750625142303,0
902,12,-0.700968495809754,0.153606627547049,2
903,12,-0.861136642961012,0.352295924060291,2
904,12,-0.783535225645773,0.217264929517847,2
905,12,0.569846867092473,-0.172576460871898,2
906,12,0.774201284395914,0.339407356510342,2
907,12,0.753079200842419,0.613984577188875,2
908,12,0.784309496732297,0.244902969545558,2
909,12,0.392793392588053,-0.653603962304985,0
910,12,-0.844400401055180,0.104193302373532,2
911,12,-0.556522292503364,0.429757762101336,2
912,12,0.608761904158013,-0.680916375193353,2
913,12,-0.527844267061382,0.558324457983725,2
914,12,-0.804220624260229,0.376779826591452,2
915,12,0.377614883011455,0.201856758725742,2
916,12,-0.744696080132198,0.276035351331291,2
917,12,0.673955384338744,0.251687585886912,2
918,12,-0.519501564407127,-0.100174569464547,2
919,12,0.668871090015262,-0.199168892928373,2
920,12,-0.784222116580553,-0.279462948222334,2
921,12,0.321588433700248,-0.804952455649898,2
922,12,-0.660303773066971,-0.105909006178044,1
923,12,0.625498206520701,-0.192483317673520,2
924,12,-0.771990117496597,-0.234212850273874,2
925,12,-0.564174584169664,-0.364480877516256,2
926,12,0.614440406738966,-0.047298176137036,2
927,12,0.267883831278909,1.118655081447463,2
928,12,0.613511177367672,-0.368314275186344,0
929,12,-0.631352276194177,0.074500725550797,2
930,12,-0.963126923464334,0.049085872536547,2
931,12,-0.784521294081481,-0.207881659175569,2
932,12,-0.492435372935894,0.516424034556019,0
933,12,-0.521317565470738,0.495439475668598,2
934,12,-0.558263545833567,0.570446614492701,2
935,12,0.657514156021329,0.807252462845512,2
936,12,-0.865483098388257,0.558229911768006,2
937,12,-0.947130733466735,0.059323203243083,2
938,12,0.571967796792639,-0.296582477110636,2
939,12,0.633640153351648,-0.454076615252542,2
940,12,0.637321857166509,-0.511799032736144,2
941,12,-0.822985098311794,-0.047837057083696,2
942,12,0.557930075231226,-0.432649537363136,2
943,12,0.116587234305588,0.993180455303540,0
944,12,0.562680512085986,-0.410661232485568,2
945,12,0.592947731326870,-0.269760192340356,2
946,12,0.633926891136931,0.513853459928002,2
947,12,-0.613405980469013,0.521829849838250,2
948,12,0.194466870840228,1.198968990607957,2
949,12,0.507313597557817,0.616828095812591,2
950,12,-0.625041117328971,0.853258146607861,2
951,12,0.532177287028749,-0.252393971122677,2
952,12,0.604003879549174,0.489007404667706,2
953,12,0.528826526547530,0.376274846456023,2
954,12,0.667541784237234,-0.470224524981370,2
955,12,0.686714178366673,-0.459178055320110,2
956,12,-0.902931822032250,-0.097519124624238,2
957,12,-0.660941655693316,0.693730268454984,2
958,12,-0.518739807446599,-0.255017108712299,2
959,12,0.760153317807954,-0.148595883711868,2
960,12,-0.618650203453689,-0.119263323328448,0
961,12,-0.079671225535594,0.918754748517399,2
962,12,0.370637417791840,-0.742970563274840,2
963,12,-0.396188813418501,0.430858432666630,2
964,12,0.613421134362394,-0.185583473912754,0
965,12,0.772880901068763,0.004425934955361,0
966,12,0.588903644894976,-0.297145075057363,0
967,12,0.588975455288311,-0.417020564467513,2
968,12,-0.745618984810211,-0.167408573829003,2
969,12,-0.613460388374363,0.563027985307809,0
970,12,0.469300595443639,-0.171302782235784,2
971,12,0.554307894558630,0.118818580947478,2
972,12,-0.877807082941354,0.483276923504448,2
973,12,-0.936480205976798,-0.117900602370290,2
974,12,-0.718744712578243,0.122048998242099,2
975,12,-0.794375520714595,-0.002011641864411,2
976,12,0.691937583889426,-0.345168751992626,2
977,12,-0.439721840518718,0.720177821778321,0
978,12,0.567586819796158,-0.355315152421168,0
979,12,-0.414608618019670,0.307766279687123,0
980,12,-0.525936863691156,-0.261597340179598,0
981,12,-0.759012854603856,0.070258582035025,2
982,12,-0.303905950933426,0.723915024050454,2
983,12,-0.566173419645555,0.606361661608239,0
984,12,0.477263510019162,0.447803303033034,2
985,12,0.679380010811869,-0.232787397125157,2
986,12,-0.641300193262055,-0.045172330914107,2
987,12,-0.754037155354589,0.647636304490044,2
988,12,0.483689818955835,0.652003139551428,0
989,12,0.579621948460177,-0.283728086703021,2
990,12,-0.794257255149324,-0.091940448977909,0
991,12,-0.689036689692376,0.761081704148668,2
992,12,-0.487995294112659,0.798233569157570,0
993,12,-0.935817498201730,-0.140821205681287,2
994,12,0.627524658648399,0.343074964138400,2
995,12,0.647674995553474,0.200333233148790,2
996,12,-0.419323994193225,0.285630299707686,0
997,12,-0.790688301483762,-0.071383620329989,0
998,12,-0.560903936934656,0.792568033734043,0
999,12,0.618052442467373,0.456709421281835,2
1000,12,-0.812683838288069,0.044424399240691,2
1001,12,-0.803814274489147,-0.092706423527773,2
1002,12,-0.753543430931311,-0.201753787187286,2
1003,12,0.919934793391480,-0.237712103705970,2
1004,12,-0.726487652033239,-0.095016971985348,0
1005,12,0.637001991974633,-0.293357552736184,2
1006,12,-0.913992799842613,0.017648179449648,2
1007,12,-0.657865358751399,0.160375833137456,0
1008,12,-0.920701778672009,0.390266876316961,0
1009,12,0.741317662113357,-0.219294849121396,0
1010,12,0.650028735027442,0.453705548863281,0
1011,12,0.383568678764159,-0.249363651648970,0
1012,12,-0.905754575783045,0.123022656300299,0
1013,12,-0.656823171918671,0.722798261932366,0
1014,12,-0.643926567979176,-0.314942920924292,0
1015,12,-0.733415929631946,0.679780166055254,0
1016,12,-0.088221134713884,0.739090690290179,0
1017,12,0.455852178443074,-0.136868215303027,0
1018,12,-0.739341023668618,0.673331159588184,0
1019,12,0.665188513613641,0.295319020851313,0
1020,12,-0.685562184130805,0.053888034600011,0
1021,12,0.499793131878557,0.406602040008737,0
1022,12,0.609522628081927,0.215244470241779,0
1023,12,-0.735586426815810,0.677430888453324,0
1024,12,0.771263440039504,0.448793748018439,0
1025,12,0.675877600276678,0.318280678177635,0
1026,12,0.612539689545366,0.367575217195229,0
1027,12,0.534341152442857,0.511422367953278,0
1028,12,0.614543502852580,0.350085842079463,0
1029,12,0.659898851461359,0.385731414442182,0
1030,12,0.719524682375757,0.414684831565900,0
1031,12,0.672441496895761,-0.344884290358641,0
1032,12,0.674944149847909,0.407817811198945,0
1033,12,-0.796226941418395,0.604998064260959,0
1034,12,-0.901009316419345,0.433799735041799,0
1035,12,-0.917688327587055,0.087133329901845,0
1036,12,-0.902066024906342,0.431598061522142,0
1037,12,-0.813221552326679,0.581954213689863,0
1038,12,-0.732784772179675,0.151347406330385,0
1039,12,-0.888070728960361,0.459706841763109,0
1040,12,0.848027687047677,0.183387273827747,0
1041,12,0.698930008317627,0.437973167188332,0
1042,12,0.547698498681590,0.491300160501060,0
1043,12,-0.925864844206593,0.225851158911191,0
1044,12,-0.757276382878248,0.107031857529085,0
1045,12,0.629922301187174,0.476146282696813,0
1046,12,0.604974761822562,0.625890584810993,0
1047,12,0.760892605276680,0.362018418589090,0
1048,12,-0.738390835879576,0.101442387131277,0
1049,12,-0.655057914488211,-0.078298801343302,0
1050,12,0.671801986269633,0.371087383719288,0
1051,12,-0.872857276398239,0.487975566793342,0
1052,12,0.761177176309139,0.450350809647832,0
1053,12,0.527329641094213,-0.094760333981583,0
1054,12,0.528528828484735,0.525560039610466,0
1055,12,0.465044224266225,-0.229208195796930,0
1056,12,-0.862078830681926,0.080888925597258,0
1057,12,0.476474813581914,0.767101108239301,0
1058,12,-0.728899918621082,0.684620266011882,0
1059,12,0.537905672480560,0.656905508251028,0
1060,12,0.758651038663642,0.323595127955514,0
1061,12,-0.712529352206308,0.117047177343796,0
1062,12,-0.248284801230419,0.687391181236920,0
1063,12,-0.742525925772143,0.669817324461082,0
1064,12,0.433201743589111,0.269743780064169,0
1065,12,0.721898303668206,-0.415863475865929,0
1066,12,0.471170024142782,-0.259332560002528,0
1067,12,0.580528383706279,0.502225207303181,0
1068,12,-0.834028847416587,0.551720836725385,0
1069,12,0.624203501374632,0.781261792788851,0
1070,12,-0.723288343617127,0.365811416702842,0
1071,12,-0.795950456279653,0.089814046258084,0
1072,12,0.616996915992537,-0.251451930376087,0
1073,12,-0.810102799484142,0.087362772737100,0
1074,12,-0.906983071409541,0.145368645827878,0
1075,12,0.710646505469345,0.461706853888679,0
1076,12,-0.659110165527673,-0.073246512179014,0
1077,12,-0.617539190061302,0.301919228767431,0
1078,12,-0.691781076956808,-0.032992295158119,0
1079,12,0.734142251813331,0.398452022526006,0
1080,12,0.297955492167781,-0.277657475927286,0
1081,12,0.854306180819217,0.439949872047180,0
1082,12,0.787664618249153,0.343150139591721,0
1083,12,-0.777834276499163,0.409530273747729,0
1084,12,-0.234605289755199,0.583860487593783,0
1085,12,-0.727824660913539,0.685763269844989,0
1086,12,-0.805563557715299,0.592509370795998,0
1087,12,-0.821124577686948,0.570749004579806,0
1088,12,0.675429769562388,0.408398310226785,0
1089,12,0.561009434925524,-0.084007944155132,0
1090,12,0.676156499846240,0.378947064199276,0
1091,12,-0.993730463143674,-0.111802355164187,0
1092,12,-0.579510303148736,0.814964912462163,0
1093,12,-0.995825600329256,0.091276359090822,0
74,13,-0.798056850417228,-0.040957590137075,0
132,13,0.377559537396662,-0.778660370454691,2
137,13,-0.600986129244945,-0.261778481132488,2
140,13,-0.534315298274163,-0.490432447609940,2
150,13,-0.891829553487255,-0.141574558380902,2
151,13,0.908969284614727,0.416863094585009,0
155,13,0.437214843516257,-0.763578405386745,2
158,13,-0.888666133988762,0.348351067474157,2
159,13,0.592480350083404,0.526499826322941,2
161,13,0.488693107970023,-0.779899311912679,2
164,13,0.417718902116311,-0.583450482718170,2
165,13,0.802366802516043,0.287501868761588,2
166,13,0.124077842884009,-0.742979134830065,2
169,13,-0.786387836484181,0.366092898883680,2
170,13,-0.476516265039831,-0.519739769935877,0
172,13,0.715314407407251,-0.476947158935930,2
173,13,-0.803477892368827,0.422124971400189,0
175,13,0.737751086397742,0.555635666128082,2
176,13,-1.000793702088184,0.174111448496461,2
177,13,-0.752067210549310,0.381902080385390,2
178,13,0.389329534979322,-1.032317776073305,2
179,13,0.769634418622561,0.779380606408752,2
181,13,-0.564343323855593,-0.379975724026192,2
185,13,-0.704436092291727,-0.253591521071705,2
187,13,0.604505535717900,0.614931470179770,2
190,13,-0.501897908263457,-0.091716226861849,2
193,13,-0.896430297760381,0.055017120843607,2
195,13,-0.882620181157815,-0.477085177179534,2
202,13,-0.528088811857131,-0.106524122722596,0
205,13,-0.770485645708705,0.491484606742005,2
206,13,0.501164983611866,1.052358911098606,2
208,13,0.722451589262908,0.740467938934751,2
209,13,0.870054724129698,0.517716262527950,2
211,13,-0.363446776806691,0.349372514296490,1
213,13,-0.689292746412943,-0.160648938464831,2
220,13,-0.601352400311683,-0.181571017834797,2
221,13,-0.778359077306672,0.577944631413959,2
222,13,-0.680952673524967,-0.253104492630913,2
224,13,-0.777402872840697,-0.408515314220293,2
226,13,-0.565964405093484,-0.281585081823755,2
234,13,0.879144336374833,0.482089715995477,2
239,13,-0.623768729443741,-0.490880659290453,2
242,13,0.482605513529633,-0.710913789375150,0
660,13,-0.145719860749826,0.562649735797021,0
800,13,-0.868987459770991,0.063920028730270,2
801,13,0.295644129660396,-0.578657272814547,0
802,13,-1.015875867931935,0.271596076248118,2
803,13,-0.735625869487005,-0.608776229115711,2
804,13,-0.900358528109434,0.093940950968809,2
805,13,0.725002132097212,0.981026671449392,2
806,13,0.313324626125138,-0.531810623090181,2
807,13,0.787067407737733,0.852244148598239,2
808,13,-0.460631601386229,-0.770166247655068,2
809,13,0.547541103099477,0.112743582010679,2
810,13,-0.673692206888765,0.496174647531500,2
811,13,0.701122052568669,0.152833196566176,2
812,13,0.728526868054091,0.471666250522260,2
813,13,0.420826215835686,-0.086524535777826,2
814,13,0.568049558355172,-0.622828745342785,2
815,13,0.701277092402103,0.181632622484077,2
816,13,-0.637748785538276,0.539218826080407,2
817,13,-0.905453430467958,-0.105045209107545,2
818,13,0.671735448630161,-0.306545994489837,2
819,13,-0.659125078817418,0.209149378591589,2
820,13,0.324293199341951,-0.621802101504378,0
821,13,0.838228184633665,0.571958913185100,2
822,13,0.846612081626088,0.277786017858500,2
823,13,0.764084184794680,0.728648032702796,2
824,13,-0.914703139928906,-0.067095199441618,2
825,13,0.618333349244801,-0.665726636577681,2
826,13,-0.104085154231340,-0.046507060444705,2
827,13,-0.884754286297038,-0.055533080273804,2
828,13,0.657946376414821,0.692884958362434,2
829,13,-0.707808351900693,0.706404513702755,0
830,13,0.676030295223522,0.485399178737286,2
831,13,0.599452483145117,0.283044358491094,2
832,13,-0.876795259921637,0.159150044597640,2
833,13,-0.793022769579931,-0.170780677315859,0
834,13,0.640717066944794,-0.332789648088205,2
835,13,-0.676622381785643,-0.736330192554077,0
836,13,-0.803908216727389,-0.081323719760492,2
837,13,-0.852876425761739,-0.124829807726170,2
838,13,0.643277490581668,0.066685509368712,2
839,13,-0.720640802826066,-0.117919169321240,2
840,13,0.857555296345985,0.516428887482473,2
841,13,-0.590894881324843,0.595275800786507,0
842,13,0.510282259182690,-0.578012065424990,2
843,13,0.512375094451553,0.302808616953187,2
844,13,0.765696824628268,0.560642325936803,2
845,13,-0.775701129593900,-0.024830412772745,0
846,13,0.340513939863615,0.104837520925866,2
847,13,-0.634963344224350,0.540784779982951,2
848,13,-0.864604945808613,-0.147435731804261,2
849,13,-0.861215774782678,0.541547907212096,2
850,13,0.612895584616007,0.092209012222320,2
851,13,0.496025169974253,-0.520445650617399,0
852,13,-0.798405957377714,0.151154693700585,2
853,13,0.182290344116544,-0.598765828582348,2
854,13,-0.693091129431832,0.241369647263748,2
855,13,-0.820646645807531,0.126617445972025,2
856,13,-0.656663467075022,-0.053022334353067,2
857,13,0.804111172390716,0.276044251417577,2
858,13,-0.640308062402962,0.808860705110729,2
859,13,-0.809903468965339,0.340009435600227,2
860,13,-0.664330451191157,0.565964536274601,2
861,13,0.704600635159406,-0.136251707709012,2
862,13,-0.683715700304419,0.937612405639053,2
863,13,0.521238003943669,-0.529440718925547,2
864,13,0.613826600015288,0.802356388726141,2
865,13,0.623295330964465,-0.017284663745464,2
866,13,-0.711441056337704,-0.044808010544298,2
867,13,0.406198388240701,0.293216649881749,2
868,13,0.511262148563539,-0.063742722008844,2
869,13,-0.802124412015343,-0.221705015861069,2
870,13,-0.851865152045746,0.122237659320544,2
871,13,0.656501123715846,0.532880174872121,2
872,13,-0.513424796722962,-1.153392875711930,2
873,13,-0.878259800146677,0.173635536746656,2
874,13,0.598089586476609,-0.146191154051724,2
875,13,0.861712093854065,0.421087531481599,2
876,13,-0.677205805327123,-0.178803917077765,2
877,13,-0.634141278819908,0.340124605143729,2
878,13,-0.604294759960132,-0.088435913033272,2
879,13,-0.543113513719609,0.446365925200574,2
880,13,-0.928512524871704,-0.118761630086815,2
881,13,0.358437490172304,-0.646859326442541,2
882,13,-0.866115171737087,0.078050843874210,2
883,13,-0.823355721418766,-0.075257365622307,2
884,13,0.857749058128580,0.635395702448800,2
885,13,-0.723178966133424,0.083418159911126,2
886,13,-0.931702442184565,0.562896526886474,2
887,13,0.762690760551409,0.570953906349346,2
888,13,-0.851191809059368,-0.168124932811903,2
889,13,0.605286272295549,0.305732952610235,2
890,13,-1.000698571013162,0.052205937958370,2
891,13,0.236293265875368,0.582008629925561,2
892,13,-0.821187574281700,0.351335231861343,2
893,13,-0.412251082420735,0.397422516667305,2
894,13,-0.674063706159322,-0.076515088119809,2
895,13,0.655200009296123,0.502657000565717,2
896,13,0.466535036761955,-0.408767424291475,0
897,13,-0.472393464343871,-0.310125449460364,2
898,13,-0.538269053568210,0.674368024122396,2
899,13,-0.767605680651076,0.369408543062788,2
900,13,-0.840079892253771,-0.306521600119445,0
901,13,-0.940515556870493,0.339750625142303,0
902,13,-0.689541446814816,0.131121536490568,2
903,13,-0.865246669512867,0.333141149381713,2
904,13,-0.787324846385471,0.218051909121800,2
905,13,0.569514291034885,-0.207290919883322,2
906,13,0.769768103943059,0.291174135337228,2
907,13,0.738078507592128,0.581528155327695,2
908,13,0.778010148207834,0.184328190808718,2
909,13,0.392793392588053,-0.653603962304985,0
910,13,-0.841023329643707,0.046547333209539,2
911,13,-0.548588010725374,0.424090342908434,2
912,13,0.621790507101321,-0.659937178935268,2
913,13,-0.519318693805425,0.515833271031959,2
914,13,-0.801008976633228,0.367112046142497,2
915,13,0.377929450117562,0.239141557233302,2
916,13,-0.740554902173074,0.283378941968461,2
917,13,0.666985744775218,0.214492051077376,2
918,13,-0.512247044304029,-0.050615129514116,2
919,13,0.665787484821416,-0.236471967494689,2
920,13,-0.776002879711481,-0.299406134922766,2
921,13,0.321583885478348,-0.806283055518154,2
922,13,-0.665501851671131,-0.146820503583843,1
923,13,0.611235080416622,-0.193373691495662,2
924,13,-0.766537063537329,-0.270057742949915,2
925,13,-0.556608566029636,-0.393713946048426,2
926,13,0.614991248068324,-0.040782044059188,2
927,13,0.261324554125188,1.198546697872592,2
928,13,0.613511177367672,-0.368314275186344,0
929,13,-0.629599744571112,0.092584890329220,2
930,13,-0.951614333935053,0.035548238885217,2
931,13,-0.779065724862768,-0.207238787236404,2
932,13,-0.492435372935894,0.516424034556019,0
933,13,-0.513553142902000,0.497159650204565,2
934,13,-0.548212886574699,0.582437468813015,2
935,13,0.660374334732652,0.828445927753221,2
936,13,-0.862067467114406,0.588860354277996,2
937,13,-0.936222129095189,0.060940021854195,2
938,13,0.570713699205811,-0.324127205567260,2
939,13,0.629401511081560,-0.488887228313971,2
940,13,0.632408490285769,-0.524880104908220,2
941,13,-0.819710700444889,-0.047272720187612,2
942,13,0.559622780613574,-0.447129278194436,2
943,13,0.116587234305588,0.993180455303540,0
944,13,0.568544424466446,-0.433433525853582,2
945,13,0.583285004405118,-0.284674420029587,2
946,13,0.648175671717106,0.521990018139647,2
947,13,-0.602482722334972,0.512964472518248,2
948,13,0.130103726508349,1.304123101192228,2
949,13,0.518442689132066,0.650158273950566,2
950,13,-0.635860901981092,0.793968891085036,2
951,13,0.539633995417563,-0.266146246022541,2
952,13,0.615207548589315,0.487198191215028,2
953,13,0.541675829630221,0.405232224122446,2
954,13,0.658851671434504,-0.497344742943056,2
955,13,0.676297141667345,-0.489262206448367,2
956,13,-0.894136057199771,-0.094261499484345,2
957,13,-0.659923936877980,0.676727879250672,2
958,13,-0.513198334867920,-0.292107303307369,2
959,13,0.754570768832595,-0.185338119064026,2
960,13,-0.618650203453689,-0.119263323328448,0
961,13,-0.089813187156745,0.963298862026509,2
962,13,0.394511514284740,-0.701978208453538,2
963,13,-0.392874427910420,0.388091378305937,2
964,13,0.613421134362394,-0.185583473912754,0
965,13,0.772880901068763,0.004425934955361,0
966,13,0.588903644894976,-0.297145075057363,0
967,13,0.594278771392171,-0.411319494408615,2
968,13,-0.743277410458217,-0.152881410554273,2
969,13,-0.613460388374363,0.563027985307809,0
970,13,0.455121327408465,-0.169755992769160,2
971,13,0.557714945648638,0.109098668109932,2
972,13,-0.893925031652240,0.423883591208263,2
973,13,-0.936498184788348,-0.098924378728529,2
974,13,-0.715653999205137,0.120059880688142,2
975,13,-0.792725259545302,0.005672935056278,2
976,13,0.685862040838681,-0.343118711987970,2
977,13,-0.439721840518718,0.720177821778321,0
978,13,0.567586819796158,-0.355315152421168,0
979,13,-0.414608618019670,0.307766279687123,0
980,13,-0.525936863691156,-0.261597340179598,0
981,13,-0.759539550682344,0.074687085204838,2
982,13,-0.291876498335537,0.706850316649528,2
983,13,-0.566173419645555,0.606361661608239,0
984,13,0.473054883002435,0.447978568737719,2
985,13,0.673589423154980,-0.225707044816202,2
986,13,-0.641981262790003,-0.057716751488131,2
987,13,-0.752276944506870,0.642321116123291,2
988,13,0.483689818955835,0.652003139551428,0
989,13,0.574450107962004,-0.273675344463347,2
990,13,-0.794257255149324,-0.091940448977909,0
991,13,-0.693260208552461,0.725004870008100,2
992,13,-0.487995294112659,0.798233569157570,0
993,13,-0.935485258983187,-0.121371755768104,2
994,13,0.636225311198727,0.349776706143964,2
995,13,0.656670808518335,0.195253004933592,2
996,13,-0.419323994193225,0.285630299707686,0
997,13,-0.790688301483762,-0.071383620329989,0
998,13,-0.560903936934656,0.792568033734043,0
999,13,0.619733143163906,0.437235274121534,2
1000,13,-0.814516633653659,0.056794470036806,2
1001,13,-0.809435618396386,-0.069095617686406,2
1002,13,-0.752759555440389,-0.189781442100088,2
1003,13,0.913721827904940,-0.218044274622566,2
1004,13,-0.726487652033239,-0.095016971985348,0
1005,13,0.637626389822870,-0.273077167557380,2
1006,13,-0.915903160080994,0.029174143102300,2
1007,13,-0.657865358751399,0.160375833137456,0
1008,13,-0.920701778672009,0.390266876316961,0
1009,13,0.741317662113357,-0.219294849121396,0
1010,13,0.650028735027442,0.453705548863281,0
1011,13,0.383568678764159,-0.249363651648970,0
1012,13,-0.905754575783045,0.123022656300299,0
1013,13,-0.656823171918671,0.722798261932366,0
1014,13,-0.643926567979176,-0.314942920924292,0
1015,13,-0.733415929631946,0.679780166055254,0
1016,13,-0.088221134713884,0.739090690290179,0
1017,13,0.455852178443074,-0.136868215303027,0
1018,13,-0.739341023668618,0.673331159588184,0
1019,13,0.665188513613641,0.295319020851313,0
1020,13,-0.685562184130805,0.053888034600011,0
1021,13,0.499793131878557,0.406602040008737,0
1022,13,0.609522628081927,0.215244470241779,0
1023,13,-0.735586426815810,0.677430888453324,0
1024,13,0.771263440039504,0.448793748018439,0
1025,13,0.675877600276678,0.318280678177635,0
1026,13,0.612539689545366,0.367575217195229,0
1027,13,0.534341152442857,0.511422367953278,0
1028,13,0.614543502852580,0.350085842079463,0
1029,13,0.659898851461359,0.385731414442182,0
1030,13,0.719524682375757,0.414684831565900,0
1031,13,0.672441496895761,-0.344884290358641,0
1032,13,0.674944149847909,0.407817811198945,0
1033,13,-0.796226941418395,0.604998064260959,0
1034,13,-0.901009316419345,0.433799735041799,0
1035,13,-0.917688327587055,0.087133329901845,0
1036,13,-0.902066024906342,0.431598061522142,0
1037,13,-0.813221552326679,0.581954213689863,0
1038,13,-0.732784772179675,0.151347406330385,0
1039,13,-0.888070728960361,0.459706841763109,0
1040,13,0.848027687047677,0.183387273827747,0
1041,13,0.698930008317627,0.437973167188332,0
1042,13,0.547698498681590,0.491300160501060,0
1043,13,-0.925864844206593,0.225851158911191,0
1044,13,-0.757276382878248,0.107031857529085,0
1045,13,0.629922301187174,0.476146282696813,0
1046,13,0.604974761822562,0.625890584810993,0
1047,13,0.760892605276680,0.362018418589090,0
1048,13,-0.738390835879576,0.101442387131277,0
1049,13,-0.655057914488211,-0.078298801343302,0
1050,13,0.671801986269633,0.371087383719288,0
1051,13,-0.872857276398239,0.487975566793342,0
1052,13,0.761177176309139,0.450350809647832,0
1053,13,0.527329641094213,-0.094760333981583,0
1054,13,0.528528828484735,0.525560039610466,0
1055,13,0.465044224266225,-0.229208195796930,0
1056,13,-0.862078830681926,0.080888925597258,0
1057,13,0.476474813581914,0.767101108239301,0
1058,13,-0.728899918621082,0.684620266011882,0
1059,13,0.537905672480560,0.656905508251028,0
1060,13,0.758651038663642,0.323595127955514,0
1061,13,-0.712529352206308,0.117047177343796,0
1062,13,-0.248284801230419,0.687391181236920,0
1063,13,-0.742525925772143,0.669817324461082,0
1064,13,0.433201743589111,0.269743780064169,0
1065,13,0.721898303668206,-0.415863475865929,0
1066,13,0.471170024142782,-0.259332560002528,0
1067,13,0.580528383706279,0.502225207303181,0
1068,13,-0.834028847416587,0.551720836725385,0
1069,13,0.624203501374632,0.781261792788851,0
1070,13,-0.723288343617127,0.365811416702842,0
1071,13,-0.795950456279653,0.089814046258084,0
1072,13,0.616996915992537,-0.251451930376087,0
1073,13,-0.810102799484142,0.087362772737100,0
1074,13,-0.906983071409541,0.145368645827878,0
1075,13,0.710646505469345,0.461706853888679,0
1076,13,-0.659110165527673,-0.073246512179014,0
1077,13,-0.617539190061302,0.301919228767431,0
1078,13,-0.691781076956808,-0.032992295158119,0
1079,13,0.734142251813331,0.398452022526006,0
1080,13,0.297955492167781,-0.277657475927286,0
1081,13,0.854306180819217,0.439949872047180,0
1082,13,0.787664618249153,0.343150139591721,0
1083,13,-0.777834276499163,0.409530273747729,0
1084,13,-0.234605289755199,0.583860487593783,0
1085,13,-0.727824660913539,0.685763269844989,0
1086,13,-0.805563557715299,0.592509370795998,0
1087,13,-0.821124577686948,0.570749004579806,0
1088,13,0.675429769562388,0.408398310226785,0
1089,13,0.561009434925524,-0.084007944155132,0
1090,13,0.676156499846240,0.378947064199276,0
1091,13,-0.993730463143674,-0.111802355164187,0
1092,13,-0.579510303148736,0.814964912462163,0
1093,13,-0.995825600329256,0.091276359090822,0
74,14,-0.798056850417228,-0.040957590137075,0
132,14,0.398586034066590,-0.783265188862250,2
137,14,-0.586589256738235,-0.246646538042493,2
140,14,-0.535577028967925,-0.484026661009221,2
150,14,-0.889048404084651,-0.170223572040128,2
151,14,0.908969284614727,0.416863094585009,0
155,14,0.450852908732794,-0.754520717844112,2
158,14,-0.896626839057098,0.361729864848247,2
159,14,0.583883286125254,0.550471333925729,2
161,14,0.485657331371078,-0.762763188024812,2
164,14,0.433712320686713,-0.557818966518637,2
165,14,0.796700586812458,0.308747802510782,2
166,14,0.088359478095929,-0.786446689258533,2
169,14,-0.794924699432817,0.374894042707456,2
170,14,-0.476516265039831,-0.519739769935877,0
172,14,0.726789914827511,-0.420095232588555,2
173,14,-0.803477892368827,0.422124971400189,0
175,14,0.736786396511540,0.547973693937573,2
176,14,-0.989389721644081,0.149310455581786,2
177,14,-0.748269418766918,0.347838793615391,2
178,14,0.348304284524008,-0.988303524670429,2
179,14,0.770967147249677,0.772896668376299,2
181,14,-0.556597733467504,-0.328101811980673,2
185,14,-0.694310508264530,-0.251131707520892,2
187,14,0.598889925771381,0.617724622435639,2
190,14,-0.500912169428182,0.020368223784673,2
193,14,-0.896759824956717,0.008804067892867,2
195,14,-0.877641276304959,-0.530319140569553,2
202,14,-0.528088811857131,-0.106524122722596,0
205,14,-0.769643192390761,0.520077554993530,2
206,14,0.513200804156184,0.996553508458146,2
208,14,0.725022601066915,0.733297938545602,2
209,14,0.892139266975262,0.505206024356950,2
211,14,-0.356153415700106,0.380937544833039,1
213,14,-0.682566945693443,-0.139413627784527,2
220,14,-0.598763417861710,-0.123336580670165,2
221,14,-0.788310863371764,0.526407014222758,2
222,14,-0.679868214441971,-0.225590719564287,2
224,14,-0.762286842026327,-0.391651103905834,2
226,14,-0.559994734468820,-0.275556302196752,2
234,14,0.860227687252122,0.499167285133540,2
239,14,-0.636285907009518,-0.522761841366125,2
242,14,0.482605513529633,-0.710913789375150,0
660,14,-0.145719860749826,0.562649735797021,0
800,14,-0.868938344270992,0.030521369998402,2
801,14,0.295644129660396,-0.578657272814547,0
802,14,-1.016391244914775,0.233712091058086,2
803,14,-0.701178618815872,-0.478024589183723,2
804,14,-0.903400649302203,0.089026268903957,2
805,14,0.720215645899173,0.975420652222400,2
806,14,0.305710780287406,-0.516532525801126,2
807,14,0.779028851307888,0.859303857799657,2
808,14,-0.448347220007791,-0.785130749045573,2
809,14,0.548189741809211,0.083410841622061,2
810,14,-0.656302198746762,0.532245750895848,2
811,14,0.699320747723361,0.111212050572102,2
812,14,0.719816653492835,0.426963485512339,2
813,14,0.440722181551563,-0.006492513143557,2
814,14,0.574850933794150,-0.548730081807015,2
815,14,0.683070267829451,0.125778619828277,2
816,14,-0.615702024754188,0.621070776886786,2
817,14,-0.909941305268771,-0.116655580008929,2
818,14,0.665343558527695,-0.261026110588532,2
819,14,-0.653198892757150,0.166665909146456,2
820,14,0.324293199341951,-0.621802101504378,0
821,14,0.841908450025558,0.571143081167388,2
822,14,0.841386144709838,0.223158728422575,2
823,14,0.762769482517545,0.727893255116584,2
824,14,-0.910927576500860,-0.070605640887688,2
825,14,0.595758245580059,-0.574244568367659,2
826,14,-0.228017215058009,-0.163059509242419,2
827,14,-0.876379869089945,-0.029782474775911,2
828,14,0.659861811084072,0.692319971450366,2
829,14,-0.707808351900693,0.706404513702755,0
830,14,0.673388347232239,0.494305076407367,2
831,14,0.590869084139402,0.239383750109970,2
832,14,-0.875316219367763,0.149664523970804,2
833,14,-0.793022769579931,-0.170780677315859,0
834,14,0.615812809581899,-0.322061286190673,2
835,14,-0.676622381785643,-0.736330192554077,0
836,14,-0.794643298819857,-0.085389984709342,2
837,14,-0.840902952481072,-0.146850875966167,2
838,14,0.635469854112003,0.036262286075066,2
839,14,-0.713873462834977,-0.146856208149413,2
840,14,0.846811925166842,0.491394056166141,2
841,14,-0.590894881324843,0.595275800786507,0
842,14,0.519899349885924,-0.564866994396002,2
843,14,0.517511348354771,0.361270919051334,2
844,14,0.759716196754300,0.537379730855518,2
845,14,-0.775701129593900,-0.024830412772745,0
846,14,0.341328754482221,0.328659582780376,2
847,14,-0.632863977765817,0.567089701645343,2
848,14,-0.856003989526629,-0.138185549389818,2
849,14,-0.853375194662746,0.499184201597461,2
850,14,0.597381442428766,0.043590882950571,2
851,14,0.496025169974253,-0.520445650617399,0
852,14,-0.788229429428553,0.177760763154136,2
853,14,0.129673243801082,-0.608145513531204,2
854,14,-0.680390337678894,0.208602985690113,2
855,14,-0.798815444003167,0.106209542250663,2
856,14,-0.649604227428419,-0.035679394497695,2
857,14,0.802174585380023,0.191880293355061,2
858,14,-0.637871414154183,0.804254950458819,2
859,14,-0.809820201124889,0.323713798586563,2
860,14,-0.651169704954157,0.570623320503734,2
861,14,0.717013507491105,-0.121029801528689,2
862,14,-0.662849351004554,0.947312238253747,2
863,14,0.513963560720847,-0.466946857899077,2
864,14,0.614566913738028,0.779197465357688,2
865,14,0.621023415668805,-0.094552991439396,2
866,14,-0.687471785854628,-0.088714109537225,2
867,14,0.425092651309941,0.352985397162252,2
868,14,0.513397944345741,0.021436710642291,2
869,14,-0.794552451106807,-0.227885739660479,2
870,14,-0.839542778857586,0.110196725626645,2
871,14,0.659895746219847,0.478340018565968,2
872,14,-0.523851064383876,-1.104277874912881,2
873,14,-0.878057128659681,0.146960969559976,2
874,14,0.590558183668271,-0.178589523982520,2
875,14,0.843217431571236,0.367600448785809,2
876,14,-0.665634666450467,-0.217943226666276,2
877,14,-0.630659645526299,0.381482468213975,2
878,14,-0.588900573722034,-0.115947683283808,2
879,14,-0.520931290353328,0.425195131291445,2
880,14,-0.924386340539578,-0.138548529088914,2
881,14,0.370406497311465,-0.633305280163669,2
882,14,-0.856022291374314,0.041786050420962,2
883,14,-0.815335655916525,-0.078851381594093,2
884,14,0.863832577641930,0.634252053134053,2
885,14,-0.707769289049339,0.039917609017047,2
886,14,-0.937182037897857,0.544407678086293,2
887,14,0.751071339591816,0.520451778755012,2
888,14,-0.843672526679233,-0.166073650236778,2
889,14,0.602525503928075,0.228427827625958,2
890,14,-0.983917966993826,0.029423314966541,2
891,14,0.230242302225625,0.664092503332369,2
892,14,-0.812095465729894,0.310457924042285,2
893,14,-0.385065738337696,0.387889121329198,2
894,14,-0.677853682230888,-0.034886944828578,2
895,14,0.660075936212477,0.449255504573771,2
896,14,0.466535036761955,-0.408767424291475,0
897,14,-0.487385786184389,-0.185804965930536,2
898,14,-0.519772903173486,0.653572186750275,2
899,14,-0.769760591467186,0.332299217078397,2
900,14,-0.840079892253771,-0.306521600119445,0
901,14,-0.940515556870493,0.339750625142303,0
902,14,-0.679151201939873,0.107271753020685,2
903,14,-0.867923181377900,0.312852787457394,2
904,14,-0.791227263442816,0.222644642668484,2
905,14,0.570444771930727,-0.237825806152936,2
906,14,0.767250658887840,0.241168501435415,2
907,14,0.723855815113564,0.547115911098715,2
908,14,0.775559008437700,0.118813881711661,2
909,14,0.392793392588053,-0.653603962304985,0
910,14,-0.832588364719438,-0.017504426017790,2
911,14,-0.542626158915849,0.420663689677295,2
912,14,0.626684769180201,-0.638148442051115,2
913,14,-0.511884471331280,0.467197370251209,2
914,14,-0.797175946663455,0.354211666725184,2
915,14,0.377372757787879,0.269024017021205,2
916,14,-0.735569867213616,0.284347205442613,2
917,14,0.659802410616528,0.175311792703947,2
918,14,-0.506108086949510,0.001368018979801,2
919,14,0.662431184443692,-0.269138164284049,2
920,14,-0.768908669346233,-0.311001780331590,2
921,14,0.319955169968159,-0.803954185006135,2
922,14,-0.670699930275290,-0.187732000989642,1
923,14,0.594300535482787,-0.194237940406123,2
924,14,-0.761716387582770,-0.304434706344859,2
925,14,-0.547683214838453,-0.419995158029310,2
926,14,0.615524750333817,-0.038903703706749,2
927,14,0.256026592224583,1.261475408867544,2
928,14,0.613511177367672,-0.368314275186344,0
929,14,-0.627579095456268,0.110229711295629,2
930,14,-0.941927564483774,0.020084080053464,2
931,14,-0.774092108466853,-0.201248657324958,2
932,14,-0.492435372935894,0.516424034556019,0
933,14,-0.505513073398352,0.504353890873216,2
934,14,-0.537930381289869,0.594539276493614,2
935,14,0.662634001728484,0.830556375778973,2
936,14,-0.857604948654822,0.614123183479104,2
937,14,-0.927700859473481,0.064429720790348,2
938,14,0.569366496425202,-0.345156532632345,2
939,14,0.626728698124411,-0.514048369364648,2
940,14,0.630165256834120,-0.530800367435132,2
941,14,-0.816051546961362,-0.047249526927031,2
942,14,0.564973809093216,-0.456493699077970,2
943,14,0.116587234305588,0.993180455303540,0
944,14,0.575404046454776,-0.448679926442810,2
945,14,0.572556699556223,-0.294706531982082,2
946,14,0.661932396978180,0.522313824878888,2
947,14,-0.590460450392401,0.512649029826596,2
948,14,0.060461363318129,1.394910704736007,2
949,14,0.528467840716187,0.673863042011796,2
950,14,-0.647557311391700,0.721492829669553,2
951,14,0.549012738793026,-0.272444801121929,2
952,14,0.625397350059174,0.482914149823168,2
953,14,0.555034049134064,0.429067334834839,2
954,14,0.651333828336333,-0.521833820689498,2
955,14,0.667462733823884,-0.514095136661322,2
956,14,-0.887797768069638,-0.084596613275035,2
957,14,-0.657870268351659,0.650450244548999,2
958,14,-0.508590210039680,-0.330245706063721,2
959,14,0.745837781415547,-0.220585058112377,2
960,14,-0.618650203453689,-0.119263323328448,0
961,14,-0.098148876811735,1.011825277689509,2
962,14,0.419938531085636,-0.651847197006995,2
963,14,-0.388962359701227,0.341444344789071,2
964,14,0.613421134362394,-0.185583473912754,0
965,14,0.772880901068763,0.004425934955361,0
966,14,0.588903644894976,-0.297145075057363,0
967,14,0.599878024137845,-0.403559414049679,2
968,14,-0.741711358625581,-0.134599729890430,2
969,14,-0.613460388374363,0.563027985307809,0
970,14,0.440687809761010,-0.175173729604704,2
971,14,0.563014620223614,0.106539070946180,2
972,14,-0.905243073250593,0.371494039094406,2
973,14,-0.936099941974535,-0.074246719880146,2
974,14,-0.712451592400277,0.120464199906371,2
975,14,-0.791092967843647,0.014891557921584,2
976,14,0.679416243579867,-0.340967470140509,2
977,14,-0.439721840518718,0.720177821778321,0
978,14,0.567586819796158,-0.355315152421168,0
979,14,-0.414608618019670,0.307766279687123,0
980,14,-0.525936863691156,-0.261597340179598,0
981,14,-0.760603896420255,0.080763301578654,2
982,14,-0.282343374226237,0.687493823604060,2
983,14,-0.566173419645555,0.606361661608239,0
984,14,0.472641215734890,0.450926977258160,2
985,14,0.664738113534813,-0.220733483205476,2
986,14,-0.642218471976904,-0.066687399217285,2
987,14,-0.750597734918600,0.637368676649376,2
988,14,0.483689818955835,0.652003139551428,0
989,14,0.568158345854878,-0.264313890183344,2
990,14,-0.794257255149324,-0.091940448977909,0
991,14,-0.697208485100432,0.687384987719996,2
992,14,-0.487995294112659,0.798233569157570,0
993,14,-0.934857043504101,-0.096573952201140,2
994,14,0.643839675105501,0.360236787413681,2
995,14,0.667982308244208,0.195858258931398,2
996,14,-0.419323994193225,0.285630299707686,0
997,14,-0.790688301483762,-0.071383620329989,0
998,14,-0.560903936934656,0.792568033734043,0
999,14,0.622109906700203,0.418203232903661,2
1000,14,-0.815013173482812,0.069870299328670,2
1001,14,-0.812598190817768,-0.045938003012873,2
1002,14,-0.751444865185146,-0.171832142265180,2
1003,14,0.901230241189758,-0.199617314298263,2
1004,14,-0.726487652033239,-0.095016971985348,0
1005,14,0.637624734114856,-0.253937304507970,2
1006,14,-0.917729083121619,0.044221847515810,2
1007,14,-0.657865358751399,0.160375833137456,0
1008,14,-0.920701778672009,0.390266876316961,0
1009,14,0.741317662113357,-0.219294849121396,0
1010,14,0.650028735027442,0.453705548863281,0
1011,14,0.383568678764159,-0.249363651648970,0
1012,14,-0.905754575783045,0.123022656300299,0
1013,14,-0.656823171918671,0.722798261932366,0
1014,14,-0.643926567979176,-0.314942920924292,0
1015,14,-0.733415929631946,0.679780166055254,0
1016,14,-0.088221134713884,0.739090690290179,0
1017,14,0.455852178443074,-0.136868215303027,0
1018,14,-0.739341023668618,0.673331159588184,0
1019,14,0.665188513613641,0.295319020851313,0
1020,14,-0.685562184130805,0.053888034600011,0
1021,14,0.499793131878557,0.406602040008737,0
1022,14,0.609522628081927,0.215244470241779,0
1023,14,-0.735586426815810,0.677430888453324,0
1024,14,0.771263440039504,0.448793748018439,0
1025,14,0.675877600276678,0.318280678177635,0
1026,14,0.612539689545366,0.367575217195229,0
1027,14,0.534341152442857,0.511422367953278,0
1028,14,0.614543502852580,0.350085842079463,0
1029,14,0.659898851461359,0.385731414442182,0
1030,14,0.719524682375757,0.414684831565900,0
1031,14,0.672441496895761,-0.344884290358641,0
1032,14,0.674944149847909,0.407817811198945,0
1033,14,-0.796226941418395,0.604998064260959,0
1034,14,-0.901009316419345,0.433799735041799,0
1035,14,-0.917688327587055,0.087133329901845,0
1036,14,-0.902066024906342,0.431598061522142,0
1037,14,-0.813221552326679,0.581954213689863,0
1038,14,-0.732784772179675,0.151347406330385,0
1039,14,-0.888070728960361,0.459706841763109,0
1040,14,0.848027687047677,0.183387273827747,0
1041,14,0.698930008317627,0.437973167188332,0
1042,14,0.547698498681590,0.491300160501060,0
1043,14,-0.925864844206593,0.225851158911191,0
1044,14,-0.757276382878248,0.107031857529085,0
1045,14,0.629922301187174,0.476146282696813,0
1046,14,0.604974761822562,0.625890584810993,0
1047,14,0.760892605276680,0.362018418589090,0
1048,14,-0.738390835879576,0.101442387131277,0
1049,14,-0.655057914488211,-0.078298801343302,0
1050,14,0.671801986269633,0.371087383719288,0
1051,14,-0.872857276398239,0.487975566793342,0
1052,14,0.761177176309139,0.450350809647832,0
1053,14,0.527329641094213,-0.094760333981583,0
1054,14,0.528528828484735,0.525560039610466,0
1055,14,0.465044224266225,-0.229208195796930,0
1056,14,-0.862078830681926,0.080888925597258,0
1057,14,0.476474813581914,0.767101108239301,0
1058,14,-0.728899918621082,0.684620266011882,0
1059,14,0.537905672480560,0.656905508251028,0
1060,14,0.758651038663642,0.323595127955514,0
1061,14,-0.712529352206308,0.117047177343796,0
1062,14,-0.248284801230419,0.687391181236920,0
1063,14,-0.742525925772143,0.669817324461082,0
1064,14,0.433201743589111,0.269743780064169,0
1065,14,0.721898303668206,-0.415863475865929,0
1066,14,0.471170024142782,-0.259332560002528,0
1067,14,0.580528383706279,0.502225207303181,0
1068,14,-0.834028847416587,0.551720836725385,0
1069,14,0.624203501374632,0.781261792788851,0
1070,14,-0.723288343617127,0.365811416702842,0
1071,14,-0.795950456279653,0.089814046258084,0
1072,14,0.616996915992537,-0.251451930376087,0
1073,14,-0.810102799484142,0.087362772737100,0
1074,14,-0.906983071409541,0.145368645827878,0
1075,14,0.710646505469345,0.461706853888679,0
1076,14,-0.659110165527673,-0.073246512179014,0
1077,14,-0.617539190061302,0.301919228767431,0
1078,14,-0.691781076956808,-0.032992295158119,0
1079,14,0.734142251813331,0.398452022526006,0
1080,14,0.297955492167781,-0.277657475927286,0
1081,14,0.854306180819217,0.439949872047180,0
1082,14,0.787664618249153,0.343150139591721,0
1083,14,-0.777834276499163,0.409530273747729,0
1084,14,-0.234605289755199,0.583860487593783,0
1085,14,-0.727824660913539,0.685763269844989,0
1086,14,-0.805563557715299,0.592509370795998,0
1087,14,-0.821124577686948,0.570749004579806,0
1088,14,0.675429769562388,0.408398310226785,0
1089,14,0.561009434925524,-0.084007944155132,0
1090,14,0.676156499846240,0.378947064199276,0
1091,14,-0.993730463143674,-0.111802355164187,0
1092,14,-0.579510303148736,0.814964912462163,0
1093,14,-0.995825600329256,0.091276359090822,0
74,15,-0.798056850417228,-0.040957590137075,0
132,15,0.419767294232925,-0.781339951151302,2
137,15,-0.574005227872629,-0.237971552421544,2
140,15,-0.540942361104276,-0.468139021686842,2
150,15,-0.885032828455049,-0.175550510578183,2
151,15,0.908969284614727,0.416863094585009,0
155,15,0.467652569275729,-0.750131061826624,2
158,15,-0.903405992889551,0.381353231189992,2
159,15,0.578273542688413,0.573150326148631,2
161,15,0.481496954351375,-0.745510641460185,2
164,15,0.453907825964975,-0.535512745054708,2
165,15,0.789892648880845,0.330603044831569,2
166,15,0.062375407093970,-0.817459433949523,2
169,15,-0.805056674643541,0.386317683693223,2
170,15,-0.476516265039831,-0.519739769935877,0
172,15,0.739634918898630,-0.357810761957782,2
173,15,-0.803477892368827,0.422124971400189,0
175,15,0.732538879143203,0.548804242032475,2
176,15,-0.975395817067891,0.125421387377456,2
177,15,-0.743495439118253,0.307898717306722,2
178,15,0.291112091540810,-0.930879890468873,2
179,15,0.766693951105406,0.765202096503836,2
181,15,-0.551087182222904,-0.262323535714579,2
185,15,-0.682639100407282,-0.253602672707448,2
187,15,0.594040113295832,0.624927941429021,2
190,15,-0.498235846196598,0.132953923666014,2
193,15,-0.897762666005213,-0.022640323202679,2
195,15,-0.874037099857186,-0.544650752629347,2
202,15,-0.528088811857131,-0.106524122722596,0
205,15,-0.769899815980882,0.547092090881228,2
206,15,0.531178118096193,0.907726838172608,2
208,15,0.726826398356436,0.724376009830012,2
209,15,0.908758746233155,0.489314206831893,2
211,15,-0.348860054593520,0.412502575369588,1
213,15,-0.675944351196347,-0.125057980053371,2
220,15,-0.597374771265017,-0.062933647839751,2
221,15,-0.797544858564580,0.475849727998074,2
222,15,-0.678570958534825,-0.210075131019370,2
224,15,-0.744377912171389,-0.369867351637698,2
226,15,-0.553391328992006,-0.271610455374081,2
234,15,0.834096974047302,0.525771453693338,2
239,15,-0.645624549818682,-0.543684239340673,2
242,15,0.482605513529633,-0.710913789375150,0
660,15,-0.145719860749826,0.562649735797021,0
800,15,-0.867097529301743,-0.002823735568631,2
801,15,0.295644129660396,-0.578657272814547,0
802,15,-1.014416610924840,0.191281284166318,2
803,15,-0.663750406095969,-0.307401781585711,2
804,15,-0.907118414655809,0.086531106033087,2
805,15,0.715267024013059,0.955673776108687,2
806,15,0.302227070832711,-0.506105052097072,2
807,15,0.767118197024474,0.859552410844126,2
808,15,-0.440699211681058,-0.788955870021159,2
809,15,0.555050650890129,0.057759115555433,2
810,15,-0.636390689251806,0.552138228795798,2
811,15,0.698566343164654,0.071347913679754,2
812,15,0.709356455626031,0.372561609733866,2
813,15,0.460764746141041,0.072835390636470,2
814,15,0.580730321730199,-0.466230711772231,2
815,15,0.662576485194594,0.067468067679758,2
816,15,-0.591760516206635,0.689242773119458,2
817,15,-0.916454985387979,-0.108254903396879,2
818,15,0.653983525461494,-0.211124290279726,2
819,15,-0.649370896192754,0.118386241281418,2
820,15,0.324293199341951,-0.621802101504378,0
821,15,0.843384124131583,0.565605049708251,2
822,15,0.830652072764610,0.170109605745036,2
823,15,0.760613744081103,0.721639539542891,2
824,15,-0.907053656599515,-0.072007189927976,2
825,15,0.568359419208690,-0.472955849157751,2
826,15,-0.324715161284742,-0.290068833029313,2
827,15,-0.867062761701758,0.005867135398231,2
828,15,0.663455465958128,0.681932780330174,2
829,15,-0.707808351900693,0.706404513702755,0
830,15,0.672879263545116,0.504255533606743,2
831,15,0.582653641262330,0.191928166976573,2
832,15,-0.873302257309537,0.142602738634864,2
833,15,-0.793022769579931,-0.170780677315859,0
834,15,0.587475537758389,-0.313388179973823,2
835,15,-0.676622381785643,-0.736330192554077,0
836,15,-0.784050323301143,-0.092820334580139,2
837,15,-0.827745150115320,-0.161721376539608,2
838,15,0.627969378009426,0.004880139500330,2
839,15,-0.706809254430835,-0.178235950407339,2
840,15,0.832286573287220,0.463178486750418,2
841,15,-0.590894881324843,0.595275800786507,0
842,15,0.529199926385658,-0.550159373622157,2
843,15,0.523907044201261,0.407829961657922,2
844,15,0.751816462122415,0.507183293093830,2
845,15,-0.775701129593900,-0.024830412772745,0
846,15,0.343145545241548,0.583761488491423,2
847,15,-0.630772910026508,0.588745427821758,2
848,15,-0.845551848338184,-0.111133271924940,2
849,15,-0.842550294051855,0.444495363735790,2
850,15,0.582119228512358,-0.003551023565451,2
851,15,0.496025169974253,-0.520445650617399,0
852,15,-0.776557691091867,0.206793682384646,2
853,15,0.071102165812851,-0.614531758131677,2
854,15,-0.667101812970901,0.171955355080868,2
855,15,-0.773245721101403,0.079323785621245,2
856,15,-0.645090027522133,-0.015901380172904,2
857,15,0.800895495285796,0.106973541884362,2
858,15,-0.634831724563623,0.793853828631678,2
859,15,-0.809564638804935,0.305080175267256,2
860,15,-0.635731926357634,0.577164810519514,2
861,15,0.732361745717444,-0.090108450599289,2
862,15,-0.634279322250866,0.929328472551818,2
863,15,0.505602960614083,-0.395361000484262,2
864,15,0.616272266999304,0.748681221581430,2
865,15,0.621231277086116,-0.163305117996675,2
866,15,-0.660901875865927,-0.131604551111790,2
867,15,0.448244623302853,0.408044800303531,2
868,15,0.519282607748635,0.106241632367041,2
869,15,-0.787226658297604,-0.226149606225106,2
870,15,-0.827346902050567,0.101170983194932,2
871,15,0.660838702779610,0.419226846302318,2
872,15,-0.539178741052947,-1.024138514416172,2
873,15,-0.875085413865565,0.114780627243880,2
874,15,0.583149826421268,-0.206223967165663,2
875,15,0.818345415032642,0.308202387639721,2
876,15,-0.654046867756861,-0.259202381002706,2
877,15,-0.626027383903129,0.416834891949035,2
878,15,-0.573078579303852,-0.163182078508488,2
879,15,-0.498471650835727,0.384852520268872,2
880,15,-0.919793300114317,-0.157631517747328,2
881,15,0.382303881069598,-0.623659850646743,2
882,15,-0.845491311014561,0.013540425396279,2
883,15,-0.807583397677596,-0.080854347172641,2
884,15,0.868410484799144,0.630090226902535,2
885,15,-0.689744155819350,-0.005151882016574,2
886,15,-0.937339349268775,0.520118168332288,2
887,15,0.737294282403731,0.464701686020227,2
888,15,-0.834296556481944,-0.152350972559232,2
889,15,0.598328807986624,0.157019897288114,2
890,15,-0.961705218314594,0.017792316060379,2
891,15,0.227207152305333,0.737853177359052,2
892,15,-0.801910011634943,0.261239049799019,2
893,15,-0.356414358326574,0.381943303089352,2
894,15,-0.683901131046960,0.014401628979045,2
895,15,0.666462860792808,0.391887841803688,2
896,15,0.466535036761955,-0.408767424291475,0
897,15,-0.505353556910867,-0.045098340332867,2
898,15,-0.501185313521160,0.625834155629058,2
899,15,-0.771285827939793,0.294705041622900,2
900,15,-0.840079892253771,-0.306521600119445,0
901,15,-0.940515556870493,0.339750625142303,0
902,15,-0.669797761184925,0.082057277137401,2
903,15,-0.869166178556111,0.291430838287334,2
904,15,-0.795242476817809,0.231043130157899,2
905,15,0.572638309779998,-0.264181119680742,2
906,15,0.766648949230257,0.189390454804904,2
907,15,0.710411123406726,0.510747844501936,2
908,15,0.776956077421896,0.048360042254387,2
909,15,0.392793392588053,-0.653603962304985,0
910,15,-0.819095506282373,-0.087961975308453,2
911,15,-0.538636737074791,0.419477802407919,2
912,15,0.623444690394651,-0.615550164540893,2
913,15,-0.505541599638945,0.412416755641476,2
914,15,-0.792721534350908,0.338078688339512,2
915,15,0.375944806022408,0.291504138089452,2
916,15,-0.729740975253823,0.278940141753746,2
917,15,0.652405381862674,0.134146810766628,2
918,15,-0.501084692343570,0.055774876017205,2
919,15,0.658802188882092,-0.297167483296450,2
920,15,-0.762939485484812,-0.314249884448805,2
921,15,0.316702287169682,-0.797965844113841,2
922,15,-0.675898008879449,-0.228643498395440,1
923,15,0.574694571719196,-0.195076064404905,2
924,15,-0.757528089632920,-0.337343740458707,2
925,15,-0.537398530596116,-0.443324513458909,2
926,15,0.616040913535444,-0.041663155079718,2
927,15,0.251989945577095,1.307441214432320,2
928,15,0.613511177367672,-0.368314275186344,0
929,15,-0.625290328849644,0.127435188450026,2
930,15,-0.934066615110500,0.002693396041286,2
931,15,-0.769600444893736,-0.189911269441233,2
932,15,-0.492435372935894,0.516424034556019,0
933,15,-0.497197356959795,0.517022197674552,2
934,15,-0.527416029979077,0.606752037534498,2
935,15,0.664293157008824,0.813583806922765,2
936,15,-0.852095543009505,0.634018399371327,2
937,15,-0.921566924601611,0.069792300051541,2
938,15,0.567926188450812,-0.359670458305890,2
939,15,0.625621714480200,-0.529560038404573,2
940,15,0.630592156811563,-0.529559820316879,2
941,15,-0.812007637861211,-0.047767477301954,2
942,15,0.573983160670151,-0.460742800013736,2
943,15,0.116587234305588,0.993180455303540,0
944,15,0.583259378050975,-0.456400434253252,2
945,15,0.560762816780183,-0.299856528197841,2
946,15,0.675197066920152,0.514824880145727,2
947,15,-0.577339164641300,0.520883521763295,2
948,15,-0.014460218730434,1.471331801239295,2
949,15,0.537389052310181,0.687942399996280,2
950,15,-0.660130345560797,0.635829962361413,2
951,15,0.560313517155136,-0.271289636420841,2
952,15,0.634573283958752,0.476155280492125,2
953,15,0.568901185059061,0.447780178593202,2
954,15,0.644988254942721,-0.543691758220694,2
955,15,0.660210954836289,-0.533676845958976,2
956,15,-0.883916954641848,-0.068524465996307,2
957,15,-0.654780650114353,0.614897364349964,2
958,15,-0.504915432961880,-0.369432316981354,2
959,15,0.733954355556811,-0.254336700856923,2
960,15,-0.618650203453689,-0.119263323328448,0
961,15,-0.104678294500564,1.064333995506399,2
962,15,0.446918468194528,-0.592577528935211,2
963,15,-0.384452608790921,0.290917332116034,2
964,15,0.613421134362394,-0.185583473912754,0
965,15,0.772880901068763,0.004425934955361,0
966,15,0.588903644894976,-0.297145075057363,0
967,15,0.605773213525333,-0.393740323390705,2
968,15,-0.740920829312305,-0.112563531837473,2
969,15,-0.613460388374363,0.563027985307809,0
970,15,0.426000042501274,-0.187555992742417,2
971,15,0.570206918283560,0.111139789456223,2
972,15,-0.911761207736412,0.326108267162877,2
973,15,-0.935285477535361,-0.043867625825141,2
974,15,-0.709137492163664,0.123261955896786,2
975,15,-0.789478645609631,0.025644226731506,2
976,15,0.672600192112985,-0.338715026450242,2
977,15,-0.439721840518718,0.720177821778321,0
978,15,0.567586819796158,-0.355315152421168,0
979,15,-0.414608618019670,0.307766279687123,0
980,15,-0.525936863691156,-0.261597340179598,0
981,15,-0.762205891817590,0.088487231156474,2
982,15,-0.275306578605527,0.665845544914049,2
983,15,-0.566173419645555,0.606361661608239,0
984,15,0.476022508216525,0.456648528594357,2
985,15,0.652826081951370,-0.217866712292980,2
986,15,-0.642011820822759,-0.072084274101570,2
987,15,-0.748999526589780,0.632778986068299,2
988,15,0.483689818955835,0.652003139551428,0
989,15,0.560746662138799,-0.255643723863013,2
990,15,-0.794257255149324,-0.091940448977909,0
991,15,-0.700881519336290,0.648222057284355,2
992,15,-0.487995294112659,0.798233569157570,0
993,15,-0.933932851764472,-0.066427794980396,2
994,15,0.650367750368722,0.374455207947552,2
995,15,0.681609494731094,0.202148995142206,2
996,15,-0.419323994193225,0.285630299707686,0
997,15,-0.790688301483762,-0.071383620329989,0
998,15,-0.560903936934656,0.792568033734043,0
999,15,0.625182733076264,0.399613297628215,2
1000,15,-0.814173457775528,0.083651887116283,2
1001,15,-0.813301991753293,-0.023233579507175,2
1002,15,-0.749599360165582,-0.147905887682560,2
1003,15,0.882460033245932,-0.182431222733060,2
1004,15,-0.726487652033239,-0.095016971985348,0
1005,15,0.636997024850592,-0.235937963587955,2
1006,15,-0.919470568964486,0.062791292690176,2
1007,15,-0.657865358751399,0.160375833137456,0
1008,15,-0.920701778672009,0.390266876316961,0
1009,15,0.741317662113357,-0.219294849121396,0
1010,15,0.650028735027442,0.453705548863281,0
1011,15,0.383568678764159,-0.249363651648970,0
1012,15,-0.905754575783045,0.123022656300299,0
1013,15,-0.656823171918671,0.722798261932366,0
1014,15,-0.643926567979176,-0.314942920924292,0
1015,15,-0.733415929631946,0.679780166055254,0
1016,15,-0.088221134713884,0.739090690290179,0
1017,15,0.455852178443074,-0.136868215303027,0
1018,15,-0.739341023668618,0.673331159588184,0
1019,15,0.665188513613641,0.295319020851313,0
1020,15,-0.685562184130805,0.053888034600011,0
1021,15,0.499793131878557,0.406602040008737,0
1022,15,0.609522628081927,0.215244470241779,0
1023,15,-0.735586426815810,0.677430888453324,0
1024,15,0.771263440039504,0.448793748018439,0
1025,15,0.675877600276678,0.318280678177635,0
1026,15,0.612539689545366,0.367575217195229,0
1027,15,0.534341152442857,0.511422367953278,0
1028,15,0.614543502852580,0.350085842079463,0
1029,15,0.659898851461359,0.385731414442182,0
1030,15,0.719524682375757,0.414684831565900,0
1031,15,0.672441496895761,-0.344884290358641,0
1032,15,0.674944149847909,0.407817811198945,0
1033,15,-0.796226941418395,0.604998064260959,0
1034,15,-0.901009316419345,0.433799735041799,0
1035,15,-0.917688327587055,0.087133329901845,0
1036,15,-0.902066024906342,0.431598061522142,0
1037,15,-0.813221552326679,0.581954213689863,0
1038,15,-0.732784772179675,0.151347406330385,0
1039,15,-0.888070728960361,0.459706841763109,0
1040,15,0.848027687047677,0.183387273827747,0
1041,15,0.698930008317627,0.437973167188332,0
1042,15,0.547698498681590,0.491300160501060,0
1043,15,-0.925864844206593,0.225851158911191,0
1044,15,-0.757276382878248,0.107031857529085,0
1045,15,0.629922301187174,0.476146282696813,0
1046,15,0.604974761822562,0.625890584810993,0
1047,15,0.760892605276680,0.362018418589090,0
1048,15,-0.738390835879576,0.101442387131277,0
1049,15,-0.655057914488211,-0.078298801343302,0
1050,15,0.671801986269633,0.371087383719288,0
1051,15,-0.872857276398239,0.487975566793342,0
1052,15,0.761177176309139,0.450350809647832,0
1053,15,0.527329641094213,-0.094760333981583,0
1054,15,0.528528828484735,0.525560039610466,0
1055,15,0.465044224266225,-0.229208195796930,0
1056,15,-0.862078830681926,0.080888925597258,0
1057,15,0.476474813581914,0.767101108239301,0
1058,15,-0.728899918621082,0.684620266011882,0
1059,15,0.537905672480560,0.656905508251028,0
1060,15,0.758651038663642,0.323595127955514,0
1061,15,-0.712529352206308,0.117047177343796,0
1062,15,-0.248284801230419,0.687391181236920,0
1063,15,-0.742525925772143,0.669817324461082,0
1064,15,0.433201743589111,0.269743780064169,0
1065,15,0.721898303668206,-0.415863475865929,0
1066,15,0.471170024142782,-0.259332560002528,0
1067,15,0.580528383706279,0.502225207303181,0
1068,15,-0.834028847416587,0.551720836725385,0
1069,15,0.624203501374632,0.781261792788851,0
1070,15,-0.723288343617127,0.365811416702842,0
1071,15,-0.795950456279653,0.089814046258084,0
1072,15,0.616996915992537,-0.251451930376087,0
1073,15,-0.810102799484142,0.087362772737100,0
1074,15,-0.906983071409541,0.145368645827878,0
1075,15,0.710646505469345,0.461706853888679,0
1076,15,-0.659110165527673,-0.073246512179014,0
1077,15,-0.617539190061302,0.301919228767431,0
1078,15,-0.691781076956808,-0.032992295158119,0
1079,15,0.734142251813331,0.398452022526006,0
1080,15,0.297955492167781,-0.277657475927286,0
1081,15,0.854306180819217,0.439949872047180,0
1082,15,0.787664618249153,0.343150139591721,0
1083,15,-0.777834276499163,0.409530273747729,0
1084,15,-0.234605289755199,0.583860487593783,0
1085,15,-0.727824660913539,0.685763269844989,0
1086,15,-0.805563557715299,0.592509370795998,0
1087,15,-0.821124577686948,0.570749004579806,0
1088,15,0.675429769562388,0.408398310226785,0
1089,15,0.561009434925524,-0.084007944155132,0
1090,15,0.676156499846240,0.378947064199276,0
1091,15,-0.993730463143674,-0.111802355164187,0
1092,15,-0.579510303148736,0.814964912462163,0
1093,15,-0.995825600329256,0.091276359090822,0
74,16,-0.798056850417228,-0.040957590137075,0
132,16,0.441103317895669,-0.772884657321848,2
137,16,-0.563234042648127,-0.235753524269641,2
140,16,-0.550411294683217,-0.442769529642803,2
150,16,-0.879782826598447,-0.157555373995068,2
151,16,0.908969284614727,0.416863094585009,0
155,16,0.487613825145060,-0.750409437334281,2
158,16,-0.909003595486122,0.407221166499394,2
159,16,0.575651119772882,0.594536802991650,2
161,16,0.476211976910915,-0.728141672218796,2
164,16,0.478305417951097,-0.516531818326384,2
165,16,0.781942988721205,0.353067595723950,2
166,16,0.046125629878131,-0.836017368903033,2
169,16,-0.816783762116351,0.400363821840982,2
170,16,-0.476516265039831,-0.519739769935877,0
172,16,0.753849419620608,-0.290093747043610,2
173,16,-0.803477892368827,0.422124971400189,0
175,16,0.725008534292731,0.558127310412788,2
176,16,-0.958811988359616,0.102444243883472,2
177,16,-0.737745271603315,0.262081851459382,2
178,16,0.217752956029728,-0.860046873468636,2
179,16,0.756814830189746,0.756296890791364,2
181,16,-0.547811670121793,-0.182640895227909,2
185,16,-0.669421868719983,-0.261004416631373,2
187,16,0.589956098291254,0.636541427159916,2
190,16,-0.493868938568705,0.246040872782173,2
193,16,-0.899438820905868,-0.039316052443033,2
195,16,-0.871807651814497,-0.520080013358917,2
202,16,-0.528088811857131,-0.106524122722596,0
205,16,-0.771255516479067,0.572528214405099,2
206,16,0.555096925431893,0.785878900241993,2
208,16,0.727862981131472,0.713702152787981,2
209,16,0.919913161903377,0.470040809952780,2
211,16,-0.341566693486935,0.444067605906136,1
213,16,-0.669424962921654,-0.117581995271363,2
220,16,-0.597186460521606,-0.000362219343555,2
221,16,-0.806061062885120,0.426272772739905,2
222,16,-0.677060905803531,-0.206557726996164,2
224,16,-0.723676083275884,-0.343164057415887,2
226,16,-0.546154188663041,-0.269747541355743,2
234,16,0.800752196760375,0.561902221674871,2
239,16,-0.651784657871232,-0.553647853214095,2
242,16,0.482605513529633,-0.710913789375150,0
660,16,-0.145719860749826,0.562649735797021,0
800,16,-0.863465014863245,-0.036115287970828,2
801,16,0.295644129660396,-0.578657272814547,0
802,16,-1.009951965962129,0.144303655572815,2
803,16,-0.623341231327296,-0.096907806321674,2
804,16,-0.911511824170251,0.086455462356199,2
805,16,0.710156266438870,0.921786043108253,2
806,16,0.302873497761051,-0.500528201978017,2
807,16,0.751335444887491,0.852989807731646,2
808,16,-0.437687576406029,-0.781641610581826,2
809,16,0.568123830342229,0.035788403810796,2
810,16,-0.613957678403898,0.555852081231350,2
811,16,0.698858838892547,0.033240785889132,2
812,16,0.697146274453680,0.308460623186841,2
813,16,0.480953909604120,0.151459175562255,2
814,16,0.585687722163321,-0.375330635238431,2
815,16,0.639795744497531,0.006700966038520,2
816,16,-0.565924259895618,0.743734814778425,2
817,16,-0.924994470825582,-0.079843179271395,2
818,16,0.637655349431560,-0.156840533563420,2
819,16,-0.647641089124230,0.064310374996473,2
820,16,0.324293199341951,-0.621802101504378,0
821,16,0.842655206951739,0.555344818807688,2
822,16,0.814409865790405,0.118638649825883,2
823,16,0.757616969485355,0.709886885981716,2
824,16,-0.903081380224869,-0.071299846562482,2
825,16,0.536136870130692,-0.361860478947955,2
826,16,-0.394178992911540,-0.427535031805390,2
827,16,-0.856802964132474,0.051415750248620,2
828,16,0.668727341036988,0.661723385001858,2
829,16,-0.707808351900693,0.706404513702755,0
830,16,0.674503044162153,0.515250550335415,2
831,16,0.574806154513902,0.140677609090902,2
832,16,-0.870753373746957,0.137964688589819,2
833,16,-0.793022769579931,-0.170780677315859,0
834,16,0.555705251474264,-0.306770329437655,2
835,16,-0.676622381785643,-0.736330192554077,0
836,16,-0.772129290171246,-0.103614769372885,2
837,16,-0.813403018664483,-0.169441309446491,2
838,16,0.620776062273936,-0.027460930355497,2
839,16,-0.699448177613639,-0.212058396095019,2
840,16,0.813979240707121,0.431782179235303,2
841,16,-0.590894881324843,0.595275800786507,0
842,16,0.538183988681889,-0.533889203103455,2
843,16,0.531562181991023,0.442485744772952,2
844,16,0.741997620732613,0.470053012651737,2
845,16,-0.775701129593900,-0.024830412772745,0
846,16,0.345964312141596,0.870143238059007,2
847,16,-0.628690141006424,0.605751958512199,2
848,16,-0.833248522243279,-0.066278899409628,2
849,16,-0.828741072950005,0.377481393627083,2
850,16,0.567108942866783,-0.049216707325743,2
851,16,0.496025169974253,-0.520445650617399,0
852,16,-0.763390742367658,0.238253451392115,2
853,16,0.006577110151850,-0.617924562383767,2
854,16,-0.653225555307854,0.131426755436015,2
855,16,-0.743937477102238,0.045960176083770,2
856,16,-0.643120867356162,0.006311708621305,2
857,16,0.800273902108036,0.021323997005480,2
858,16,-0.631188993631282,0.777657339629307,2
859,16,-0.809136782005476,0.284108565642308,2
860,16,-0.618017115401587,0.585589006321940,2
861,16,0.750645349838420,-0.043487654920814,2
862,16,-0.598005614043356,0.883661108533267,2
863,16,0.496156203623377,-0.314683146681103,2
864,16,0.618942659799115,0.710807657397368,2
865,16,0.623918915216400,-0.223541043417302,2
866,16,-0.631731326371602,-0.173479335267992,2
867,16,0.475654304219437,0.458394859305586,2
868,16,0.528916138772220,0.190672043165408,2
869,16,-0.780147033587733,-0.216496615554949,2
870,16,-0.815277521624689,0.095160432025405,2
871,16,0.659329993395135,0.355540658081170,2
872,16,-0.559407826730175,-0.912974794221804,2
873,16,-0.869344655764329,0.077094509798368,2
874,16,0.575864514735599,-0.229094483601154,2
875,16,0.787096044238284,0.242893348043333,2
876,16,-0.642442409246307,-0.302581380087053,2
877,16,-0.620244493950397,0.446181876348909,2
878,16,-0.556828776705586,-0.230139098707312,2
879,16,-0.475734595166806,0.325338092132853,2
880,16,-0.914733403595921,-0.176010596062058,2
881,16,0.394129641446701,-0.617923037891762,2
882,16,-0.834522230657828,-0.006686031199841,2
883,16,-0.800098946701978,-0.081266262357950,2
884,16,0.871482779600224,0.622910223754246,2
885,16,-0.669103566443459,-0.051790313189736,2
886,16,-0.932174376297316,0.490027997624458,2
887,16,0.721359588987153,0.403703628144989,2
888,16,-0.823063898467503,-0.126956899779262,2
889,16,0.592696184471195,0.091509161596705,2
890,16,-0.934060324975466,0.017312941239883,2
891,16,0.227187816114493,0.803290652005611,2
892,16,-0.790631211996847,0.203678609131544,2
893,16,-0.326296942387371,0.379585061947768,2
894,16,-0.692206052607537,0.071350633303058,2
895,16,0.674360783037117,0.330554012255468,2
896,16,0.466535036761955,-0.408767424291475,0
897,16,-0.526296776523305,0.111994427332645,2
898,16,-0.482506284611232,0.591153930758747,2
899,16,-0.772181390068898,0.256626016696298,2
900,16,-0.840079892253771,-0.306521600119445,0
901,16,-0.940515556870493,0.339750625142303,0
902,16,-0.661481124549974,0.055478108840716,2
903,16,-0.868975661047500,0.268875301871534,2
904,16,-0.799370486510449,0.243247371590044,2
905,16,0.576094904582699,-0.286356860466738,2
906,16,0.767962974970310,0.135839995445694,2
907,16,0.697744432471616,0.472423955537358,2
908,16,0.782201355160421,-0.027033327563103,2
909,16,0.392793392588053,-0.653603962304985,0
910,16,-0.800544754332512,-0.164825314662451,2
911,16,-0.536619745202199,0.420532681100305,2
912,16,0.612070270744673,-0.592142346404603,2
913,16,-0.500290078728422,0.351491427202759,2
914,16,-0.787645739695589,0.318713110985481,2
915,16,0.373645594821148,0.306581920438043,2
916,16,-0.723068226293696,0.267157750901860,2
917,16,0.644794658513657,0.090997105265416,2
918,16,-0.497176860486210,0.112605441598096,2
919,16,0.654900498136615,-0.320559924531893,2
920,16,-0.758095328127217,-0.309150447274411,2
921,16,0.311825237082917,-0.788318032841271,2
922,16,-0.681096087483608,-0.269554995801239,1
923,16,0.552417189125849,-0.195888063492006,2
924,16,-0.753972169687779,-0.368784845291459,2
925,16,-0.525754513302625,-0.463702012337224,2
926,16,0.616539737673206,-0.049060398178096,2
927,16,0.249214614182722,1.336444114566921,2
928,16,0.613511177367672,-0.368314275186344,0
929,16,-0.622733444751241,0.144201321792408,2
930,16,-0.928031485815229,-0.016623813151316,2
931,16,-0.765590734143418,-0.173226623585228,2
932,16,-0.492435372935894,0.516424034556019,0
933,16,-0.488605993586329,0.535164570608573,2
934,16,-0.516669832642325,0.619075751935669,2
935,16,0.665351800573672,0.777528221184599,2
936,16,-0.845539250178455,0.648546001954667,2
937,16,-0.917820324479578,0.077027759637775,2
938,16,0.566392775282642,-0.367668982587895,2
939,16,0.626080560148929,-0.535422235433744,2
940,16,0.633689190218097,-0.521158463553462,2
941,16,-0.807578973144437,-0.048826571312380,2
942,16,0.586650835344381,-0.459876581001736,2
943,16,0.116587234305588,0.993180455303540,0
944,16,0.592110419255044,-0.456595049284909,2
945,16,0.547903356077000,-0.300124408676865,2
946,16,0.687969681543023,0.499523183940161,2
947,16,-0.563118865081668,0.537667948328343,2
948,16,-0.094661019637338,1.533386390702091,2
949,16,0.545206323914048,0.692396347904020,2
950,16,-0.673580004488383,0.536980289160616,2
951,16,0.573536330503896,-0.262680751919278,2
952,16,0.642735350288048,0.466921583221899,2
953,16,0.583277237405211,0.461370755397535,2
954,16,0.639814951253669,-0.562918555536646,2
955,16,0.654541804704561,-0.548007334341327,2
956,16,-0.882493616916402,-0.046045057648161,2
957,16,-0.650655082166062,0.570069238653567,2
958,16,-0.502174003634519,-0.409667136060269,2
959,16,0.718920491256386,-0.286593047297662,2
960,16,-0.618650203453689,-0.119263323328448,0
961,16,-0.109401440223231,1.120825015477179,2
962,16,0.475451325611415,-0.524169204238186,2
963,16,-0.379345175179502,0.236510340286824,2
964,16,0.613421134362394,-0.185583473912754,0
965,16,0.772880901068763,0.004425934955361,0
966,16,0.588903644894976,-0.297145075057363,0
967,16,0.611964339554635,-0.381862222431693,2
968,16,-0.740905822518388,-0.086772816395403,2
969,16,-0.613460388374363,0.563027985307809,0
970,16,0.411058025629258,-0.206902782182298,2
971,16,0.579291839828474,0.122900823640061,2
972,16,-0.913479435109699,0.287726275413676,2
973,16,-0.934054791470825,-0.007787096563514,2
974,16,-0.705711698495297,0.128453148659385,2
975,16,-0.787882292843253,0.037930941486045,2
976,16,0.665413886438034,-0.336361380917170,2
977,16,-0.439721840518718,0.720177821778321,0
978,16,0.567586819796158,-0.355315152421168,0
979,16,-0.414608618019670,0.307766279687123,0
980,16,-0.525936863691156,-0.261597340179598,0
981,16,-0.764345536874349,0.097858873938299,2
982,16,-0.270766111473407,0.641905480579497,2
983,16,-0.566173419645555,0.606361661608239,0
984,16,0.483198760447342,0.465143222746309,2
985,16,0.637853328404649,-0.217106732078715,2
986,16,-0.641361309327567,-0.073907376140986,2
987,16,-0.747482319520409,0.628552044380061,2
988,16,0.483689818955835,0.652003139551428,0
989,16,0.552215056813768,-0.247664845502353,2
990,16,-0.794257255149324,-0.091940448977909,0
991,16,-0.704279311260035,0.607516078701179,2
992,16,-0.487995294112659,0.798233569157570,0
993,16,-0.932712683764301,-0.030933284105871,2
994,16,0.655809536988390,0.392431967745577,2
995,16,0.697552367978991,0.214125213566017,2
996,16,-0.419323994193225,0.285630299707686,0
997,16,-0.790688301483762,-0.071383620329989,0
998,16,-0.560903936934656,0.792568033734043,0
999,16,0.628951622292090,0.381465468295197,2
1000,16,-0.811997486531807,0.098139233399646,2
1001,16,-0.811547021202961,-0.000982347169310,2
1002,16,-0.747223040381697,-0.118002678352229,2
1003,16,0.857411204073463,-0.166485999926958,2
1004,16,-0.726487652033239,-0.095016971985348,0
1005,16,0.635743262030076,-0.219079144797334,2
1006,16,-0.921127617609597,0.084882478625399,2
1007,16,-0.657865358751399,0.160375833137456,0
1008,16,-0.920701778672009,0.390266876316961,0
1009,16,0.741317662113357,-0.219294849121396,0
1010,16,0.650028735027442,0.453705548863281,0
1011,16,0.383568678764159,-0.249363651648970,0
1012,16,-0.905754575783045,0.123022656300299,0
1013,16,-0.656823171918671,0.722798261932366,0
1014,16,-0.643926567979176,-0.314942920924292,0
1015,16,-0.733415929631946,0.679780166055254,0
1016,16,-0.088221134713884,0.739090690290179,0
1017,16,0.455852178443074,-0.136868215303027,0
1018,16,-0.739341023668618,0.673331159588184,0
1019,16,0.665188513613641,0.295319020851313,0
1020,16,-0.685562184130805,0.053888034600011,0
1021,16,0.499793131878557,0.406602040008737,0
1022,16,0.609522628081927,0.215244470241779,0
1023,16,-0.735586426815810,0.677430888453324,0
1024,16,0.771263440039504,0.448793748018439,0
1025,16,0.675877600276678,0.318280678177635,0
1026,16,0.612539689545366,0.367575217195229,0
1027,16,0.534341152442857,0.511422367953278,0
1028,16,0.614543502852580,0.350085842079463,0
1029,16,0.659898851461359,0.385731414442182,0
1030,16,0.719524682375757,0.414684831565900,0
1031,16,0.672441496895761,-0.344884290358641,0
1032,16,0.674944149847909,0.407817811198945,0
1033,16,-0.796226941418395,0.604998064260959,0
1034,16,-0.901009316419345,0.433799735041799,0
1035,16,-0.917688327587055,0.087133329901845,0
1036,16,-0.902066024906342,0.431598061522142,0
1037,16,-0.813221552326679,0.581954213689863,0
1038,16,-0.732784772179675,0.151347406330385,0
1039,16,-0.888070728960361,0.459706841763109,0
1040,16,0.848027687047677,0.183387273827747,0
1041,16,0.698930008317627,0.437973167188332,0
1042,16,0.547698498681590,0.491300160501060,0
1043,16,-0.925864844206593,0.225851158911191,0
1044,16,-0.757276382878248,0.107031857529085,0
1045,16,0.629922301187174,0.476146282696813,0
1046,16,0.604974761822562,0.625890584810993,0
1047,16,0.760892605276680,0.362018418589090,0
1048,16,-0.738390835879576,0.101442387131277,0
1049,16,-0.655057914488211,-0.078298801343302,0
1050,16,0.671801986269633,0.371087383719288,0
1051,16,-0.872857276398239,0.487975566793342,0
1052,16,0.761177176309139,0.450350809647832,0
1053,16,0.527329641094213,-0.094760333981583,0
1054,16,0.528528828484735,0.525560039610466,0
1055,16,0.465044224266225,-0.229208195796930,0
1056,16,-0.862078830681926,0.080888925597258,0
1057,16,0.476474813581914,0.767101108239301,0
1058,16,-0.728899918621082,0.684620266011882,0
1059,16,0.537905672480560,0.656905508251028,0
1060,16,0.758651038663642,0.323595127955514,0
1061,16,-0.712529352206308,0.117047177343796,0
1062,16,-0.248284801230419,0.687391181236920,0
1063,16,-0.742525925772143,0.669817324461082,0
1064,16,0.433201743589111,0.269743780064169,0
1065,16,0.721898303668206,-0.415863475865929,0
1066,16,0.471170024142782,-0.259332560002528,0
1067,16,0.580528383706279,0.502225207303181,0
1068,16,-0.834028847416587,0.551720836725385,0
1069,16,0.624203501374632,0.781261792788851,0
1070,16,-0.723288343617127,0.365811416702842,0
1071,16,-0.795950456279653,0.089814046258084,0
1072,16,0.616996915992537,-0.251451930376087,0
1073,16,-0.810102799484142,0.087362772737100,0
1074,16,-0.906983071409541,0.145368645827878,0
1075,16,0.710646505469345,0.461706853888679,0
1076,16,-0.659110165527673,-0.073246512179014,0
1077,16,-0.617539190061302,0.301919228767431,0
1078,16,-0.691781076956808,-0.032992295158119,0
1079,16,0.734142251813331,0.398452022526006,0
1080,16,0.297955492167781,-0.277657475927286,0
1081,16,0.854306180819217,0.439949872047180,0
1082,16,0.787664618249153,0.343150139591721,0
1083,16,-0.777834276499163,0.409530273747729,0
1084,16,-0.234605289755199,0.583860487593783,0
1085,16,-0.727824660913539,0.685763269844989,0
1086,16,-0.805563557715299,0.592509370795998,0
1087,16,-0.821124577686948,0.570749004579806,0
1088,16,0.675429769562388,0.408398310226785,0
1089,16,0.561009434925524,-0.084007944155132,0
1090,16,0.676156499846240,0.378947064199276,0
1091,16,-0.993730463143674,-0.111802355164187,0
1092,16,-0.579510303148736,0.814964912462163,0
1093,16,-0.995825600329256,0.091276359090822,0
74,17,-0.798056850417228,-0.040957590137075,0
132,17,0.462594105054819,-0.757899307373888,2
137,17,-0.554275701064728,-0.239992453586784,2
140,17,-0.563983829704747,-0.407918184877104,2
150,17,-0.873298398514846,-0.116238162290782,2
151,17,0.908969284614727,0.416863094585009,0
155,17,0.510736676340789,-0.755355844367083,2
158,17,-0.913419646846812,0.439333670776451,2
159,17,0.576016017378659,0.614630764454783,2
161,17,0.469802399049698,-0.710656280300646,2
164,17,0.506905096645078,-0.500876186333665,2
165,17,0.772851606333536,0.376141455187925,2
166,17,0.039610146448413,-0.842120494119066,2
169,17,-0.830105961851248,0.417032457150733,2
170,17,-0.476516265039831,-0.519739769935877,0
172,17,0.769433416993446,-0.216944187846040,2
173,17,-0.803477892368827,0.422124971400189,0
175,17,0.714195361960124,0.575942899078512,2
176,17,-0.939638235519255,0.080379025099834,2
177,17,-0.731018916222103,0.210388196073372,2
178,17,0.128226877990761,-0.775804473669718,2
179,17,0.741329784502700,0.746181051238882,2
181,17,-0.546771197164172,-0.089053890520662,2
185,17,-0.654658813202634,-0.273336939292666,2
187,17,0.586637880757646,0.652565079628323,2
190,17,-0.487811446544504,0.359629071133150,2
193,17,-0.901788289658683,-0.041223119828194,2
195,17,-0.870952932176891,-0.456606922758263,2
202,17,-0.528088811857131,-0.106524122722596,0
205,17,-0.773710293885317,0.596385925565143,2
206,17,0.584957226163283,0.631009694666300,2
208,17,0.728132349392022,0.701276367419508,2
209,17,0.925602513985929,0.447385833719611,2
211,17,-0.334273332380349,0.475632636442685,1
213,17,-0.663008780869364,-0.116985673438503,2
220,17,-0.598198485631476,0.064377704818425,2
221,17,-0.813859476333384,0.377676148448254,2
222,17,-0.675338056248088,-0.215038507494667,2
224,17,-0.700181355339811,-0.311541221240399,2
226,17,-0.538283313481925,-0.269967560141739,2
234,17,0.760193355391339,0.607559589078138,2
239,17,-0.654766231167168,-0.552652682986392,2
242,17,0.482605513529633,-0.710913789375150,0
660,17,-0.145719860749826,0.562649735797021,0
800,17,-0.858040800955497,-0.069353287208189,2
801,17,0.295644129660396,-0.578657272814547,0
802,17,-1.002997310026643,0.092779205277576,2
803,17,-0.579951094509854,0.153457336608389,2
804,17,-0.916580877845531,0.088799337873293,2
805,17,0.704883373176606,0.873757453221098,2
806,17,0.307650061072428,-0.499801975443963,2
807,17,0.731680594896940,0.839616048462218,2
808,17,-0.439312314182706,-0.763187970727574,2
809,17,0.587409280165513,0.017498706388151,2
810,17,-0.589003166203036,0.543387308202504,2
811,17,0.700198234907042,-0.003109332799763,2
812,17,0.683186109975783,0.234660525871264,2
813,17,0.501289671940800,0.229378841633798,2
814,17,0.589723135093515,-0.276029852205616,2
815,17,0.614728045738262,-0.056522685095436,2
816,17,-0.538193255821137,0.784546901863685,2
817,17,-0.935559761581579,-0.031420407632478,2
818,17,0.616359030437890,-0.098174840439614,2
819,17,-0.648009471551577,0.004438310291621,2
820,17,0.324293199341951,-0.621802101504378,0
821,17,0.839721698486028,0.540362388465699,2
822,17,0.792659523787222,0.068745860665115,2
823,17,0.753779158730301,0.692635294433060,2
824,17,-0.899010747376923,-0.068483610791205,2
825,17,0.499090598346067,-0.240958457738272,2
826,17,-0.436408709938402,-0.575458105570648,2
827,17,-0.845600476382096,0.106863369775258,2
828,17,0.675677436320654,0.631691785465417,2
829,17,-0.707808351900693,0.706404513702755,0
830,17,0.678259689083350,0.527290126593382,2
831,17,0.567326623894119,0.085632076452957,2
832,17,-0.867669568680025,0.135750373835670,2
833,17,-0.793022769579931,-0.170780677315859,0
834,17,0.520501950729523,-0.302207734582169,2
835,17,-0.676622381785643,-0.736330192554077,0
836,17,-0.758880199430166,-0.117773289087579,2
837,17,-0.797876558128560,-0.170010674686818,2
838,17,0.613889906905534,-0.060760923492414,2
839,17,-0.691790232383391,-0.248323545212452,2
840,17,0.791889927426544,0.397205133620796,2
841,17,-0.590894881324843,0.595275800786507,0
842,17,0.546851536774620,-0.516056482839896,2
843,17,0.540476761724058,0.465238268396424,2
844,17,0.730259672584896,0.425988889529240,2
845,17,-0.775701129593900,-0.024830412772745,0
846,17,0.349785055182365,1.187804831483128,2
847,17,-0.626615670705563,0.618109293716663,2
848,17,-0.819094011241913,-0.003622431843882,2
849,17,-0.811947531357197,0.298142291271340,2
850,17,0.552350585492042,-0.093406168330308,2
851,17,0.496025169974253,-0.520445650617399,0
852,17,-0.748728583255924,0.272140070176544,2
853,17,-0.063901923181921,-0.618323926287472,2
854,17,-0.638761564689751,0.087017186755552,2
855,17,-0.710890712005672,0.006118713638238,2
856,17,-0.643696746930508,0.030959871884931,2
857,17,0.800309805846741,-0.065068341281586,2
858,17,-0.626943221357159,0.755665483451704,2
859,17,-0.808536630726514,0.260798969711718,2
860,17,-0.598025272086016,0.595895907911012,2
861,17,0.771864319854036,0.018832585506738,2
862,17,-0.554028226382024,0.810310146198092,2
863,17,0.485623289748729,-0.224913296489599,2
864,17,0.622578092137461,0.665576772805501,2
865,17,0.629086330059656,-0.275260767701275,2
866,17,-0.599960137371652,-0.214338462005831,2
867,17,0.507321694059694,0.504035574168416,2
868,17,0.542298537416495,0.274727943037391,2
869,17,-0.773313576977194,-0.198926767650010,2
870,17,-0.803334637579952,0.092165072118064,2
871,17,0.655369618066422,0.287281453902524,2
872,17,-0.584538321415559,-0.770786714329775,2
873,17,-0.860834854355972,0.033902617223438,2
874,17,0.568702248611266,-0.247201073288993,2
875,17,0.749469319188161,0.171673329996645,2
876,17,-0.630821290918803,-0.348080223919318,2
877,17,-0.613310975668104,0.469523421413597,2
878,17,-0.540151165927237,-0.316818743880280,2
879,17,-0.452720123346565,0.246651846883389,2
880,17,-0.909206650984390,-0.193685764033104,2
881,17,0.405883778442775,-0.616094841898727,2
882,17,-0.823115050304115,-0.018893319367396,2
883,17,-0.792882302989672,-0.080087127150020,2
884,17,0.873049462045168,0.612712043689186,2
885,17,-0.645847520921665,-0.099997684502440,2
886,17,-0.921687118983483,0.454137165962805,2
887,17,0.703267259342082,0.337457605129299,2
888,17,-0.809974552635910,-0.089891431896870,2
889,17,0.585627633381787,0.031895620551729,2
890,17,-0.900983286976442,0.027985190505054,2
891,17,0.230184293653105,0.860404927272046,2
892,17,-0.778259066815606,0.137776602039861,2
893,17,-0.294713490520085,0.380814397904445,2
894,17,-0.702768446912618,0.135960068143461,2
895,17,0.683769702945404,0.265254015929110,2
896,17,0.466535036761955,-0.408767424291475,0
897,17,-0.550215445021703,0.285473337066000,2
898,17,-0.463735816443703,0.549531512139341,2
899,17,-0.772447277854501,0.218062142298591,2
900,17,-0.840079892253771,-0.306521600119445,0
901,17,-0.940515556870493,0.339750625142303,0
902,17,-0.654201292035017,0.027534248130630,2
903,17,-0.867351628852067,0.245186178209993,2
904,17,-0.803611292520736,0.259257366964920,2
905,17,0.580814556338829,-0.304353028510926,2
906,17,0.771192736107999,0.080517123357785,2
907,17,0.685855742308232,0.432144244204982,2
908,17,0.791294841653276,-0.107366227740811,2
909,17,0.392793392588053,-0.653603962304985,0
910,17,-0.776936108869856,-0.248094444079784,2
911,17,-0.536575183298073,0.423828325754453,2
912,17,0.592561510230266,-0.567924987642244,2
913,17,-0.496129908599709,0.284421384935059,2
914,17,-0.781948562697497,0.296114934663092,2
915,17,0.370475124184099,0.314257364066978,2
916,17,-0.715551620333235,0.249000032886956,2
917,17,0.636970240569475,0.045862676200312,2
918,17,-0.494384591377429,0.171859715722473,2
919,17,0.650726112207260,-0.339315487990379,2
920,17,-0.754376197273447,-0.295703468808410,2
921,17,0.305324019707863,-0.775010751188427,2
922,17,-0.686294166087768,-0.310466493207038,1
923,17,0.527468387702745,-0.196673937667427,2
924,17,-0.751048627747347,-0.398758020843115,2
925,17,-0.512751162957980,-0.481127654664254,2
926,17,0.617021222747101,-0.061095433001882,2
927,17,0.247700598041466,1.348484109271345,2
928,17,0.613511177367672,-0.368314275186344,0
929,17,-0.619908443161059,0.160528111322777,2
930,17,-0.923822176597961,-0.037867547524341,2
931,17,-0.762062976215898,-0.151194719756943,2
932,17,-0.492435372935894,0.516424034556019,0
933,17,-0.479738983277955,0.558781009675279,2
934,17,-0.505691789279612,0.631510419697125,2
935,17,0.665809932423029,0.722389618564474,2
936,17,-0.837936070161671,0.657705991229123,2
937,17,-0.916461059107384,0.086136099549050,2
938,17,0.564766256920691,-0.369152105478360,2
939,17,0.628105235130596,-0.531634960452164,2
940,17,0.639456357053722,-0.505596297144880,2
941,17,-0.802765552811039,-0.050426808958310,2
942,17,0.602976833115904,-0.453895042041968,2
943,17,0.116587234305588,0.993180455303540,0
944,17,0.601957170066982,-0.449263771537780,2
945,17,0.533978317446673,-0.295510173419153,2
946,17,0.700250240846792,0.476408736262193,2
947,17,-0.547799551713506,0.563002309521742,2
948,17,-0.180141039402584,1.581074473124397,2
949,17,0.551919655527786,0.687224885735013,2
950,17,-0.687906288174457,0.424943810067160,2
951,17,0.588681178839303,-0.246618147617238,2
952,17,0.649883549047064,0.455213058012492,2
953,17,0.598162206172515,0.469839065247838,2
954,17,0.635813917269176,-0.579514212637353,2
955,17,0.650455283428699,-0.557086601808377,2
956,17,-0.883527754893300,-0.017158388230597,2
957,17,-0.645493564506786,0.515965867459809,2
958,17,-0.500365922057597,-0.450950163300465,2
959,17,0.700736188514272,-0.317354097434594,2
960,17,-0.618650203453689,-0.119263323328448,0
961,17,-0.112318313979738,1.181298337601849,2
962,17,0.505537103336299,-0.446622222915919,2
963,17,-0.373640058866970,0.178223369301443,2
964,17,0.613421134362394,-0.185583473912754,0
965,17,0.772880901068763,0.004425934955361,0
966,17,0.588903644894976,-0.297145075057363,0
967,17,0.618451402225752,-0.367925111172644,2
968,17,-0.741666338243831,-0.057227583564219,2
969,17,-0.613460388374363,0.563027985307809,0
970,17,0.395861759144961,-0.233214097924347,2
971,17,0.590269384858356,0.141822173497694,2
972,17,-0.910397755370453,0.256348063846802,2
973,17,-0.932407883780927,0.033994867904736,2
974,17,-0.702174211395177,0.136037778194170,2
975,17,-0.786303909544513,0.051751702185200,2
976,17,0.657857326555015,-0.333906533541292,2
977,17,-0.439721840518718,0.720177821778321,0
978,17,0.567586819796158,-0.355315152421168,0
979,17,-0.414608618019670,0.307766279687123,0
980,17,-0.525936863691156,-0.261597340179598,0
981,17,-0.767022831590531,0.108878229924128,2
982,17,-0.268721972829876,0.615673630600403,2
983,17,-0.566173419645555,0.606361661608239,0
984,17,0.494169972427340,0.476411059714016,2
985,17,0.619819852894651,-0.218453542562679,2
986,17,-0.640266937491330,-0.072156705335533,2
987,17,-0.746046113710487,0.624687851584661,2
988,17,0.483689818955835,0.652003139551428,0
989,17,0.542563529879784,-0.240377255101365,2
990,17,-0.794257255149324,-0.091940448977909,0
991,17,-0.707401860871666,0.565267051970465,2
992,17,-0.487995294112659,0.798233569157570,0
993,17,-0.931196539503586,0.009909580422435,2
994,17,0.660165034964503,0.414167066807755,2
995,17,0.715810927987901,0.231786914202831,2
996,17,-0.419323994193225,0.285630299707686,0
997,17,-0.790688301483762,-0.071383620329989,0
998,17,-0.560903936934656,0.792568033734043,0
999,17,0.633416574347681,0.363759744904607,2
1000,17,-0.808485259751650,0.113332338178758,2
1001,17,-0.807333279166772,0.020815694000721,2
1002,17,-0.744315905833491,-0.082122514274188,2
1003,17,0.826083753672351,-0.151781645879957,2
1004,17,-0.726487652033239,-0.095016971985348,0
1005,17,0.633863445653310,-0.203360848136108,2
1006,17,-0.922700229056950,0.110495405321479,2
1007,17,-0.657865358751399,0.160375833137456,0
1008,17,-0.920701778672009,0.390266876316961,0
1009,17,0.741317662113357,-0.219294849121396,0
1010,17,0.650028735027442,0.453705548863281,0
1011,17,0.383568678764159,-0.249363651648970,0
1012,17,-0.905754575783045,0.123022656300299,0
1013,17,-0.656823171918671,0.722798261932366,0
1014,17,-0.643926567979176,-0.314942920924292,0
1015,17,-0.733415929631946,0.679780166055254,0
1016,17,-0.088221134713884,0.739090690290179,0
1017,17,0.455852178443074,-0.136868215303027,0
1018,17,-0.739341023668618,0.673331159588184,0
1019,17,0.665188513613641,0.295319020851313,0
1020,17,-0.685562184130805,0.053888034600011,0
1021,17,0.499793131878557,0.406602040008737,0
1022,17,0.609522628081927,0.215244470241779,0
1023,17,-0.735586426815810,0.677430888453324,0
1024,17,0.771263440039504,0.448793748018439,0
1025,17,0.675877600276678,0.318280678177635,0
1026,17,0.612539689545366,0.367575217195229,0
1027,17,0.534341152442857,0.511422367953278,0
1028,17,0.614543502852580,0.350085842079463,0
1029,17,0.659898851461359,0.385731414442182,0
1030,17,0.719524682375757,0.414684831565900,0
1031,17,0.672441496895761,-0.344884290358641,0
1032,17,0.674944149847909,0.407817811198945,0
1033,17,-0.796226941418395,0.604998064260959,0
1034,17,-0.901009316419345,0.433799735041799,0
1035,17,-0.917688327587055,0.087133329901845,0
1036,17,-0.902066024906342,0.431598061522142,0
1037,17,-0.813221552326679,0.581954213689863,0
1038,17,-0.732784772179675,0.151347406330385,0
1039,17,-0.888070728960361,0.459706841763109,0
1040,17,0.848027687047677,0.183387273827747,0
1041,17,0.698930008317627,0.437973167188332,0
1042,17,0.547698498681590,0.491300160501060,0
1043,17,-0.925864844206593,0.225851158911191,0
1044,17,-0.757276382878248,0.107031857529085,0
1045,17,0.629922301187174,0.476146282696813,0
1046,17,0.604974761822562,0.625890584810993,0
1047,17,0.760892605276680,0.362018418589090,0
1048,17,-0.738390835879576,0.101442387131277,0
1049,17,-0.655057914488211,-0.078298801343302,0
1050,17,0.671801986269633,0.371087383719288,0
1051,17,-0.872857276398239,0.487975566793342,0
1052,17,0.761177176309139,0.450350809647832,0
1053,17,0.527329641094213,-0.094760333981583,0
1054,17,0.528528828484735,0.525560039610466,0
1055,17,0.465044224266225,-0.229208195796930,0
1056,17,-0.862078830681926,0.080888925597258,0
1057,17,0.476474813581914,0.767101108239301,0
1058,17,-0.728899918621082,0.684620266011882,0
1059,17,0.537905672480560,0.656905508251028,0
1060,17,0.758651038663642,0.323595127955514,0
1061,17,-0.712529352206308,0.117047177343796,0
1062,17,-0.248284801230419,0.687391181236920,0
1063,17,-0.742525925772143,0.669817324461082,0
1064,17,0.433201743589111,0.269743780064169,0
1065,17,0.721898303668206,-0.415863475865929,0
1066,17,0.471170024142782,-0.259332560002528,0
1067,17,0.580528383706279,0.502225207303181,0
1068,17,-0.834028847416587,0.551720836725385,0
1069,17,0.624203501374632,0.781261792788851,0
1070,17,-0.723288343617127,0.365811416702842,0
1071,17,-0.795950456279653,0.089814046258084,0
1072,17,0.616996915992537,-0.251451930376087,0
1073,17,-0.810102799484142,0.087362772737100,0
1074,17,-0.906983071409541,0.145368645827878,0
1075,17,0.710646505469345,0.461706853888679,0
1076,17,-0.659110165527673,-0.073246512179014,0
1077,17,-0.617539190061302,0.301919228767431,0
1078,17,-0.691781076956808,-0.032992295158119,0
1079,17,0.734142251813331,0.398452022526006,0
1080,17,0.297955492167781,-0.277657475927286,0
1081,17,0.854306180819217,0.439949872047180,0
1082,17,0.787664618249153,0.343150139591721,0
1083,17,-0.777834276499163,0.409530273747729,0
1084,17,-0.234605289755199,0.583860487593783,0
1085,17,-0.727824660913539,0.685763269844989,0
1086,17,-0.805563557715299,0.592509370795998,0
1087,17,-0.821124577686948,0.570749004579806,0
1088,17,0.675429769562388,0.408398310226785,0
1089,17,0.561009434925524,-0.084007944155132,0
1090,17,0.676156499846240,0.378947064199276,0
1091,17,-0.993730463143674,-0.111802355164187,0
1092,17,-0.579510303148736,0.814964912462163,0
1093,17,-0.995825600329256,0.091276359090822,0
74,18,-0.798056850417228,-0.040957590137075,0
132,18,0.484239655710378,-0.736383901307421,2
137,18,-0.547130203122433,-0.250688340372973,2
140,18,-0.581659966168867,-0.363584987389746,2
150,18,-0.865579544204247,-0.051598875465325,2
151,18,0.908969284614727,0.416863094585009,0
155,18,0.537021122862914,-0.764970282925029,2
158,18,-0.916654146971619,0.477690744021164,2
159,18,0.579368235505746,0.633432210538031,2
161,18,0.462268220767723,-0.693054465705735,2
164,18,0.539706862046920,-0.488545849076550,2
165,18,0.762618501717839,0.399824623223493,2
166,18,0.042828956804815,-0.835768809597619,2
169,18,-0.845023273848233,0.436323589622475,2
170,18,-0.476516265039831,-0.519739769935877,0
172,18,0.786386911017142,-0.138362084365071,2
173,18,-0.803477892368827,0.422124971400189,0
175,18,0.700099362145383,0.602251008029648,2
176,18,-0.917874558546808,0.059225731026542,2
177,18,-0.723316372974618,0.152817751148692,2
178,18,0.022533857423911,-0.678152691072120,2
179,18,0.720238814044265,0.734854577846390,2
181,18,-0.547965763350040,0.018437478407160,2
185,18,-0.638349933855234,-0.290600240691328,2
187,18,0.584085460695010,0.672998898834243,2
190,18,-0.480063370123994,0.473718518718946,2
193,18,-0.904811072263658,-0.028361525358162,2
195,18,-0.871472940944368,-0.354231480827386,2
202,18,-0.528088811857131,-0.106524122722596,0
205,18,-0.777264148199632,0.618665224361360,2
206,18,0.620759020290363,0.443119221445529,2
208,18,0.727634503138086,0.687098653724595,2
209,18,0.925826802480810,0.421349278132385,2
211,18,-0.326979971273764,0.507197666979234,1
213,18,-0.656695805039478,-0.123269014554790,2
220,18,-0.600410846594627,0.131286124646188,2
221,18,-0.820940098909370,0.330059855123118,2
222,18,-0.673402409868495,-0.235517472514880,2
224,18,-0.673893728363171,-0.274998843111234,2
226,18,-0.529778703448658,-0.272270511732067,2
234,18,0.712420449940196,0.662743555903140,2
239,18,-0.654569269706491,-0.540698728657564,2
242,18,0.482605513529633,-0.710913789375150,0
660,18,-0.145719860749826,0.562649735797021,0
800,18,-0.850824887578500,-0.102537733280715,2
801,18,0.295644129660396,-0.578657272814547,0
802,18,-0.993552643118381,0.036707933280602,2
803,18,-0.533579995643643,0.443693647204475,2
804,18,-0.922325575681646,0.093562732584369,2
805,18,0.699448344226267,0.811588006447223,2
806,18,0.316556760766841,-0.503926372494909,2
807,18,0.708153647052821,0.819431133035840,2
808,18,-0.445573425011088,-0.733594950458404,2
809,18,0.612907000359980,0.002890023287497,2
810,18,-0.561527152649222,0.514743909709261,2
811,18,0.702584531208137,-0.037702442386933,2
812,18,0.667475962192338,0.151161317787136,2
813,18,0.521772033151080,0.306594388851100,2
814,18,0.592836560520781,-0.168328362673786,2
815,18,0.587373388916788,-0.122202885722111,2
816,18,-0.508567503983191,0.811679034375239,2
817,18,-0.948150857655972,0.037013411519873,2
818,18,0.590094568480486,-0.035127210908307,2
819,18,-0.650476043474797,-0.061229952833136,2
820,18,0.324293199341951,-0.621802101504378,0
821,18,0.834583598734447,0.520657758682284,2
822,18,0.765401046755061,0.020431238262733,2
823,18,0.749100311815940,0.669884764896922,2
824,18,-0.894841758055676,-0.063558482614146,2
825,18,0.457220603854814,-0.110249785528703,2
826,18,-0.451404312365328,-0.733838054325087,2
827,18,-0.833455298450622,0.172209993978144,2
828,18,0.684305751809124,0.591837981720852,2
829,18,-0.707808351900693,0.706404513702755,0
830,18,0.684149198308707,0.540374262380644,2
831,18,0.560215049402979,0.026791569062738,2
832,18,-0.864050842108739,0.135959794372416,2
833,18,-0.793022769579931,-0.170780677315859,0
834,18,0.481865635524168,-0.299700395407365,2
835,18,-0.676622381785643,-0.736330192554077,0
836,18,-0.744303051077905,-0.135295893724221,2
837,18,-0.781165768507552,-0.163429472260588,2
838,18,0.607310911904220,-0.095019839910422,2
839,18,-0.683835418740089,-0.287031397759638,2
840,18,0.766018633445489,0.359447349906896,2
841,18,-0.590894881324843,0.595275800786507,0
842,18,0.555202570663849,-0.496661212831481,2
843,18,0.550650783400364,0.476087532528338,2
844,18,0.716602617679262,0.374990923726340,2
845,18,-0.775701129593900,-0.024830412772745,0
846,18,0.354607774363856,1.536746268763785,2
847,18,-0.624549499123925,0.625817433435153,2
848,18,-0.803088315334087,0.076836130772299,2
849,18,-0.792169669273430,0.206478056668561,2
850,18,0.537844156388135,-0.136119406579144,2
851,18,0.496025169974253,-0.520445650617399,0
852,18,-0.732571213756666,0.308453538737932,2
853,18,-0.140334934188461,-0.615729849842794,2
854,18,-0.623709841116593,0.038726649039481,2
855,18,-0.674105425811706,-0.040200601715351,2
856,18,-0.646817666245170,0.058043109617976,2
857,18,0.801003206501912,-0.152203472976835,2
858,18,-0.622094407741255,0.727878260098871,2
859,18,-0.807764184968048,0.235151387475487,2
860,18,-0.575756396410920,0.608085515286731,2
861,18,0.796018655764291,0.096852270683365,2
862,18,-0.502347159266869,0.709275585546295,2
863,18,0.474004218990140,-0.126051449909749,2
864,18,0.627178564014342,0.612988567805829,2
865,18,0.636733521615883,-0.318464290848594,2
866,18,-0.565588308866077,-0.254181931325308,2
867,18,0.543246792823623,0.544966944892023,2
868,18,0.559429803681463,0.358409331982990,2
869,18,-0.766726288465989,-0.173440062510289,2
870,18,-0.791518249916356,0.092184903472909,2
871,18,0.648957576793470,0.214449233766381,2
872,18,-0.614570225109101,-0.597574274740088,2
873,18,-0.849556009640495,-0.014795050480907,2
874,18,0.561663028048268,-0.260543736229179,2
875,18,0.705465239882274,0.094542333499658,2
876,18,-0.619183512774349,-0.395698912499501,2
877,18,-0.605226829056250,0.486859527143099,2
878,18,-0.523045746968805,-0.423221014027391,2
879,18,-0.429428235375004,0.148793784520481,2
880,18,-0.903213042279724,-0.210657021660465,2
881,18,0.417566292057820,-0.618175262667638,2
882,18,-0.811269769953422,-0.023081439106386,2
883,18,-0.785933466540678,-0.077316941548852,2
884,18,0.873110532133977,0.599495686707355,2
885,18,-0.619976019253968,-0.149773995954686,2
886,18,-0.905877577327273,0.412445673347328,2
887,18,0.683017293468520,0.265963616973156,2
888,18,-0.795028518987164,-0.041154568912055,2
889,18,0.577123154718402,-0.021820725846813,2
890,18,-0.862474104317522,0.049809063855891,2
891,18,0.236196584921169,0.909196003158355,2
892,18,-0.764793576091220,0.063533028523969,2
893,18,-0.261664002724718,0.385631310959383,2
894,18,-0.715588313962205,0.208229933500256,2
895,18,0.694689620517667,0.195987852824615,2
896,18,0.466535036761955,-0.408767424291475,0
897,18,-0.577109562406061,0.475338388867196,2
898,18,-0.444873909018572,0.500966899770841,2
899,18,-0.772083491296601,0.179013418429779,2
900,18,-0.840079892253771,-0.306521600119445,0
901,18,-0.940515556870493,0.339750625142303,0
902,18,-0.647958263640057,-0.001774304992857,2
903,18,-0.864294081969811,0.220363467302711,2
904,18,-0.807964894848671,0.279073116282527,2
905,18,0.586797265048390,-0.318169623813304,2
906,18,0.776338232643324,0.023421838541178,2
907,18,0.674745052916575,0.389908710504806,2
908,18,0.804236536900461,-0.192638658278735,2
909,18,0.392793392588053,-0.653603962304985,0
910,18,-0.748269569894403,-0.337769363560452,2
911,18,-0.538503051362412,0.429364736370363,2
912,18,0.564918408851430,-0.542898088253817,2
913,18,-0.493061089252808,0.211206628838375,2
914,18,-0.775630003356633,0.270284159372344,2
915,18,0.366433394111261,0.314530468976257,2
916,18,-0.707191157372439,0.224466987709034,2
917,18,0.628932128030131,-0.001256476428683,2
918,18,-0.492707885017228,0.233537698390337,2
919,18,0.646279031094028,-0.353434173671907,2
920,18,-0.751782092923503,-0.273908949050800,2
921,18,0.297198635044520,-0.758043999155307,2
922,18,-0.691492244691927,-0.351377990612836,1
923,18,0.499848167449886,-0.197433686931168,2
924,18,-0.748757463811624,-0.427263267113675,2
925,18,-0.498388479562180,-0.495601440439999,2
926,18,0.617485368757131,-0.077768259551077,2
927,18,0.247447897153327,1.343561198545594,2
928,18,0.613511177367672,-0.368314275186344,0
929,18,-0.616815324079097,0.176415557041133,2
930,18,-0.921438687458697,-0.061037807077791,2
931,18,-0.759017171111176,-0.123815557956378,2
932,18,-0.492435372935894,0.516424034556019,0
933,18,-0.470596326034671,0.587871514874669,2
934,18,-0.494481899890937,0.644056040818867,2
935,18,0.665667552556894,0.648167999062390,2
936,18,-0.829286002959154,0.661498367194696,2
937,18,-0.917489128485027,0.097117319785366,2
938,18,0.563046633364960,-0.364119826977286,2
939,18,0.631695739425202,-0.518198213459831,2
940,18,0.647893657318439,-0.482873321091134,2
941,18,-0.797567376861018,-0.052568190239743,2
942,18,0.622961153984721,-0.442798183134434,2
943,18,0.116587234305588,0.993180455303540,0
944,18,0.612799630486790,-0.434406601011865,2
945,18,0.518987700889202,-0.286013822424705,2
946,18,0.712038744831460,0.445481537111821,2
947,18,-0.531381224536815,0.596886605343491,2
948,18,-0.270900278026172,1.614396048506210,2
949,18,0.557529047151397,0.672428013489262,2
950,18,-0.703109196619020,0.299720525081048,2
951,18,0.605748062161359,-0.223101823514723,2
952,18,0.656017880235798,0.441029704863901,2
953,18,0.613556091360971,0.473185108144111,2
954,18,0.632985152989243,-0.593478729522814,2
955,18,0.647951391008703,-0.560914648360124,2
956,18,-0.887019368572543,0.018135542256384,2
957,18,-0.639296097136526,0.452587250768690,2
958,18,-0.499491188231114,-0.493281398701943,2
959,18,0.679401447330469,-0.346619851267721,2
960,18,-0.618650203453689,-0.119263323328448,0
961,18,-0.113428915770083,1.245753961880409,2
962,18,0.537175801369179,-0.359936584968411,2
963,18,-0.367337259853325,0.116056419159888,2
964,18,0.613421134362394,-0.185583473912754,0
965,18,0.772880901068763,0.004425934955361,0
966,18,0.588903644894976,-0.297145075057363,0
967,18,0.625234401538683,-0.351928989613556,2
968,18,-0.743202376488632,-0.023927833343921,2
969,18,-0.613460388374363,0.563027985307809,0
970,18,0.380411243048383,-0.266489939968564,2
971,18,0.603139553373207,0.167903839029121,2
972,18,-0.902516168518674,0.231973632462258,2
973,18,-0.930344754465668,0.081478267579608,2
974,18,-0.698525030863303,0.146015844501140,2
975,18,-0.784743495713412,0.067106508828971,2
976,18,0.649930512463927,-0.331350484322609,2
977,18,-0.439721840518718,0.720177821778321,0
978,18,0.567586819796158,-0.355315152421168,0
979,18,-0.414608618019670,0.307766279687123,0
980,18,-0.525936863691156,-0.261597340179598,0
981,18,-0.770237775966137,0.121545299113961,2
982,18,-0.269174162674935,0.587149994976766,2
983,18,-0.566173419645555,0.606361661608239,0
984,18,0.508936144156518,0.490452039497479,2
985,18,0.598725655421376,-0.221907143744873,2
986,18,-0.638728705314046,-0.066832261685210,2
987,18,-0.744690909160015,0.621186407682099,2
988,18,0.483689818955835,0.652003139551428,0
989,18,0.531792081336848,-0.233780952660049,2
990,18,-0.794257255149324,-0.091940448977909,0
991,18,-0.710249168171183,0.521474977092216,2
992,18,-0.487995294112659,0.798233569157570,0
993,18,-0.929384418982329,0.056100798604522,2
994,18,0.663434244297063,0.439660505134087,2
995,18,0.736385174757822,0.255134097052649,2
996,18,-0.419323994193225,0.285630299707686,0
997,18,-0.790688301483762,-0.071383620329989,0
998,18,-0.560903936934656,0.792568033734043,0
999,18,0.638577589243035,0.346496127456445,2
1000,18,-0.803636777435056,0.129231201453619,2
1001,18,-0.800660765644726,0.042160544002917,2
1002,18,-0.740877956520964,-0.040265395448436,2
1003,18,0.788477682042595,-0.138318160592056,2
1004,18,-0.726487652033239,-0.095016971985348,0
1005,18,0.631357575720293,-0.188783073604277,2
1006,18,-0.924188403306547,0.139630072778416,2
1007,18,-0.657865358751399,0.160375833137456,0
1008,18,-0.920701778672009,0.390266876316961,0
1009,18,0.741317662113357,-0.219294849121396,0
1010,18,0.650028735027442,0.453705548863281,0
1011,18,0.383568678764159,-0.249363651648970,0
1012,18,-0.905754575783045,0.123022656300299,0
1013,18,-0.656823171918671,0.722798261932366,0
1014,18,-0.643926567979176,-0.314942920924292,0
1015,18,-0.733415929631946,0.679780166055254,0
1016,18,-0.088221134713884,0.739090690290179,0
1017,18,0.455852178443074,-0.136868215303027,0
1018,18,-0.739341023668618,0.673331159588184,0
1019,18,0.665188513613641,0.295319020851313,0
1020,18,-0.685562184130805,0.053888034600011,0
1021,18,0.499793131878557,0.406602040008737,0
1022,18,0.609522628081927,0.215244470241779,0
1023,18,-0.735586426815810,0.677430888453324,0
1024,18,0.771263440039504,0.448793748018439,0
1025,18,0.675877600276678,0.318280678177635,0
1026,18,0.612539689545366,0.367575217195229,0
1027,18,0.534341152442857,0.511422367953278,0
1028,18,0.614543502852580,0.350085842079463,0
1029,18,0.659898851461359,0.385731414442182,0
1030,18,0.719524682375757,0.414684831565900,0
1031,18,0.672441496895761,-0.344884290358641,0
1032,18,0.674944149847909,0.407817811198945,0
1033,18,-0.796226941418395,0.604998064260959,0
1034,18,-0.901009316419345,0.433799735041799,0
1035,18,-0.917688327587055,0.087133329901845,0
1036,18,-0.902066024906342,0.431598061522142,0
1037,18,-0.813221552326679,0.581954213689863,0
1038,18,-0.732784772179675,0.151347406330385,0
1039,18,-0.888070728960361,0.459706841763109,0
1040,18,0.848027687047677,0.183387273827747,0
1041,18,0.698930008317627,0.437973167188332,0
1042,18,0.547698498681590,0.491300160501060,0
1043,18,-0.925864844206593,0.225851158911191,0
1044,18,-0.757276382878248,0.107031857529085,0
1045,18,0.629922301187174,0.476146282696813,0
1046,18,0.604974761822562,0.625890584810993,0
1047,18,0.760892605276680,0.362018418589090,0
1048,18,-0.738390835879576,0.101442387131277,0
1049,18,-0.655057914488211,-0.078298801343302,0
1050,18,0.671801986269633,0.371087383719288,0
1051,18,-0.872857276398239,0.487975566793342,0
1052,18,0.761177176309139,0.450350809647832,0
1053,18,0.527329641094213,-0.094760333981583,0
1054,18,0.528528828484735,0.525560039610466,0
1055,18,0.465044224266225,-0.229208195796930,0
1056,18,-0.862078830681926,0.080888925597258,0
1057,18,0.476474813581914,0.767101108239301,0
1058,18,-0.728899918621082,0.684620266011882,0
1059,18,0.537905672480560,0.656905508251028,0
1060,18,0.758651038663642,0.323595127955514,0
1061,18,-0.712529352206308,0.117047177343796,0
1062,18,-0.248284801230419,0.687391181236920,0
1063,18,-0.742525925772143,0.669817324461082,0
1064,18,0.433201743589111,0.269743780064169,0
1065,18,0.721898303668206,-0.415863475865929,0
1066,18,0.471170024142782,-0.259332560002528,0
1067,18,0.580528383706279,0.502225207303181,0
1068,18,-0.834028847416587,0.551720836725385,0
1069,18,0.624203501374632,0.781261792788851,0
1070,18,-0.723288343617127,0.365811416702842,0
1071,18,-0.795950456279653,0.089814046258084,0
1072,18,0.616996915992537,-0.251451930376087,0
1073,18,-0.810102799484142,0.087362772737100,0
1074,18,-0.906983071409541,0.145368645827878,0
1075,18,0.710646505469345,0.461706853888679,0
1076,18,-0.659110165527673,-0.073246512179014,0
1077,18,-0.617539190061302,0.301919228767431,0
1078,18,-0.691781076956808,-0.032992295158119,0
1079,18,0.734142251813331,0.398452022526006,0
1080,18,0.297955492167781,-0.277657475927286,0
1081,18,0.854306180819217,0.439949872047180,0
1082,18,0.787664618249153,0.343150139591721,0
1083,18,-0.777834276499163,0.409530273747729,0
1084,18,-0.234605289755199,0.583860487593783,0
1085,18,-0.727824660913539,0.685763269844989,0
1086,18,-0.805563557715299,0.592509370795998,0
1087,18,-0.821124577686948,0.570749004579806,0
1088,18,0.675429769562388,0.408398310226785,0
1089,18,0.561009434925524,-0.084007944155132,0
1090,18,0.676156499846240,0.378947064199276,0
1091,18,-0.993730463143674,-0.111802355164187,0
1092,18,-0.579510303148736,0.814964912462163,0
1093,18,-0.995825600329256,0.091276359090822,0
74,19,-0.798056850417228,-0.040957590137075,0
132,19,0.506039969862344,-0.708338439122449,2
137,19,-0.541797548821241,-0.267841184628208,2
140,19,-0.603439704075575,-0.309769937180727,2
150,19,-0.856626263666648,0.036362486481302,2
151,19,0.908969284614727,0.416863094585009,0
155,19,0.566467164711437,-0.779252753008120,2
158,19,-0.918707095860545,0.522292386233534,2
159,19,0.585707774154141,0.650941141241395,2
161,19,0.453609442064991,-0.675336228434063,2
164,19,0.576710714156621,-0.479540806555040,2
165,19,0.751243674874115,0.424117099830656,2
166,19,0.055782060947338,-0.816962315338694,2
169,19,-0.861535698107304,0.458237219256208,2
170,19,-0.476516265039831,-0.519739769935877,0
172,19,0.804709901691699,-0.054347436600704,2
173,19,-0.803477892368827,0.422124971400189,0
175,19,0.682720534848506,0.637051637266195,2
176,19,-0.893520957442275,0.038984361663596,2
177,19,-0.714637641860859,0.089370516685341,2
178,19,-0.099326105670824,-0.567091525675841,2
179,19,0.693541918814443,0.722317470613889,2
181,19,-0.551395368679398,0.139833211555559,2
185,19,-0.620495230677784,-0.312794320827359,2
187,19,0.582298838103345,0.697842884777676,2
190,19,-0.470624709307175,0.588309215539560,2
193,19,-0.908507168720791,-0.000731269032938,2
195,19,-0.873367678116929,-0.212953687566284,2
202,19,-0.528088811857131,-0.106524122722596,0
205,19,-0.781917079422011,0.639366110793751,2
206,19,0.662502307813134,0.222207480579680,2
208,19,0.726369442369663,0.671169011703241,2
209,19,0.920586027388020,0.391931143191102,2
211,19,-0.319686610167178,0.538762697515783,1
213,19,-0.650486035431996,-0.136432018620226,2
220,19,-0.603823543411059,0.200363040139733,2
221,19,-0.827302930613081,0.283423892764499,2
222,19,-0.671253966664754,-0.267994622056803,2
224,19,-0.644813202345963,-0.233536923028394,2
226,19,-0.520640358563240,-0.276656396126728,2
234,19,0.657433480406945,0.727454122149877,2
239,19,-0.651193773489201,-0.517785990227611,2
242,19,0.482605513529633,-0.710913789375150,0
660,19,-0.145719860749826,0.562649735797021,0
800,19,-0.841817274732254,-0.135668626188406,2
801,19,0.295644129660396,-0.578657272814547,0
802,19,-0.981617965237343,-0.023910160418107,2
803,19,-0.484227934728661,0.773801125466587,2
804,19,-0.928745917678599,0.100745646489427,2
805,19,0.693851179587852,0.735277702786626,2
806,19,0.329593596844289,-0.512901393130855,2
807,19,0.680754601355133,0.792435061452514,2
808,19,-0.456470908891174,-0.692862549774314,2
809,19,0.644616990925630,-0.008037645491166,2
810,19,-0.531529637742455,0.469921885751619,2
811,19,0.706017727795834,-0.070538542872376,2
812,19,0.650015831103346,0.057962998934456,2
813,19,0.542400993234962,0.383105817214159,2
814,19,0.595027998445120,-0.052226166642940,2
815,19,0.557731774033108,-0.190339635841505,2
816,19,-0.477047004381780,0.825131212313086,2
817,19,-0.962767759048758,0.125458278185657,2
818,19,0.558861963559348,0.032302355030500,2
819,19,-0.655040804893888,-0.132694414377801,2
820,19,0.324293199341951,-0.621802101504378,0
821,19,0.827240907696999,0.496230929457443,2
822,19,0.732634434693923,-0.026305217381263,2
823,19,0.743580428742272,0.641635297373303,2
824,19,-0.890574412261128,-0.056524462031305,2
825,19,0.410526886656932,0.030265537680754,2
826,19,-0.439165800192319,-0.902674878068709,2
827,19,-0.820367430338052,0.247455622857278,2
828,19,0.694612287502399,0.542161973768163,2
829,19,-0.707808351900693,0.706404513702755,0
830,19,0.692171571838224,0.554502957697202,2
831,19,0.553471431040483,-0.035843913079755,2
832,19,-0.859897194033100,0.138592950200057,2
833,19,-0.793022769579931,-0.170780677315859,0
834,19,0.439796305858197,-0.299248311913243,2
835,19,-0.676622381785643,-0.736330192554077,0
836,19,-0.728397845114460,-0.156182583282811,2
837,19,-0.763270649801458,-0.149697702167800,2
838,19,0.601039077269994,-0.130237679609519,2
839,19,-0.675583736683734,-0.328181953736578,2
840,19,0.736365358763956,0.318508828093604,2
841,19,-0.590894881324843,0.595275800786507,0
842,19,0.563237090349576,-0.475703393078208,2
843,19,0.562084247019942,0.475033537168695,2
844,19,0.701026456015711,0.317059115243035,2
845,19,-0.775701129593900,-0.024830412772745,0
846,19,0.360432469686068,1.916967549900980,2
847,19,-0.622491626261512,0.628876377667666,2
848,19,-0.785231434519799,0.175096788438914,2
849,19,-0.769407486698704,0.102488689818746,2
850,19,0.523589655555060,-0.177356422072251,2
851,19,0.496025169974253,-0.520445650617399,0
852,19,-0.714918633869884,0.347193857076279,2
853,19,-0.222721922867771,-0.610142333049733,2
854,19,-0.608070384588380,-0.013444857712200,2
855,19,-0.633581618520340,-0.092997769976996,2
856,19,-0.652483625300148,0.087561421820439,2
857,19,0.802354104073550,-0.240081398080268,2
858,19,-0.616642552783570,0.694295669570807,2
859,19,-0.806819444730078,0.207165818933613,2
860,19,-0.551210488376300,0.622157828449096,2
861,19,0.823108357569185,0.190571400609068,2
862,19,-0.442962412697892,0.580557426577875,2
863,19,0.461298991347608,-0.018097606941555,2
864,19,0.632744075429758,0.553043042398353,2
865,19,0.646860489885083,-0.353151612859261,2
866,19,-0.528615840854878,-0.293009743226422,2
867,19,0.583429600511225,0.581188971476404,2
868,19,0.580309937567121,0.441716210002205,2
869,19,-0.760385168054116,-0.140036500135784,2
870,19,-0.779828358633901,0.095219926089940,2
871,19,0.640093869576281,0.137043997672740,2
872,19,-0.649503537810799,-0.393337475452740,2
873,19,-0.835508121617899,-0.068998493314669,2
874,19,0.554746853046604,-0.269122472421714,2
875,19,0.655083806320622,0.011500358552371,2
876,19,-0.607529074812947,-0.445437445827602,2
877,19,-0.595992054114835,0.498190193537414,2
878,19,-0.505512519830289,-0.549345909148647,2
879,19,-0.405858931252123,0.031763905044126,2
880,19,-0.896752577481923,-0.226924368944143,2
881,19,0.429177182291836,-0.624164300198495,2
882,19,-0.798986389605749,-0.019250390416813,2
883,19,-0.779252437354994,-0.072955705554445,2
884,19,0.871665989866651,0.583261152808754,2
885,19,-0.591489061440368,-0.201119247546473,2
886,19,-0.884745751328689,0.364953519778026,2
887,19,0.660609691366465,0.189221663676561,2
888,19,-0.778225797521265,0.019253689175183,2
889,19,0.567182748481039,-0.069639877598921,2
890,19,-0.818532776998706,0.082784561292395,2
891,19,0.245224689918685,0.949663879664540,2
892,19,-0.750234739823689,-0.019052111416131,2
893,19,-0.227148479001269,0.394035801112583,2
894,19,-0.730665653756297,0.288160229373441,2
895,19,0.707120535753909,0.122755522941982,2
896,19,0.466535036761955,-0.408767424291475,0
897,19,-0.606979128676380,0.681589582736235,2
898,19,-0.425920562335839,0.445460093653246,2
899,19,-0.771090030395198,0.139479845089862,2
900,19,-0.840079892253771,-0.306521600119445,0
901,19,-0.940515556870493,0.339750625142303,0
902,19,-0.642752039365092,-0.032447550529746,2
903,19,-0.859803020400734,0.194407169149689,2
904,19,-0.812431293494253,0.302694619542864,2
905,19,0.594043030711380,-0.327806646373874,2
906,19,0.783399464576285,-0.035445859004128,2
907,19,0.664412364296646,0.345717354436831,2
908,19,0.821026440901975,-0.282850619176876,2
909,19,0.392793392588053,-0.653603962304985,0
910,19,-0.714545137406155,-0.433850073104454,2
911,19,-0.542403349395218,0.437141912948036,2
912,19,0.529140966608166,-0.517061648239321,2
913,19,-0.491083620687717,0.131847158912707,2
914,19,-0.768690061672996,0.241220785113238,2
915,19,0.361520404602634,0.307401235165879,2
916,19,-0.697986837411308,0.193558615368092,2
917,19,0.620680320895622,-0.050360352621570,2
918,19,-0.492146741405605,0.297639389601688,2
919,19,0.641559254796919,-0.362915981576477,2
920,19,-0.750313015077384,-0.243766888001581,2
921,19,0.287449083092889,-0.737417776741913,2
922,19,-0.696690323296086,-0.392289488018635,1
923,19,0.469556528367271,-0.198167311283229,2
924,19,-0.747098677880610,-0.454300584103138,2
925,19,-0.482666463115226,-0.507123369664459,2
926,19,0.617932175703296,-0.099078877825680,2
927,19,0.248456511518303,1.321675382389666,2
928,19,0.613511177367672,-0.368314275186344,0
929,19,-0.613454087505356,0.191863658947475,2
930,19,-0.920881018397437,-0.086134591811664,2
931,19,-0.756453318829253,-0.091089138183533,2
932,19,-0.492435372935894,0.516424034556019,0
933,19,-0.461178021856478,0.622436086206745,2
934,19,-0.483040164476302,0.656712615300895,2
935,19,0.664924660975268,0.554863362678348,2
936,19,-0.819589048570904,0.659923129851385,2
937,19,-0.920904532612507,0.109971420346723,2
938,19,0.561233904615448,-0.352572147084672,2
939,19,0.636852073032747,-0.495111994456745,2
940,19,0.659001091012246,-0.452989535392224,2
941,19,-0.791984445294374,-0.055250715156679,2
942,19,0.646603797950832,-0.426586004279132,2
943,19,0.116587234305588,0.993180455303540,0
944,19,0.624637800514468,-0.412023537707164,2
945,19,0.502931506404588,-0.271635355693521,2
946,19,0.723335193497027,0.406741586489046,2
947,19,-0.513863883551592,0.639320835793591,2
948,19,-0.366938735508102,1.633351116847532,2
949,19,0.562034498784881,0.648005731166765,2
950,19,-0.719188729822072,0.161310434202278,2
951,19,0.624736980470064,-0.192131779611732,2
952,19,0.661138343854250,0.424371523776128,2
953,19,0.629458892970581,0.471408884086355,2
954,19,0.631328658413868,-0.604812106193031,2
955,19,0.647030127444573,-0.559491473996570,2
956,19,-0.892968457954129,0.059836733812783,2
957,19,-0.632062680055281,0.379933388580208,2
958,19,-0.499549802155071,-0.536660842264702,2
959,19,0.654916267704978,-0.374390308797041,2
960,19,-0.618650203453689,-0.119263323328448,0
961,19,-0.112733245594266,1.314191888312859,2
962,19,0.570367419710054,-0.264112290395662,2
963,19,-0.360436778138567,0.050009489862162,2
964,19,0.613421134362394,-0.185583473912754,0
965,19,0.772880901068763,0.004425934955361,0
966,19,0.588903644894976,-0.297145075057363,0
967,19,0.632313337493428,-0.333873857754431,2
968,19,-0.745513937252793,0.013126434265490,2
969,19,-0.613460388374363,0.563027985307809,0
970,19,0.364706477339524,-0.306730308314949,2
971,19,0.617902345373027,0.201145820234343,2
972,19,-0.889834674554361,0.214602981260041,2
973,19,-0.927865403525046,0.134663102461102,2
974,19,-0.694764156899675,0.158387347580295,2
975,19,-0.783201051349949,0.083995361417358,2
976,19,0.641633444164771,-0.328693233261120,2
977,19,-0.439721840518718,0.720177821778321,0
978,19,0.567586819796158,-0.355315152421168,0
979,19,-0.414608618019670,0.307766279687123,0
980,19,-0.525936863691156,-0.261597340179598,0
981,19,-0.773990370001166,0.135860081507798,2
982,19,-0.272122681008584,0.556334573708588,2
983,19,-0.566173419645555,0.606361661608239,0
984,19,0.527497275634878,0.507266162096698,2
985,19,0.574570735984823,-0.227467535625297,2
986,19,-0.636746612795716,-0.057934045190018,2
987,19,-0.743416705868993,0.618047712672375,2
988,19,0.483689818955835,0.652003139551428,0
989,19,0.519900711184960,-0.227875938178403,2
990,19,-0.794257255149324,-0.091940448977909,0
991,19,-0.712821233158587,0.476139854066431,2
992,19,-0.487995294112659,0.798233569157570,0
993,19,-0.927276322200529,0.107640370440389,2
994,19,0.665617164986070,0.468912282724573,2
995,19,0.759275108288756,0.284166762115469,2
996,19,-0.419323994193225,0.285630299707686,0
997,19,-0.790688301483762,-0.071383620329989,0
998,19,-0.560903936934656,0.792568033734043,0
999,19,0.644434666978154,0.329674615950710,2
1000,19,-0.797452039582025,0.145835823224229,2
1001,19,-0.791529480636823,0.063052202837280,2
1002,19,-0.736909192444115,0.007568678125028,2
1003,19,0.744592989184196,-0.126095544063255,2
1004,19,-0.726487652033239,-0.095016971985348,0
1005,19,0.628225652231025,-0.175345821201840,2
1006,19,-0.925592140358387,0.172286480996210,2
1007,19,-0.657865358751399,0.160375833137456,0
1008,19,-0.920701778672009,0.390266876316961,0
1009,19,0.741317662113357,-0.219294849121396,0
1010,19,0.650028735027442,0.453705548863281,0
1011,19,0.383568678764159,-0.249363651648970,0
1012,19,-0.905754575783045,0.123022656300299,0
1013,19,-0.656823171918671,0.722798261932366,0
1014,19,-0.643926567979176,-0.314942920924292,0
1015,19,-0.733415929631946,0.679780166055254,0
1016,19,-0.088221134713884,0.739090690290179,0
1017,19,0.455852178443074,-0.136868215303027,0
1018,19,-0.739341023668618,0.673331159588184,0
1019,19,0.665188513613641,0.295319020851313,0
1020,19,-0.685562184130805,0.053888034600011,0
1021,19,0.499793131878557,0.406602040008737,0
1022,19,0.609522628081927,0.215244470241779,0
1023,19,-0.735586426815810,0.677430888453324,0
1024,19,0.771263440039504,0.448793748018439,0
1025,19,0.675877600276678,0.318280678177635,0
1026,19,0.612539689545366,0.367575217195229,0
1027,19,0.534341152442857,0.511422367953278,0
1028,19,0.614543502852580,0.350085842079463,0
1029,19,0.659898851461359,0.385731414442182,0
1030,19,0.719524682375757,0.414684831565900,0
1031,19,0.672441496895761,-0.344884290358641,0
1032,19,0.674944149847909,0.407817811198945,0
1033,19,-0.796226941418395,0.604998064260959,0
1034,19,-0.901009316419345,0.433799735041799,0
1035,19,-0.917688327587055,0.087133329901845,0
1036,19,-0.902066024906342,0.431598061522142,0
1037,19,-0.813221552326679,0.581954213689863,0
1038,19,-0.732784772179675,0.151347406330385,0
1039,19,-0.888070728960361,0.459706841763109,0
1040,19,0.848027687047677,0.183387273827747,0
1041,19,0.698930008317627,0.437973167188332,0
1042,19,0.547698498681590,0.491300160501060,0
1043,19,-0.925864844206593,0.225851158911191,0
1044,19,-0.757276382878248,0.107031857529085,0
1045,19,0.629922301187174,0.476146282696813,0
1046,19,0.604974761822562,0.625890584810993,0
1047,19,0.760892605276680,0.362018418589090,0
1048,19,-0.738390835879576,0.101442387131277,0
1049,19,-0.655057914488211,-0.078298801343302,0
1050,19,0.671801986269633,0.371087383719288,0
1051,19,-0.872857276398239,0.487975566793342,0
1052,19,0.761177176309139,0.450350809647832,0
1053,19,0.527329641094213,-0.094760333981583,0
1054,19,0.528528828484735,0.525560039610466,0
1055,19,0.465044224266225,-0.229208195796930,0
1056,19,-0.862078830681926,0.080888925597258,0
1057,19,0.476474813581914,0.767101108239301,0
1058,19,-0.728899918621082,0.684620266011882,0
1059,19,0.537905672480560,0.656905508251028,0
1060,19,0.758651038663642,0.323595127955514,0
1061,19,-0.712529352206308,0.117047177343796,0
1062,19,-0.248284801230419,0.687391181236920,0
1063,19,-0.742525925772143,0.669817324461082,0
1064,19,0.433201743589111,0.269743780064169,0
1065,19,0.721898303668206,-0.415863475865929,0
1066,19,0.471170024142782,-0.259332560002528,0
1067,19,0.580528383706279,0.502225207303181,0
1068,19,-0.834028847416587,0.551720836725385,0
1069,19,0.624203501374632,0.781261792788851,0
1070,19,-0.723288343617127,0.365811416702842,0
1071,19,-0.795950456279653,0.089814046258084,0
1072,19,0.616996915992537,-0.251451930376087,0
1073,19,-0.810102799484142,0.087362772737100,0
1074,19,-0.906983071409541,0.145368645827878,0
1075,19,0.710646505469345,0.461706853888679,0
1076,19,-0.659110165527673,-0.073246512179014,0
1077,19,-0.617539190061302,0.301919228767431,0
1078,19,-0.691781076956808,-0.032992295158119,0
1079,19,0.734142251813331,0.398452022526006,0
1080,19,0.297955492167781,-0.277657475927286,0
1081,19,0.854306180819217,0.439949872047180,0
1082,19,0.787664618249153,0.343150139591721,0
1083,19,-0.777834276499163,0.409530273747729,0
1084,19,-0.234605289755199,0.583860487593783,0
1085,19,-0.727824660913539,0.685763269844989,0
1086,19,-0.805563557715299,0.592509370795998,0
1087,19,-0.821124577686948,0.570749004579806,0
1088,19,0.675429769562388,0.408398310226785,0
1089,19,0.561009434925524,-0.084007944155132,0
1090,19,0.676156499846240,0.378947064199276,0
1091,19,-0.993730463143674,-0.111802355164187,0
1092,19,-0.579510303148736,0.814964912462163,0
1093,19,-0.995825600329256,0.091276359090822,0
74,20,-0.798056850417228,-0.040957590137075,0
132,20,0.527995047510717,-0.673762920818970,2
137,20,-0.538277738161154,-0.291450986352489,2
140,20,-0.629323043424874,-0.246473034250049,2
150,20,-0.846438556902050,0.147645923549100,2
151,20,0.908969284614727,0.416863094585009,0
155,20,0.599074801886357,-0.798203254616357,2
158,20,-0.919578493513588,0.573138597413559,2
159,20,0.595034633323846,0.667157556564874,2
161,20,0.443826062941501,-0.657501568485630,2
164,20,0.617916652974182,-0.473861058769136,2
165,20,0.738727125802362,0.449018885009412,2
166,20,0.078469458875982,-0.785701011342291,2
169,20,-0.879643234628462,0.482773346051934,2
170,20,-0.476516265039831,-0.519739769935877,0
172,20,0.824402389017114,0.035099755447061,2
173,20,-0.803477892368827,0.422124971400189,0
175,20,0.662058880069494,0.680344786788153,2
176,20,-0.866577432205656,0.019654917010995,2
177,20,-0.704982722880827,0.020046492683320,2
178,20,-0.237353011293442,-0.442620977480882,2
179,20,0.661239098813233,0.708569729541377,2
181,20,-0.557060013152245,0.275133308924533,2
185,20,-0.601094703670283,-0.339919179700758,2
187,20,0.581278012982650,0.727097037458621,2
190,20,-0.459495464094048,0.703401161594992,2
193,20,-0.912876579030084,0.041667649147479,2
195,20,-0.876637143694573,-0.032773542974959,2
202,20,-0.528088811857131,-0.106524122722596,0
205,20,-0.787669087552455,0.658488584862314,2
206,20,0.710187088731596,-0.031725527931246,2
208,20,0.724337167086755,0.653487441355446,2
209,20,0.909880188707560,0.359131428895764,2
211,20,-0.312393249060593,0.570327728052332,1
213,20,-0.644379472046917,-0.156474685634810,2
220,20,-0.608436576080772,0.271608451299061,2
221,20,-0.832947971444515,0.237768261372397,2
222,20,-0.668892726636863,-0.312469956120435,2
224,20,-0.612939777288188,-0.187155460991877,2
226,20,-0.510868278825671,-0.283125213325722,2
234,20,0.595232446791586,0.801691287818348,2
239,20,-0.644639742515296,-0.483914467696533,2
242,20,0.482605513529633,-0.710913789375150,0
660,20,-0.145719860749826,0.562649735797021,0
800,20,-0.831017962416759,-0.168745965931261,2
801,20,0.295644129660396,-0.578657272814547,0
802,20,-0.967193276383530,-0.089075075818552,2
803,20,-0.431894911764911,1.143779771394723,2
804,20,-0.935841903836388,0.110348079588467,2
805,20,0.688091879261363,0.644826542239309,2
806,20,0.346760569304774,-0.526727037351802,2
807,20,0.649483457803877,0.758627833712239,2
808,20,-0.472004765822966,-0.640990768675306,2
809,20,0.682539251862463,-0.015284299947838,2
810,20,-0.499010621482735,0.408921236329580,2
811,20,0.710497824670131,-0.101617634256092,2
812,20,0.630805716708807,-0.044934430686775,2
813,20,0.563176552192444,0.458913126722977,2
814,20,0.596297448866530,0.072276735886920,2
815,20,0.525803201087222,-0.260932935453617,2
816,20,-0.443631757016905,0.824903435677228,2
817,20,-0.979410465759940,0.233914192364875,2
818,20,0.522661215674476,0.104113857376808,2
819,20,-0.661703755808851,-0.209955074342371,2
820,20,0.324293199341951,-0.621802101504378,0
821,20,0.817693625373682,0.467081900791176,2
822,20,0.694359687603807,-0.071463506266874,2
823,20,0.737219509509298,0.607886891862202,2
824,20,-0.886208709993280,-0.047381549042682,2
825,20,0.359009446752424,0.180587511890097,2
826,20,-0.399693173419375,-1.081968576801511,2
827,20,-0.806336872044387,0.332600256412661,2
828,20,0.706597043400479,0.482663761607349,2
829,20,-0.707808351900693,0.706404513702755,0
830,20,0.702326809671901,0.569676212543055,2
831,20,0.547095768806632,-0.102274369974522,2
832,20,-0.855208624453109,0.143649841318594,2
833,20,-0.793022769579931,-0.170780677315859,0
834,20,0.394293961731612,-0.300851484099803,2
835,20,-0.676622381785643,-0.736330192554077,0
836,20,-0.711164581539833,-0.180433357763350,2
837,20,-0.744191202010280,-0.128815364408456,2
838,20,0.595074403002855,-0.166414442589707,2
839,20,-0.667035186214326,-0.371775213143271,2
840,20,0.702930103381946,0.274389568180920,2
841,20,-0.590894881324843,0.595275800786507,0
842,20,0.570955095831802,-0.453183023580079,2
843,20,0.574777152582792,0.462076282317493,2
844,20,0.683531187594244,0.252193464079327,2
845,20,-0.775701129593900,-0.024830412772745,0
846,20,0.367259141149001,2.328468674894711,2
847,20,-0.620442052118323,0.627286126414205,2
848,20,-0.765523368799052,0.291159541155964,2
849,20,-0.743660983633019,-0.013825809278105,2
850,20,0.509587082992820,-0.217117214809630,2
851,20,0.496025169974253,-0.520445650617399,0
852,20,-0.695770843595578,0.388361025191585,2
853,20,-0.311062889219851,-0.601561375908288,2
854,20,-0.591843195105111,-0.069497333499490,2
855,20,-0.589319290131572,-0.152272791146698,2
856,20,-0.660694624095442,0.119514808492319,2
857,20,0.804362498561654,-0.328702116591883,2
858,20,-0.610587656484104,0.654917711867513,2
859,20,-0.805702410012603,0.176842264086098,2
860,20,-0.524387547982156,0.638112847398108,2
861,20,0.853133425268717,0.299989975283847,2
862,20,-0.375873986675092,0.424155669292833,2
863,20,0.447507606821135,0.098948232414984,2
864,20,0.639274626383710,0.485740196583073,2
865,20,0.659467234867256,-0.379322733733275,2
866,20,-0.489042733338054,-0.330821897709172,2
867,20,0.627870117122499,0.612701653921562,2
868,20,0.604938939073470,0.524648577095036,2
869,20,-0.754290215741575,-0.098716080526496,2
870,20,-0.768264963732586,0.101270139969156,2
871,20,0.628778496414854,0.055065745621601,2
872,20,-0.689338259520653,-0.158076316467734,2
873,20,-0.818691190288182,-0.128707711277847,2
874,20,0.547953723606276,-0.272937281866596,2
875,20,0.598325018503205,-0.077452594845215,2
876,20,-0.595857977034595,-0.497295823903621,2
877,20,-0.585606650843858,0.503515420596544,2
878,20,-0.487551484511689,-0.695193429244045,2
879,20,-0.382012210977922,-0.104437791545673,2
880,20,-0.889825256590987,-0.242487805884137,2
881,20,0.440716449144823,-0.634061954491297,2
882,20,-0.786264909261096,-0.007400173298675,2
883,20,-0.772839215432623,-0.067003419166799,2
884,20,0.868715835243189,0.564008441993382,2
885,20,-0.560386647480866,-0.254033439277803,2
886,20,-0.858291640987729,0.311660705254901,2
887,20,0.636044453035917,0.107231745239515,2
888,20,-0.759566388238213,0.091333342364843,2
889,20,0.555806414669697,-0.111561834704595,2
890,20,-0.769159305019995,0.126911682814566,2
891,20,0.257268608645652,0.981808556790601,2
892,20,-0.734582558013014,-0.109978817780439,2
893,20,-0.191166919349737,0.406027868364044,2
894,20,-0.748000466294895,0.375750955763016,2
895,20,0.721062448654127,0.045557026281213,2
896,20,0.466535036761955,-0.408767424291475,0
897,20,-0.639824143832658,0.904226918673116,2
898,20,-0.406875776395504,0.383011093786556,2
899,20,-0.769466895150293,0.099461422278840,2
900,20,-0.840079892253771,-0.306521600119445,0
901,20,-0.940515556870493,0.339750625142303,0
902,20,-0.638582619210122,-0.064485488480035,2
903,20,-0.853878444144834,0.167317283750926,2
904,20,-0.817010488457482,0.330121876745931,2
905,20,0.602551853327799,-0.333264096192634,2
906,20,0.792376431906882,-0.096085969278132,2
907,20,0.654857676448442,0.299570176001058,2
908,20,0.841664553657819,-0.378002110435233,2
909,20,0.392793392588053,-0.653603962304985,0
910,20,-0.675762811405112,-0.536336572711791,2
911,20,-0.548276077396490,0.447159855487472,2
912,20,0.485229183500473,-0.490415667598756,2
913,20,-0.490197502904437,0.046342975158056,2
914,20,-0.761128737646586,0.208924811885773,2
915,20,0.355736155658219,0.292869662635846,2
916,20,-0.687938660449844,0.156274915864133,2
917,20,0.612214819165949,-0.101448952378349,2
918,20,-0.492701160542562,0.364164789356525,2
919,20,0.636566783315933,-0.367760911704089,2
920,20,-0.749968963735091,-0.205277285660755,2
921,20,0.276075363852970,-0.713132083948243,2
922,20,-0.701888401900245,-0.433200985424434,1
923,20,0.436593470454900,-0.198874810723610,2
924,20,-0.746072269954305,-0.479869971811505,2
925,20,-0.465585113617117,-0.515693442337634,2
926,20,0.618361643585594,-0.125027287825692,2
927,20,0.250726441136395,1.282826660803563,2
928,20,0.613511177367672,-0.368314275186344,0
929,20,-0.609824733439836,0.206872417041803,2
930,20,-0.922149169414180,-0.113157901725961,2
931,20,-0.754371419370129,-0.053015460438409,2
932,20,-0.492435372935894,0.516424034556019,0
933,20,-0.451484070743376,0.662474723671505,2
934,20,-0.471366583035705,0.669480143143208,2
935,20,0.663581257678150,0.442475709412347,2
936,20,-0.808845206996921,0.652980279199190,2
937,20,-0.926707271489826,0.124698401233120,2
938,20,0.559328070672155,-0.334509065800518,2
939,20,0.643574235953231,-0.462376303442907,2
940,20,0.672778658135145,-0.415944940048149,2
941,20,-0.786016758111107,-0.058474383709119,2
942,20,0.673904765014237,-0.405258505476064,2
943,20,0.116587234305588,0.993180455303540,0
944,20,0.637471680150014,-0.382114581623678,2
945,20,0.485809733992829,-0.252374773225602,2
946,20,0.734139586843492,0.360188884393868,2
947,20,-0.495247528757840,0.690305000872040,2
948,20,-0.468256411848373,1.637939678148362,2
949,20,0.565436010428236,0.613958038767523,2
950,20,-0.736144887783612,0.009713537430851,2
951,20,0.645647933765416,-0.153708015908265,2
952,20,0.665244939902421,0.405238514749172,2
953,20,0.645870611001344,0.464510393074569,2
954,20,0.630844433543054,-0.613514342648002,2
955,20,0.647691492736310,-0.552817078717714,2
956,20,-0.901375023038060,0.107945186438600,2
957,20,-0.623793313263051,0.298004280894366,2
958,20,-0.500541763829467,-0.581088493988743,2
959,20,0.627280649637798,-0.400665470022555,2
960,20,-0.618650203453689,-0.119263323328448,0
961,20,-0.110231303452289,1.386612116899199,2
962,20,0.605111958358925,-0.159149339197672,2
963,20,-0.352938613722695,-0.019917418591736,2
964,20,0.613421134362394,-0.185583473912754,0
965,20,0.772880901068763,0.004425934955361,0
966,20,0.588903644894976,-0.297145075057363,0
967,20,0.639688210089988,-0.313759715595268,2
968,20,-0.748601020536314,0.053935219264016,2
969,20,-0.613460388374363,0.563027985307809,0
970,20,0.348747462018385,-0.353935202963503,2
971,20,0.634557760857816,0.241548117113360,2
972,20,-0.872353273477516,0.204236110240152,2
973,20,-0.924969830959063,0.193549372549218,2
974,20,-0.690891589504294,0.173152287431636,2
975,20,-0.781676576454124,0.102418259950361,2
976,20,0.632966121657546,-0.325934780356826,2
977,20,-0.439721840518718,0.720177821778321,0
978,20,0.567586819796158,-0.355315152421168,0
979,20,-0.414608618019670,0.307766279687123,0
980,20,-0.525936863691156,-0.261597340179598,0
981,20,-0.778280613695618,0.151822577105639,2
982,20,-0.277567527830822,0.523227366795867,2
983,20,-0.566173419645555,0.606361661608239,0
984,20,0.549853366862419,0.526853427511672,2
985,20,0.547355094584994,-0.235134718203951,2
986,20,-0.634320659936339,-0.045462055849956,2
987,20,-0.742223503837420,0.615271766555490,2
988,20,0.483689818955835,0.652003139551428,0
989,20,0.506889419424118,-0.222662211656430,2
990,20,-0.794257255149324,-0.091940448977909,0
991,20,-0.715118055833878,0.429261682893109,2
992,20,-0.487995294112659,0.798233569157570,0
993,20,-0.924872249158185,0.164528295930036,2
994,20,0.666713797031523,0.501922399579212,2
995,20,0.784480728580702,0.318884909391293,2
996,20,-0.419323994193225,0.285630299707686,0
997,20,-0.790688301483762,-0.071383620329989,0
998,20,-0.560903936934656,0.792568033734043,0
999,20,0.650987807553038,0.313295210387403,2
1000,20,-0.789931046192557,0.163146203490588,2
1001,20,-0.779939424143063,0.083490670503809,2
1002,20,-0.732409613602946,0.061379706446202,2
1003,20,0.694429675097154,-0.115113796293555,2
1004,20,-0.726487652033239,-0.095016971985348,0
1005,20,0.624467675185506,-0.163049090928798,2
1006,20,-0.926911440212470,0.208464629974861,2
1007,20,-0.657865358751399,0.160375833137456,0
1008,20,-0.920701778672009,0.390266876316961,0
1009,20,0.741317662113357,-0.219294849121396,0
1010,20,0.650028735027442,0.453705548863281,0
1011,20,0.383568678764159,-0.249363651648970,0
1012,20,-0.905754575783045,0.123022656300299,0
1013,20,-0.656823171918671,0.722798261932366,0
1014,20,-0.643926567979176,-0.314942920924292,0
1015,20,-0.733415929631946,0.679780166055254,0
1016,20,-0.088221134713884,0.739090690290179,0
1017,20,0.455852178443074,-0.136868215303027,0
1018,20,-0.739341023668618,0.673331159588184,0
1019,20,0.665188513613641,0.295319020851313,0
1020,20,-0.685562184130805,0.053888034600011,0
1021,20,0.499793131878557,0.406602040008737,0
1022,20,0.609522628081927,0.215244470241779,0
1023,20,-0.735586426815810,0.677430888453324,0
1024,20,0.771263440039504,0.448793748018439,0
1025,20,0.675877600276678,0.318280678177635,0
1026,20,0.612539689545366,0.367575217195229,0
1027,20,0.534341152442857,0.511422367953278,0
1028,20,0.614543502852580,0.350085842079463,0
1029,20,0.659898851461359,0.385731414442182,0
1030,20,0.719524682375757,0.414684831565900,0
1031,20,0.672441496895761,-0.344884290358641,0
1032,20,0.674944149847909,0.407817811198945,0
1033,20,-0.796226941418395,0.604998064260959,0
1034,20,-0.901009316419345,0.433799735041799,0
1035,20,-0.917688327587055,0.087133329901845,0
1036,20,-0.902066024906342,0.431598061522142,0
1037,20,-0.813221552326679,0.581954213689863,0
1038,20,-0.732784772179675,0.151347406330385,0
1039,20,-0.888070728960361,0.459706841763109,0
1040,20,0.848027687047677,0.183387273827747,0
1041,20,0.698930008317627,0.437973167188332,0
1042,20,0.547698498681590,0.491300160501060,0
1043,20,-0.925864844206593,0.225851158911191,0
1044,20,-0.757276382878248,0.107031857529085,0
1045,20,0.629922301187174,0.476146282696813,0
1046,20,0.604974761822562,0.625890584810993,0
1047,20,0.760892605276680,0.362018418589090,0
1048,20,-0.738390835879576,0.101442387131277,0
1049,20,-0.655057914488211,-0.078298801343302,0
1050,20,0.671801986269633,0.371087383719288,0
1051,20,-0.872857276398239,0.487975566793342,0
1052,20,0.761177176309139,0.450350809647832,0
1053,20,0.527329641094213,-0.094760333981583,0
1054,20,0.528528828484735,0.525560039610466,0
1055,20,0.465044224266225,-0.229208195796930,0
1056,20,-0.862078830681926,0.080888925597258,0
1057,20,0.476474813581914,0.767101108239301,0
1058,20,-0.728899918621082,0.684620266011882,0
1059,20,0.537905672480560,0.656905508251028,0
1060,20,0.758651038663642,0.323595127955514,0
1061,20,-0.712529352206308,0.117047177343796,0
1062,20,-0.248284801230419,0.687391181236920,0
1063,20,-0.742525925772143,0.669817324461082,0
1064,20,0.433201743589111,0.269743780064169,0
1065,20,0.721898303668206,-0.415863475865929,0
1066,20,0.471170024142782,-0.259332560002528,0
1067,20,0.580528383706279,0.502225207303181,0
1068,20,-0.834028847416587,0.551720836725385,0
1069,20,0.624203501374632,0.781261792788851,0
1070,20,-0.723288343617127,0.365811416702842,0
1071,20,-0.795950456279653,0.089814046258084,0
1072,20,0.616996915992537,-0.251451930376087,0
1073,20,-0.810102799484142,0.087362772737100,0
1074,20,-0.906983071409541,0.145368645827878,0
1075,20,0.710646505469345,0.461706853888679,0
1076,20,-0.659110165527673,-0.073246512179014,0
1077,20,-0.617539190061302,0.301919228767431,0
1078,20,-0.691781076956808,-0.032992295158119,0
1079,20,0.734142251813331,0.398452022526006,0
1080,20,0.297955492167781,-0.277657475927286,0
1081,20,0.854306180819217,0.439949872047180,0
1082,20,0.787664618249153,0.343150139591721,0
1083,20,-0.777834276499163,0.409530273747729,0
1084,20,-0.234605289755199,0.583860487593783,0
1085,20,-0.727824660913539,0.685763269844989,0
1086,20,-0.805563557715299,0.592509370795998,0
1087,20,-0.821124577686948,0.570749004579806,0
1088,20,0.675429769562388,0.408398310226785,0
1089,20,0.561009434925524,-0.084007944155132,0
1090,20,0.676156499846240,0.378947064199276,0
1091,20,-0.993730463143674,-0.111802355164187,0
1092,20,-0.579510303148736,0.814964912462163,0
1093,20,-0.995825600329256,0.091276359090822,0
74,21,-0.798056850417228,-0.040957590137075,0
132,21,0.550104888655499,-0.632657346396985,2
137,21,-0.536570771142170,-0.321517745545816,2
140,21,-0.659309984216761,-0.173694278597711,2
150,21,-0.835016423910453,0.282251435738069,2
151,21,0.908969284614727,0.416863094585009,0
155,21,0.634844034387674,-0.821821787749738,2
158,21,-0.919268339930750,0.630229377561240,2
159,21,0.607348813014860,0.682081456508469,2
161,21,0.432918083397254,-0.639550485860436,2
164,21,0.663324678499602,-0.471506605718836,2
165,21,0.725068854502582,0.474529978759762,2
166,21,0.110891150590746,-0.741984897608409,2
169,21,-0.899345883411707,0.509931970009651,2
170,21,-0.476516265039831,-0.519739769935877,0
172,21,0.845464372993389,0.129979491778225,2
173,21,-0.803477892368827,0.422124971400189,0
175,21,0.638114397808348,0.732130456595523,2
176,21,-0.837043982836951,0.001237397068741,2
177,21,-0.694351616034521,-0.055154320857371,2
178,21,-0.391546859443945,-0.304741046487242,2
179,21,0.623330354040636,0.693611354628856,2
181,21,-0.564959696768582,0.424337770514084,2
185,21,-0.580148352832731,-0.371974817311526,2
187,21,0.581022985332927,0.760761356877079,2
190,21,-0.446675634484611,0.818994356885242,2
193,21,-0.917919303191537,0.098835229183089,2
195,21,-0.881281337677301,0.186308952946590,2
202,21,-0.528088811857131,-0.106524122722596,0
205,21,-0.794520172590965,0.676032646567051,2
206,21,0.763813363045748,-0.318679804087249,2
208,21,0.721537677289362,0.634053942681210,2
209,21,0.893709286439429,0.322950135246368,2
211,21,-0.305099887954007,0.601892758588880,1
213,21,-0.638376114884242,-0.183397015598542,2
220,21,-0.614249944603766,0.345022358124172,2
221,21,-0.837875221403673,0.193092960946811,2
222,21,-0.666318689784824,-0.368943474705777,2
224,21,-0.578273453189846,-0.135854457001684,2
226,21,-0.500462464235951,-0.291676963329049,2
234,21,0.525817349094118,0.885455052908553,2
239,21,-0.634907176784779,-0.439084161064330,2
242,21,0.482605513529633,-0.710913789375150,0
660,21,-0.145719860749826,0.562649735797021,0
800,21,-0.818426950632014,-0.201769752509280,2
801,21,0.295644129660396,-0.578657272814547,0
802,21,-0.950278576556942,-0.158786812920733,2
803,21,-0.376580926752391,1.553629584988884,2
804,21,-0.943613534155013,0.122370031881488,2
805,21,0.682170443246798,0.540234524805271,2
806,21,0.368057678148295,-0.545403305157748,2
807,21,0.614340216399052,0.718009449815016,2
808,21,-0.492174995806463,-0.577979607161378,2
809,21,0.726673783170479,-0.018849940082518,2
810,21,-0.463970103870062,0.331741961443143,2
811,21,0.716024821831029,-0.130939716538083,2
812,21,0.609845619008721,-0.157530971076558,2
813,21,0.584098710023527,0.534016317377553,2
814,21,0.596644911785013,0.205180344915796,2
815,21,0.491587670079131,-0.333982784558448,2
816,21,-0.408321761888566,0.810995704467663,2
817,21,-0.998078977789516,0.362381154057526,2
818,21,0.481492324825868,0.180307296130616,2
819,21,-0.670464896219686,-0.293011932726848,2
820,21,0.324293199341951,-0.621802101504378,0
821,21,0.805941751764496,0.433210672683484,2
822,21,0.650576805484713,-0.115043628394098,2
823,21,0.730017554117018,0.568639548363619,2
824,21,-0.881744651252131,-0.036129743648277,2
825,21,0.302668284141287,0.340716137099328,2
826,21,-0.332986432046495,-1.271719150523495,2
827,21,-0.791363623569627,0.427643894644291,2
828,21,0.720260019503364,0.413343345238411,2
829,21,-0.707808351900693,0.706404513702755,0
830,21,0.714614911809738,0.585894026918204,2
831,21,0.541088062701424,-0.172499801621563,2
832,21,-0.849985133368764,0.151130467728027,2
833,21,-0.793022769579931,-0.170780677315859,0
834,21,0.345358603144411,-0.304509911967045,2
835,21,-0.676622381785643,-0.736330192554077,0
836,21,-0.692603260354024,-0.208048217165837,2
837,21,-0.723927425134016,-0.100782458982555,2
838,21,0.589416889102804,-0.203550128850986,2
839,21,-0.658189767331865,-0.417811175979717,2
840,21,0.665712867299458,0.227089570168843,2
841,21,-0.590894881324843,0.595275800786507,0
842,21,0.578356587110527,-0.429100104337092,2
843,21,0.588729500088914,0.437215767974733,2
844,21,0.664116812414861,0.180393970235214,2
845,21,-0.775701129593900,-0.024830412772745,0
846,21,0.375087788752655,2.771249643744979,2
847,21,-0.618400776694357,0.621046679674767,2
848,21,-0.743964118171843,0.425024388923448,2
849,21,-0.714930160076376,-0.142465440621992,2
850,21,0.495836438701412,-0.255401784791281,2
851,21,0.496025169974253,-0.520445650617399,0
852,21,-0.675127842933748,0.431955043083851,2
853,21,-0.405357833244700,-0.589986978418459,2
854,21,-0.575028272666788,-0.129430778322389,2
855,21,-0.541318440645405,-0.218025665224456,2
856,21,-0.671450662631052,0.153903269633618,2
857,21,0.807028389966224,-0.418065628511682,2
858,21,-0.603929718842856,0.609744386988988,2
859,21,-0.804413080815625,0.144180722932940,2
860,21,-0.495287575228489,0.655950572133766,2
861,21,0.886093858862888,0.425107994707701,2
862,21,-0.301081881198470,0.240070313691168,2
863,21,0.432630065410720,0.225086068159867,2
864,21,0.646770216876197,0.411080030359988,2
865,21,0.674553756562400,-0.396977653470635,2
866,21,-0.446868986315605,-0.367618394773560,2
867,21,0.676568342657446,0.639504992227495,2
868,21,0.633316808200510,0.607206433261484,2
869,21,-0.748441431528367,-0.049478803682426,2
870,21,-0.756828065212413,0.110335545110559,2
871,21,0.615011457309188,-0.031485522387035,2
872,21,-0.734074390238665,0.108209202214933,2
873,21,-0.799105215651345,-0.193922704370442,2
874,21,0.541283639727282,-0.271988164563825,2
875,21,0.535188876430024,-0.172316526693101,2
876,21,-0.584170219439294,-0.551274046727558,2
877,21,-0.574070619243319,0.502835208320488,2
878,21,-0.469162641013006,-0.860763574313588,2
879,21,-0.357888074552401,-0.259811305248917,2
880,21,-0.882431079606916,-0.257347332480446,2
881,21,0.452184092616781,-0.647868225546045,2
882,21,-0.773105328919463,0.012469212248028,2
883,21,-0.766693800773563,-0.059460082385914,2
884,21,0.864260068263593,0.541737554261239,2
885,21,-0.526668777375461,-0.308516571148673,2
886,21,-0.826515246304393,0.252567229777951,2
887,21,0.609321578476878,0.019993861662016,2
888,21,-0.739050291138009,0.175084390656926,2
889,21,0.542994153284378,-0.147586597163836,2
890,21,-0.714353688381388,0.182190428422403,2
891,21,0.272328341102071,1.005630034536537,2
892,21,-0.717837030659192,-0.209247090568956,2
893,21,-0.153719323770124,0.421607512713766,2
894,21,-0.767592751577997,0.471002112668982,2
895,21,0.736515359218324,-0.035607637157694,2
896,21,0.466535036761955,-0.408767424291475,0
897,21,-0.675644607874897,1.143250396677839,2
898,21,-0.387739551197568,0.313619900170771,2
899,21,-0.767214085561886,0.058958149996712,2
900,21,-0.840079892253771,-0.306521600119445,0
901,21,-0.940515556870493,0.339750625142303,0
902,21,-0.635450003175148,-0.097888118843725,2
903,21,-0.846520353202113,0.139093811106423,2
904,21,-0.821702479738359,0.361354887891729,2
905,21,0.612323732897649,-0.334541973269585,2
906,21,0.803269134635115,-0.158498492280835,2
907,21,0.646080989371966,0.251467175197485,2
908,21,0.866150875167992,-0.478093132053808,2
909,21,0.392793392588053,-0.653603962304985,0
910,21,-0.631922591891273,-0.645228862382462,2
911,21,-0.556121235366228,0.459418563988669,2
912,21,0.433183059528351,-0.462960146332124,2
913,21,-0.490402735902969,-0.045305922425579,2
914,21,-0.752946031277403,0.173396239689950,2
915,21,0.349080647278014,0.270935751386156,2
916,21,-0.677046626488044,0.112615889197155,2
917,21,0.603535622841113,-0.154522275699019,2
918,21,-0.494371142428099,0.433113897654849,2
919,21,0.631301616651070,-0.367968964054744,2
920,21,-0.750749938896624,-0.158440142028320,2
921,21,0.263077477324762,-0.685186920774298,2
922,21,-0.707086480504405,-0.474112482830232,1
923,21,0.400958993712772,-0.199556185252310,2
924,21,-0.745678240032709,-0.503971430238776,2
925,21,-0.447144431067854,-0.521311658459525,2
926,21,0.618773772404027,-0.155613489551112,2
927,21,0.254257686007604,1.227015033787284,2
928,21,0.613511177367672,-0.368314275186344,0
929,21,-0.605927261882537,0.221441831324118,2
930,21,-0.925243140508927,-0.142107736820683,2
931,21,-0.752771472733802,-0.009594524721004,2
932,21,-0.492435372935894,0.516424034556019,0
933,21,-0.441514472695365,0.707987427268951,2
934,21,-0.459461155569147,0.682358624345807,2
935,21,0.661637342665541,0.311005039264387,2
936,21,-0.797054478237205,0.640669815238112,2
937,21,-0.934897345116983,0.141298262444559,2
938,21,0.557329131535082,-0.309930583124824,2
939,21,0.651862228186654,-0.419991140418317,2
940,21,0.689226358687135,-0.371739535058909,2
941,21,-0.779664315311216,-0.062239195897063,2
942,21,0.704864055174936,-0.378815686725228,2
943,21,0.116587234305588,0.993180455303540,0
944,21,0.651301269393431,-0.344679732761406,2
945,21,0.467622383653927,-0.228232075020946,2
946,21,0.744451924870856,0.305823430826286,2
947,21,-0.475532160155557,0.749839100578840,2
948,21,-0.574853307046987,1.628161732408701,2
949,21,0.567733582081464,0.570284936291535,2
950,21,-0.753977670503641,-0.155070165233234,2
951,21,0.668480922047417,-0.107830532404322,2
952,21,0.668337668380311,0.383630677783035,2
953,21,0.662791245453260,0.452489635108753,2
954,21,0.631532478376798,-0.619585438887729,2
955,21,0.649935486883913,-0.540891462523555,2
956,21,-0.912239063824335,0.162460900133834,2
957,21,-0.614487996759837,0.206799927711162,2
958,21,-0.502467073254303,-0.626564353874065,2
959,21,0.596494593128929,-0.425445334944263,2
960,21,-0.618650203453689,-0.119263323328448,0
961,21,-0.105923089344150,1.463014647639429,2
962,21,0.641409417315792,-0.045047731374441,2
963,21,-0.344842766605711,-0.093724306201807,2
964,21,0.613421134362394,-0.185583473912754,0
965,21,0.772880901068763,0.004425934955361,0
966,21,0.588903644894976,-0.297145075057363,0
967,21,0.647359019328361,-0.291586563136067,2
968,21,-0.752463626339194,0.098498521651654,2
969,21,-0.613460388374363,0.563027985307809,0
970,21,0.332534197084965,-0.408104623914225,2
971,21,0.653105799827573,0.289110729666172,2
972,21,-0.850071965288139,0.200873019402591,2
973,21,-0.921658036767718,0.258137077843956,2
974,21,-0.686907328677160,0.190310664055161,2
975,21,-0.780170071025938,0.122375204427981,2
976,21,0.623928544942252,-0.323075125609726,2
977,21,-0.439721840518718,0.720177821778321,0
978,21,0.567586819796158,-0.355315152421168,0
979,21,-0.414608618019670,0.307766279687123,0
980,21,-0.525936863691156,-0.261597340179598,0
981,21,-0.783108507049494,0.169432785907484,2
982,21,-0.285508703141650,0.487828374238604,2
983,21,-0.566173419645555,0.606361661608239,0
984,21,0.576004417839141,0.549213835742401,2
985,21,0.517078731221887,-0.244908691480835,2
986,21,-0.631450846735916,-0.029416293665025,2
987,21,-0.741111303065296,0.612858569331443,2
988,21,0.483689818955835,0.652003139551428,0
989,21,0.492758206054325,-0.218139773094127,2
990,21,-0.794257255149324,-0.091940448977909,0
991,21,-0.717139636197055,0.380840463572251,2
992,21,-0.487995294112659,0.798233569157570,0
993,21,-0.922172199855299,0.226764575073465,2
994,21,0.666724140433422,0.538690855698005,2
995,21,0.812002035633660,0.359288538880119,2
996,21,-0.419323994193225,0.285630299707686,0
997,21,-0.790688301483762,-0.071383620329989,0
998,21,-0.560903936934656,0.792568033734043,0
999,21,0.658237010967685,0.297357910766524,2
1000,21,-0.781073797266653,0.181162342252697,2
1001,21,-0.765890596163446,0.103475947002504,2
1002,21,-0.727379219997456,0.121167689515086,2
1003,21,0.637987739781469,-0.105372917282956,2
1004,21,-0.726487652033239,-0.095016971985348,0
1005,21,0.620083644583737,-0.151892882785150,2
1006,21,-0.928146302868795,0.248164519714368,2
1007,21,-0.657865358751399,0.160375833137456,0
1008,21,-0.920701778672009,0.390266876316961,0
1009,21,0.741317662113357,-0.219294849121396,0
1010,21,0.650028735027442,0.453705548863281,0
1011,21,0.383568678764159,-0.249363651648970,0
1012,21,-0.905754575783045,0.123022656300299,0
1013,21,-0.656823171918671,0.722798261932366,0
1014,21,-0.643926567979176,-0.314942920924292,0
1015,21,-0.733415929631946,0.679780166055254,0
1016,21,-0.088221134713884,0.739090690290179,0
1017,21,0.455852178443074,-0.136868215303027,0
1018,21,-0.739341023668618,0.673331159588184,0
1019,21,0.665188513613641,0.295319020851313,0
1020,21,-0.685562184130805,0.053888034600011,0
1021,21,0.499793131878557,0.406602040008737,0
1022,21,0.609522628081927,0.215244470241779,0
1023,21,-0.735586426815810,0.677430888453324,0
1024,21,0.771263440039504,0.448793748018439,0
1025,21,0.675877600276678,0.318280678177635,0
1026,21,0.612539689545366,0.367575217195229,0
1027,21,0.534341152442857,0.511422367953278,0
1028,21,0.614543502852580,0.350085842079463,0
1029,21,0.659898851461359,0.385731414442182,0
1030,21,0.719524682375757,0.414684831565900,0
1031,21,0.672441496895761,-0.344884290358641,0
1032,21,0.674944149847909,0.407817811198945,0
1033,21,-0.796226941418395,0.604998064260959,0
1034,21,-0.901009316419345,0.433799735041799,0
1035,21,-0.917688327587055,0.087133329901845,0
1036,21,-0.902066024906342,0.431598061522142,0
1037,21,-0.813221552326679,0.581954213689863,0
1038,21,-0.732784772179675,0.151347406330385,0
1039,21,-0.888070728960361,0.459706841763109,0
1040,21,0.848027687047677,0.183387273827747,0
1041,21,0.698930008317627,0.437973167188332,0
1042,21,0.547698498681590,0.491300160501060,0
1043,21,-0.925864844206593,0.225851158911191,0
1044,21,-0.757276382878248,0.107031857529085,0
1045,21,0.629922301187174,0.476146282696813,0
1046,21,0.604974761822562,0.625890584810993,0
1047,21,0.760892605276680,0.362018418589090,0
1048,21,-0.738390835879576,0.101442387131277,0
1049,21,-0.655057914488211,-0.078298801343302,0
1050,21,0.671801986269633,0.371087383719288,0
1051,21,-0.872857276398239,0.487975566793342,0
1052,21,0.761177176309139,0.450350809647832,0
1053,21,0.527329641094213,-0.094760333981583,0
1054,21,0.528528828484735,0.525560039610466,0
1055,21,0.465044224266225,-0.229208195796930,0
1056,21,-0.862078830681926,0.080888925597258,0
1057,21,0.476474813581914,0.767101108239301,0
1058,21,-0.728899918621082,0.684620266011882,0
1059,21,0.537905672480560,0.656905508251028,0
1060,21,0.758651038663642,0.323595127955514,0
1061,21,-0.712529352206308,0.117047177343796,0
1062,21,-0.248284801230419,0.687391181236920,0
1063,21,-0.742525925772143,0.669817324461082,0
1064,21,0.433201743589111,0.269743780064169,0
1065,21,0.721898303668206,-0.415863475865929,0
1066,21,0.471170024142782,-0.259332560002528,0
1067,21,0.580528383706279,0.502225207303181,0
1068,21,-0.834028847416587,0.551720836725385,0
1069,21,0.624203501374632,0.781261792788851,0
1070,21,-0.723288343617127,0.365811416702842,0
1071,21,-0.795950456279653,0.089814046258084,0
1072,21,0.616996915992537,-0.251451930376087,0
1073,21,-0.810102799484142,0.087362772737100,0
1074,21,-0.906983071409541,0.145368645827878,0
1075,21,0.710646505469345,0.461706853888679,0
1076,21,-0.659110165527673,-0.073246512179014,0
1077,21,-0.617539190061302,0.301919228767431,0
1078,21,-0.691781076956808,-0.032992295158119,0
1079,21,0.734142251813331,0.398452022526006,0
1080,21,0.297955492167781,-0.277657475927286,0
1081,21,0.854306180819217,0.439949872047180,0
1082,21,0.787664618249153,0.343150139591721,0
1083,21,-0.777834276499163,0.409530273747729,0
1084,21,-0.234605289755199,0.583860487593783,0
1085,21,-0.727824660913539,0.685763269844989,0
1086,21,-0.805563557715299,0.592509370795998,0
1087,21,-0.821124577686948,0.570749004579806,0
1088,21,0.675429769562388,0.408398310226785,0
1089,21,0.561009434925524,-0.084007944155132,0
1090,21,0.676156499846240,0.378947064199276,0
1091,21,-0.993730463143674,-0.111802355164187,0
1092,21,-0.579510303148736,0.814964912462163,0
1093,21,-0.995825600329256,0.091276359090822,0
74,22,-0.798056850417228,-0.040957590137075,0
132,22,0.572369493296687,-0.585021715856494,2
137,22,-0.536676647764290,-0.358041462208189,2
140,22,-0.693400526451239,-0.091433670223712,2
150,22,-0.822359864691857,0.440179023048209,2
151,22,0.908969284614727,0.416863094585009,0
155,22,0.673774862215388,-0.850108352408264,2
158,22,-0.917776635112029,0.693564726676577,2
159,22,0.622650313227183,0.695712841072178,2
161,22,0.420885503432250,-0.621482980558481,2
164,22,0.712934790732883,-0.472477447404140,2
165,22,0.710268860974774,0.500650381081706,2
166,22,0.153047136091630,-0.685813974137048,2
169,22,-0.920643644457038,0.539713091129359,2
170,22,-0.476516265039831,-0.519739769935877,0
172,22,0.867895853620522,0.230291772392787,2
173,22,-0.803477892368827,0.422124971400189,0
175,22,0.610887088065066,0.792408646688304,2
176,22,-0.804920609336160,-0.016268198163168,2
177,22,-0.682744321321942,-0.136231923936733,2
178,22,-0.561907650122332,-0.153451732694921,2
179,22,0.579815684496650,0.677442345876325,2
181,22,-0.575094419528407,0.587446596324211,2
185,22,-0.557656178165129,-0.408961233659663,2
187,22,0.581533755154174,0.798835843033050,2
190,22,-0.432165220478867,0.935088801410312,2
193,22,-0.923635341205149,0.170771471073892,2
195,22,-0.887300260065112,0.444293800198364,2
202,22,-0.528088811857131,-0.106524122722596,0
205,22,-0.802470334537539,0.691998295907961,2
206,22,0.823381130755590,-0.638655347888332,2
208,22,0.717970972977482,0.612868515680533,2
209,22,0.872073320583627,0.283387262242917,2
211,22,-0.297806526847422,0.633457789125429,1
213,22,-0.632475963943970,-0.217199008511423,2
220,22,-0.621263648980041,0.420604760615066,2
221,22,-0.842084680490554,0.149397991487741,2
222,22,-0.663531856108636,-0.437415177812830,2
224,22,-0.540814230050936,-0.079633911057815,2
226,22,-0.489422914794080,-0.302311646136709,2
234,22,0.449188187314543,0.978745417420493,2
239,22,-0.621996076297647,-0.383295070331002,2
242,22,0.482605513529633,-0.710913789375150,0
660,22,-0.145719860749826,0.562649735797021,0
800,22,-0.804044239378020,-0.234739985922465,2
801,22,0.295644129660396,-0.578657272814547,0
802,22,-0.930873865757577,-0.233045371724649,2
803,22,-0.318285979691101,2.003350566249070,2
804,22,-0.952060808634476,0.136811503368492,2
805,22,0.676086871544159,0.421501650484511,2
806,22,0.393484923374851,-0.568930196548695,2
807,22,0.575324877140659,0.670579909760843,2
808,22,-0.516981598841664,-0.503829065232531,2
809,22,0.777020584849679,-0.018734565895208,2
810,22,-0.426408084904436,0.238384061092307,2
811,22,0.722598719278529,-0.158504789718347,2
812,22,0.587135538003089,-0.279826622234893,2
813,22,0.605167466728211,0.608415389177887,2
814,22,0.596070387200568,0.346484660443687,2
815,22,0.455085181008834,-0.409489183155997,2
816,22,-0.371117018996762,0.783408018684392,2
817,22,-1.018773295137487,0.510859163263611,2
818,22,0.435355291013527,0.260882671291925,2
819,22,-0.681324226126393,-0.381864989531232,2
820,22,0.324293199341951,-0.621802101504378,0
821,22,0.791985286869442,0.394617245134365,2
822,22,0.601285788336641,-0.157045583762937,2
823,22,0.721974562565430,0.523893266877555,2
824,22,-0.877182236037682,-0.022769045848089,2
825,22,0.241503398823523,0.510651413308446,2
826,22,-0.239045576073679,-1.471926599234662,2
827,22,-0.775447684913771,0.532586537552170,2
828,22,0.735601215811054,0.334200724661349,2
829,22,-0.707808351900693,0.706404513702755,0
830,22,0.729035878251735,0.603156400822648,2
831,22,0.535448312724861,-0.246520208020879,2
832,22,-0.844226720780066,0.161034829428355,2
833,22,-0.793022769579931,-0.170780677315859,0
834,22,0.292990230096596,-0.310223595514969,2
835,22,-0.676622381785643,-0.736330192554077,0
836,22,-0.672713881557032,-0.239027161490272,2
837,22,-0.702479319172666,-0.065598985890096,2
838,22,0.584066535569841,-0.241644738393355,2
839,22,-0.649047480036351,-0.466289842245917,2
840,22,0.624713650516493,0.176608834057374,2
841,22,-0.590894881324843,0.595275800786507,0
842,22,0.585441564185750,-0.403454635349249,2
843,22,0.603941289538308,0.400451994140415,2
844,22,0.642783330477561,0.101660633710698,2
845,22,-0.775701129593900,-0.024830412772745,0
846,22,0.383918412497030,3.245310456451785,2
847,22,-0.616367799989615,0.610158037449355,2
848,22,-0.720553682638174,0.576691331741367,2
849,22,-0.683215016028773,-0.283430204212916,2
850,22,0.482337722680838,-0.292210132017203,2
851,22,0.496025169974253,-0.520445650617399,0
852,22,-0.652989631884394,0.477975910753076,2
853,22,-0.505606754942318,-0.575419140580246,2
854,22,-0.557625617273409,-0.193245192180897,2
855,22,-0.489579070061836,-0.290256392210272,2
856,22,-0.684751740906978,0.190726805244334,2
857,22,0.810351778287260,-0.508171933839664,2
858,22,-0.596668739859828,0.558775694935232,2
859,22,-0.802951457139143,0.109181195474141,2
860,22,-0.463910570115296,0.675671002656071,2
861,22,0.921989658351698,0.565925458880633,2
862,22,-0.218586096268025,0.028301359772879,2
863,22,0.416666367116364,0.360315900293097,2
864,22,0.655230846907219,0.329062543729099,2
865,22,0.692120054970517,-0.406116372071342,2
866,22,-0.402094599787531,-0.403399234419586,2
867,22,0.729524277116065,0.661598986394204,2
868,22,0.665443544948241,0.689389778501548,2
869,22,-0.742838815414492,0.007675330396428,2
870,22,-0.745517663073380,0.122416141514148,2
871,22,0.598792752259284,-0.122609806353168,2
872,22,-0.783711929964833,0.405519080595259,2
873,22,-0.776750197707388,-0.264643472592453,2
874,22,0.534736601409624,-0.266275120513403,2
875,22,0.465675380101077,-0.273091436991286,2
876,22,-0.572465802027044,-0.607372114299413,2
877,22,-0.561383959313220,0.496149556709246,2
878,22,-0.450345989334240,-1.046056344357275,2
879,22,-0.333486521975560,-0.434356636065606,2
880,22,-0.874570046529710,-0.271502948733071,2
881,22,0.463580112707710,-0.665583113362738,2
882,22,-0.759507648580850,0.040357766223294,2
883,22,-0.760816193377814,-0.050325695211790,2
884,22,0.858298688927861,0.516448489612325,2
885,22,-0.490335451124152,-0.364568643159086,2
886,22,-0.789416567278682,0.187673093347178,2
887,22,0.580441067689346,-0.072491987055936,2
888,22,-0.716677506220652,0.270506834051432,2
889,22,0.528745964325080,-0.177714164976642,2
890,22,-0.654115927082884,0.248620798115907,2
891,22,0.290403887287942,1.021128312902348,2
892,22,-0.699998157762226,-0.316856929781682,2
893,22,-0.114805692262428,0.440774734161749,2
894,22,-0.789442509605605,0.573913700091339,2
895,22,0.753479267446498,-0.120738467374739,2
896,22,0.466535036761955,-0.408767424291475,0
897,22,-0.714440520803096,1.398660016750405,2
898,22,-0.368511886742029,0.237286512805892,2
899,22,-0.764331601629975,0.017970028243480,2
900,22,-0.840079892253771,-0.306521600119445,0
901,22,-0.940515556870493,0.339750625142303,0
902,22,-0.633354191260170,-0.132655441620817,2
903,22,-0.837728747572569,0.109736751216179,2
904,22,-0.826507267336883,0.396393652980258,2
905,22,0.623358669420928,-0.331640277604727,2
906,22,0.816077572760984,-0.222683428012236,2
907,22,0.638082303067217,0.201408352026114,2
908,22,0.894485405432495,-0.583123684032599,2
909,22,0.392793392588053,-0.653603962304985,0
910,22,-0.583024478864637,-0.760526942116469,2
911,22,-0.565938823304432,0.473918038451630,2
912,22,0.373002594691800,-0.434695084439422,2
913,22,-0.491699319683311,-0.143099533838197,2
914,22,-0.744141942565448,0.134635068525768,2
915,22,0.341553879462020,0.241599501416810,2
916,22,-0.665310735525911,0.062581535367158,2
917,22,0.594642731921113,-0.209580322583582,2
918,22,-0.497156687062214,0.504486714496660,2
919,22,0.625763754802329,-0.363540138628440,2
920,22,-0.752655940561983,-0.103255457104276,2
921,22,0.248455423508265,-0.653582287220078,2
922,22,-0.712284559108564,-0.515023980236031,1
923,22,0.362653098140888,-0.200211434869331,2
924,22,-0.745916588115822,-0.526604959384951,2
925,22,-0.427344415467437,-0.523978018030131,2
926,22,0.619168562158594,-0.190837483001940,2
927,22,0.259050246131929,1.154240501340829,2
928,22,0.613511177367672,-0.368314275186344,0
929,22,-0.601761672833458,0.235571901794420,2
930,22,-0.930162931681677,-0.172984097095828,2
931,22,-0.751653478920275,0.039173668968680,2
932,22,-0.492435372935894,0.516424034556019,0
933,22,-0.431269227712445,0.758974196999081,2
934,22,-0.447323882076629,0.695348058908691,2
935,22,0.659092915937439,0.160451352234468,2
936,22,-0.784216862291755,0.622991737968150,2
937,22,-0.945474753493977,0.159771003981038,2
938,22,0.555237087204229,-0.278836699057591,2
939,22,0.661716049733015,-0.367956505382974,2
940,22,0.708344192668217,-0.320373320424505,2
941,22,-0.772927116894702,-0.066545151720510,2
942,22,0.739481668432928,-0.347257548026625,2
943,22,0.116587234305588,0.993180455303540,0
944,22,0.666126568244717,-0.299718991120348,2
945,22,0.448369455387881,-0.199207261079555,2
946,22,0.754272207579118,0.243645225786301,2
947,22,-0.454717777744744,0.817923134913990,2
948,22,-0.686729421103943,1.604017279628548,2
949,22,0.568927213744565,0.516986423738802,2
950,22,-0.772687077982158,-0.333040673789976,2
951,22,0.693235945316066,-0.054499329099903,2
952,22,0.670416529287920,0.359548012877714,2
953,22,0.680220796326329,0.435346610188907,2
954,22,0.633392792915102,-0.623025394912211,2
955,22,0.653762109887383,-0.523714625414095,2
956,22,-0.925560580312954,0.223383874898487,2
957,22,-0.604146730545637,0.106320329030596,2
958,22,-0.505325730429577,-0.673088421920669,2
959,22,0.562558098178372,-0.448729903562164,2
960,22,-0.618650203453689,-0.119263323328448,0
961,22,-0.099808603269851,1.543399480533550,2
962,22,0.679259796580655,0.078192533074032,2
963,22,-0.336149236787614,-0.171411172968050,2
964,22,0.613421134362394,-0.185583473912754,0
965,22,0.772880901068763,0.004425934955361,0
966,22,0.588903644894976,-0.297145075057363,0
967,22,0.655325765208549,-0.267354400376828,2
968,22,-0.757101754661433,0.146816341428407,2
969,22,-0.613460388374363,0.563027985307809,0
970,22,0.316066682539264,-0.469238571167115,2
971,22,0.673546462282300,0.343833657892778,2
972,22,-0.822990749986227,0.204513708747358,2
973,22,-0.917930020951011,0.328426218345316,2
974,22,-0.682811374418271,0.209862477450873,2
975,22,-0.778681535065390,0.143866194850218,2
976,22,0.614520714018890,-0.320114269019821,2
977,22,-0.439721840518718,0.720177821778321,0
978,22,0.567586819796158,-0.355315152421168,0
979,22,-0.414608618019670,0.307766279687123,0
980,22,-0.525936863691156,-0.261597340179598,0
981,22,-0.788474050062794,0.188690707913333,2
982,22,-0.295946206941067,0.450137596036800,2
983,22,-0.566173419645555,0.606361661608239,0
984,22,0.605950428565044,0.574347386788886,2
985,22,0.483741645895503,-0.256789455455949,2
986,22,-0.628137173194448,-0.009796758635225,2
987,22,-0.740080103552622,0.610808121000234,2
988,22,0.483689818955835,0.652003139551428,0
989,22,0.477507071075578,-0.214308622491497,2
990,22,-0.794257255149324,-0.091940448977909,0
991,22,-0.718885974248119,0.330876196103856,2
992,22,-0.487995294112659,0.798233569157570,0
993,22,-0.919176174291870,0.294349207870674,2
994,22,0.665648195191768,0.579217651080952,2
995,22,0.841839029447630,0.405377650581949,2
996,22,-0.419323994193225,0.285630299707686,0
997,22,-0.790688301483762,-0.071383620329989,0
998,22,-0.560903936934656,0.792568033734043,0
999,22,0.666182277222098,0.281862717088072,2
1000,22,-0.770880292804312,0.199884239510555,2
1001,22,-0.749382996697972,0.123008032333365,2
1002,22,-0.721818011627644,0.186932627331683,2
1003,22,0.575267183237141,-0.096872907031457,2
1004,22,-0.726487652033239,-0.095016971985348,0
1005,22,0.615073560425717,-0.141877196770898,2
1006,22,-0.929296728327364,0.291386150214733,2
1007,22,-0.657865358751399,0.160375833137456,0
1008,22,-0.920701778672009,0.390266876316961,0
1009,22,0.741317662113357,-0.219294849121396,0
1010,22,0.650028735027442,0.453705548863281,0
1011,22,0.383568678764159,-0.249363651648970,0
1012,22,-0.905754575783045,0.123022656300299,0
1013,22,-0.656823171918671,0.722798261932366,0
1014,22,-0.643926567979176,-0.314942920924292,0
1015,22,-0.733415929631946,0.679780166055254,0
1016,22,-0.088221134713884,0.739090690290179,0
1017,22,0.455852178443074,-0.136868215303027,0
1018,22,-0.739341023668618,0.673331159588184,0
1019,22,0.665188513613641,0.295319020851313,0
1020,22,-0.685562184130805,0.053888034600011,0
1021,22,0.499793131878557,0.406602040008737,0
1022,22,0.609522628081927,0.215244470241779,0
1023,22,-0.735586426815810,0.677430888453324,0
1024,22,0.771263440039504,0.448793748018439,0
1025,22,0.675877600276678,0.318280678177635,0
1026,22,0.612539689545366,0.367575217195229,0
1027,22,0.534341152442857,0.511422367953278,0
1028,22,0.614543502852580,0.350085842079463,0
1029,22,0.659898851461359,0.385731414442182,0
1030,22,0.719524682375757,0.414684831565900,0
1031,22,0.672441496895761,-0.344884290358641,0
1032,22,0.674944149847909,0.407817811198945,0
1033,22,-0.796226941418395,0.604998064260959,0
1034,22,-0.901009316419345,0.433799735041799,0
1035,22,-0.917688327587055,0.087133329901845,0
1036,22,-0.902066024906342,0.431598061522142,0
1037,22,-0.813221552326679,0.581954213689863,0
1038,22,-0.732784772179675,0.151347406330385,0
1039,22,-0.888070728960361,0.459706841763109,0
1040,22,0.848027687047677,0.183387273827747,0
1041,22,0.698930008317627,0.437973167188332,0
1042,22,0.547698498681590,0.491300160501060,0
1043,22,-0.925864844206593,0.225851158911191,0
1044,22,-0.757276382878248,0.107031857529085,0
1045,22,0.629922301187174,0.476146282696813,0
1046,22,0.604974761822562,0.625890584810993,0
1047,22,0.760892605276680,0.362018418589090,0
1048,22,-0.738390835879576,0.101442387131277,0
1049,22,-0.655057914488211,-0.078298801343302,0
1050,22,0.671801986269633,0.371087383719288,0
1051,22,-0.872857276398239,0.487975566793342,0
1052,22,0.761177176309139,0.450350809647832,0
1053,22,0.527329641094213,-0.094760333981583,0
1054,22,0.528528828484735,0.525560039610466,0
1055,22,0.465044224266225,-0.229208195796930,0
1056,22,-0.862078830681926,0.080888925597258,0
1057,22,0.476474813581914,0.767101108239301,0
1058,22,-0.728899918621082,0.684620266011882,0
1059,22,0.537905672480560,0.656905508251028,0
1060,22,0.758651038663642,0.323595127955514,0
1061,22,-0.712529352206308,0.117047177343796,0
1062,22,-0.248284801230419,0.687391181236920,0
1063,22,-0.742525925772143,0.669817324461082,0
1064,22,0.433201743589111,0.269743780064169,0
1065,22,0.721898303668206,-0.415863475865929,0
1066,22,0.471170024142782,-0.259332560002528,0
1067,22,0.580528383706279,0.502225207303181,0
1068,22,-0.834028847416587,0.551720836725385,0
1069,22,0.624203501374632,0.781261792788851,0
1070,22,-0.723288343617127,0.365811416702842,0
1071,22,-0.795950456279653,0.089814046258084,0
1072,22,0.616996915992537,-0.251451930376087,0
1073,22,-0.810102799484142,0.087362772737100,0
1074,22,-0.906983071409541,0.145368645827878,0
1075,22,0.710646505469345,0.461706853888679,0
1076,22,-0.659110165527673,-0.073246512179014,0
1077,22,-0.617539190061302,0.301919228767431,0
1078,22,-0.691781076956808,-0.032992295158119,0
1079,22,0.734142251813331,0.398452022526006,0
1080,22,0.297955492167781,-0.277657475927286,0
1081,22,0.854306180819217,0.439949872047180,0
1082,22,0.787664618249153,0.343150139591721,0
1083,22,-0.777834276499163,0.409530273747729,0
1084,22,-0.234605289755199,0.583860487593783,0
1085,22,-0.727824660913539,0.685763269844989,0
1086,22,-0.805563557715299,0.592509370795998,0
1087,22,-0.821124577686948,0.570749004579806,0
1088,22,0.675429769562388,0.408398310226785,0
1089,22,0.561009434925524,-0.084007944155132,0
1090,22,0.676156499846240,0.378947064199276,0
1091,22,-0.993730463143674,-0.111802355164187,0
1092,22,-0.579510303148736,0.814964912462163,0
1093,22,-0.995825600329256,0.091276359090822,0
74,23,-0.798056850417228,-0.040957590137075,0
132,23,0.594788861434284,-0.530856029197497,2
137,23,-0.538595368027513,-0.401022136339609,2
140,23,-0.731594670128305,0.000308790871946,2
150,23,-0.808468879246262,0.621428685479520,2
151,23,0.908969284614727,0.416863094585009,0
155,23,0.715867285369500,-0.883062948591934,2
158,23,-0.915103379057427,0.763144644759570,2
159,23,0.640939133960815,0.708051710256003,2
161,23,0.407728323046488,-0.603299052579764,2
164,23,0.766746989674023,-0.476773583825050,2
165,23,0.694327145218937,0.527380091975244,2
166,23,0.204937415378635,-0.617188240928209,2
169,23,-0.943536517764457,0.572116709411059,2
170,23,-0.476516265039831,-0.519739769935877,0
172,23,0.891696830898516,0.336036597290748,2
173,23,-0.803477892368827,0.422124971400189,0
175,23,0.580376950839650,0.861179357066496,2
176,23,-0.770207311703284,-0.032861868684730,2
177,23,-0.670160838743089,-0.223186316554765,2
178,23,-0.748435383328603,0.011246963896080,2
179,23,0.530695090181278,0.660062703283785,2
181,23,-0.587464181431723,0.764459786354913,2
185,23,-0.533618179667476,-0.450878428745169,2
187,23,0.582810322446392,0.841320495926534,2
190,23,-0.415964222076813,1.051684495170199,2
193,23,-0.930024693070921,0.257476374819887,2
195,23,-0.894693910858007,0.741180998780360,2
202,23,-0.528088811857131,-0.106524122722596,0
205,23,-0.811519573392177,0.706385532885043,2
206,23,0.888890391861124,-0.991652159334491,2
208,23,0.713637054151116,0.589931160353416,2
209,23,0.844972291140154,0.240442809885408,2
211,23,-0.290513165740836,0.665022819661978,1
213,23,-0.626679019226101,-0.257880664373451,2
220,23,-0.629477689209597,0.498355658771742,2
221,23,-0.845576348705160,0.106683352995187,2
222,23,-0.660532225608298,-0.517885065441592,2
224,23,-0.500562107871459,-0.018493823160270,2
226,23,-0.477749630500059,-0.315029261748701,2
234,23,0.365344961452860,1.081562381354168,2
239,23,-0.605906441053902,-0.316547195496549,2
242,23,0.482605513529633,-0.710913789375150,0
660,23,-0.145719860749826,0.562649735797021,0
800,23,-0.787869828654777,-0.267656666170813,2
801,23,0.295644129660396,-0.578657272814547,0
802,23,-0.908979143985438,-0.311850752230300,2
803,23,-0.257010070581042,2.492942715175281,2
804,23,-0.961183727274775,0.153672494049478,2
805,23,0.669841164153444,0.288627919277031,2
806,23,0.423042304984444,-0.597307711524643,2
807,23,0.532437440028698,0.616339213549722,2
808,23,-0.546424574928571,-0.418539142888766,2
809,23,0.833579656900062,-0.014938177385906,2
810,23,-0.386324564585858,0.128847535277074,2
811,23,0.730219517012629,-0.184312853796885,2
812,23,0.562675473691909,-0.411821384161779,2
813,23,0.626382822306495,0.682110342123979,2
814,23,0.594573875113195,0.496189682470593,2
815,23,0.416295733876332,-0.487452131246266,2
816,23,-0.332017528341494,0.742140378327415,2
817,23,-1.041493417803853,0.679348219983129,2
818,23,0.384250114237451,0.345839982860733,2
819,23,-0.694281745528972,-0.476514244755522,2
820,23,0.324293199341951,-0.621802101504378,0
821,23,0.775824230688520,0.351301618143821,2
822,23,0.546486636159592,-0.197469372373390,2
823,23,0.713090534854537,0.473648047404010,2
824,23,-0.872521464349932,-0.007299455642119,2
825,23,0.175514790799130,0.690393340517451,2
826,23,-0.117870605500928,-1.682590922935009,2
827,23,-0.758589056076820,0.647428185136297,2
828,23,0.752620632323549,0.245235899876162,2
829,23,-0.707808351900693,0.706404513702755,0
830,23,0.745589708997892,0.621463334256387,2
831,23,0.530176518876941,-0.324335589172468,2
832,23,-0.837933386687016,0.173362926419578,2
833,23,-0.793022769579931,-0.170780677315859,0
834,23,0.237188842588165,-0.317992534743575,2
835,23,-0.676622381785643,-0.736330192554077,0
836,23,-0.651496445148857,-0.273370190736655,2
837,23,-0.679846884126232,-0.023264945131081,2
838,23,0.579023342403965,-0.280698271216814,2
839,23,-0.639608324327783,-0.517211211941869,2
840,23,0.579932453033050,0.122947359846514,2
841,23,-0.590894881324843,0.595275800786507,0
842,23,0.592210027057472,-0.376246616616549,2
843,23,0.620412520930974,0.351784960814540,2
844,23,0.619530741782345,0.015993454505777,2
845,23,-0.775701129593900,-0.024830412772745,0
846,23,0.393751012382127,3.750651113015126,2
847,23,-0.614343122004097,0.594620199737967,2
848,23,-0.695292062198045,0.746160369609720,2
849,23,-0.648515551490212,-0.436720100050875,2
850,23,0.469090934931097,-0.327542256487397,2
851,23,0.496025169974253,-0.520445650617399,0
852,23,-0.629356210447515,0.526423628199260,2
853,23,-0.611809654312707,-0.557857862393651,2
854,23,-0.539635228924976,-0.260940575075015,2
855,23,-0.434101178380868,-0.368964972104143,2
856,23,-0.700597858923220,0.229985415324469,2
857,23,0.814332663524762,-0.599021032575829,2
858,23,-0.588804719535017,0.502011635706245,2
859,23,-0.801317538983157,0.071843681709700,2
860,23,-0.430256532642580,0.697274138965022,2
861,23,0.960820823735146,0.722442367802639,2
862,23,-0.128386631883758,-0.211151192462032,2
863,23,0.399616511938065,0.504637728814670,2
864,23,0.664656516476777,0.239687736690405,2
865,23,0.712166130091605,-0.406738889535396,2
866,23,-0.354719573753832,-0.438164416647248,2
867,23,0.786737920498356,0.678983636421689,2
868,23,0.701319149316664,0.771198612815227,2
869,23,-0.737482367399950,0.072746321710064,2
870,23,-0.734333757315489,0.137511929179923,2
871,23,0.580122381265143,-0.218307106276800,2
872,23,-0.838250878699158,0.733853318673245,2
873,23,-0.751626136456310,-0.340870015943881,2
874,23,0.528312608653300,-0.255798149715328,2
875,23,0.389784529516367,-0.379777325739771,2
876,23,-0.560744724797845,-0.665590026619186,2
877,23,-0.547546671053559,0.483458465762817,2
878,23,-0.431101529475390,-1.251071739375104,2
879,23,-0.308807553247400,-0.628073783995741,2
880,23,-0.866242157359369,-0.284954654642013,2
881,23,0.474904509417609,-0.687206617941378,2
882,23,-0.745471868245257,0.076265488627125,2
883,23,-0.755206393245378,-0.039600257644428,2
884,23,0.850831697235994,0.488141248046640,2
885,23,-0.451386668726942,-0.422189655309040,2
886,23,-0.746995603910595,0.116978295962581,2
887,23,0.549402920673321,-0.170225800914339,2
888,23,-0.692448033486142,0.377600672548361,2
889,23,0.513061847791805,-0.201944538143015,2
890,23,-0.588446021124486,0.326202791895077,2
891,23,0.311495247203265,1.028303391888035,2
892,23,-0.681065939322115,-0.432808335418615,2
893,23,-0.074426024826651,0.463529532707994,2
894,23,-0.813549740377718,0.684485718030086,2
895,23,0.771954173338649,-0.209835464369920,2
896,23,0.466535036761955,-0.408767424291475,0
897,23,-0.756211882617254,1.670455778890812,2
898,23,-0.349192783028889,0.154010931691918,2
899,23,-0.760819443354563,-0.023502942980858,2
900,23,-0.840079892253771,-0.306521600119445,0
901,23,-0.940515556870493,0.339750625142303,0
902,23,-0.632295183465187,-0.168787456811310,2
903,23,-0.827503627256203,0.079246104080194,2
904,23,-0.831424851253055,0.435238172011517,2
905,23,0.635656662897637,-0.324559009198060,2
906,23,0.830801746284489,-0.288640776472336,2
907,23,0.630861617534194,0.149393706486943,2
908,23,0.926668144451327,-0.693093766371607,2
909,23,0.392793392588053,-0.653603962304985,0
910,23,-0.529068472325207,-0.882230811913810,2
911,23,-0.577728841211102,0.490658278876352,2
912,23,0.304687788990820,-0.405620481920652,2
913,23,-0.494087254245465,-0.247037859079799,2
914,23,-0.734716471510721,0.092641298393227,2
915,23,0.333155852210238,0.204860912727808,2
916,23,-0.652730987563443,0.006171854374143,2
917,23,0.585536146405949,-0.266623093032036,2
918,23,-0.501057794444909,0.578283239881958,2
919,23,0.619953197769711,-0.354474435425179,2
920,23,-0.755686968731167,-0.039723230888625,2
921,23,0.232209202403480,-0.618318183285583,2
922,23,-0.717482637712723,-0.555935477641830,1
923,23,0.321675783739249,-0.200840559574671,2
924,23,-0.746787314203644,-0.547770559250029,2
925,23,-0.406185066815866,-0.523692521049451,2
926,23,0.619546012849295,-0.230699268178177,2
927,23,0.265104121509370,1.064503063464198,2
928,23,0.613511177367672,-0.368314275186344,0
929,23,-0.597327966292600,0.249262628452707,2
930,23,-0.936908542932431,-0.205786982551397,2
931,23,-0.751017437929545,0.093289120630644,2
932,23,-0.492435372935894,0.516424034556019,0
933,23,-0.420748335794616,0.815435032861896,2
934,23,-0.434954762558149,0.708448446831862,2
935,23,0.655947977493847,-0.009185351677409,2
936,23,-0.770332359160572,0.599946047389305,2
937,23,-0.958439496620809,0.180116625842558,2
938,23,0.553051937679595,-0.241227413598818,2
939,23,0.673135700592315,-0.306272398336878,2
940,23,0.730132160078390,-0.261846296144937,2
941,23,-0.765805162861564,-0.071392251179460,2
942,23,0.777757604788215,-0.310584089380256,2
943,23,0.116587234305588,0.993180455303540,0
944,23,0.681947576703872,-0.247232356700504,2
945,23,0.428050949194692,-0.165300331401428,2
946,23,0.763600434968280,0.173654269273913,2
947,23,-0.432804381525401,0.894557103877490,2
948,23,-0.803884754019240,1.565506319807904,2
949,23,0.569016905417538,0.454062501109323,2
950,23,-0.792273110219163,-0.524197988239376,2
951,23,0.719913003571364,0.006285594004991,2
952,23,0.671481522625247,0.332990520033211,2
953,23,0.698159263620551,0.413081318315031,2
954,23,0.636425377157966,-0.623834210721447,2
955,23,0.659171361746719,-0.501286567389333,2
956,23,-0.941339572503917,0.290714110732557,2
957,23,-0.592769514620453,-0.003434515147332,2
958,23,-0.509117735355291,-0.720660698128554,2
959,23,0.525471164786125,-0.470519175876259,2
960,23,-0.618650203453689,-0.119263323328448,0
961,23,-0.091887845229390,1.627766615581560,2
962,23,0.718663096153513,0.210571454147746,2
963,23,-0.326858024268404,-0.252978018890465,2
964,23,0.613421134362394,-0.185583473912754,0
965,23,0.772880901068763,0.004425934955361,0
966,23,0.588903644894976,-0.297145075057363,0
967,23,0.663588447730552,-0.241063227317552,2
968,23,-0.762515405503031,0.198888678594273,2
969,23,-0.613460388374363,0.563027985307809,0
970,23,0.299344918381283,-0.537337044722174,2
971,23,0.695879748221994,0.405716901793179,2
972,23,-0.791109627571784,0.215158178274453,2
973,23,-0.913785783508942,0.404416794053299,2
974,23,-0.678603726727630,0.231807727618769,2
975,23,-0.777210968572481,0.166891231217070,2
976,23,0.604742628887460,-0.317052210587111,2
977,23,-0.439721840518718,0.720177821778321,0
978,23,0.567586819796158,-0.355315152421168,0
979,23,-0.414608618019670,0.307766279687123,0
980,23,-0.525936863691156,-0.261597340179598,0
981,23,-0.794377242735517,0.209596343123187,2
982,23,-0.308880039229074,0.410155032190453,2
983,23,-0.566173419645555,0.606361661608239,0
984,23,0.639691399040128,0.602254080651126,2
985,23,0.447343838605842,-0.270777010129292,2
986,23,-0.624379639311932,0.013396549239444,2
987,23,-0.739129905299397,0.609120421561864,2
988,23,0.483689818955835,0.652003139551428,0
989,23,0.461136014487880,-0.211168759848537,2
990,23,-0.794257255149324,-0.091940448977909,0
991,23,-0.720357069987069,0.279368880487926,2
992,23,-0.487995294112659,0.798233569157570,0
993,23,-0.915884172467898,0.367282194321664,2
994,23,0.663485961306560,0.623502785728053,2
995,23,0.873991710022613,0.457152244496782,2
996,23,-0.419323994193225,0.285630299707686,0
997,23,-0.790688301483762,-0.071383620329989,0
998,23,-0.560903936934656,0.792568033734043,0
999,23,0.674823606316274,0.266809629352048,2
1000,23,-0.759350532805534,0.219311895264162,2
1001,23,-0.730416625746641,0.142086926496391,2
1002,23,-0.715725988493512,0.258674519895989,2
1003,23,0.506268005464169,-0.089613765539058,2
1004,23,-0.726487652033239,-0.095016971985348,0
1005,23,0.609437422711446,-0.133002032886039,2
1006,23,-0.930362716588176,0.338129521475954,2
1007,23,-0.657865358751399,0.160375833137456,0
1008,23,-0.920701778672009,0.390266876316961,0
1009,23,0.741317662113357,-0.219294849121396,0
1010,23,0.650028735027442,0.453705548863281,0
1011,23,0.383568678764159,-0.249363651648970,0
1012,23,-0.905754575783045,0.123022656300299,0
1013,23,-0.656823171918671,0.722798261932366,0
1014,23,-0.643926567979176,-0.314942920924292,0
1015,23,-0.733415929631946,0.679780166055254,0
1016,23,-0.088221134713884,0.739090690290179,0
1017,23,0.455852178443074,-0.136868215303027,0
1018,23,-0.739341023668618,0.673331159588184,0
1019,23,0.665188513613641,0.295319020851313,0
1020,23,-0.685562184130805,0.053888034600011,0
1021,23,0.499793131878557,0.406602040008737,0
1022,23,0.609522628081927,0.215244470241779,0
1023,23,-0.735586426815810,0.677430888453324,0
1024,23,0.771263440039504,0.448793748018439,0
1025,23,0.675877600276678,0.318280678177635,0
1026,23,0.612539689545366,0.367575217195229,0
1027,23,0.534341152442857,0.511422367953278,0
1028,23,0.614543502852580,0.350085842079463,0
1029,23,0.659898851461359,0.385731414442182,0
1030,23,0.719524682375757,0.414684831565900,0
1031,23,0.672441496895761,-0.344884290358641,0
1032,23,0.674944149847909,0.407817811198945,0
1033,23,-0.796226941418395,0.604998064260959,0
1034,23,-0.901009316419345,0.433799735041799,0
1035,23,-0.917688327587055,0.087133329901845,0
1036,23,-0.902066024906342,0.431598061522142,0
1037,23,-0.813221552326679,0.581954213689863,0
1038,23,-0.732784772179675,0.151347406330385,0
1039,23,-0.888070728960361,0.459706841763109,0
1040,23,0.848027687047677,0.183387273827747,0
1041,23,0.698930008317627,0.437973167188332,0
1042,23,0.547698498681590,0.491300160501060,0
1043,23,-0.925864844206593,0.225851158911191,0
1044,23,-0.757276382878248,0.107031857529085,0
1045,23,0.629922301187174,0.476146282696813,0
1046,23,0.604974761822562,0.625890584810993,0
1047,23,0.760892605276680,0.362018418589090,0
1048,23,-0.738390835879576,0.101442387131277,0
1049,23,-0.655057914488211,-0.078298801343302,0
1050,23,0.671801986269633,0.371087383719288,0
1051,23,-0.872857276398239,0.487975566793342,0
1052,23,0.761177176309139,0.450350809647832,0
1053,23,0.527329641094213,-0.094760333981583,0
1054,23,0.528528828484735,0.525560039610466,0
1055,23,0.465044224266225,-0.229208195796930,0
1056,23,-0.862078830681926,0.080888925597258,0
1057,23,0.476474813581914,0.767101108239301,0
1058,23,-0.728899918621082,0.684620266011882,0
1059,23,0.537905672480560,0.656905508251028,0
1060,23,0.758651038663642,0.323595127955514,0
1061,23,-0.712529352206308,0.117047177343796,0
1062,23,-0.248284801230419,0.687391181236920,0
1063,23,-0.742525925772143,0.669817324461082,0
1064,23,0.433201743589111,0.269743780064169,0
1065,23,0.721898303668206,-0.415863475865929,0
1066,23,0.471170024142782,-0.259332560002528,0
1067,23,0.580528383706279,0.502225207303181,0
1068,23,-0.834028847416587,0.551720836725385,0
1069,23,0.624203501374632,0.781261792788851,0
1070,23,-0.723288343617127,0.365811416702842,0
1071,23,-0.795950456279653,0.089814046258084,0
1072,23,0.616996915992537,-0.251451930376087,0
1073,23,-0.810102799484142,0.087362772737100,0
1074,23,-0.906983071409541,0.145368645827878,0
1075,23,0.710646505469345,0.461706853888679,0
1076,23,-0.659110165527673,-0.073246512179014,0
1077,23,-0.617539190061302,0.301919228767431,0
1078,23,-0.691781076956808,-0.032992295158119,0
1079,23,0.734142251813331,0.398452022526006,0
1080,23,0.297955492167781,-0.277657475927286,0
1081,23,0.854306180819217,0.439949872047180,0
1082,23,0.787664618249153,0.343150139591721,0
1083,23,-0.777834276499163,0.409530273747729,0
1084,23,-0.234605289755199,0.583860487593783,0
1085,23,-0.727824660913539,0.685763269844989,0
1086,23,-0.805563557715299,0.592509370795998,0
1087,23,-0.821124577686948,0.570749004579806,0
1088,23,0.675429769562388,0.408398310226785,0
1089,23,0.561009434925524,-0.084007944155132,0
1090,23,0.676156499846240,0.378947064199276,0
1091,23,-0.993730463143674,-0.111802355164187,0
1092,23,-0.579510303148736,0.814964912462163,0
1093,23,-0.995825600329256,0.091276359090822,0
