"rollcall_id","midpoint1D","midpoint2D","spread1D","spread2D"
0,-0.617341339588165,0.78669548034668,-0.181729972362518,0.514549076557159
1,0.116378381848335,0.993205010890961,0.138057678937912,0.0391582436859608
2,-0.323101162910461,-0.946364521980286,0.237885862588882,-0.46445569396019
3,NA,NA,NA,NA
4,-0.9003786444664,-0.276070237159729,-1.62967908382416,-0.690859198570251
5,NA,NA,NA,NA
6,-0.887114703655243,0.00895071029663086,-1.01823043823242,1.27258968353271
7,0.092406377196312,-0.497284352779388,0.00299918744713068,-1.86245000362396
8,NA,NA,NA,NA
9,0.669818818569183,-0.74252462387085,0.81372344493866,-3.43912172317505
10,0.519013702869415,-0.854765951633453,0.182006016373634,-0.267951130867004
11,NA,NA,NA,NA
12,NA,NA,NA,NA
13,0.317480623722076,-0.948264837265015,0.158345952630043,-0.408033430576324
14,-0.352527260780334,-0.935801565647125,-0.187239766120911,-0.335397452116013
15,-0.0832880586385727,-0.473720252513885,-0.181433856487274,-0.56033730506897
16,NA,NA,NA,NA
17,0.178524300456047,-0.983935534954071,0.0613503456115723,-1.64095628261566
18,NA,NA,NA,NA
19,NA,NA,NA,NA
20,NA,NA,NA,NA
21,-0.563697695732117,0.388710260391235,-0.180769816040993,0.34528636932373
22,0.428371369838715,-0.201802164316177,0.352108091115952,1.4862447977066
23,NA,NA,NA,NA
24,NA,NA,NA,NA
25,NA,NA,NA,NA
26,0.929042816162109,-0.369972407817841,0.52469277381897,0.105553545057774
27,NA,NA,NA,NA
28,0.60534930229187,0.795960009098053,0.209190338850021,0.462309092283249
29,0.393905609846115,0.85376238822937,0.946309804916382,3.04493689537048
30,NA,NA,NA,NA
31,0.408133238554001,-0.912922441959381,0.0761866122484207,-2.44716835021973
32,NA,NA,NA,NA
33,NA,NA,NA,NA
34,NA,NA,NA,NA
35,-0.298783004283905,-0.0712809562683105,0.610928356647491,-1.25265276432037
36,NA,NA,NA,NA
37,NA,NA,NA,NA
38,0.470748275518417,0.882267653942108,0.14559979736805,0.431768417358398
39,NA,NA,NA,NA
40,0.0596732683479786,-0.682815134525299,0.0153802623972297,-1.80073797702789
41,NA,NA,NA,NA
42,NA,NA,NA,NA
43,-0.763841092586517,0.112440265715122,-0.849559187889099,1.6699583530426
44,NA,NA,NA,NA
45,NA,NA,NA,NA
46,NA,NA,NA,NA
47,NA,NA,NA,NA
48,NA,NA,NA,NA
49,NA,NA,NA,NA
50,NA,NA,NA,NA
51,NA,NA,NA,NA
52,0.442070245742798,0.542933762073517,0.48865932226181,1.71872532367706
53,NA,NA,NA,NA
54,0.314171344041824,-0.949366331100464,0.0250013507902622,-1.80096805095673
55,NA,NA,NA,NA
56,NA,NA,NA,NA
57,NA,NA,NA,NA
58,NA,NA,NA,NA
59,0.346749573945999,-0.215078875422478,-0.026076503098011,0.260800868272781
60,NA,NA,NA,NA
61,0.99935120344162,-0.0360179580748081,0.444073170423508,-0.375829845666885
62,NA,NA,NA,NA
63,NA,NA,NA,NA
64,NA,NA,NA,NA
65,0.457911640405655,0.522726714611053,0.509568691253662,1.65998673439026
66,0.0318760424852371,0.99949187040329,-0.0302496980875731,0.668123662471771
67,-0.045720599591732,-0.998954355716705,0.152040436863899,-0.433387637138367
68,NA,NA,NA,NA
69,NA,NA,NA,NA
70,NA,NA,NA,NA
71,NA,NA,NA,NA
72,0.0311332605779171,0.698409855365753,0.358627289533615,0.48549684882164
73,-0.0108282491564751,-0.00558368163183331,0.691778302192688,-0.62552136182785
74,-0.161535143852234,0.986867010593414,0.434888273477554,0.55171811580658
75,0.121830523014069,0.323671251535416,0.763962268829346,0.359508544206619
76,0.0261738188564777,-0.0201942063868046,0.72223949432373,-1.021280169487
77,NA,NA,NA,NA
78,0.023155115544796,-0.999731957912445,0.207231014966965,0.737747132778168
79,NA,NA,NA,NA
80,NA,NA,NA,NA
81,NA,NA,NA,NA
82,NA,NA,NA,NA
83,0.968685626983643,-0.248290613293648,0.414131104946136,-0.155648544430733
84,NA,NA,NA,NA
85,NA,NA,NA,NA
86,NA,NA,NA,NA
87,NA,NA,NA,NA
88,-0.995527803897858,0.0944695100188255,1.58404898643494,1.9000678062439
89,NA,NA,NA,NA
90,NA,NA,NA,NA
91,-0.386703848838806,-0.92220401763916,0.0785892084240913,-0.232455179095268
92,NA,NA,NA,NA
93,NA,NA,NA,NA
94,NA,NA,NA,NA
95,NA,NA,NA,NA
96,0.990026235580444,-0.140883684158325,1.57102310657501,-2.34313654899597
97,NA,NA,NA,NA
98,NA,NA,NA,NA
99,0.985421180725098,0.170132786035538,0.0464632287621498,-0.618923783302307
100,NA,NA,NA,NA
101,NA,NA,NA,NA
102,NA,NA,NA,NA
103,NA,NA,NA,NA
104,NA,NA,NA,NA
105,0.0598012395203114,0.236227601766586,0.618939101696014,1.06835734844208
106,NA,NA,NA,NA
107,0.0924035310745239,0.0479532144963741,0.572750806808472,1.04073214530945
108,NA,NA,NA,NA
109,NA,NA,NA,NA
110,NA,NA,NA,NA
111,NA,NA,NA,NA
112,NA,NA,NA,NA
113,-0.0587897188961506,-0.998270452022552,0.0726981088519096,0.520193755626678
114,NA,NA,NA,NA
115,-0.818777084350586,0.206959336996078,0.438971757888794,-0.369107753038406
116,-0.94729071855545,-0.0365960597991943,1.53881680965424,0.843199133872986
117,NA,NA,NA,NA
118,NA,NA,NA,NA
119,NA,NA,NA,NA
120,NA,NA,NA,NA
121,NA,NA,NA,NA
122,NA,NA,NA,NA
123,NA,NA,NA,NA
124,NA,NA,NA,NA
125,0.841113388538361,-0.269924074411392,0.431877702474594,1.77172422409058
126,0.770035684108734,-0.638000905513763,0.526293277740479,1.03286921977997
127,0.824974119663239,-0.565170586109161,0.237934499979019,0.752086758613586
128,NA,NA,NA,NA
129,NA,NA,NA,NA
130,0.0359479002654552,-0.150143414735794,0.893202185630798,-1.24515676498413
131,NA,NA,NA,NA
132,NA,NA,NA,NA
133,NA,NA,NA,NA
134,NA,NA,NA,NA
135,0.0377543158829212,0.999287068843842,0.280229032039642,0.695611894130707
136,NA,NA,NA,NA
137,NA,NA,NA,NA
138,NA,NA,NA,NA
139,NA,NA,NA,NA
140,0.283899039030075,0.74371749162674,0.404839366674423,0.821635603904724
141,0.320967644453049,-0.250882178544998,0.230765596032143,0.370119452476501
142,0.405316263437271,-0.9141765832901,0.330461412668228,0.31929138302803
143,NA,NA,NA,NA
144,NA,NA,NA,NA
145,NA,NA,NA,NA
146,NA,NA,NA,NA
147,0.999680459499359,0.0252806227654219,-1.22472488880157,2.89656043052673
148,0.384849160909653,-0.922979533672333,-0.0809700787067413,0.781175911426544
149,0.489733994007111,-0.124596208333969,-0.259701699018478,-0.380870699882507
150,NA,NA,NA,NA
151,NA,NA,NA,NA
152,0.264816969633102,0.964298725128174,0.525463998317719,1.36665320396423
153,0.487306088209152,-0.0132720256224275,0.724061906337738,-0.25928458571434
154,0.648845672607422,0.320694983005524,0.727046489715576,0.65013986825943
155,0.659346103668213,0.115850239992142,0.940650403499603,1.59033417701721
156,NA,NA,NA,NA
157,NA,NA,NA,NA
158,NA,NA,NA,NA
159,NA,NA,NA,NA
160,NA,NA,NA,NA
161,NA,NA,NA,NA
162,NA,NA,NA,NA
163,NA,NA,NA,NA
164,NA,NA,NA,NA
165,NA,NA,NA,NA
166,NA,NA,NA,NA
167,0.54043972492218,-0.841382801532745,0.595431387424469,-3.69077706336975
168,0.0370851829648018,0.0457519441843033,-0.699911892414093,0.90740042924881
169,0.0952285677194595,-0.0502792485058308,0.209545895457268,0.396471500396729
170,0.099502369761467,-0.995037376880646,-0.32978093624115,-0.465800553560257
171,0.0490503124892712,0.0180274061858654,0.686776757240295,-0.89292573928833
172,0.0650854557752609,-0.99787974357605,-0.34342086315155,-0.505504429340363
173,-0.338328093290329,0.251915067434311,-0.296959459781647,-0.00944307446479797
174,0.039942879229784,0.000493473722599447,-0.715237498283386,0.910119295120239
175,0.0394745320081711,0.00166338146664202,-0.715068757534027,0.909050941467285
176,0.0472308360040188,0.0478901863098145,-0.715362131595612,0.911497354507446
177,0.0330436415970325,-0.040973573923111,-0.673892736434937,0.80692732334137
178,0.865148782730103,0.0345658510923386,0.82773631811142,0.51749849319458
179,-0.577749311923981,0.0216686315834522,-1.2324470281601,2.12356162071228
180,0.00622226903215051,-0.999980688095093,-0.249863386154175,-0.578493177890778
181,NA,NA,NA,NA
182,-0.26725035905838,0.0713753700256348,-0.688070118427277,0.511979937553406
183,-0.000476684421300888,-0.00652526365593076,-0.687064290046692,0.358267515897751
184,NA,NA,NA,NA
185,-0.0714055225253105,-0.546143174171448,-0.45122817158699,-0.851920604705811
186,0.948242485523224,-0.31754732131958,1.08495759963989,-3.37993407249451
187,-0.0222891997545958,-0.283830463886261,-0.725195169448853,0.112988740205765
188,0.0208166725933552,-0.999783337116241,-0.276393353939056,-0.46145036816597
189,-0.000480440445244312,-0.00653237150982022,-0.687110781669617,0.357932388782501
190,-0.000481258146464825,-0.00653376011177897,-0.687104105949402,0.35786247253418
191,-0.021593576297164,0.999766886234283,-0.321337133646011,0.537323772907257
192,-0.000473984517157078,-0.00651945825666189,-0.687097072601318,0.358431309461594
193,NA,NA,NA,NA
194,NA,NA,NA,NA
195,-0.401273459196091,-0.18889681994915,-0.457873642444611,-0.967384040355682
196,-0.836612164974213,0.547795712947845,-0.195823952555656,0.49984884262085
197,0.976500630378723,-0.215514734387398,1.52994203567505,-1.97665166854858
198,0.774412870407104,-0.632680654525757,1.2112090587616,-3.27716040611267
199,NA,NA,NA,NA
200,0.0718170627951622,-0.997417867183685,-0.425728887319565,-0.720924139022827
201,-0.000482522882521152,-0.00653009675443172,-0.687187910079956,0.358217060565948
202,-0.0204293578863144,-0.0439934432506561,-0.724955022335052,0.113637648522854
203,0.116193354129791,0.268852651119232,0.195881173014641,0.609615087509155
204,NA,NA,NA,NA
205,-0.0246223211288452,0.999696850776672,0.209335789084435,0.287771821022034
206,-0.268564015626907,-0.963261902332306,0.207338660955429,-0.902079403400421
207,0.070160023868084,-0.997535824775696,-0.283714681863785,-0.406313449144363
208,-0.000388056971132755,-0.00534222275018692,-0.687053799629211,0.357966780662537
209,-0.0425972603261471,0.805329620838165,-0.280837863683701,-0.15737509727478
210,-0.0302067771553993,-0.0381645523011684,-0.730824828147888,0.0957261696457863
211,NA,NA,NA,NA
212,-0.15862187743187,0.0258405953645706,-0.516704261302948,1.44308805465698
213,0.0744287222623825,0.997226417064667,0.241620466113091,0.702514588832855
214,NA,NA,NA,NA
215,NA,NA,NA,NA
216,-0.0963008254766464,-0.995352327823639,0.450333565473557,-1.70984494686127
217,NA,NA,NA,NA
218,0.234156161546707,-0.357620060443878,0.590816140174866,-1.10920250415802
219,-0.057470865547657,0.570431590080261,0.660319924354553,0.978598713874817
220,-0.0342286452651024,-0.0592412315309048,0.736192226409912,-0.0125821474939585
221,NA,NA,NA,NA
222,NA,NA,NA,NA
223,NA,NA,NA,NA
224,NA,NA,NA,NA
225,NA,NA,NA,NA
226,NA,NA,NA,NA
227,NA,NA,NA,NA
228,NA,NA,NA,NA
229,NA,NA,NA,NA
230,0.189783051609993,-0.00234256335534155,0.738422989845276,0.0574675649404526
231,-0.0288683623075485,-0.0286625344306231,0.736097633838654,-0.0131032597273588
232,NA,NA,NA,NA
233,NA,NA,NA,NA
234,NA,NA,NA,NA
235,NA,NA,NA,NA
236,0.183283761143684,0.380129992961884,0.326666712760925,1.16105341911316
237,0.157755851745605,0.342777997255325,0.366175979375839,1.41628861427307
238,0.179236337542534,-0.983806073665619,-0.132032185792923,-0.579953193664551
239,0.0443266853690147,-0.107271708548069,-0.11688744276762,-1.88710391521454
240,0.564983487129211,-0.550832569599152,0.192994609475136,0.969029664993286
241,0.483479678630829,-0.210349977016449,-0.522663295269012,-1.75805008411407
242,0.722918808460236,-0.690933048725128,-0.36267164349556,-1.67036604881287
243,0.0389098934829235,0.0565610006451607,0.688612222671509,-0.887421309947968
244,NA,NA,NA,NA
245,-0.0929308980703354,-0.995672643184662,-0.0886020511388779,-0.431078314781189
246,-0.608357965946198,0.147046580910683,0.589829742908478,-1.49142050743103
247,-0.881933927536011,-0.471373200416565,0.149131074547768,-0.813789069652557
248,NA,NA,NA,NA
249,NA,NA,NA,NA
250,0.496312946081161,0.0668842419981956,0.573068201541901,1.4265034198761
251,-0.801919758319855,0.597431838512421,0.0879085063934326,0.0297739058732986
252,-0.813129127025604,-0.00384772079996765,0.737598180770874,-1.10410535335541
253,0.0931057929992676,-0.995656251907349,-0.207930207252502,-0.707563102245331
254,0.582630932331085,-0.391645044088364,0.305418610572815,0.960074007511139
255,-0.564881503582001,0.49719911813736,0.0103195542469621,-1.21906685829163
256,NA,NA,NA,NA
257,NA,NA,NA,NA
258,NA,NA,NA,NA
259,NA,NA,NA,NA
260,NA,NA,NA,NA
261,0.417344391345978,-0.698631823062897,0.0236017554998398,1.95509028434753
262,0.752646565437317,0.65842479467392,-0.0768856778740883,0.182442471385002
263,NA,NA,NA,NA
264,-0.749652981758118,-0.0587313771247864,0.340466350317001,-0.742608249187469
265,0.0500156916677952,-0.998748481273651,-0.106710948050022,-0.36333167552948
266,0.656634449958801,-0.673441052436829,0.264523535966873,1.52280628681183
267,0.675519108772278,-0.622104465961456,-0.330114811658859,-1.19333004951477
268,0.108255989849567,-0.516338348388672,-0.174775987863541,-0.365580290555954
269,-0.998878121376038,-0.047356553375721,-1.38330972194672,0.547861516475677
270,NA,NA,NA,NA
271,NA,NA,NA,NA
272,NA,NA,NA,NA
273,-0.26296728849411,0.964804828166962,-0.0870251953601837,1.28860902786255
274,NA,NA,NA,NA
275,NA,NA,NA,NA
276,-0.0217687785625458,-0.144322037696838,-0.715122520923615,0.487693935632706
277,-0.0200219005346298,-0.0371410697698593,-0.730423450469971,0.0971195325255394
278,0.167777478694916,-0.985824942588806,-0.295123934745789,-0.460505962371826
279,-0.999951779842377,0.00982515327632427,-1.59727072715759,-0.58712363243103
280,NA,NA,NA,NA
281,NA,NA,NA,NA
282,NA,NA,NA,NA
283,0.2320886105299,-0.530106246471405,-0.207474157214165,-0.61056512594223
284,0.223068863153458,-0.939509510993958,-0.243118926882744,-0.409207999706268
285,NA,NA,NA,NA
286,NA,NA,NA,NA
287,-0.677571058273315,0.108966924250126,-0.810430288314819,1.78279554843903
288,NA,NA,NA,NA
289,0.141545012593269,-0.58243328332901,-0.242393150925636,-0.337922424077988
290,NA,NA,NA,NA
291,NA,NA,NA,NA
292,0.12817870080471,-0.550576686859131,-0.281216621398926,-0.563550114631653
293,-0.0244740173220634,0.00615356164053082,-0.78766793012619,0.153363585472107
294,-0.999638319015503,0.0268944837152958,-1.44544243812561,1.95352613925934
295,NA,NA,NA,NA
296,NA,NA,NA,NA
297,NA,NA,NA,NA
298,0.999999403953552,-0.00111963867675513,0.552493691444397,0.698108673095703
299,-0.731315732002258,0.682039141654968,-0.227658540010452,0.857828378677368
300,0.530621409416199,0.0383753888309002,0.585041463375092,1.39623069763184
301,NA,NA,NA,NA
302,-0.195305854082108,0.980742454528809,-0.0345710329711437,1.02243459224701
303,NA,NA,NA,NA
304,NA,NA,NA,NA
305,0.602723360061646,-0.797950267791748,0.63236141204834,-3.67194223403931
306,NA,NA,NA,NA
307,-0.258272886276245,0.655483961105347,0.227855369448662,0.325084447860718
308,NA,NA,NA,NA
309,NA,NA,NA,NA
310,NA,NA,NA,NA
311,0.639016211032867,-0.769193351268768,0.68515408039093,-3.55206918716431
312,0.369710624217987,0.0142732756212354,-1.12814450263977,-0.781452119350433
313,NA,NA,NA,NA
314,NA,NA,NA,NA
315,NA,NA,NA,NA
316,NA,NA,NA,NA
317,NA,NA,NA,NA
318,NA,NA,NA,NA
319,-0.837297320365906,-0.00302187888883054,-0.755370676517487,0.807910621166229
320,NA,NA,NA,NA
321,-0.75442773103714,0.0230998769402504,-0.724363267421722,0.622027158737183
322,-0.797868311405182,-0.00405297428369522,-0.748572051525116,0.535207748413086
323,0.15706142783165,0.987588882446289,-0.0643166825175285,0.634601175785065
324,-0.918134927749634,-0.0875749140977859,-0.832992136478424,1.06823599338531
325,NA,NA,NA,NA
326,0.422186106443405,0.906509220600128,-0.00789118371903896,0.248872622847557
327,0.881365537643433,-0.472435027360916,-0.063088521361351,-0.652024626731873
328,-0.833526611328125,-0.0151761928573251,-0.769810020923615,0.582266271114349
329,NA,NA,NA,NA
330,NA,NA,NA,NA
331,NA,NA,NA,NA
332,NA,NA,NA,NA
333,NA,NA,NA,NA
334,NA,NA,NA,NA
335,NA,NA,NA,NA
336,NA,NA,NA,NA
337,NA,NA,NA,NA
338,NA,NA,NA,NA
339,NA,NA,NA,NA
340,NA,NA,NA,NA
341,NA,NA,NA,NA
342,NA,NA,NA,NA
343,NA,NA,NA,NA
344,NA,NA,NA,NA
345,NA,NA,NA,NA
346,NA,NA,NA,NA
347,NA,NA,NA,NA
348,NA,NA,NA,NA
349,NA,NA,NA,NA
350,NA,NA,NA,NA
351,-0.608312904834747,0.151702582836151,-0.859047710895538,2.48048448562622
352,NA,NA,NA,NA
353,0.179612576961517,-0.214641869068146,0.73831170797348,0.0584163814783096
354,NA,NA,NA,NA
355,-0.0276123732328415,-0.134532481431961,0.690973162651062,-0.62430614233017
356,NA,NA,NA,NA
357,NA,NA,NA,NA
358,-0.0218960549682379,-0.00708823651075363,0.692564368247986,-0.567122936248779
359,0.616008758544922,-0.787739336490631,0.834415555000305,-3.86128973960876
360,-0.0263938959687948,-0.0464085973799229,0.690511405467987,-0.588049650192261
361,NA,NA,NA,NA
362,NA,NA,NA,NA
363,0.012027932330966,-0.049969308078289,0.699941277503967,-0.614448070526123
364,NA,NA,NA,NA
365,NA,NA,NA,NA
366,NA,NA,NA,NA
367,NA,NA,NA,NA
368,NA,NA,NA,NA
369,-0.226333424448967,-0.947340488433838,0.302135705947876,-0.481158226728439
370,NA,NA,NA,NA
371,NA,NA,NA,NA
372,NA,NA,NA,NA
373,NA,NA,NA,NA
374,0.00613153167068958,-0.0795853435993195,0.699872612953186,-0.553681373596191
375,-0.234884828329086,0.972023248672485,0.380496919155121,0.434304118156433
376,NA,NA,NA,NA
377,NA,NA,NA,NA
378,NA,NA,NA,NA
379,0.0186920575797558,-0.0236540883779526,0.669687271118164,-0.733123123645782
380,NA,NA,NA,NA
381,-0.020507175475359,-0.0227041617035866,0.676644146442413,-0.649775624275208
382,NA,NA,NA,NA
383,-0.117903254926205,0.993025124073029,0.555541098117828,1.27211964130402
384,NA,NA,NA,NA
385,NA,NA,NA,NA
386,NA,NA,NA,NA
387,NA,NA,NA,NA
388,NA,NA,NA,NA
389,NA,NA,NA,NA
390,NA,NA,NA,NA
391,NA,NA,NA,NA
392,NA,NA,NA,NA
393,NA,NA,NA,NA
394,NA,NA,NA,NA
395,NA,NA,NA,NA
396,NA,NA,NA,NA
397,NA,NA,NA,NA
398,NA,NA,NA,NA
399,NA,NA,NA,NA
400,NA,NA,NA,NA
401,-0.194375649094582,0.980927228927612,0.223685011267662,0.338550508022308
402,0.567711234092712,-0.823227822780609,0.180231511592865,-2.39489388465881
403,NA,NA,NA,NA
404,-0.0860413163900375,-0.121082082390785,0.0343524813652039,1.59576213359833
405,NA,NA,NA,NA
406,NA,NA,NA,NA
407,NA,NA,NA,NA
408,NA,NA,NA,NA
409,NA,NA,NA,NA
410,0.87904942035675,-0.476730734109879,0.0096858311444521,-0.780459582805634
411,NA,NA,NA,NA
412,-0.202540904283524,-0.943331122398376,0.292140513658524,-0.445027112960815
413,NA,NA,NA,NA
414,-0.214539051055908,-0.885363876819611,0.297212183475494,-0.445280820131302
415,0.0406389310956001,0.0606257915496826,0.687522172927856,-0.888833820819855
416,NA,NA,NA,NA
417,NA,NA,NA,NA
418,0.0488005056977272,0.081762969493866,0.681844472885132,-0.890810251235962
419,NA,NA,NA,NA
420,0.317753434181213,0.948173403739929,0.252774268388748,0.196303308010101
421,NA,NA,NA,NA
422,NA,NA,NA,NA
423,NA,NA,NA,NA
424,NA,NA,NA,NA
425,NA,NA,NA,NA
426,-0.036234725266695,-0.142641231417656,0.195430964231491,0.364926487207413
427,NA,NA,NA,NA
428,NA,NA,NA,NA
429,-0.244447305798531,-0.754076778888702,0.0549130961298943,-1.78557908535004
430,NA,NA,NA,NA
431,NA,NA,NA,NA
432,NA,NA,NA,NA
433,NA,NA,NA,NA
434,NA,NA,NA,NA
435,NA,NA,NA,NA
436,0.172121539711952,-0.985075771808624,0.0922389253973961,0.236890152096748
437,NA,NA,NA,NA
438,NA,NA,NA,NA
439,NA,NA,NA,NA
440,NA,NA,NA,NA
441,NA,NA,NA,NA
442,NA,NA,NA,NA
443,NA,NA,NA,NA
444,NA,NA,NA,NA
445,NA,NA,NA,NA
446,NA,NA,NA,NA
447,NA,NA,NA,NA
448,NA,NA,NA,NA
449,NA,NA,NA,NA
450,NA,NA,NA,NA
451,-0.0334330014884472,-0.999441027641296,0.109411828219891,0.494024157524109
452,NA,NA,NA,NA
453,NA,NA,NA,NA
454,NA,NA,NA,NA
455,NA,NA,NA,NA
456,-0.343316793441772,-0.93921971321106,0.297380924224854,1.68954014778137
457,0.953805327415466,0.300425499677658,0.23801951110363,0.361165672540665
458,NA,NA,NA,NA
459,NA,NA,NA,NA
460,-0.639982938766479,0.768389165401459,0.190953224897385,-0.367247521877289
461,NA,NA,NA,NA
462,-0.205750554800034,-0.685791611671448,0.44642373919487,-1.14834868907928
463,NA,NA,NA,NA
464,NA,NA,NA,NA
465,NA,NA,NA,NA
466,NA,NA,NA,NA
467,-0.519863367080688,-0.854249477386475,0.179703995585442,0.507860362529755
468,-0.854973554611206,-0.000828282791189849,-0.839379668235779,0.353487938642502
469,NA,NA,NA,NA
470,0.124197207391262,-0.992257595062256,-0.211010798811913,-0.474443554878235
471,-0.887450039386749,-0.0014788918197155,-0.850035905838013,0.655841290950775
472,NA,NA,NA,NA
473,NA,NA,NA,NA
474,NA,NA,NA,NA
475,0.175688818097115,-0.984445810317993,-0.191733226180077,-0.365208595991135
476,NA,NA,NA,NA
477,NA,NA,NA,NA
478,0.207512438297272,-0.978232443332672,-0.204885870218277,-0.615239977836609
479,0.0738252252340317,-0.997271239757538,-0.0807835534214973,-0.49133238196373
480,-0.534978866577148,0.721549987792969,-0.125581249594688,0.576989471912384
481,0.234266206622124,-0.972172558307648,0.0947921276092529,0.639125645160675
482,-0.00130901299417019,-0.735917806625366,0.106167122721672,0.728329718112946
483,0.0481969155371189,-0.998837888240814,0.0687393993139267,0.664270997047424
484,-0.119869150221348,-0.992789745330811,0.176668986678123,1.0474990606308
485,0.99918919801712,0.0402625724673271,-0.166159853339195,0.174952000379562
486,-0.497256755828857,-0.867603480815887,0.212418392300606,0.663472414016724
487,0.203963458538055,0.97897857427597,0.0037270188331604,0.387390166521072
488,0.743637681007385,-0.0167305506765842,0.179447740316391,0.221415460109711
489,-0.163797780871391,0.98649400472641,0.031673725694418,-0.186705246567726
490,-0.178153812885284,0.934053480625153,0.0818805322051048,-0.323155879974365
491,0.0818656012415886,-0.996643424034119,0.0620513185858727,0.547632873058319
492,0.455036073923111,-0.890473067760468,0.0307411551475525,0.537428200244904
493,0.331546753644943,0.913458347320557,0.164465427398682,0.225946798920631
494,0.387457102537155,0.478402316570282,0.174756214022636,0.322927594184875
495,0.33877968788147,-0.725065290927887,0.188850626349449,0.41383558511734
496,0.0727456957101822,0.437715470790863,0.473615646362305,0.862787902355194
497,-0.00929934531450272,0.548067510128021,0.181790858507156,0.186710387468338
498,0.235996723175049,-0.971753835678101,0.176420673727989,0.36519730091095
499,0.0875774249434471,-0.996157765388489,0.236741244792938,0.521074891090393
500,0.0666165426373482,-0.997778713703156,0.254888147115707,0.594887137413025
501,0.124858543276787,-0.992174506187439,0.182611986994743,0.252346575260162
502,0.411269664764404,-0.911513805389404,0.090185672044754,-0.26783299446106
503,0.114235498011112,-0.993453741073608,0.227717742323875,0.590983748435974
504,NA,NA,NA,NA
505,NA,NA,NA,NA
506,NA,NA,NA,NA
507,0.998060643672943,0.0622499883174896,1.31018209457397,2.56885695457458
508,0.0272416137158871,-0.0143801122903824,-0.671252429485321,0.710851430892944
509,NA,NA,NA,NA
510,-0.0249212738126516,-0.0176839828491211,-0.706452488899231,0.516084909439087
511,NA,NA,NA,NA
512,0.382333010435104,0.743988275527954,-0.726277530193329,0.0947028696537018
513,NA,NA,NA,NA
514,-0.169481873512268,0.870116114616394,0.271261125802994,0.695198655128479
515,0.365911662578583,-0.0730182304978371,0.691072940826416,0.457469701766968
516,0.017331812530756,-0.0131163131445646,-0.671215534210205,0.710683405399323
517,NA,NA,NA,NA
518,-0.0311266966164112,-0.0873877629637718,0.689704537391663,-0.592783987522125
519,-0.301634222269058,-0.953423678874969,0.424259901046753,-0.809248924255371
520,NA,NA,NA,NA
521,-0.976915180683136,0.213627725839615,-0.684773981571198,-1.89392936229706
522,-0.427819609642029,-0.0415217168629169,0.387644678354263,-0.209367170929909
523,NA,NA,NA,NA
524,NA,NA,NA,NA
525,0.0870063304901123,0.9962078332901,-0.420937567949295,-0.742274761199951
526,0.940771639347076,-0.202571019530296,0.526707828044891,-0.63934588432312
527,0.137565821409225,0.416423410177231,0.428832054138184,1.33171367645264
528,0.372403264045715,0.777599513530731,0.465279698371887,0.838594794273376
529,-0.165026843547821,0.986289143562317,0.224658861756325,0.547848045825958
530,-0.0220810435712337,-0.0064512062817812,-0.671117007732391,0.710800588130951
531,0.323172390460968,0.179638937115669,0.53742790222168,-1.42358469963074
532,0.236277744174004,-0.187761530280113,-0.188867121934891,-0.308196157217026
533,-0.286375433206558,0.958117544651031,0.208477526903152,0.507555246353149
534,NA,NA,NA,NA
535,NA,NA,NA,NA
536,0.158530279994011,0.987354159355164,-0.234423667192459,-0.317378014326096
537,0.531281471252441,0.0300786551088095,0.344731777906418,-0.102456659078598
538,0.208376884460449,-0.0809900239109993,-0.2353785187006,-0.518343389034271
539,-0.106697142124176,0.994291603565216,0.565623044967651,1.24311482906342
540,0.284794300794601,0.958588719367981,-0.23964224755764,-0.16205732524395
541,0.037982702255249,0.999278426170349,0.630677878856659,1.04708731174469
542,0.778121531009674,-0.628113865852356,0.948757410049438,-3.72919535636902
543,-0.235667333006859,-0.113664902746677,-0.311692506074905,-0.0675513595342636
544,0.518693387508392,-0.854960381984711,0.608624279499054,-3.78860569000244
545,0.232451006770134,0.972608149051666,0.625329613685608,0.945708751678467
546,NA,NA,NA,NA
547,0.0636043846607208,0.576332569122314,0.208799630403519,-0.275593131780624
548,0.379563599824905,-0.280308663845062,0.303584605455399,-0.0899512842297554
549,0.973641157150269,-0.228085413575172,1.41422986984253,-1.91334676742554
550,0.168521419167519,0.985698044300079,0.255320429801941,0.633955836296082
551,-0.170602321624756,0.985339999198914,0.199031174182892,0.120667569339275
552,-0.139585226774216,0.417719006538391,-0.163667917251587,-0.256529897451401
553,-0.285572946071625,0.91016960144043,1.23496568202972,1.36822605133057
554,0.238947287201881,0.971032619476318,0.660575687885284,0.57168173789978
555,0.119982406497002,0.992776036262512,0.186820566654205,0.186990574002266
556,0.220342978835106,0.975422501564026,0.639730215072632,0.648556292057037
557,-0.465424388647079,-0.885087668895721,0.449448436498642,-1.14599633216858
558,NA,NA,NA,NA
559,NA,NA,NA,NA
560,NA,NA,NA,NA
561,-0.0676626190543175,0.459650099277496,0.405134946107864,1.00227165222168
562,NA,NA,NA,NA
563,-0.0182300694286823,-0.0149465296417475,-0.700123071670532,0.617811322212219
564,NA,NA,NA,NA
565,NA,NA,NA,NA
566,NA,NA,NA,NA
567,NA,NA,NA,NA
568,NA,NA,NA,NA
569,NA,NA,NA,NA
570,-0.0187130495905876,-0.911846995353699,0.0268624573945999,-1.95655918121338
571,NA,NA,NA,NA
572,0.140475541353226,-0.990084171295166,0.00866071134805679,-1.73937737941742
573,NA,NA,NA,NA
574,NA,NA,NA,NA
575,NA,NA,NA,NA
576,NA,NA,NA,NA
577,NA,NA,NA,NA
578,NA,NA,NA,NA
579,NA,NA,NA,NA
580,NA,NA,NA,NA
581,NA,NA,NA,NA
582,NA,NA,NA,NA
583,NA,NA,NA,NA
584,NA,NA,NA,NA
585,NA,NA,NA,NA
586,NA,NA,NA,NA
587,NA,NA,NA,NA
588,NA,NA,NA,NA
589,NA,NA,NA,NA
590,NA,NA,NA,NA
591,NA,NA,NA,NA
592,NA,NA,NA,NA
593,NA,NA,NA,NA
594,NA,NA,NA,NA
595,NA,NA,NA,NA
596,NA,NA,NA,NA
597,NA,NA,NA,NA
598,NA,NA,NA,NA
599,NA,NA,NA,NA
600,NA,NA,NA,NA
601,NA,NA,NA,NA
602,-0.6726034283638,-0.0435621812939644,-1.48761248588562,0.436534643173218
603,-0.0496662482619286,0.396361529827118,0.395631700754166,-1.61526691913605
604,-0.052518367767334,-0.99862003326416,0.259157568216324,0.288229644298553
605,NA,NA,NA,NA
606,NA,NA,NA,NA
607,-0.994200348854065,0.107544235885143,-1.48286914825439,2.0358829498291
608,NA,NA,NA,NA
609,NA,NA,NA,NA
610,NA,NA,NA,NA
611,NA,NA,NA,NA
612,NA,NA,NA,NA
613,NA,NA,NA,NA
614,NA,NA,NA,NA
615,0.00194770935922861,-0.0147702731192112,0.844993948936462,-0.471391260623932
616,-0.558553338050842,0.152282401919365,0.763643503189087,-2.05915141105652
617,0.00194770935922861,-0.0147702731192112,0.844993948936462,-0.471391260623932
618,0.00194770935922861,-0.0147702731192112,0.844993948936462,-0.471391260623932
619,0.00188893359154463,-0.0146449906751513,0.844735622406006,-0.461843132972717
620,-0.811131119728088,0.584864437580109,-0.344252645969391,0.416727125644684
621,NA,NA,NA,NA
622,NA,NA,NA,NA
623,NA,NA,NA,NA
624,NA,NA,NA,NA
625,NA,NA,NA,NA
626,NA,NA,NA,NA
627,NA,NA,NA,NA
628,NA,NA,NA,NA
629,NA,NA,NA,NA
630,NA,NA,NA,NA
631,NA,NA,NA,NA
632,NA,NA,NA,NA
633,0.363035529851913,0.114694654941559,0.577012062072754,1.38066625595093
634,0.407147854566574,-0.0193026419728994,0.572193264961243,1.3855619430542
635,0.406661540269852,0.144813522696495,0.581587731838226,1.34401953220367
636,NA,NA,NA,NA
637,NA,NA,NA,NA
638,0.286714822053909,0.118344061076641,0.39494064450264,-0.0341597832739353
639,0.317891150712967,0.0430950075387955,0.474606692790985,-0.0515941679477692
640,0.365032136440277,0.194643348455429,0.452907681465149,1.71611166000366
641,-0.999475657939911,-0.0323805473744869,-1.19500708580017,1.99552822113037
642,NA,NA,NA,NA
643,NA,NA,NA,NA
644,NA,NA,NA,NA
645,NA,NA,NA,NA
646,NA,NA,NA,NA
647,NA,NA,NA,NA
648,NA,NA,NA,NA
649,NA,NA,NA,NA
650,NA,NA,NA,NA
651,0.0278429985046387,-0.016499575227499,0.725136756896973,-0.513095021247864
652,NA,NA,NA,NA
653,NA,NA,NA,NA
654,NA,NA,NA,NA
655,NA,NA,NA,NA
656,NA,NA,NA,NA
657,-0.050184141844511,0.00548780709505081,0.772577822208405,0.00549793243408203
658,NA,NA,NA,NA
659,0.94368851184845,0.330835461616516,-0.26225483417511,0.0223845969885588
660,NA,NA,NA,NA
661,-0.0756692513823509,-0.997133016586304,0.0650908946990967,0.917719662189484
662,NA,NA,NA,NA
663,NA,NA,NA,NA
664,NA,NA,NA,NA
665,NA,NA,NA,NA
666,-0.5846808552742,-0.151221632957458,0.218077510595322,-0.747025072574615
667,NA,NA,NA,NA
668,0.495271444320679,0.141518175601959,0.568246960639954,1.35551786422729
669,0.198275819420815,0.286473900079727,0.329166948795319,0.770740330219269
670,0.0307700503617525,0.00718460371717811,0.687364816665649,-0.888555228710175
671,NA,NA,NA,NA
672,0.0290812477469444,-0.00772959366440773,0.687948226928711,-0.888118743896484
673,0.0290818102657795,-0.00773234805092216,0.688031554222107,-0.88819807767868
674,0.0299828909337521,0.0225171614438295,0.688036024570465,-0.888963460922241
675,0.0318968370556831,0.00622737035155296,0.687831223011017,-0.888207316398621
676,0.0307023376226425,0.00724077131599188,0.687187254428864,-0.888802230358124
677,0.0363480634987354,0.0266441404819489,0.688008725643158,-0.888079464435577
678,0.311321288347244,0.235984683036804,0.570269107818604,1.61300730705261
679,0.0363480634987354,0.0266441404819489,0.688008725643158,-0.888079464435577
680,0.444105416536331,0.0457036681473255,0.549634695053101,1.5114643573761
681,0.0363480634987354,0.0266441404819489,0.688008725643158,-0.888079464435577
682,0.393506705760956,0.0332346968352795,0.924808025360107,1.94927334785461
683,0.0292008295655251,-0.00771398097276688,0.686683475971222,-0.889232158660889
684,0.379270941019058,-0.0163588505238295,0.556461691856384,1.28839087486267
685,0.030436972156167,0.0078756045550108,0.686836302280426,-0.888982474803925
686,0.039343073964119,0.0363064855337143,0.687835574150085,-0.888250172138214
687,0.0269735418260098,0.0228134077042341,0.686745584011078,-0.88905793428421
688,0.0271659232676029,0.809371411800385,0.311520248651505,0.526532232761383
689,0.278482764959335,0.220771804451942,0.670762717723846,2.20701670646667
690,0.0317534133791924,0.00653790822252631,0.687822580337524,-0.888331830501556
691,0.390129894018173,0.0212486125528812,0.847638726234436,1.62924313545227
692,0.0290821269154549,-0.00773036852478981,0.68801349401474,-0.888306617736816
693,0.0273095723241568,0.0103485863655806,0.688161551952362,-0.888802409172058
694,-0.0102092195302248,-0.00466419337317348,0.708606004714966,-0.304857134819031
695,0.229775741696358,-0.973243653774261,0.0861248895525932,-0.898404538631439
696,0.244008496403694,0.54426121711731,0.315101385116577,0.635262846946716
697,-0.0511367246508598,-0.672790586948395,0.0464532300829887,-1.89134526252747
698,0.289288520812988,0.130538359284401,0.476789087057114,1.62317073345184
699,-0.0722158551216125,-0.698597431182861,0.0411488004028797,-1.95479452610016
700,0.0788183063268661,0.424964994192123,0.705479204654694,0.672039031982422
701,0.423947513103485,-0.282059252262115,0.405296564102173,1.50863707065582
702,-0.224494457244873,0.759801805019379,0.58114892244339,1.05855190753937
703,0.438592523336411,0.0885469168424606,0.532835841178894,1.54331946372986
704,0.284178376197815,0.283350765705109,0.595173716545105,1.95783603191376
705,0.124012589454651,0.820157706737518,0.262571454048157,0.800519287586212
706,0.208819597959518,-0.124506264925003,0.282013237476349,-0.33697646856308
707,-0.114199921488762,-0.818976044654846,0.275819092988968,-0.625442266464233
708,-0.243332847952843,-0.711678862571716,0.0585108287632465,-1.97762095928192
709,0.289592266082764,0.394295811653137,0.525692224502563,1.12407958507538
710,NA,NA,NA,NA
711,0.461980253458023,0.028093583881855,0.522398114204407,1.51329183578491
712,NA,NA,NA,NA
713,-0.140519946813583,-0.689673125743866,0.0552793852984905,-1.80567491054535
714,0.21211938560009,-0.104997724294662,0.187173813581467,0.479793339967728
715,0.0368142612278461,0.0159409940242767,0.686016857624054,-0.890259325504303
716,0.029080955311656,-0.00773437926545739,0.688015460968018,-0.888140618801117
717,0.46785968542099,-0.0217562317848206,0.550724029541016,1.56187522411346
718,0.421792149543762,0.127266213297844,0.577899277210236,1.41439735889435
719,0.991147339344025,-0.132766753435135,1.61491477489471,-0.516704142093658
720,NA,NA,NA,NA
721,0.442715704441071,0.0959787294268608,0.550248920917511,1.5497100353241
722,0.0252365712076426,-0.000545423477888107,0.687808334827423,-0.888225555419922
723,NA,NA,NA,NA
724,NA,NA,NA,NA
725,NA,NA,NA,NA
726,NA,NA,NA,NA
727,NA,NA,NA,NA
728,NA,NA,NA,NA
729,NA,NA,NA,NA
730,NA,NA,NA,NA
731,NA,NA,NA,NA
732,NA,NA,NA,NA
733,-0.224663376808167,-0.974436461925507,-0.275574147701263,-1.25547695159912
734,NA,NA,NA,NA
735,NA,NA,NA,NA
736,NA,NA,NA,NA
737,NA,NA,NA,NA
738,NA,NA,NA,NA
739,NA,NA,NA,NA
740,NA,NA,NA,NA
741,NA,NA,NA,NA
742,NA,NA,NA,NA
743,-0.942673087120056,-0.0886001214385033,-1.34071898460388,2.20553994178772
744,NA,NA,NA,NA
745,-0.0163254123181105,-0.147467419505119,0.724043190479279,-0.0560502037405968
746,NA,NA,NA,NA
747,NA,NA,NA,NA
748,NA,NA,NA,NA
749,NA,NA,NA,NA
750,NA,NA,NA,NA
751,NA,NA,NA,NA
752,NA,NA,NA,NA
753,NA,NA,NA,NA
754,NA,NA,NA,NA
755,NA,NA,NA,NA
756,NA,NA,NA,NA
757,0.214151427149773,-0.976800501346588,0.036544144153595,-1.68857383728027
758,NA,NA,NA,NA
759,NA,NA,NA,NA
760,NA,NA,NA,NA
761,NA,NA,NA,NA
762,NA,NA,NA,NA
763,-0.138873875141144,0.99031013250351,0.285356312990189,0.26210805773735
764,-0.204466864466667,-0.0530716106295586,-0.273784875869751,-0.70838987827301
765,-0.054128248244524,-0.109030090272427,-0.727405786514282,-0.0260280519723892
766,0.638799548149109,0.19761748611927,0.668887972831726,0.811729669570923
767,0.208465024828911,-0.837740838527679,-0.326660066843033,-0.656987547874451
768,0.707864105701447,-0.424401432275772,0.617812514305115,1.4429634809494
769,0.03504828363657,0.962038338184357,-0.310332357883453,0.552386999130249
770,0.148318111896515,0.482370436191559,0.301945090293884,1.06561160087585
771,NA,NA,NA,NA
772,-0.029969684779644,0.702489376068115,-0.591622948646545,-0.773947954177856
773,NA,NA,NA,NA
774,0.0828424245119095,0.404268860816956,-0.328884452581406,-1.02999532222748
775,NA,NA,NA,NA
776,0.206779792904854,-0.73430210351944,0.00461683236062527,-1.8370236158371
777,-0.705313265323639,0.0561607666313648,0.243592172861099,-0.0774074420332909
778,0.287793159484863,0.483341842889786,0.296412259340286,0.94360339641571
779,0.284339427947998,0.106273859739304,0.404289424419403,1.57671165466309
780,0.240620017051697,0.633613049983978,0.279808908700943,-0.154991120100021
781,0.477404832839966,-0.348318040370941,-0.257676601409912,-0.829490482807159
782,-0.031642634421587,0.619797110557556,0.59478884935379,0.873390018939972
783,NA,NA,NA,NA
784,0.521609723567963,0.853184282779694,0.169487625360489,0.403030246496201
785,NA,NA,NA,NA
786,0.221134677529335,0.0386476367712021,0.4258072078228,1.68008041381836
787,0.121832750737667,0.586214661598206,0.240965694189072,0.948577702045441
788,NA,NA,NA,NA
789,0.245082065463066,0.0776620954275131,0.43078675866127,1.76396536827087
790,NA,NA,NA,NA
791,NA,NA,NA,NA
792,NA,NA,NA,NA
793,-0.62353789806366,0.551317453384399,0.2160414904356,-0.196036919951439
794,NA,NA,NA,NA
795,NA,NA,NA,NA
796,0.350489795207977,0.936566591262817,0.137679889798164,0.431266844272614
797,NA,NA,NA,NA
798,0.757630288600922,0.652684032917023,-0.359853327274323,-1.97948861122131
799,0.749080061912537,-0.6624795794487,0.739326298236847,-2.95389008522034
800,0.261825859546661,-0.965115189552307,0.0686694383621216,-2.2393753528595
801,NA,NA,NA,NA
802,NA,NA,NA,NA
803,0.132691651582718,0.991157352924347,0.154586106538773,0.222178190946579
804,NA,NA,NA,NA
805,0.0410754717886448,-0.69164764881134,0.00551559217274189,-1.89483547210693
806,NA,NA,NA,NA
807,NA,NA,NA,NA
808,NA,NA,NA,NA
809,NA,NA,NA,NA
810,-0.294590830802917,-0.140824720263481,-0.951489210128784,-0.907772064208984
811,-0.0253806672990322,-0.999677896499634,-0.211637705564499,-0.647660315036774
812,-0.283056229352951,-0.959103345870972,-0.184834808111191,-0.596033811569214
813,0.56498259305954,-0.572274684906006,0.250586897134781,0.624174356460571
814,NA,NA,NA,NA
815,-0.0453273244202137,-0.0556081756949425,-0.738165080547333,0.0596207827329636
816,-0.474043607711792,-0.880501449108124,-0.245847284793854,-0.378115683794022
817,0.41581529378891,-0.90944916009903,0.077178031206131,-0.62499725818634
818,-0.986482322216034,0.163868099451065,-1.55222725868225,-3.07490515708923
819,-0.159699708223343,-0.970525562763214,-0.209777295589447,-1.15411376953125
820,-0.336316287517548,-0.941749155521393,0.258267164230347,0.701297640800476
821,-0.096269853413105,-0.995355308055878,0.215603053569794,0.820476830005646
822,0.998980343341827,0.0451483987271786,-0.192683145403862,0.142852112650871
823,-0.802489638328552,0.596666157245636,-0.219196513295174,-0.124283023178577
824,NA,NA,NA,NA
825,NA,NA,NA,NA
826,NA,NA,NA,NA
827,0.423814803361893,-0.905748903751373,0.0688573569059372,-2.21339893341064
828,NA,NA,NA,NA
829,NA,NA,NA,NA
830,-0.656528770923615,-0.0319905690848827,-1.01315581798553,0.666624188423157
831,NA,NA,NA,NA
832,-0.916176438331604,-0.123237311840057,0.0950612872838974,-1.8067182302475
833,-0.973877727985382,-0.0506075136363506,-1.54200279712677,0.816450834274292
834,0.545040428638458,-0.838409841060638,0.167226210236549,-2.35420346260071
835,NA,NA,NA,NA
836,NA,NA,NA,NA
837,NA,NA,NA,NA
838,NA,NA,NA,NA
839,NA,NA,NA,NA
840,0.198963835835457,0.202521800994873,0.152222186326981,0.76192045211792
841,-0.57922899723053,-0.235699146986008,-1.08910667896271,1.00614833831787
842,NA,NA,NA,NA
843,NA,NA,NA,NA
844,NA,NA,NA,NA
845,NA,NA,NA,NA
846,-0.0746832191944122,-0.997207343578339,0.26522308588028,0.674409687519073
847,NA,NA,NA,NA
848,NA,NA,NA,NA
849,NA,NA,NA,NA
850,NA,NA,NA,NA
851,NA,NA,NA,NA
852,NA,NA,NA,NA
853,NA,NA,NA,NA
854,NA,NA,NA,NA
855,NA,NA,NA,NA
856,NA,NA,NA,NA
857,NA,NA,NA,NA
858,NA,NA,NA,NA
859,NA,NA,NA,NA
860,0.521164298057556,-0.0218186508864164,0.613471150398254,1.25158524513245
861,0.49304735660553,0.0639162212610245,0.587259650230408,1.24489426612854
862,0.335377812385559,0.0792784169316292,0.476365715265274,1.77050542831421
863,0.310333251953125,0.0147326355800033,0.463861167430878,1.62461507320404
864,NA,NA,NA,NA
865,NA,NA,NA,NA
866,NA,NA,NA,NA
867,-0.847265481948853,0.0183580592274666,-0.812791049480438,0.812296152114868
868,NA,NA,NA,NA
869,NA,NA,NA,NA
870,NA,NA,NA,NA
871,NA,NA,NA,NA
872,NA,NA,NA,NA
873,0.390863835811615,-0.920448541641235,0.070423923432827,-2.10465741157532
874,NA,NA,NA,NA
875,-0.047740500420332,-0.0651224181056023,0.787130773067474,-0.267866551876068
876,-0.0483162254095078,-0.0315316319465637,0.787394464015961,-0.269562989473343
877,-0.223069444298744,-0.974802613258362,0.199926540255547,0.339128434658051
878,NA,NA,NA,NA
879,-0.14544153213501,-0.747603356838226,0.288883924484253,-0.623738706111908
880,NA,NA,NA,NA
881,NA,NA,NA,NA
882,NA,NA,NA,NA
883,-0.0315378755331039,-0.0867713987827301,0.790560781955719,-0.266415476799011
884,NA,NA,NA,NA
885,NA,NA,NA,NA
886,-0.0512734949588776,0.739840984344482,0.404323399066925,0.625903189182281
887,0.719383537769318,-0.00114936800673604,1.36962103843689,2.48381876945496
888,NA,NA,NA,NA
889,NA,NA,NA,NA
890,0.374789088964462,0.250030159950256,0.641611993312836,1.25791323184967
891,NA,NA,NA,NA
892,-0.999998092651367,-0.00197691097855568,-1.46603608131409,1.42046010494232
893,NA,NA,NA,NA
894,NA,NA,NA,NA
895,-0.118633665144444,0.992938160896301,0.239982530474663,0.532408356666565
896,0.336291372776031,0.213426232337952,0.618568599224091,1.37684416770935
897,0.476572126150131,-0.0315255224704742,0.59814578294754,1.29137754440308
898,0.479811787605286,0.0440390855073929,0.580077290534973,1.33991885185242
899,0.48927891254425,0.0308757070451975,0.581505596637726,1.32154488563538
900,0.0054247947409749,-0.0629122704267502,0.850223481655121,-0.586581170558929
901,-0.260287404060364,-0.965531229972839,0.343380182981491,-0.574218034744263
902,NA,NA,NA,NA
903,NA,NA,NA,NA
904,-0.159742668271065,0.987158715724945,0.0663838014006615,1.41703796386719
905,NA,NA,NA,NA
906,NA,NA,NA,NA
907,-0.999481976032257,-0.0321845784783363,-1.41218364238739,2.16141080856323
908,-0.995270729064941,-0.0971404612064362,-1.57095110416412,1.06453347206116
909,-0.748816668987274,0.662777245044708,-0.965703547000885,2.76277160644531
910,NA,NA,NA,NA
911,NA,NA,NA,NA
912,NA,NA,NA,NA
913,NA,NA,NA,NA
914,0.038451611995697,-0.901836693286896,0.0335695631802082,-2.02703070640564
915,0.638891041278839,-0.769297301769257,-0.0287992116063833,-0.906591713428497
916,0.200468301773071,0.403248190879822,0.583739697933197,0.517715454101562
917,0.0227447096258402,-0.832683205604553,-0.0140085108578205,-1.70793151855469
918,-0.602718472480774,0.797953963279724,-0.0913318544626236,0.610614418983459
919,NA,NA,NA,NA
920,NA,NA,NA,NA
921,NA,NA,NA,NA
922,-0.565632581710815,-0.133283615112305,-0.235035791993141,-0.365048140287399
923,-0.900966644287109,0.433888465166092,-1.51968896389008,-1.02875983715057
924,0.793815851211548,-0.6081582903862,0.281016707420349,-1.59510517120361
925,0.309246212244034,0.95098203420639,0.197796508669853,0.0925984308123589
926,NA,NA,NA,NA
927,NA,NA,NA,NA
928,NA,NA,NA,NA
929,0.606736540794373,-0.794903099536896,0.519274532794952,-3.30587458610535
930,NA,NA,NA,NA
931,NA,NA,NA,NA
932,NA,NA,NA,NA
933,NA,NA,NA,NA
934,0.997694373130798,0.0678679496049881,1.05654537677765,-2.07726287841797
935,-0.342210739850998,-0.939623296260834,-0.135490536689758,-0.773395538330078
936,-0.536167621612549,0.844111621379852,-0.102508082985878,0.877553403377533
937,0.291040420532227,-0.956710815429688,0.0979208946228027,-1.67335319519043
938,0.582732915878296,-0.812663793563843,0.49980303645134,-2.93326377868652
939,-0.482987254858017,-0.875627458095551,-0.246906593441963,-0.908449292182922
940,0.758869767189026,-0.0329759567975998,0.257283508777618,0.00657400395721197
941,0.998983860015869,-0.0450705587863922,0.0229664202779531,-0.335638105869293
942,0.435634672641754,-0.787658870220184,-0.00491476804018021,-1.456627368927
943,-0.0262009296566248,-0.823984026908875,0.0812510326504707,-1.8995943069458
944,0.77327698469162,0.138043746352196,0.457147896289825,-0.0426021479070187
945,0.554735124111176,-0.220847904682159,0.447931349277496,-0.343484789133072
946,0.996934115886688,-0.0782461911439896,1.29562997817993,-2.02281332015991
947,-0.715568780899048,0.698542356491089,-0.264817357063293,1.56954860687256
948,0.932581543922424,-0.360959470272064,0.500050365924835,-1.07513236999512
949,0.667803049087524,-0.0160974338650703,0.711151361465454,-0.10787171125412
950,0.600000381469727,-0.161193296313286,0.254279255867004,-0.176513180136681
951,0.232156470417976,-0.972678482532501,0.187920808792114,-0.449968606233597
952,-0.27704268693924,0.960857689380646,0.113114088773727,0.363744646310806
953,0.607009708881378,0.117849811911583,0.700290739536285,-0.415708929300308
954,0.514714360237122,0.857361793518066,0.4744653403759,0.338212132453918
955,0.583743870258331,-0.102889023721218,0.475401163101196,-0.235890626907349
956,0.569437086582184,-0.108803704380989,0.418531954288483,-0.229335516691208
957,NA,NA,NA,NA
958,0.968256235122681,-0.04047591984272,1.54953801631927,-1.96365141868591
959,0.338993579149246,-0.940788745880127,0.293148934841156,-0.489604204893112
960,0.928683340549469,-0.332938462495804,1.45302140712738,-2.50837182998657
961,0.955701529979706,-0.294337779283524,0.895323157310486,-2.80313682556152
962,-0.780996203422546,0.097318060696125,-0.314923942089081,-0.428914785385132
963,-0.765351057052612,0.0441322587430477,-0.451576292514801,-0.938877165317535
964,0.960138022899628,-0.279526442289352,1.2318834066391,-2.54265594482422
965,-0.84799063205719,0.530011296272278,-0.230512723326683,0.465783298015594
966,0.824978768825531,0.0818555727601051,1.1230297088623,0.383953392505646
967,0.78241240978241,0.026368074119091,1.0368264913559,0.500100016593933
968,0.819364190101624,-0.0272553618997335,1.06812679767609,0.372407644987106
969,NA,NA,NA,NA
970,NA,NA,NA,NA
971,0.847665309906006,0.0449144840240479,1.18389785289764,0.36056113243103
972,-0.723358988761902,0.0641660839319229,-0.477553188800812,-0.552008211612701
973,NA,NA,NA,NA
974,0.883642733097076,-0.181706681847572,0.504953324794769,-0.130407676100731
975,0.868297576904297,-0.0621773488819599,0.486715197563171,-0.176270112395287
976,NA,NA,NA,NA
977,NA,NA,NA,NA
978,NA,NA,NA,NA
979,0.863815367221832,-0.0365966595709324,1.237508893013,-0.186381697654724
980,0.642553508281708,-0.766240894794464,0.200578823685646,-0.471510499715805
981,0.669905245304108,-0.032585009932518,0.701844692230225,-0.255073845386505
982,0.810969829559326,-0.0963898226618767,1.34159934520721,-0.331511467695236
983,0.802009105682373,0.0771430805325508,1.16992115974426,0.455236256122589
984,NA,NA,NA,NA
985,NA,NA,NA,NA
986,0.592633605003357,-0.805472254753113,0.146261796355247,-2.14077281951904
987,0.750840485095978,0.660483658313751,0.272054880857468,0.1422179043293
988,NA,NA,NA,NA
989,NA,NA,NA,NA
990,NA,NA,NA,NA
991,NA,NA,NA,NA
992,NA,NA,NA,NA
993,NA,NA,NA,NA
994,NA,NA,NA,NA
995,NA,NA,NA,NA
996,NA,NA,NA,NA
997,NA,NA,NA,NA
998,NA,NA,NA,NA
999,NA,NA,NA,NA
1000,NA,NA,NA,NA
1001,NA,NA,NA,NA
1002,NA,NA,NA,NA
1003,0.048074945807457,0.998843789100647,0.339527100324631,0.567593157291412
1004,-0.363687664270401,-0.931520998477936,0.335487693548203,-0.489155918359756
1005,-0.106641426682472,-0.994297564029694,0.196288198232651,-1.69356465339661
1006,NA,NA,NA,NA
1007,0.999978184700012,0.00661372905597091,1.31051075458527,2.33541488647461
1008,NA,NA,NA,NA
1009,NA,NA,NA,NA
1010,NA,NA,NA,NA
1011,NA,NA,NA,NA
1012,NA,NA,NA,NA
1013,0.0174676142632961,0.628733336925507,-0.35358053445816,-0.765244245529175
1014,0.830882847309113,-0.556447446346283,0.224763929843903,-0.500086009502411
1015,NA,NA,NA,NA
1016,NA,NA,NA,NA
1017,NA,NA,NA,NA
1018,NA,NA,NA,NA
1019,NA,NA,NA,NA
1020,NA,NA,NA,NA
1021,NA,NA,NA,NA
1022,NA,NA,NA,NA
1023,NA,NA,NA,NA
1024,NA,NA,NA,NA
1025,NA,NA,NA,NA
1026,NA,NA,NA,NA
1027,NA,NA,NA,NA
1028,NA,NA,NA,NA
1029,NA,NA,NA,NA
1030,-0.0136416889727116,-0.0983434692025185,0.686345279216766,-0.635364472866058
1031,-0.00224968325346708,-0.0102346790954471,0.686503291130066,-0.635653853416443
1032,0.188996911048889,-0.0107782650738955,0.410655528306961,-1.35035669803619
1033,-0.00302012916654348,-0.0143427830189466,0.688289701938629,-0.634538173675537
1034,NA,NA,NA,NA
1035,0.0186260640621185,0.0299268029630184,0.68076354265213,-1.02485346794128
1036,0.227519825100899,0.309385240077972,0.438269734382629,1.12992632389069
1037,0.0695781111717224,-0.997576534748077,-0.26927050948143,-0.586331844329834
1038,-0.773532330989838,0.633756935596466,0.46621897816658,-2.10640597343445
1039,-0.999177575111389,0.040550459176302,1.36662971973419,-1.28615975379944
1040,-0.593947350978851,-0.804503977298737,0.897013008594513,2.93022394180298
1041,-0.311731368303299,0.00639568688347936,-0.710959494113922,-0.15797333419323
1042,-0.049988180398941,-0.998749852180481,-0.297265022993088,-0.266241282224655
1043,-0.00522428285330534,-0.0294091068208218,-0.82361102104187,0.757531046867371
1044,0.130810305476189,0.324595481157303,0.312569677829742,1.11623954772949
1045,0.0425289757549763,-0.999095261096954,-0.312570571899414,-0.357547849416733
1046,0.0327982045710087,-0.999462068080902,-0.333949089050293,-0.460476338863373
1047,0.976429283618927,-0.215837806463242,1.15908336639404,1.42053937911987
1048,0.0502857230603695,-0.998734951019287,0.158896267414093,0.766833424568176
1049,-0.113156467676163,-0.993577241897583,0.143904998898506,0.679792702198029
1050,NA,NA,NA,NA
1051,NA,NA,NA,NA
1052,NA,NA,NA,NA
1053,NA,NA,NA,NA
1054,NA,NA,NA,NA
1055,NA,NA,NA,NA
1056,NA,NA,NA,NA
1057,-0.264626652002335,-0.177931234240532,-0.309663474559784,-0.333011567592621
1058,NA,NA,NA,NA
1059,NA,NA,NA,NA
1060,NA,NA,NA,NA
1061,NA,NA,NA,NA
1062,NA,NA,NA,NA
1063,NA,NA,NA,NA
1064,NA,NA,NA,NA
1065,NA,NA,NA,NA
1066,0.154073357582092,0.0132609382271767,0.5,0.0299999993294477
1067,NA,NA,NA,NA
1068,NA,NA,NA,NA
1069,NA,NA,NA,NA
1070,NA,NA,NA,NA
1071,NA,NA,NA,NA
1072,NA,NA,NA,NA
1073,NA,NA,NA,NA
1074,NA,NA,NA,NA
1075,NA,NA,NA,NA
1076,0.329886853694916,-0.29425060749054,0.147688776254654,-0.68260669708252
1077,NA,NA,NA,NA
1078,NA,NA,NA,NA
1079,NA,NA,NA,NA
1080,NA,NA,NA,NA
1081,-0.795353174209595,-0.0010317888809368,-0.722130954265594,0.578690469264984
1082,-0.648644208908081,-0.0158216245472431,-0.67158055305481,0.857303500175476
1083,NA,NA,NA,NA
1084,NA,NA,NA,NA
1085,NA,NA,NA,NA
1086,NA,NA,NA,NA
1087,NA,NA,NA,NA
1088,0.80593466758728,-0.592004537582397,0.231864005327225,-0.622938394546509
1089,NA,NA,NA,NA
1090,NA,NA,NA,NA
1091,NA,NA,NA,NA
1092,NA,NA,NA,NA
1093,NA,NA,NA,NA
1094,NA,NA,NA,NA
1095,NA,NA,NA,NA
1096,-0.16605769097805,-0.935402572154999,-0.317697465419769,-0.445855617523193
1097,NA,NA,NA,NA
1098,-0.119176141917706,-0.000100882549304515,0.690501809120178,0.268705993890762
1099,-0.1123361364007,-0.00324651226401329,0.707716584205627,0.159911632537842
1100,-0.124386057257652,0.012269040569663,0.678007543087006,0.319384574890137
1101,-0.12506265938282,0.672631978988647,0.512405514717102,0.823851823806763
1102,-0.114310555160046,0.0106871677562594,0.70334804058075,0.177858605980873
1103,-0.124386057257652,0.012269040569663,0.678007543087006,0.319384574890137
1104,-0.0972895473241806,-0.241968289017677,0.713615119457245,0.269148498773575
1105,-0.124386057257652,0.012269040569663,0.678007543087006,0.319384574890137
1106,0.347893685102463,0.937534034252167,-0.326923429965973,0.765531837940216
1107,NA,NA,NA,NA
1108,NA,NA,NA,NA
1109,NA,NA,NA,NA
1110,NA,NA,NA,NA
1111,0.821589231491089,-0.570080041885376,0.239756941795349,-0.571562111377716
1112,NA,NA,NA,NA
1113,NA,NA,NA,NA
1114,0.189697191119194,0.981842696666718,-0.193073078989983,0.59461236000061
1115,0.0603002980351448,-0.998180329799652,0.322178900241852,0.382567435503006
1116,-0.0857874751091003,-0.12662436068058,0.701275825500488,0.0924808830022812
1117,NA,NA,NA,NA
1118,NA,NA,NA,NA
1119,NA,NA,NA,NA
1120,NA,NA,NA,NA
1121,NA,NA,NA,NA
1122,NA,NA,NA,NA
1123,NA,NA,NA,NA
1124,NA,NA,NA,NA
1125,NA,NA,NA,NA
1126,NA,NA,NA,NA
1127,NA,NA,NA,NA
1128,NA,NA,NA,NA
1129,NA,NA,NA,NA
1130,NA,NA,NA,NA
1131,0.898225069046021,-0.439535886049271,0.278728544712067,0.0407774336636066
1132,NA,NA,NA,NA
1133,NA,NA,NA,NA
1134,NA,NA,NA,NA
1135,-0.121840044856071,-0.0089797917753458,0.680879473686218,0.299215257167816
1136,-0.0958866029977798,0.0160235688090324,0.689672470092773,0.287777423858643
1137,0.288853168487549,0.957373440265656,0.26283723115921,0.191720753908157
1138,NA,NA,NA,NA
1139,NA,NA,NA,NA
1140,NA,NA,NA,NA
1141,NA,NA,NA,NA
1142,NA,NA,NA,NA
1143,NA,NA,NA,NA
1144,NA,NA,NA,NA
1145,NA,NA,NA,NA
1146,NA,NA,NA,NA
1147,-0.297539740800858,0.954709470272064,0.352717846632004,0.603026688098907
1148,-0.102064251899719,0.841782569885254,0.366128593683243,0.404038995504379
1149,NA,NA,NA,NA
1150,NA,NA,NA,NA
1151,0.189497441053391,-0.981881260871887,0.0483269393444061,-2.09167242050171
1152,NA,NA,NA,NA
1153,-0.488749474287033,0.872424125671387,0.384777128696442,0.510475516319275
1154,NA,NA,NA,NA
1155,NA,NA,NA,NA
1156,-0.605274379253387,0.00457700435072184,0.57037365436554,-1.6834499835968
1157,-0.411283493041992,0.250966250896454,0.24552708864212,0.494939476251602
1158,0.23925219476223,0.970957517623901,0.20880027115345,0.23817665874958
1159,0.215193718671799,0.0403585359454155,-0.232299134135246,-0.819710791110992
1160,-0.206636160612106,-0.729945003986359,0.29537245631218,0.0512198880314827
1161,0.134526804089546,0.530854880809784,0.272116005420685,0.725303828716278
1162,-0.378075122833252,0.664522647857666,0.19810363650322,0.00383230065926909
1163,NA,NA,NA,NA
1164,0.0332351550459862,0.103177681565285,0.39371457695961,0.837181448936462
1165,NA,NA,NA,NA
1166,NA,NA,NA,NA
1167,NA,NA,NA,NA
1168,NA,NA,NA,NA
1169,NA,NA,NA,NA
1170,NA,NA,NA,NA
1171,NA,NA,NA,NA
1172,NA,NA,NA,NA
1173,NA,NA,NA,NA
1174,0.0312651991844177,0.0298382937908173,0.466357082128525,1.15053582191467
1175,-0.209134608507156,0.977886915206909,0.616265058517456,1.2072765827179
1176,NA,NA,NA,NA
1177,NA,NA,NA,NA
1178,NA,NA,NA,NA
1179,0.260219365358353,0.00526434602215886,0.283173978328705,-0.0992030873894691
1180,0.118700474500656,0.470555335283279,0.288841605186462,0.794949352741241
1181,0.126338824629784,0.351603448390961,0.281436920166016,1.01724374294281
1182,-0.0766508653759956,0.997058033943176,0.34725147485733,0.530167996883392
1183,-0.0796406120061874,0.996823728084564,0.363292396068573,0.587722480297089
1184,-0.0821103528141975,0.996623337268829,0.379818141460419,0.638989686965942
1185,NA,NA,NA,NA
1186,0.497103989124298,0.0204180218279362,0.630979955196381,1.10976374149323
1187,NA,NA,NA,NA
1188,0.476208418607712,-0.716220796108246,0.294788777828217,-0.353839039802551
1189,0.0223858840763569,-0.999749302864075,-0.300703674554825,-0.550676226615906
1190,0.717946350574493,0.0313230156898499,0.712693870067596,0.545712172985077
1191,NA,NA,NA,NA
1192,-0.689592361450195,-0.0212207864969969,-0.902518630027771,1.61425244808197
1193,NA,NA,NA,NA
1194,NA,NA,NA,NA
1195,-0.519575893878937,-0.0862320363521576,0.288375377655029,-0.0109197301790118
1196,NA,NA,NA,NA
1197,-0.00702857878059149,-0.0811279565095901,0.857213854789734,-0.768023550510406
1198,NA,NA,NA,NA
1199,-0.00703071895986795,-0.0811227336525917,0.857214629650116,-0.767997860908508
1200,-0.00698605366051197,-0.081371396780014,0.856908917427063,-0.76831841468811
1201,-0.00695192348212004,-0.0812283754348755,0.85696005821228,-0.768844425678253
1202,NA,NA,NA,NA
1203,-0.540058732032776,-0.0275595057755709,1.50623059272766,-1.53218173980713
1204,NA,NA,NA,NA
1205,0.289743721485138,0.440137445926666,0.55833637714386,-0.105033025145531
1206,NA,NA,NA,NA
1207,NA,NA,NA,NA
1208,-0.0818341672420502,-0.122387766838074,0.739370346069336,-0.19761635363102
1209,-0.0798230022192001,-0.0349943377077579,0.738073229789734,-0.230230242013931
1210,NA,NA,NA,NA
1211,NA,NA,NA,NA
1212,NA,NA,NA,NA
1213,0.0215863101184368,0.202195301651955,0.44144082069397,0.753475606441498
1214,NA,NA,NA,NA
1215,-0.0763178691267967,-0.0258828867226839,0.747275471687317,-0.251174569129944
1216,-0.0762591511011124,-0.0349167287349701,0.747336864471436,-0.250687658786774
1217,-0.224931672215462,0.97437459230423,0.4578797519207,0.681241691112518
1218,NA,NA,NA,NA
1219,-0.0886476337909698,0.016830749809742,0.789159953594208,-0.70033323764801
1220,-0.0609763413667679,-0.0370962359011173,0.701736688613892,-0.923231959342957
1221,-0.0604293681681156,0.00484241917729378,0.802773714065552,-0.826816320419312
1222,0.352405786514282,0.935847342014313,0.311493873596191,-0.752217710018158
1223,-0.0548115894198418,-0.0207818187773228,0.675390720367432,-0.970360159873962
1224,NA,NA,NA,NA
1225,0.603662133216858,-0.797240257263184,0.235274136066437,1.0235698223114
1226,NA,NA,NA,NA
1227,NA,NA,NA,NA
1228,-0.999950349330902,-0.00997152365744114,0.920826315879822,-1.62604331970215
1229,NA,NA,NA,NA
1230,NA,NA,NA,NA
1231,0.452998250722885,0.0445832647383213,0.612105190753937,1.07029902935028
1232,0.280340045690536,-0.0232537370175123,0.712702989578247,0.0604109168052673
1233,NA,NA,NA,NA
1234,NA,NA,NA,NA
1235,NA,NA,NA,NA
1236,NA,NA,NA,NA
1237,NA,NA,NA,NA
1238,-0.285476237535477,-0.958385825157166,0.304123044013977,-0.596003890037537
1239,0.888728260993958,0.458434551954269,-0.285304248332977,-0.096428319811821
1240,NA,NA,NA,NA
1241,NA,NA,NA,NA
1242,NA,NA,NA,NA
1243,NA,NA,NA,NA
1244,NA,NA,NA,NA
1245,-0.999687433242798,0.0250027664005756,1.08506643772125,3.15075516700745
1246,0.030722688883543,-0.4274001121521,0.0705567076802254,1.11558282375336
1247,-0.998806059360504,-0.0488521121442318,1.03904712200165,2.94352698326111
1248,0.32966423034668,-0.833536624908447,0.0469353422522545,1.8056309223175
1249,0.887221872806549,-0.461343050003052,0.0299999993294477,1.26269340515137
1250,0.243564620614052,0.348930060863495,0.186848744750023,0.162264212965965
1251,-0.0912345871329308,-0.995829463005066,-0.124334886670113,-1.00120115280151
1252,-0.653007030487061,-0.757351934909821,-0.198870792984962,-0.406725525856018
1253,0.427896529436111,-0.903827786445618,0.111842639744282,-2.14264798164368
1254,NA,NA,NA,NA
1255,-0.65131002664566,-0.00348947080783546,-1.29714727401733,1.11085879802704
1256,NA,NA,NA,NA
1257,NA,NA,NA,NA
1258,NA,NA,NA,NA
1259,0.990881979465485,-0.134733095765114,0.222495868802071,0.100140519440174
1260,0.736801624298096,-0.676109075546265,0.697753727436066,-3.08212757110596
1261,NA,NA,NA,NA
1262,-0.933702647686005,-0.142905235290527,-1.25343000888824,-2.32177686691284
1263,-0.960770428180695,-0.0446385517716408,-1.32444584369659,-2.08980107307434
1264,-0.998319864273071,-0.0579449981451035,-1.33559823036194,-2.23197746276855
1265,NA,NA,NA,NA
1266,0.672846138477325,-0.739782571792603,0.125776574015617,-0.540630698204041
1267,NA,NA,NA,NA
1268,-0.857009470462799,0.00598110817372799,-1.03017282485962,1.11050736904144
1269,NA,NA,NA,NA
1270,NA,NA,NA,NA
1271,NA,NA,NA,NA
1272,NA,NA,NA,NA
1273,NA,NA,NA,NA
1274,NA,NA,NA,NA
1275,0.0313697792589664,-0.918555796146393,0.0203056931495667,-2.0348265171051
1276,-0.776090204715729,0.0382107198238373,1.25734031200409,1.6646203994751
1277,NA,NA,NA,NA
1278,NA,NA,NA,NA
1279,NA,NA,NA,NA
1280,0.439989566802979,-0.348961442708969,-0.218345656991005,-0.923944413661957
1281,0.0689805448055267,-0.997618079185486,-0.325390100479126,-0.417403757572174
1282,0.278666019439697,-0.960388123989105,-0.155577480792999,-0.565361618995667
1283,0.105418734252453,-0.438277870416641,-0.224088653922081,-0.302164494991302
1284,-0.0780764892697334,-0.995902597904205,-0.287601798772812,-0.303524076938629
1285,-0.0902432799339294,-0.603672027587891,-0.397955387830734,-0.878024816513062
1286,NA,NA,NA,NA
1287,-0.050017923116684,-0.00433181319385767,-0.714579403400421,0.137497439980507
1288,0.894049167633057,-0.447968930006027,-1.27023327350616,2.88500833511353
1289,NA,NA,NA,NA
1290,0.0752896070480347,-0.997161746025085,-0.325436383485794,-0.461306989192963
1291,0.278858512639999,-0.0139827756211162,-0.690475225448608,0.453213006258011
1292,0.843215525150299,-0.0981699526309967,0.313649863004684,-0.44353860616684
1293,NA,NA,NA,NA
1294,NA,NA,NA,NA
1295,NA,NA,NA,NA
1296,NA,NA,NA,NA
1297,NA,NA,NA,NA
1298,0.994467616081238,-0.105044007301331,-0.00529290363192558,0.972377955913544
1299,NA,NA,NA,NA
1300,0.626138150691986,-0.779712200164795,0.111888527870178,-1.87216079235077
1301,NA,NA,NA,NA
1302,NA,NA,NA,NA
1303,0.258641749620438,0.965973377227783,0.0198641680181026,-0.450795888900757
1304,0.133374840021133,-0.534552812576294,-0.0151024730876088,-1.6798597574234
1305,-0.342920631170273,-0.492242157459259,0.0193597562611103,-0.846777439117432
1306,0.0135977854952216,-0.151020795106888,0.0131586771458387,-0.73179817199707
1307,0.488823562860489,-0.872382700443268,0.161687389016151,0.573262989521027
1308,-0.965518057346344,-0.26033627986908,-2.03874111175537,-0.268221437931061
1309,-0.821737766265869,0.234424352645874,-0.287891775369644,-0.660092949867249
1310,0.927152037620544,-0.374685436487198,1.14803051948547,2.06629419326782
1311,-0.0436634346842766,0.586487948894501,0.358534246683121,0.95581591129303
1312,NA,NA,NA,NA
1313,NA,NA,NA,NA
1314,-0.544397175312042,0.838827669620514,-0.0947174727916718,0.743252813816071
1315,NA,NA,NA,NA
1316,NA,NA,NA,NA
1317,0.0655750781297684,-0.997847676277161,-0.208674475550652,-0.490547865629196
1318,NA,NA,NA,NA
1319,NA,NA,NA,NA
1320,0.999712347984314,-0.0239879172295332,0.488529235124588,-0.574400007724762
1321,0.983336567878723,-0.181794658303261,1.55336010456085,-1.79744791984558
1322,NA,NA,NA,NA
1323,0.101298160851002,-0.994856178760529,0.186879903078079,-2.51976299285889
1324,0.522940516471863,0.034946221858263,0.672924697399139,-0.606801807880402
1325,0.36840832233429,-0.151635572314262,0.69436639547348,-0.466527700424194
1326,NA,NA,NA,NA
1327,NA,NA,NA,NA
1328,0.612458229064941,-0.790503025054932,0.51738429069519,-3.11281228065491
1329,NA,NA,NA,NA
1330,NA,NA,NA,NA
1331,NA,NA,NA,NA
1332,NA,NA,NA,NA
1333,0.225924655795097,0.701724350452423,0.723198533058167,0.206610694527626
1334,0.337007582187653,-0.140972390770912,0.594805240631104,-1.10923624038696
1335,NA,NA,NA,NA
1336,NA,NA,NA,NA
1337,NA,NA,NA,NA
1338,0.345672130584717,-0.0447792112827301,0.67959463596344,-0.630521655082703
1339,-0.100601516664028,-0.846192538738251,0.0817026719450951,-1.79130852222443
1340,NA,NA,NA,NA
1341,NA,NA,NA,NA
1342,0.324989646673203,-0.259493917226791,0.679177820682526,-0.607798993587494
1343,-0.0696179866790771,-0.862889051437378,0.0827347859740257,-2.04836320877075
1344,0.285445064306259,-0.54181432723999,0.347479254007339,-1.84914124011993
1345,-0.0825368463993073,-0.800179183483124,0.0786857604980469,-2.01349210739136
1346,NA,NA,NA,NA
1347,NA,NA,NA,NA
1348,0.302350401878357,-0.0164433196187019,0.657646179199219,-0.763164758682251
1349,0.567291021347046,-0.120380632579327,0.308774352073669,1.05277073383331
1350,0.844137728214264,-0.536126494407654,0.774404168128967,-3.32889127731323
1351,NA,NA,NA,NA
1352,NA,NA,NA,NA
1353,NA,NA,NA,NA
1354,NA,NA,NA,NA
1355,NA,NA,NA,NA
1356,0.775696218013763,-0.631106555461884,0.139290809631348,-0.782464027404785
1357,NA,NA,NA,NA
1358,NA,NA,NA,NA
1359,NA,NA,NA,NA
1360,NA,NA,NA,NA
1361,NA,NA,NA,NA
1362,NA,NA,NA,NA
1363,NA,NA,NA,NA
1364,NA,NA,NA,NA
1365,NA,NA,NA,NA
1366,0.587216973304749,-0.068671353161335,0.312093675136566,-0.0488352328538895
1367,NA,NA,NA,NA
1368,NA,NA,NA,NA
1369,NA,NA,NA,NA
1370,NA,NA,NA,NA
1371,NA,NA,NA,NA
1372,NA,NA,NA,NA
1373,NA,NA,NA,NA
1374,NA,NA,NA,NA
1375,NA,NA,NA,NA
1376,0.0721651911735535,0.997392773628235,0.161761060357094,0.432519912719727
1377,-0.307900607585907,-0.691537261009216,0.240513473749161,0.0856960415840149
1378,NA,NA,NA,NA
1379,NA,NA,NA,NA
1380,-0.457930356264114,-0.472241222858429,0.707570195198059,-0.624508678913116
1381,-0.344148844480515,0.154065772891045,0.162231400609016,-0.173215806484222
1382,0.340380430221558,0.940287888050079,-0.0716392993927002,0.727920234203339
1383,NA,NA,NA,NA
1384,-0.122855603694916,0.992424607276917,-0.228655874729156,0.249825596809387
1385,-0.254898309707642,-0.098905622959137,-0.318204820156097,0.469074189662933
1386,NA,NA,NA,NA
1387,0.194508388638496,-0.0365039110183716,-0.743302464485168,0.171007841825485
1388,0.192048713564873,-0.0313563011586666,-0.737826704978943,0.0907593294978142
1389,NA,NA,NA,NA
1390,-0.120133794844151,0.992757797241211,-0.0408209562301636,0.686105966567993
1391,0.211072772741318,-0.977470397949219,0.222380295395851,-0.854572951793671
1392,-0.567572236061096,0.823323667049408,-0.0955361947417259,0.982834279537201
1393,NA,NA,NA,NA
1394,0.689301788806915,-0.724474370479584,0.199312373995781,-0.451755225658417
1395,NA,NA,NA,NA
1396,0.191603109240532,-0.0217448547482491,-0.680770754814148,0.225492238998413
1397,NA,NA,NA,NA
1398,0.996953547000885,-0.077998012304306,0.446581959724426,-0.428362518548965
1399,NA,NA,NA,NA
1400,NA,NA,NA,NA
1401,0.999918520450592,-0.0127707393839955,1.13949954509735,-3.07758188247681
1402,NA,NA,NA,NA
1403,NA,NA,NA,NA
1404,NA,NA,NA,NA
1405,NA,NA,NA,NA
1406,NA,NA,NA,NA
1407,-0.159794941544533,-0.732341527938843,-0.0699852854013443,-2.12310671806335
1408,0.267969816923141,-0.963427305221558,0.319617539644241,-0.221497341990471
1409,NA,NA,NA,NA
1410,NA,NA,NA,NA
1411,0.293857365846634,0.274704933166504,0.574474632740021,1.23707664012909
1412,NA,NA,NA,NA
1413,NA,NA,NA,NA
1414,NA,NA,NA,NA
1415,NA,NA,NA,NA
1416,NA,NA,NA,NA
1417,NA,NA,NA,NA
1418,NA,NA,NA,NA
1419,NA,NA,NA,NA
1420,NA,NA,NA,NA
1421,NA,NA,NA,NA
1422,NA,NA,NA,NA
1423,NA,NA,NA,NA
1424,NA,NA,NA,NA
1425,-0.589035391807556,-0.0189410522580147,0.895510137081146,-2.00866174697876
1426,-0.0439263433218002,-0.0491750612854958,-0.688614547252655,0.37315559387207
1427,NA,NA,NA,NA
1428,-0.461908310651779,0.763472974300385,0.267550379037857,-0.0992381721735001
1429,-0.458704113960266,-0.285788893699646,-0.00306136719882488,-0.686143457889557
1430,0.278604060411453,-0.960406124591827,0.101543538272381,-0.480218708515167
1431,NA,NA,NA,NA
1432,NA,NA,NA,NA
1433,NA,NA,NA,NA
1434,0.507883369922638,-0.861425936222076,-0.258803308010101,-1.06783270835876
1435,NA,NA,NA,NA
1436,0.985851645469666,-0.167620748281479,1.05412292480469,1.68011200428009
1437,NA,NA,NA,NA
1438,NA,NA,NA,NA
1439,NA,NA,NA,NA
1440,NA,NA,NA,NA
1441,NA,NA,NA,NA
1442,-0.0849769115447998,-0.0746288597583771,0.744265139102936,-0.0132714062929153
1443,-0.0849612057209015,-0.0644064769148827,0.744943201541901,-0.0140426307916641
1444,-0.280999630689621,-0.00465495279058814,0.685090005397797,0.584994912147522
1445,0.178457230329514,-0.0220000930130482,0.680768668651581,-0.635042726993561
1446,-0.281174153089523,-0.00232776254415512,0.685497641563416,0.60459303855896
1447,-0.0799527913331985,-0.234658136963844,0.750459969043732,-0.0203510969877243
1448,-0.0804517939686775,-0.122620470821857,0.743296265602112,-0.0242869704961777
1449,NA,NA,NA,NA
1450,-0.051189012825489,-0.0919420346617699,0.751788139343262,-0.0313294529914856
1451,NA,NA,NA,NA
1452,-0.05227330327034,-0.0966518446803093,0.746774971485138,-0.0268155932426453
1453,0.929267168045044,-0.369408488273621,-0.739418566226959,2.87552499771118
1454,NA,NA,NA,NA
1455,NA,NA,NA,NA
1456,NA,NA,NA,NA
1457,NA,NA,NA,NA
1458,NA,NA,NA,NA
1459,NA,NA,NA,NA
1460,NA,NA,NA,NA
1461,NA,NA,NA,NA
1462,NA,NA,NA,NA
1463,NA,NA,NA,NA
1464,NA,NA,NA,NA
1465,NA,NA,NA,NA
1466,NA,NA,NA,NA
1467,NA,NA,NA,NA
1468,NA,NA,NA,NA
1469,0.948555946350098,0.316609680652618,1.50584352016449,-3.06181716918945
1470,NA,NA,NA,NA
1471,NA,NA,NA,NA
1472,NA,NA,NA,NA
1473,NA,NA,NA,NA
1474,NA,NA,NA,NA
1475,0.0621350519359112,-0.713940441608429,-0.365700900554657,-1.12526869773865
1476,-0.184588849544525,0.664573848247528,0.502143323421478,0.938584983348846
1477,-0.26230126619339,0.358674645423889,0.344254642724991,0.970198512077332
1478,-0.0553825348615646,-0.630710005760193,-0.315866053104401,-0.566009104251862
1479,-0.0834115073084831,-0.314805895090103,-0.542595088481903,-1.27894926071167
1480,NA,NA,NA,NA
1481,-0.999853253364563,0.0171335991472006,0.829162418842316,2.43951869010925
1482,NA,NA,NA,NA
1483,-0.0642787218093872,-0.55939519405365,-0.324743330478668,-0.654593288898468
1484,0.0640962794423103,-0.997943758964539,-0.3055619597435,-0.345693439245224
1485,NA,NA,NA,NA
1486,NA,NA,NA,NA
1487,NA,NA,NA,NA
1488,0.503652811050415,0.0175865888595581,0.593795716762543,1.19843971729279
1489,0.0443648248910904,-0.9990154504776,0.260240465402603,0.425348937511444
1490,0.122976914048195,-0.0949615687131882,0.694625377655029,-0.384802937507629
1491,0.272248089313507,-0.257687211036682,0.697325170040131,-0.395821332931519
1492,NA,NA,NA,NA
1493,NA,NA,NA,NA
1494,NA,NA,NA,NA
1495,-0.564814507961273,0.825217962265015,0.246535390615463,0.102106407284737
1496,-0.460021167993546,0.887908041477203,-0.186528116464615,0.560515582561493
1497,NA,NA,NA,NA
1498,NA,NA,NA,NA
1499,NA,NA,NA,NA
1500,NA,NA,NA,NA
1501,NA,NA,NA,NA
1502,0.33577498793602,-0.095910407602787,0.714073956012726,0.0189181566238403
1503,NA,NA,NA,NA
1504,NA,NA,NA,NA
1505,0.994582951068878,-0.103946350514889,1.5872129201889,1.83745384216309
1506,NA,NA,NA,NA
1507,0.192877814173698,-0.0359378755092621,0.761926293373108,-0.0973029956221581
1508,NA,NA,NA,NA
1509,NA,NA,NA,NA
1510,0.868094801902771,-0.276897996664047,1.64291977882385,-2.20412087440491
1511,0.922227382659912,-0.335286170244217,1.78270673751831,0.932488322257996
1512,NA,NA,NA,NA
1513,0.821150720119476,-0.0709693655371666,1.5968017578125,1.90992259979248
1514,0.976106345653534,-0.21729364991188,1.30931556224823,-2.31542897224426
1515,NA,NA,NA,NA
1516,NA,NA,NA,NA
1517,NA,NA,NA,NA
1518,NA,NA,NA,NA
1519,-0.0361625887453556,-0.152145609259605,-0.731410443782806,0.0936332941055298
1520,0.29266357421875,-0.0521770790219307,-0.716601252555847,-0.0583990514278412
1521,-0.279961287975311,-0.0227572284638882,-0.68981659412384,-0.583020687103271
1522,0.286148846149445,-0.00409940397366881,-0.710601568222046,-0.102361977100372
1523,-0.0172338970005512,-0.0470034331083298,-0.731773197650909,0.0922989025712013
1524,NA,NA,NA,NA
1525,0.987490296363831,-0.157679975032806,-0.969641327857971,3.01039028167725
1526,NA,NA,NA,NA
1527,NA,NA,NA,NA
1528,NA,NA,NA,NA
1529,NA,NA,NA,NA
1530,-0.159369215369225,-0.51249748468399,-0.0819563195109367,0.795988261699677
1531,0.152106836438179,0.846977591514587,0.317495584487915,0.303465098142624
1532,NA,NA,NA,NA
1533,-0.0757320150732994,-0.56567257642746,-0.0663265138864517,1.44224238395691
1534,NA,NA,NA,NA
1535,NA,NA,NA,NA
1536,NA,NA,NA,NA
1537,-0.963884115219116,0.266322284936905,-0.545581758022308,-2.09066653251648
1538,NA,NA,NA,NA
1539,-0.76645964384079,0.0767304003238678,-0.324317276477814,0.974547028541565
1540,NA,NA,NA,NA
1541,NA,NA,NA,NA
1542,-0.775457978248596,0.0230863709002733,-1.23860454559326,2.40333318710327
1543,-0.605573952198029,0.00349754141643643,-0.630589842796326,1.07082235813141
1544,-0.605616807937622,0.00324902031570673,-0.621503829956055,1.07812333106995
1545,-0.59554249048233,0.00195540301501751,-0.599747359752655,1.1914838552475
1546,-0.592321991920471,0.0101461317390203,-0.612163782119751,1.11357712745667
1547,-0.585986077785492,-0.000733528402633965,-0.601259589195251,1.16573488712311
1548,-0.584370672702789,0.0391903705894947,-0.625430226325989,1.06271886825562
1549,-0.595858335494995,0.000743814976885915,-0.616107106208801,1.08873915672302
1550,NA,NA,NA,NA
1551,NA,NA,NA,NA
1552,NA,NA,NA,NA
1553,NA,NA,NA,NA
1554,0.0584588423371315,-0.998289883136749,0.268377482891083,0.387360066175461
1555,NA,NA,NA,NA
1556,-0.532161831855774,0.442118763923645,-0.326415032148361,-0.333287507295609
1557,NA,NA,NA,NA
1558,0.136392623186111,0.490501374006271,0.72395658493042,0.62569385766983
1559,0.205462440848351,-0.978665053844452,0.345265001058578,0.527901411056519
1560,0.195861995220184,-0.980631530284882,0.329149901866913,0.486333042383194
1561,-0.0297069400548935,-0.0150670222938061,0.724732100963593,-0.0542348250746727
1562,NA,NA,NA,NA
1563,NA,NA,NA,NA
1564,NA,NA,NA,NA
1565,NA,NA,NA,NA
1566,NA,NA,NA,NA
1567,NA,NA,NA,NA
1568,NA,NA,NA,NA
1569,NA,NA,NA,NA
1570,NA,NA,NA,NA
1571,NA,NA,NA,NA
1572,NA,NA,NA,NA
1573,NA,NA,NA,NA
1574,NA,NA,NA,NA
1575,NA,NA,NA,NA
1576,0.153025075793266,-0.760859787464142,-0.015439972281456,1.57011985778809
1577,NA,NA,NA,NA
1578,0.164548233151436,-0.986369132995605,0.00435315072536469,2.16116762161255
1579,NA,NA,NA,NA
1580,NA,NA,NA,NA
1581,NA,NA,NA,NA
1582,NA,NA,NA,NA
1583,NA,NA,NA,NA
1584,0.493561774492264,-0.869710803031921,0.115894116461277,-2.22947573661804
1585,0.0101883048191667,-0.00832690391689539,-0.739898085594177,0.0230035670101643
1586,-0.0931044518947601,0.995656371116638,0.271654963493347,0.314845085144043
1587,NA,NA,NA,NA
1588,NA,NA,NA,NA
1589,NA,NA,NA,NA
1590,NA,NA,NA,NA
1591,NA,NA,NA,NA
1592,NA,NA,NA,NA
1593,NA,NA,NA,NA
1594,NA,NA,NA,NA
1595,0.759969890117645,-0.649958372116089,0.119733169674873,-1.39568448066711
1596,-0.557038247585297,0.0788785815238953,0.198434621095657,-0.184220895171165
1597,NA,NA,NA,NA
1598,NA,NA,NA,NA
1599,0.202514886856079,0.224018156528473,0.167925000190735,0.616029739379883
1600,NA,NA,NA,NA
1601,0.466613680124283,0.0895138159394264,-0.61756557226181,-1.09327757358551
1602,NA,NA,NA,NA
1603,0.889117240905762,-0.0923098251223564,0.417797595262527,0.750062882900238
1604,0.223607122898102,-0.0874091610312462,-0.36954802274704,-1.73781585693359
1605,-0.170304879546165,0.0674590617418289,0.35702046751976,1.1984395980835
1606,0.175201222300529,-0.0310365986078978,0.681007385253906,-0.30898854136467
1607,NA,NA,NA,NA
1608,0.0387206524610519,0.255217283964157,0.203660413622856,0.784772336483002
1609,0.408813744783401,0.0808330327272415,-0.612219393253326,-1.09473204612732
1610,-0.068707287311554,0.641325354576111,0.198330417275429,0.107928052544594
1611,0.218573004007339,0.975820660591125,0.269754528999329,0.582392513751984
1612,NA,NA,NA,NA
1613,NA,NA,NA,NA
1614,0.428637057542801,-0.90347683429718,0.165456503629684,-2.10129237174988
1615,NA,NA,NA,NA
1616,NA,NA,NA,NA
1617,NA,NA,NA,NA
1618,NA,NA,NA,NA
1619,NA,NA,NA,NA
1620,0.119234092533588,0.266253024339676,0.672639012336731,0.783872663974762
1621,NA,NA,NA,NA
1622,NA,NA,NA,NA
1623,-0.94773930311203,-0.319045901298523,-1.71802604198456,0.0206520110368729
1624,NA,NA,NA,NA
1625,NA,NA,NA,NA
1626,NA,NA,NA,NA
1627,-0.111824557185173,0.844418346881866,0.342867851257324,0.649526596069336
1628,-0.61027580499649,-0.792189061641693,-0.0747295320034027,0.652897238731384
1629,0.234305173158646,-0.972163140773773,0.241471037268639,-0.0112641956657171
1630,0.21787790954113,0.333257019519806,0.698058009147644,0.551247358322144
1631,NA,NA,NA,NA
1632,0.31299039721489,-0.949756324291229,0.0502133406698704,-2.00874590873718
1633,0.381125628948212,0.328833818435669,0.392208009958267,0.421317875385284
1634,-0.0503904931247234,-0.645456910133362,-0.00264995917677879,1.97998690605164
1635,0.302878350019455,-0.184005036950111,0.712031304836273,0.307121217250824
1636,0.908057332038879,-0.418846040964127,-0.0197259075939655,-0.872872591018677
1637,-0.475252747535706,0.879849374294281,-0.076493002474308,0.664908707141876
1638,NA,NA,NA,NA
1639,0.303819268941879,-0.00925753265619278,0.707916617393494,0.259887635707855
1640,0.245201960206032,-0.96947193145752,-0.286153554916382,-0.523109257221222
1641,0.174627378582954,0.675269842147827,0.480151742696762,0.780950248241425
1642,0.263428598642349,-0.0106325661763549,0.706894755363464,-0.115218490362167
1643,NA,NA,NA,NA
1644,0.334409058094025,0.0324491858482361,0.230579659342766,-0.0841893404722214
1645,0.145606741309166,-0.246885344386101,0.193777933716774,0.421620637178421
1646,0.312772750854492,7.40214018151164e-05,0.711379289627075,0.1862932741642
1647,0.406354933977127,-0.0229067150503397,0.67629462480545,-0.729692161083221
1648,NA,NA,NA,NA
1649,0.0363146513700485,-0.790305912494659,0.0451511517167091,-1.83964347839355
1650,-0.127478435635567,-0.00140154454857111,0.686345279216766,-0.635364472866058
1651,-0.121159717440605,0.0059023411013186,0.686503291130066,-0.635653853416443
1652,NA,NA,NA,NA
1653,NA,NA,NA,NA
1654,NA,NA,NA,NA
1655,NA,NA,NA,NA
1656,NA,NA,NA,NA
1657,-0.0519660674035549,0.998648881912231,0.312041014432907,0.599872410297394
1658,0.986297130584717,-0.164978951215744,0.0246567670255899,-0.653571844100952
1659,NA,NA,NA,NA
1660,NA,NA,NA,NA
1661,NA,NA,NA,NA
1662,-0.0892335548996925,0.996010780334473,0.0213065315037966,0.794973731040955
1663,-0.773802995681763,0.633426427841187,-0.20900671184063,-0.0499520860612392
1664,NA,NA,NA,NA
1665,NA,NA,NA,NA
1666,0.507093667984009,-0.69278347492218,-0.0215747077018023,-1.50381016731262
1667,NA,NA,NA,NA
1668,NA,NA,NA,NA
1669,NA,NA,NA,NA
1670,NA,NA,NA,NA
1671,NA,NA,NA,NA
1672,NA,NA,NA,NA
1673,NA,NA,NA,NA
1674,0.49528381228447,0.228433161973953,0.645783603191376,0.934788405895233
1675,0.270086914300919,0.367777764797211,0.887392520904541,1.71889233589172
1676,NA,NA,NA,NA
1677,NA,NA,NA,NA
1678,NA,NA,NA,NA
1679,NA,NA,NA,NA
1680,-0.999979794025421,-0.00636329222470522,-1.27871382236481,1.83583009243011
1681,NA,NA,NA,NA
1682,NA,NA,NA,NA
1683,NA,NA,NA,NA
1684,NA,NA,NA,NA
1685,NA,NA,NA,NA
1686,NA,NA,NA,NA
1687,NA,NA,NA,NA
1688,NA,NA,NA,NA
1689,NA,NA,NA,NA
1690,NA,NA,NA,NA
1691,NA,NA,NA,NA
1692,NA,NA,NA,NA
1693,NA,NA,NA,NA
1694,NA,NA,NA,NA
1695,0.523434460163116,0.852066040039062,-0.0646718442440033,-0.873673617839813
1696,NA,NA,NA,NA
1697,NA,NA,NA,NA
1698,-0.499909698963165,0.150559827685356,0.102762646973133,-0.522449433803558
1699,0.982730209827423,-0.185044571757317,0.756076157093048,-2.20143055915833
1700,-0.74589216709137,0.000869959592819214,-0.700884938240051,-0.561353027820587
1701,NA,NA,NA,NA
1702,NA,NA,NA,NA
1703,NA,NA,NA,NA
1704,NA,NA,NA,NA
1705,NA,NA,NA,NA
1706,NA,NA,NA,NA
1707,NA,NA,NA,NA
1708,-0.682464361190796,0.730918943881989,-0.154038727283478,0.935292303562164
1709,NA,NA,NA,NA
1710,NA,NA,NA,NA
1711,NA,NA,NA,NA
1712,NA,NA,NA,NA
1713,NA,NA,NA,NA
1714,NA,NA,NA,NA
1715,NA,NA,NA,NA
1716,NA,NA,NA,NA
1717,NA,NA,NA,NA
1718,NA,NA,NA,NA
1719,-0.0734158828854561,-0.997301459312439,-0.253620982170105,-0.279182881116867
1720,0.64186418056488,-0.616654574871063,-0.378846526145935,-1.34338617324829
1721,NA,NA,NA,NA
1722,-0.115871511399746,-0.678238749504089,0.0358385033905506,1.93625366687775
1723,-0.272256553173065,-0.962224721908569,-0.151265159249306,-0.355144947767258
1724,-0.998854279518127,-0.0478542633354664,-1.59707510471344,-0.969742178916931
1725,0.961910903453827,-0.273363292217255,1.41297876834869,-2.01972508430481
1726,NA,NA,NA,NA
1727,NA,NA,NA,NA
1728,NA,NA,NA,NA
1729,NA,NA,NA,NA
1730,NA,NA,NA,NA
1731,NA,NA,NA,NA
1732,-0.417153179645538,-0.908836245536804,0.176256507635117,0.205073520541191
1733,-0.0878487229347229,0.996133804321289,0.354504466056824,0.382498651742935
1734,NA,NA,NA,NA
1735,NA,NA,NA,NA
1736,NA,NA,NA,NA
1737,NA,NA,NA,NA
1738,-0.5548495054245,0.831950783729553,-0.141079053282738,0.0194145478308201
1739,NA,NA,NA,NA
1740,NA,NA,NA,NA
1741,0.0943612903356552,-0.995538055896759,0.255585104227066,0.810954868793488
1742,0.508960366249084,0.522736310958862,0.683246195316315,0.630204200744629
1743,NA,NA,NA,NA
1744,0.97518128156662,-0.221408128738403,-0.0044606439769268,0.874817967414856
1745,NA,NA,NA,NA
1746,NA,NA,NA,NA
1747,NA,NA,NA,NA
1748,0.497218668460846,0.0913503021001816,0.622394859790802,1.04644846916199
1749,NA,NA,NA,NA
1750,NA,NA,NA,NA
1751,NA,NA,NA,NA
1752,NA,NA,NA,NA
1753,0.463611602783203,0.205187648534775,0.611287891864777,1.11209642887115
1754,NA,NA,NA,NA
1755,NA,NA,NA,NA
1756,NA,NA,NA,NA
1757,NA,NA,NA,NA
1758,NA,NA,NA,NA
1759,-0.111902743577957,0.707773685455322,0.254702508449554,0.170768201351166
1760,0.204071745276451,-0.776601910591125,0.312773376703262,-0.372867524623871
1761,0.0841812118887901,-0.0691297650337219,0.728336155414581,0.0167162194848061
1762,0.988578259944916,-0.150708585977554,1.61196029186249,-0.846423327922821
1763,NA,NA,NA,NA
1764,NA,NA,NA,NA
1765,NA,NA,NA,NA
1766,NA,NA,NA,NA
1767,NA,NA,NA,NA
1768,NA,NA,NA,NA
1769,NA,NA,NA,NA
1770,NA,NA,NA,NA
1771,NA,NA,NA,NA
1772,NA,NA,NA,NA
1773,0.863724648952484,-0.503964126110077,0.336725354194641,-1.08061552047729
1774,NA,NA,NA,NA
1775,NA,NA,NA,NA
1776,NA,NA,NA,NA
1777,NA,NA,NA,NA
1778,0.146836817264557,-0.900631129741669,-0.0326470509171486,-1.60979068279266
1779,NA,NA,NA,NA
1780,NA,NA,NA,NA
1781,NA,NA,NA,NA
1782,0.656172633171082,-0.754610896110535,0.551643073558807,-2.96954703330994
1783,NA,NA,NA,NA
1784,0.594099164009094,-0.804391860961914,0.417023301124573,-2.84709048271179
1785,0.00460500130429864,-0.851304411888123,0.0267297923564911,-2.15889954566956
1786,NA,NA,NA,NA
1787,NA,NA,NA,NA
1788,NA,NA,NA,NA
1789,NA,NA,NA,NA
1790,-0.0738299563527107,-0.770053386688232,-0.00204736925661564,-1.91515421867371
1791,NA,NA,NA,NA
1792,NA,NA,NA,NA
1793,NA,NA,NA,NA
1794,-0.672644913196564,0.0709011405706406,-0.320841610431671,-0.470630168914795
1795,0.457879900932312,-0.694660902023315,-0.137502208352089,-0.667033970355988
1796,0.285508632659912,-0.131617739796638,0.374528229236603,1.72304499149323
1797,0.234019860625267,-0.829505801200867,-0.0121964076533914,-1.72103035449982
1798,NA,NA,NA,NA
1799,NA,NA,NA,NA
1800,NA,NA,NA,NA
1801,NA,NA,NA,NA
1802,NA,NA,NA,NA
1803,NA,NA,NA,NA
1804,0.699379146099091,-0.69649875164032,0.339114397764206,-1.85131561756134
1805,-0.91626238822937,-0.400578767061234,-0.0507058352231979,0.19733339548111
1806,0.698226571083069,0.715876936912537,-0.111653439700603,-0.350117474794388
1807,NA,NA,NA,NA
1808,0.460718482732773,0.367202788591385,0.557806789875031,1.52007007598877
1809,NA,NA,NA,NA
1810,NA,NA,NA,NA
1811,NA,NA,NA,NA
1812,NA,NA,NA,NA
1813,0.506374478340149,0.0854026079177856,0.635233640670776,0.994280576705933
1814,NA,NA,NA,NA
1815,0.547499716281891,-0.175662204623222,0.631611406803131,1.05328392982483
1816,NA,NA,NA,NA
1817,0.490746676921844,0.217735573649406,0.634068608283997,0.985459685325623
1818,0.499504655599594,0.221474558115005,0.631149053573608,0.960759162902832
1819,0.508547723293304,0.0383993498980999,0.603626489639282,1.18133878707886
1820,0.527655065059662,-0.0306187085807323,0.622880280017853,1.04491591453552
1821,NA,NA,NA,NA
1822,NA,NA,NA,NA
1823,NA,NA,NA,NA
1824,NA,NA,NA,NA
1825,NA,NA,NA,NA
1826,NA,NA,NA,NA
1827,NA,NA,NA,NA
1828,NA,NA,NA,NA
1829,NA,NA,NA,NA
1830,NA,NA,NA,NA
1831,NA,NA,NA,NA
1832,NA,NA,NA,NA
1833,NA,NA,NA,NA
1834,NA,NA,NA,NA
1835,-0.62663471698761,-0.0170326959341764,-1.2427853345871,-1.16067898273468
1836,NA,NA,NA,NA
1837,-0.313039988279343,-0.949739992618561,0.117264308035374,0.729803740978241
1838,0.995556771755219,0.0941638723015785,-0.8996542096138,2.71713995933533
1839,0.88756537437439,-0.460681885480881,0.745503067970276,-3.48295331001282
1840,NA,NA,NA,NA
1841,NA,NA,NA,NA
1842,NA,NA,NA,NA
1843,-0.999957144260406,0.00926318671554327,-1.66987550258636,-1.95441710948944
1844,NA,NA,NA,NA
1845,NA,NA,NA,NA
1846,NA,NA,NA,NA
1847,NA,NA,NA,NA
1848,NA,NA,NA,NA
1849,NA,NA,NA,NA
1850,NA,NA,NA,NA
1851,-0.286403685808182,0.639943897724152,0.212421402335167,0.193074271082878
1852,NA,NA,NA,NA
1853,-0.273347735404968,-0.0344136394560337,-0.607167959213257,-0.648517489433289
1854,NA,NA,NA,NA
1855,-0.261335253715515,-0.00693529052659869,-0.664971947669983,-0.769742667675018
1856,-0.999527275562286,-0.0307459104806185,-1.44440054893494,-2.27809953689575
1857,NA,NA,NA,NA
1858,NA,NA,NA,NA
1859,-0.0479268990457058,0.998850882053375,-0.0465308651328087,0.869116425514221
1860,NA,NA,NA,NA
1861,0.768541157245636,-0.639800429344177,0.34730589389801,-1.97551119327545
1862,NA,NA,NA,NA
1863,NA,NA,NA,NA
1864,NA,NA,NA,NA
1865,NA,NA,NA,NA
1866,NA,NA,NA,NA
1867,NA,NA,NA,NA
1868,-0.0880506262183189,-0.0530470348894596,-0.810656666755676,0.18943478167057
1869,0.0273365098983049,-0.999626278877258,-0.322432905435562,-0.683319330215454
1870,-0.366791129112244,0.107000574469566,-0.411986857652664,0.0169959105551243
1871,-0.36773881316185,0.0508700907230377,-0.421439707279205,0.0299999993294477
1872,NA,NA,NA,NA
1873,NA,NA,NA,NA
1874,NA,NA,NA,NA
1875,NA,NA,NA,NA
1876,0.350729823112488,-0.72056782245636,-0.0820311233401299,-0.965764701366425
1877,NA,NA,NA,NA
1878,NA,NA,NA,NA
1879,NA,NA,NA,NA
1880,NA,NA,NA,NA
1881,NA,NA,NA,NA
1882,NA,NA,NA,NA
1883,NA,NA,NA,NA
1884,NA,NA,NA,NA
1885,NA,NA,NA,NA
1886,NA,NA,NA,NA
1887,NA,NA,NA,NA
1888,NA,NA,NA,NA
1889,NA,NA,NA,NA
1890,NA,NA,NA,NA
1891,NA,NA,NA,NA
1892,NA,NA,NA,NA
1893,-0.584383189678192,-0.811477899551392,0.970650613307953,3.05822253227234
1894,NA,NA,NA,NA
1895,NA,NA,NA,NA
1896,NA,NA,NA,NA
1897,-0.997372269630432,-0.0724472925066948,0.925512194633484,2.97851347923279
1898,NA,NA,NA,NA
1899,0.728594183921814,0.0572923459112644,1.05828094482422,1.1181755065918
1900,-0.643749117851257,0.613051116466522,0.589993059635162,0.998013436794281
1901,-0.736594319343567,-0.4246965944767,0.394427239894867,-1.10640954971313
1902,NA,NA,NA,NA
1903,NA,NA,NA,NA
1904,NA,NA,NA,NA
1905,0.562382221221924,0.575538098812103,0.696546971797943,0.487318843603134
1906,0.542818367481232,0.244762539863586,0.677591264247894,0.6554314494133
1907,0.530878961086273,0.461905986070633,0.690155684947968,0.59487110376358
1908,NA,NA,NA,NA
1909,0.502112805843353,-0.864802181720734,0.172254160046577,-2.20245981216431
1910,0.336640655994415,0.730225205421448,0.375214189291,0.167663663625717
1911,0.413447022438049,0.0325910896062851,0.695450365543365,-0.531750500202179
1912,-0.429695665836334,-0.28280583024025,0.166972234845161,0.324631839990616
1913,0.252793908119202,-0.909981727600098,0.0213863365352154,-2.16983890533447
1914,-0.535917580127716,0.576643943786621,0.264092087745667,-0.00840795412659645
1915,0.449574023485184,-0.893243134021759,0.119417563080788,-2.1566948890686
1916,0.424888044595718,0.0555914789438248,0.327453285455704,-0.370627462863922
1917,-0.577016770839691,0.816732347011566,0.259477645158768,0.335620880126953
1918,0.354101747274399,-0.0911923870444298,0.203134581446648,0.228026285767555
1919,0.471510618925095,-0.881860435009003,0.182697638869286,-2.26201820373535
1920,-0.965366959571838,0.260896027088165,-0.65214741230011,-2.16960906982422
1921,-0.599931836128235,-0.800051212310791,0.0385089367628098,-0.231596097350121
1922,0.337637931108475,-0.941276133060455,0.0919433459639549,-2.12273812294006
1923,-0.579583287239075,0.415768057107925,0.243978410959244,0.168463855981827
1924,-0.333588302135468,0.942718923091888,0.128257900476456,-0.263691961765289
1925,-0.789064168930054,-0.61431086063385,0.0540172979235649,-0.413045793771744
1926,-0.601641356945038,-0.0813154950737953,0.13282898068428,-0.383554488420486
1927,-0.406748116016388,-0.913540422916412,0.185561865568161,0.382465660572052
1928,-0.565892457962036,-0.133972197771072,0.268067479133606,0.407579600811005
1929,0.601988673210144,-0.798504710197449,0.352608561515808,-2.36309766769409
1930,NA,NA,NA,NA
1931,-0.6651451587677,0.746714174747467,0.348647117614746,0.709845721721649
1932,0.430082947015762,-0.000808693759609014,0.711589395999908,-0.23239853978157
1933,-0.465233504772186,-0.0072827935218811,0.262913763523102,0.64098984003067
1934,0.530369639396667,-0.847766578197479,0.265734821557999,-2.40262866020203
1935,-0.221211716532707,-0.975225865840912,0.0697530061006546,0.658043444156647
1936,-0.0654064491391182,-0.997858762741089,0.121729984879494,-0.548088431358337
1937,0.574031293392181,-0.818833410739899,0.287734091281891,-2.55165958404541
1938,NA,NA,NA,NA
1939,NA,NA,NA,NA
1940,NA,NA,NA,NA
1941,NA,NA,NA,NA
1942,NA,NA,NA,NA
1943,NA,NA,NA,NA
1944,NA,NA,NA,NA
1945,NA,NA,NA,NA
1946,NA,NA,NA,NA
1947,NA,NA,NA,NA
1948,NA,NA,NA,NA
1949,NA,NA,NA,NA
1950,NA,NA,NA,NA
1951,0.479671239852905,-0.877448379993439,0.162826687097549,-2.23397064208984
1952,0.199436351656914,0.122016422450542,0.686419367790222,0.710220336914062
1953,NA,NA,NA,NA
1954,-0.0299378857016563,-0.00332452403381467,0.736539781093597,-0.0106069725006819
1955,NA,NA,NA,NA
1956,-0.536267280578613,0.00586873292922974,-0.275716930627823,-0.369533896446228
1957,NA,NA,NA,NA
1958,-0.479278683662415,0.00239122984930873,-0.514652132987976,-0.470009356737137
1959,0.0778973922133446,0.996961414813995,0.258470773696899,0.363273113965988
1960,-0.874290764331818,-0.22384862601757,-1.20505154132843,-3.19021320343018
1961,NA,NA,NA,NA
1962,0.305853366851807,-0.952078700065613,0.248309716582298,0.61102569103241
1963,NA,NA,NA,NA
1964,0.48361724615097,0.261281400918961,0.666163504123688,0.702025353908539
1965,0.342277437448502,0.858923375606537,0.361917704343796,0.57105940580368
1966,NA,NA,NA,NA
1967,-0.103626400232315,0.929199397563934,0.341786056756973,0.46072518825531
1968,0.748250007629395,0.0834071785211563,-0.42125478386879,-0.560252010822296
1969,NA,NA,NA,NA
1970,NA,NA,NA,NA
1971,0.0292229671031237,0.321444064378738,0.628480613231659,0.915765881538391
1972,NA,NA,NA,NA
1973,0.648713231086731,-0.112197369337082,0.428434550762177,-0.17305026948452
1974,NA,NA,NA,NA
1975,NA,NA,NA,NA
1976,0.478914231061935,0.279295533895493,0.675371527671814,0.671297311782837
1977,NA,NA,NA,NA
1978,NA,NA,NA,NA
1979,NA,NA,NA,NA
1980,0.299612611532211,0.954060971736908,-0.336908370256424,0.775055885314941
1981,0.308005899190903,0.0103300344198942,-1.0046581029892,-0.849241018295288
1982,-0.0516117848455906,0.558112025260925,0.335693448781967,0.674491345882416
1983,-0.0299760401248932,-0.0034954147413373,-0.737523078918457,0.0643918961286545
1984,NA,NA,NA,NA
1985,NA,NA,NA,NA
1986,0.255586385726929,0.340811222791672,-0.212042853236198,0.545799314975739
1987,NA,NA,NA,NA
1988,-0.0677535682916641,0.997702121734619,-0.351692140102386,-0.278687834739685
1989,0.183234319090843,0.47616982460022,-0.427568703889847,-0.742061138153076
1990,-0.000267894938588142,-0.0559088811278343,-0.714082658290863,-0.215654477477074
1991,-0.00108180847018957,-0.0561390854418278,-0.715573906898499,-0.235078081488609
1992,0.209166437387466,0.122293472290039,-0.377938270568848,-0.593188405036926
1993,NA,NA,NA,NA
1994,-0.00261446833610535,-0.0366461053490639,-0.715236127376556,-0.234346836805344
1995,NA,NA,NA,NA
1996,0.14191909134388,0.989878296852112,-0.237436577677727,-0.233378514647484
1997,0.199079841375351,0.000714849215000868,-0.565127193927765,-1.09881603717804
1998,-0.000737184658646584,-0.179597571492195,-0.708530485630035,-0.238195165991783
1999,-0.00433368142694235,-0.115799747407436,-0.708119988441467,-0.235966369509697
2000,NA,NA,NA,NA
2001,NA,NA,NA,NA
2002,NA,NA,NA,NA
2003,NA,NA,NA,NA
2004,NA,NA,NA,NA
2005,NA,NA,NA,NA
2006,0.00316156353801489,-0.254569947719574,0.711173355579376,0.283441513776779
2007,0.128486186265945,0.362590730190277,-0.456877380609512,-1.11147677898407
2008,0.02318917773664,0.0386488288640976,-0.6030433177948,-1.275275349617
2009,0.0059379986487329,-0.215325459837914,-0.708146393299103,-0.235991418361664
2010,NA,NA,NA,NA
2011,-0.205454617738724,-0.978666722774506,-0.324489563703537,0.573590993881226
2012,NA,NA,NA,NA
2013,0.0920362547039986,-0.995755732059479,0.127873003482819,0.926745057106018
2014,NA,NA,NA,NA
2015,NA,NA,NA,NA
2016,NA,NA,NA,NA
2017,0.0949781835079193,0.9954794049263,-0.0452522300183773,0.329811722040176
2018,0.550640463829041,0.834742605686188,0.0821367353200912,-0.782696664333344
2019,0.434938043355942,0.774098098278046,-0.0544476434588432,0.561029851436615
2020,0.386465191841125,0.571769714355469,0.125157967209816,-0.628258585929871
2021,0.616028785705566,0.7877237200737,-0.0305429883301258,0.702266454696655
2022,0.116975024342537,0.070867121219635,0.0702514052391052,-0.527772903442383
2023,0.999988198280334,0.0048656384460628,0.889687597751617,-2.52258801460266
2024,0.844975292682648,-0.534805476665497,0.380683988332748,-1.11204481124878
2025,-0.0146979652345181,0.947857975959778,-0.082354411482811,0.513533711433411
2026,NA,NA,NA,NA
2027,NA,NA,NA,NA
2028,NA,NA,NA,NA
2029,NA,NA,NA,NA
2030,NA,NA,NA,NA
2031,0.0432745181024075,0.99906325340271,0.302487820386887,0.241776123642921
2032,-0.0253348425030708,-0.999679088592529,0.21302655339241,-0.0909397453069687
2033,NA,NA,NA,NA
2034,0.133887499570847,-0.757267355918884,-0.0102687468752265,-0.688863575458527
2035,NA,NA,NA,NA
2036,NA,NA,NA,NA
2037,NA,NA,NA,NA
2038,0.301743447780609,0.953389227390289,0.129488304257393,0.143801659345627
2039,NA,NA,NA,NA
2040,-0.0100990207865834,-0.00435913819819689,0.738262176513672,0.00116968341171741
2041,0.794487476348877,-0.32209837436676,0.33479043841362,-0.130046144127846
2042,NA,NA,NA,NA
2043,0.702689409255981,-0.711496770381927,0.53550112247467,-2.72243523597717
2044,NA,NA,NA,NA
2045,NA,NA,NA,NA
2046,NA,NA,NA,NA
2047,NA,NA,NA,NA
2048,NA,NA,NA,NA
2049,-0.0949887633323669,0.995478391647339,0.282396405935287,0.547173619270325
2050,NA,NA,NA,NA
2051,NA,NA,NA,NA
2052,NA,NA,NA,NA
2053,0.907244205474854,-0.117383301258087,1.59786462783813,1.58353018760681
2054,NA,NA,NA,NA
2055,NA,NA,NA,NA
2056,NA,NA,NA,NA
2057,NA,NA,NA,NA
2058,0.166559189558029,-0.00487392861396074,0.648623824119568,0.885611653327942
2059,NA,NA,NA,NA
2060,-0.980234384536743,0.1978400349617,-1.49191617965698,-0.272383779287338
2061,NA,NA,NA,NA
2062,NA,NA,NA,NA
2063,-0.423731774091721,0.905787765979767,-0.060417078435421,1.55770766735077
2064,NA,NA,NA,NA
2065,NA,NA,NA,NA
2066,NA,NA,NA,NA
2067,NA,NA,NA,NA
2068,0.231856942176819,-0.373372822999954,-0.232961997389793,-0.134504944086075
2069,NA,NA,NA,NA
2070,NA,NA,NA,NA
2071,NA,NA,NA,NA
2072,0.227077156305313,0.126375123858452,0.189890265464783,0.118957467377186
2073,0.353713810443878,-0.935353755950928,0.652469038963318,-4.20821142196655
2074,NA,NA,NA,NA
2075,NA,NA,NA,NA
2076,-0.0493834279477596,-0.553533136844635,0.297433614730835,-0.815069675445557
2077,NA,NA,NA,NA
2078,NA,NA,NA,NA
2079,-0.818370401859283,0.57469117641449,-0.103224650025368,0.0635307729244232
2080,NA,NA,NA,NA
2081,NA,NA,NA,NA
2082,0.518400609493256,-0.855137944221497,0.371866852045059,-3.21836113929749
2083,NA,NA,NA,NA
2084,NA,NA,NA,NA
2085,0.140357598662376,0.990100920200348,-0.00103570427745581,0.427943408489227
2086,NA,NA,NA,NA
2087,-0.44154617190361,-0.076870433986187,-0.621501445770264,-1.1373165845871
2088,NA,NA,NA,NA
2089,-0.16457699239254,-0.986364305019379,0.18411260843277,-0.239936918020248
2090,NA,NA,NA,NA
2091,NA,NA,NA,NA
2092,NA,NA,NA,NA
2093,-0.634255647659302,-0.773123443126678,0.100274801254272,-0.397686898708344
2094,NA,NA,NA,NA
2095,-0.422145217657089,-0.906528294086456,0.160296753048897,0.66162109375
2096,NA,NA,NA,NA
2097,NA,NA,NA,NA
2098,NA,NA,NA,NA
2099,NA,NA,NA,NA
2100,NA,NA,NA,NA
2101,NA,NA,NA,NA
2102,0.643429815769196,-0.765505194664001,0.831584453582764,-3.14252877235413
2103,NA,NA,NA,NA
2104,-0.612320482730865,0.307723194360733,-0.351795047521591,-0.641239762306213
2105,NA,NA,NA,NA
2106,-0.997272431850433,-0.073808878660202,-1.48142886161804,-1.38192093372345
2107,NA,NA,NA,NA
2108,NA,NA,NA,NA
2109,0.986355841159821,-0.164627879858017,-0.0421582199633121,0.249906092882156
2110,NA,NA,NA,NA
2111,0.766728222370148,0.641971945762634,0.170211628079414,0.187442287802696
2112,0.747165262699127,-0.66463840007782,1.13905084133148,-3.36504626274109
2113,-0.052096888422966,0.587552905082703,0.453205853700638,1.06445407867432
2114,0.0412695817649364,-0.269670099020004,0.696268141269684,0.475302010774612
2115,0.997765779495239,-0.0668095946311951,1.58626484870911,-0.20528182387352
2116,0.997297465801239,-0.0734699815511703,1.61131048202515,-0.259299427270889
2117,NA,NA,NA,NA
2118,0.997765123844147,0.0668196082115173,1.60168898105621,0.47145876288414
2119,NA,NA,NA,NA
2120,NA,NA,NA,NA
2121,NA,NA,NA,NA
2122,NA,NA,NA,NA
2123,NA,NA,NA,NA
2124,NA,NA,NA,NA
2125,NA,NA,NA,NA
2126,NA,NA,NA,NA
2127,0.0978160202503204,0.399487555027008,0.353850156068802,-1.34702479839325
2128,-0.19054788351059,-0.138070404529572,0.226164862513542,-0.0747163891792297
2129,0.0772741138935089,0.362474709749222,0.340999513864517,-1.30919778347015
2130,NA,NA,NA,NA
2131,NA,NA,NA,NA
2132,0.0804592818021774,-0.264693230390549,-0.20513941347599,-0.276793777942657
2133,0.148599818348885,0.187539786100388,-0.682071089744568,-0.79171884059906
2134,NA,NA,NA,NA
2135,NA,NA,NA,NA
2136,NA,NA,NA,NA
2137,NA,NA,NA,NA
2138,-0.675760328769684,-0.168530449271202,-1.23937141895294,2.00791645050049
2139,NA,NA,NA,NA
2140,0.806687653064728,0.0960001051425934,0.359073728322983,-0.21260179579258
2141,NA,NA,NA,NA
2142,NA,NA,NA,NA
2143,0.565976560115814,0.00629487819969654,0.693319857120514,0.604794383049011
2144,NA,NA,NA,NA
2145,0.144600942730904,-0.98949009180069,-0.348325371742249,-0.447542995214462
2146,-0.0439224950969219,0.999035000801086,0.138754069805145,0.0798302218317986
2147,-0.999754548072815,-0.0221566632390022,-1.32878220081329,-2.54621958732605
2148,-0.999510288238525,-0.0312918536365032,-1.65543246269226,0.0132066607475281
2149,-0.70721048116684,-0.707003116607666,-0.21474926173687,-0.385333746671677
2150,-0.99981951713562,-0.0190010070800781,-1.34757053852081,-2.50184893608093
2151,-0.187267497181892,-0.494685173034668,-0.328898966312408,-0.344892054796219
2152,-0.812142014503479,-0.583459913730621,-0.129880875349045,-0.467426478862762
2153,0.0911297798156738,0.983673751354218,-0.249069064855576,0.498285412788391
2154,NA,NA,NA,NA
2155,NA,NA,NA,NA
2156,NA,NA,NA,NA
2157,NA,NA,NA,NA
2158,NA,NA,NA,NA
2159,NA,NA,NA,NA
2160,0.282858699560165,0.0030629348475486,0.629301428794861,-0.973890602588654
2161,NA,NA,NA,NA
2162,NA,NA,NA,NA
2163,0.755572497844696,-0.655065178871155,0.288952976465225,-0.773515820503235
2164,0.465578436851501,0.00454057659953833,0.707495927810669,0.105063989758492
2165,NA,NA,NA,NA
2166,NA,NA,NA,NA
2167,-0.636171936988831,-0.771547377109528,-0.134478986263275,-0.357578545808792
2168,NA,NA,NA,NA
2169,-0.441059201955795,-0.329671949148178,-0.670864522457123,-0.638778388500214
2170,0.49660786986351,-0.867975056171417,0.178670763969421,0.421995162963867
2171,NA,NA,NA,NA
2172,NA,NA,NA,NA
2173,NA,NA,NA,NA
2174,NA,NA,NA,NA
2175,0.122661098837852,0.896348357200623,-0.221977844834328,0.316392660140991
2176,NA,NA,NA,NA
2177,0.147954106330872,-0.988994300365448,-0.351676434278488,-0.450915694236755
2178,NA,NA,NA,NA
2179,0.179528772830963,-0.98375278711319,-0.199929341673851,-0.454383492469788
2180,NA,NA,NA,NA
2181,-0.00549606420099735,-0.0615768246352673,-0.70861941576004,-0.295276343822479
2182,NA,NA,NA,NA
2183,NA,NA,NA,NA
2184,NA,NA,NA,NA
2185,-0.737362205982208,-0.675497651100159,-0.0987977460026741,-0.28154918551445
2186,NA,NA,NA,NA
2187,NA,NA,NA,NA
2188,0.476012587547302,-0.879438519477844,-0.0479678437113762,0.423252046108246
2189,0.817199051380157,-0.576355636119843,0.306210309267044,-0.148176595568657
2190,-0.0796524211764336,0.548469424247742,-0.234905168414116,0.26926851272583
2191,0.171552628278732,-0.985175013542175,-0.360125988721848,-0.427575886249542
2192,0.170122146606445,-0.985423028469086,-0.34131121635437,-0.407755523920059
2193,NA,NA,NA,NA
2194,0.0131279025226831,0.9999138712883,-0.201880067586899,0.390435874462128
2195,-0.0529772639274597,0.622168004512787,-0.229357898235321,0.179027110338211
2196,NA,NA,NA,NA
2197,0.295040726661682,-0.026800200343132,0.584441602230072,1.24385714530945
2198,NA,NA,NA,NA
2199,NA,NA,NA,NA
2200,0.0155902821570635,0.453537434339523,0.190260410308838,0.705595135688782
2201,NA,NA,NA,NA
2202,NA,NA,NA,NA
2203,NA,NA,NA,NA
2204,NA,NA,NA,NA
2205,-0.460429161787033,-0.357915073633194,0.212565034627914,-0.147581785917282
2206,-0.202040210366249,-0.359614253044128,-0.339712858200073,-0.557259857654572
2207,-0.273611187934875,0.352507650852203,-0.683815836906433,-0.479837745428085
2208,0.261349678039551,-0.965244233608246,-0.203494638204575,-0.566254854202271
2209,0.0100829768925905,-0.00241107004694641,0.739356696605682,0.0124390181154013
2210,-0.0849234163761139,0.207925245165825,0.268397510051727,0.830198407173157
2211,NA,NA,NA,NA
2212,NA,NA,NA,NA
2213,NA,NA,NA,NA
2214,0.29697573184967,0.327649742364883,0.993464231491089,1.74057292938232
2215,NA,NA,NA,NA
2216,0.00277141761034727,-0.999996244907379,0.172053351998329,0.478410124778748
2217,-0.999631881713867,-0.027132811024785,-0.145426124334335,-0.105069391429424
2218,-0.0503010973334312,-0.998734176158905,0.186409667134285,0.422765523195267
2219,-0.796875536441803,0.0791904032230377,-0.641052961349487,0.934159576892853
2220,-0.221860125660896,0.595441341400146,0.210882276296616,0.10406569391489
2221,-0.49486842751503,0.734069585800171,0.280078232288361,-0.673251271247864
2222,0.0124528212472796,-0.53473037481308,0.224140703678131,0.253415256738663
2223,-0.74576473236084,-0.0205362420529127,0.140259608626366,-0.33379003405571
2224,NA,NA,NA,NA
2225,-0.374778389930725,0.365182846784592,0.268865674734116,-0.0883207321166992
2226,-0.035281166434288,-0.999377489089966,0.174012422561646,0.343916177749634
2227,-0.809692800045013,0.106212750077248,-0.612925887107849,1.12165808677673
2228,-0.0290296580642462,-0.999578595161438,0.18041230738163,0.498748123645782
2229,-0.749601721763611,0.352470278739929,-0.304201066493988,0.668156325817108
2230,-0.411757528781891,0.29721987247467,0.21984675526619,0.0171400867402554
2231,-0.674422860145569,0.0658192783594131,-0.352280288934708,-0.273355334997177
2232,-0.998586714267731,-0.0531479194760323,-0.146123170852661,-0.892358303070068
2233,-0.279882043600082,0.530391693115234,0.195082619786263,-0.670067191123962
2234,0.119197592139244,-0.992870628833771,-0.15546652674675,-0.519665837287903
2235,NA,NA,NA,NA
2236,-0.231458753347397,0.972844779491425,0.179205492138863,-0.789646744728088
2237,-0.735631048679352,0.0685325637459755,-1.0896167755127,1.46877467632294
2238,-0.397706836462021,-0.917512595653534,0.25507926940918,0.27616548538208
2239,-0.628038585186005,0.7781822681427,-0.511872291564941,1.52011609077454
2240,0.0475478023290634,-0.998869061470032,0.204460427165031,0.294285476207733
2241,0.190360769629478,-0.981714248657227,-0.164338320493698,-0.546289563179016
2242,NA,NA,NA,NA
2243,NA,NA,NA,NA
2244,-0.259095162153244,-0.0230871960520744,-0.26690149307251,-0.0566874332726002
2245,0.0135819632560015,-0.0465837866067886,0.78871077299118,0.138690978288651
2246,0.00247064232826233,-0.012010982260108,0.738555908203125,0.0037122555077076
2247,-0.326876282691956,-0.945067226886749,0.0925138592720032,-0.566010296344757
2248,0.953043639659882,-0.30283322930336,1.67688417434692,-3.10141539573669
2249,NA,NA,NA,NA
2250,NA,NA,NA,NA
2251,NA,NA,NA,NA
2252,NA,NA,NA,NA
2253,NA,NA,NA,NA
2254,NA,NA,NA,NA
2255,-0.129843547940254,0.666806519031525,0.215833842754364,-0.55707174539566
2256,0.0999791622161865,0.994989514350891,-0.206230729818344,0.730682909488678
2257,NA,NA,NA,NA
2258,NA,NA,NA,NA
2259,NA,NA,NA,NA
2260,-0.500964939594269,-0.487146526575089,-0.105209358036518,-1.90510034561157
2261,0.0106318686157465,-0.0511620678007603,-0.715683043003082,-0.175715178251266
2262,0.0125707192346454,-0.0240409150719643,0.801059722900391,0.210380434989929
2263,0.1529261469841,-0.988237679004669,-0.0505647212266922,-0.390814125537872
2264,-0.000143489800393581,-0.0549143888056278,0.704689741134644,0.302701383829117
2265,0.0303917527198792,-0.136700794100761,0.712645828723907,0.26105797290802
2266,NA,NA,NA,NA
2267,0.0465941689908504,-0.0189388561993837,0.80450040102005,0.0534470230340958
2268,0.755371689796448,-0.655296683311462,0.458981215953827,-2.52371072769165
2269,-0.241125777363777,-0.970493972301483,0.0902324691414833,0.290581434965134
2270,0.919016063213348,-0.394220173358917,0.315378904342651,-0.491900146007538
2271,0.0356345176696777,-0.0433469451963902,-0.834972560405731,-0.301105380058289
2272,0.0335187129676342,-0.0260954685509205,-0.707184553146362,-0.332574307918549
2273,-0.0955408662557602,-0.995425581932068,0.203746974468231,0.336208432912827
2274,0.0505338907241821,-0.998722434043884,-0.198190242052078,-0.505742132663727
2275,NA,NA,NA,NA
2276,0.0395782440900803,-0.0228334087878466,-0.802209317684174,-0.0421189814805984
2277,NA,NA,NA,NA
2278,NA,NA,NA,NA
2279,0.802989304065704,-0.0123179638758302,0.378090083599091,-0.337224692106247
2280,-0.603482007980347,-0.797376692295074,-0.26806566119194,-0.613679170608521
2281,NA,NA,NA,NA
2282,NA,NA,NA,NA
2283,NA,NA,NA,NA
2284,NA,NA,NA,NA
2285,-0.172190174460411,-0.231390163302422,-0.248563915491104,-0.156353086233139
2286,NA,NA,NA,NA
2287,NA,NA,NA,NA
2288,NA,NA,NA,NA
2289,NA,NA,NA,NA
2290,NA,NA,NA,NA
2291,NA,NA,NA,NA
2292,NA,NA,NA,NA
2293,NA,NA,NA,NA
2294,NA,NA,NA,NA
2295,NA,NA,NA,NA
2296,NA,NA,NA,NA
2297,NA,NA,NA,NA
2298,NA,NA,NA,NA
2299,NA,NA,NA,NA
2300,NA,NA,NA,NA
2301,-0.295655995607376,-0.95529443025589,0.376575171947479,-0.893073320388794
2302,NA,NA,NA,NA
2303,NA,NA,NA,NA
2304,NA,NA,NA,NA
2305,-0.99687385559082,-0.0790104866027832,-1.31337416172028,-2.92911577224731
2306,0.0105040678754449,-0.999944865703583,0.214546576142311,0.433543890714645
2307,-0.994906604290009,-0.100801922380924,-1.2986912727356,-3.02694869041443
2308,-0.0114975403994322,-0.303689688444138,0.00786618981510401,1.29869055747986
2309,0.0260792076587677,-0.164825797080994,0.0898009613156319,1.68191659450531
2310,NA,NA,NA,NA
2311,NA,NA,NA,NA
2312,NA,NA,NA,NA
2313,NA,NA,NA,NA
2314,NA,NA,NA,NA
2315,0.57934296131134,-0.64491081237793,-0.336675494909286,-0.735581994056702
2316,NA,NA,NA,NA
2317,0.0454366952180862,-0.472431242465973,0.227465897798538,0.36149537563324
2318,-0.126245066523552,0.99199914932251,-0.195721805095673,-0.465505123138428
2319,0.530449450016022,0.470878005027771,0.70742255449295,0.293654322624207
2320,0.475040137767792,0.0858907848596573,-0.713434398174286,-0.159081920981407
2321,0.566009223461151,-0.807316601276398,-0.343092888593674,-0.726819396018982
2322,NA,NA,NA,NA
2323,0.454528838396072,0.211482286453247,0.683371186256409,0.575770080089569
2324,-0.306848466396332,0.389543086290359,0.655665278434753,0.989937305450439
2325,0.00394637323915958,-0.0718947798013687,-0.71562922000885,-0.223654478788376
2326,NA,NA,NA,NA
2327,0.449150681495667,0.234311804175377,0.694558560848236,0.592446327209473
2328,0.356866449117661,0.399806797504425,-0.756470382213593,0.135095998644829
2329,NA,NA,NA,NA
2330,0.391277879476547,0.276818096637726,-0.691692173480988,-0.725549936294556
2331,0.29188734292984,0.00410041492432356,-0.898988485336304,-0.427492499351501
2332,NA,NA,NA,NA
2333,0.315269738435745,-0.296286761760712,-0.252930730581284,-0.1069630458951
2334,0.330523937940598,-0.507203817367554,-0.270555257797241,-0.2774518430233
2335,NA,NA,NA,NA
2336,0.389420449733734,-0.251846998929977,-0.258271634578705,-0.305492281913757
2337,0.409871220588684,0.104705221951008,0.704430341720581,0.585563182830811
2338,0.503816723823547,0.0163953751325607,-0.705843329429626,0.272328227758408
2339,0.476422727108002,0.103639766573906,0.683429419994354,0.560568273067474
2340,0.0345171019434929,-0.0176234170794487,-0.804720461368561,-0.162969887256622
2341,-0.313739001750946,0.446868658065796,-0.570181787014008,-0.925108253955841
2342,NA,NA,NA,NA
2343,0.342602103948593,0.111901737749577,-0.712582588195801,0.0670335814356804
2344,0.47926390171051,0.249892637133598,0.689591825008392,0.505733072757721
2345,0.464748978614807,0.0412218421697617,-0.704273641109467,-0.270592629909515
2346,NA,NA,NA,NA
2347,NA,NA,NA,NA
2348,0.0422476232051849,-0.23467093706131,-0.72329443693161,-0.375977545976639
2349,0.53726053237915,0.694769680500031,0.717742025852203,-0.149768516421318
2350,0.422262847423553,0.0146835707128048,-0.702755510807037,-0.281696677207947
2351,0.481762796640396,-0.0393775776028633,-0.681126058101654,0.547852218151093
2352,NA,NA,NA,NA
2353,0.469300210475922,-0.0653192102909088,-0.707418978214264,-0.301537871360779
2354,0.444219380617142,0.19238643348217,0.697454035282135,0.53558874130249
2355,NA,NA,NA,NA
2356,0.422737151384354,-0.571484565734863,0.313370287418365,0.23765529692173
2357,0.584273099899292,0.0513432510197163,0.712633490562439,-0.412393718957901
2358,NA,NA,NA,NA
2359,0.656703233718872,0.0635483711957932,0.715512216091156,0.277917891740799
2360,NA,NA,NA,NA
2361,-0.0142295341938734,-0.0120187569409609,0.739802300930023,0.0202603153884411
2362,NA,NA,NA,NA
2363,NA,NA,NA,NA
2364,NA,NA,NA,NA
2365,NA,NA,NA,NA
2366,NA,NA,NA,NA
2367,-0.0130042163655162,-0.022882292047143,0.711551129817963,0.281442403793335
2368,NA,NA,NA,NA
2369,-0.0129744820296764,-0.0229411274194717,0.71159827709198,0.281250864267349
2370,-0.012959910556674,-0.0229629166424274,0.711647927761078,0.281241565942764
2371,-0.0980574637651443,-0.995180785655975,0.264504194259644,0.316355019807816
2372,NA,NA,NA,NA
2373,-0.245785489678383,0.303968995809555,0.297299861907959,0.205781564116478
2374,NA,NA,NA,NA
2375,NA,NA,NA,NA
2376,NA,NA,NA,NA
2377,NA,NA,NA,NA
2378,NA,NA,NA,NA
2379,NA,NA,NA,NA
2380,0.16918320953846,-0.985584676265717,-0.436386585235596,-0.914538204669952
2381,-0.0299665220081806,-0.002211544662714,-0.737266957759857,0.0661158785223961
2382,0.168218359351158,-0.985749840736389,0.312548696994781,0.461216181516647
2383,NA,NA,NA,NA
2384,NA,NA,NA,NA
2385,NA,NA,NA,NA
2386,NA,NA,NA,NA
2387,-0.0195231195539236,-0.0130208125337958,0.703209400177002,0.289833009243011
2388,-0.020663108676672,-0.0183876864612103,0.702401041984558,0.307184249162674
2389,0.307986199855804,-0.951390862464905,0.109138332307339,-0.81218284368515
2390,NA,NA,NA,NA
2391,NA,NA,NA,NA
2392,0.844773232936859,-0.535124599933624,0.94791567325592,-3.86666917800903
2393,NA,NA,NA,NA
2394,NA,NA,NA,NA
2395,NA,NA,NA,NA
2396,NA,NA,NA,NA
2397,-0.011077206581831,-0.944357514381409,0.0287712290883064,-1.84445679187775
2398,-0.111458085477352,-0.880425930023193,0.00700727291405201,-2.06112122535706
2399,0.375471621751785,0.17269578576088,0.660595118999481,-0.739409029483795
2400,NA,NA,NA,NA
2401,NA,NA,NA,NA
2402,NA,NA,NA,NA
2403,NA,NA,NA,NA
2404,NA,NA,NA,NA
2405,NA,NA,NA,NA
2406,NA,NA,NA,NA
2407,NA,NA,NA,NA
2408,NA,NA,NA,NA
2409,NA,NA,NA,NA
2410,-0.327041864395142,-0.945009887218475,0.24406935274601,-0.384769856929779
2411,-0.26228278875351,-0.283743917942047,0.335401147603989,0.39892965555191
2412,NA,NA,NA,NA
2413,0.0249837674200535,0.333432555198669,0.376427471637726,-1.59251368045807
2414,0.0947040989995003,0.429489076137543,0.384800016880035,-1.47548007965088
2415,0.116106137633324,0.482731580734253,0.383521407842636,-1.44779455661774
2416,NA,NA,NA,NA
2417,NA,NA,NA,NA
2418,NA,NA,NA,NA
2419,NA,NA,NA,NA
2420,-0.998271822929382,-0.0587660931050777,-1.7013463973999,0.960088074207306
2421,NA,NA,NA,NA
2422,0.162365719676018,-0.986730694770813,0.184988364577293,0.815659642219543
2423,NA,NA,NA,NA
2424,NA,NA,NA,NA
2425,NA,NA,NA,NA
2426,NA,NA,NA,NA
2427,NA,NA,NA,NA
2428,NA,NA,NA,NA
2429,NA,NA,NA,NA
2430,-0.00990306958556175,-0.00393905630335212,0.737830758094788,-0.00219482369720936
2431,0.00152312591671944,-0.19077767431736,0.800221502780914,0.0413482636213303
2432,NA,NA,NA,NA
2433,NA,NA,NA,NA
2434,NA,NA,NA,NA
2435,NA,NA,NA,NA
2436,NA,NA,NA,NA
2437,NA,NA,NA,NA
2438,NA,NA,NA,NA
2439,-0.474771946668625,0.880108892917633,-0.189450532197952,0.315612196922302
2440,NA,NA,NA,NA
2441,NA,NA,NA,NA
2442,NA,NA,NA,NA
2443,NA,NA,NA,NA
2444,NA,NA,NA,NA
2445,NA,NA,NA,NA
2446,NA,NA,NA,NA
2447,NA,NA,NA,NA
2448,NA,NA,NA,NA
2449,NA,NA,NA,NA
2450,NA,NA,NA,NA
2451,NA,NA,NA,NA
2452,NA,NA,NA,NA
2453,NA,NA,NA,NA
2454,NA,NA,NA,NA
2455,-0.727232158184052,0.686391651630402,0.0949244648218155,0.302749037742615
2456,NA,NA,NA,NA
2457,NA,NA,NA,NA
2458,NA,NA,NA,NA
2459,NA,NA,NA,NA
2460,NA,NA,NA,NA
2461,0.205832377076149,-0.978587329387665,0.252811998128891,0.565654635429382
2462,0.182185679674149,-0.983264207839966,-0.242055371403694,-0.4936563372612
2463,0.183382838964462,-0.983041644096375,0.233382821083069,0.486344486474991
2464,-0.999945104122162,0.0104824304580688,1.4025377035141,2.59243011474609
2465,0.219859182834625,-0.97553163766861,0.253177106380463,0.569688141345978
2466,NA,NA,NA,NA
2467,NA,NA,NA,NA
2468,0.0134047167375684,-0.032524723559618,0.761673390865326,-0.184650346636772
2469,NA,NA,NA,NA
2470,NA,NA,NA,NA
2471,NA,NA,NA,NA
2472,NA,NA,NA,NA
2473,NA,NA,NA,NA
2474,NA,NA,NA,NA
2475,-0.874483823776245,-0.0658927783370018,-1.4875214099884,2.38586807250977
2476,-0.364467591047287,0.0491206273436546,-0.219288632273674,-0.120892427861691
2477,NA,NA,NA,NA
2478,NA,NA,NA,NA
2479,NA,NA,NA,NA
2480,0.0101295644417405,-0.00486394390463829,0.69437301158905,-0.233387559652328
2481,NA,NA,NA,NA
2482,0.0861810967326164,0.970339119434357,0.220658794045448,-0.56568855047226
2483,NA,NA,NA,NA
2484,NA,NA,NA,NA
2485,NA,NA,NA,NA
2486,NA,NA,NA,NA
2487,NA,NA,NA,NA
2488,NA,NA,NA,NA
2489,NA,NA,NA,NA
2490,NA,NA,NA,NA
2491,0.405562400817871,-0.914067327976227,-0.060305044054985,-0.744811356067657
2492,NA,NA,NA,NA
2493,NA,NA,NA,NA
2494,NA,NA,NA,NA
2495,-0.0836780294775963,-0.978850603103638,0.0239902511239052,-2.12904071807861
2496,NA,NA,NA,NA
2497,-0.0691128969192505,0.99760890007019,0.223779588937759,0.232847809791565
2498,0.216502666473389,-0.976282060146332,0.113913491368294,-0.530278146266937
2499,NA,NA,NA,NA
2500,NA,NA,NA,NA
2501,NA,NA,NA,NA
2502,NA,NA,NA,NA
2503,NA,NA,NA,NA
2504,NA,NA,NA,NA
2505,NA,NA,NA,NA
2506,NA,NA,NA,NA
2507,NA,NA,NA,NA
2508,NA,NA,NA,NA
2509,NA,NA,NA,NA
2510,0.989790439605713,-0.142530485987663,1.42166364192963,-2.18782806396484
2511,NA,NA,NA,NA
2512,0.174793481826782,0.766613125801086,-0.123007841408253,-0.282534450292587
2513,NA,NA,NA,NA
2514,NA,NA,NA,NA
2515,NA,NA,NA,NA
2516,NA,NA,NA,NA
2517,NA,NA,NA,NA
2518,NA,NA,NA,NA
2519,NA,NA,NA,NA
2520,0.0279754046350718,-0.999608635902405,-0.113868787884712,-0.55862033367157
2521,0.267405122518539,-0.963584244251251,-0.0923766493797302,-0.703164756298065
2522,NA,NA,NA,NA
2523,NA,NA,NA,NA
2524,NA,NA,NA,NA
2525,0.820093035697937,-0.390767365694046,0.987012803554535,-2.78752326965332
2526,0.370335847139359,-0.928897976875305,0.0468968600034714,-0.667059540748596
2527,0.686401724815369,-0.727222621440887,0.179902568459511,-0.345802366733551
2528,NA,NA,NA,NA
2529,NA,NA,NA,NA
2530,NA,NA,NA,NA
2531,NA,NA,NA,NA
2532,NA,NA,NA,NA
2533,NA,NA,NA,NA
2534,0.999922513961792,0.0124511830508709,-0.574733912944794,1.95067358016968
2535,NA,NA,NA,NA
2536,NA,NA,NA,NA
2537,0.878241121768951,-0.478218257427216,0.321040749549866,-0.472288757562637
2538,NA,NA,NA,NA
2539,NA,NA,NA,NA
2540,NA,NA,NA,NA
2541,-0.00427879206836224,-0.0316404476761818,0.738005995750427,0.0299999993294477
2542,-0.00428706593811512,-0.0316392704844475,0.737999320030212,0.0299999993294477
2543,NA,NA,NA,NA
2544,NA,NA,NA,NA
2545,NA,NA,NA,NA
2546,-0.501029968261719,-0.502346634864807,-0.0498217046260834,-1.15013098716736
2547,-0.0483548939228058,-0.49790158867836,0.0299999993294477,-1.49431967735291
2548,-0.3815937936306,-0.463814795017242,0.00148592609912157,-1.51758873462677
2549,NA,NA,NA,NA
2550,0.557592868804932,-0.178557589650154,0.695677578449249,0.406868815422058
2551,NA,NA,NA,NA
2552,0.607980251312256,-0.793952226638794,0.10359400510788,-1.62302255630493
2553,NA,NA,NA,NA
2554,NA,NA,NA,NA
2555,NA,NA,NA,NA
2556,NA,NA,NA,NA
2557,2.5101937353611e-05,-0.00170483172405511,-0.738958477973938,0.0523346140980721
2558,NA,NA,NA,NA
2559,0.639938592910767,-0.768426120281219,0.141185507178307,-0.502472162246704
2560,-0.00333553366363049,-0.0412880405783653,0.738324284553528,0.00168869271874428
2561,NA,NA,NA,NA
2562,NA,NA,NA,NA
2563,NA,NA,NA,NA
2564,0.452134549617767,-0.891949832439423,-0.0319669544696808,-1.64847123622894
2565,-0.346722334623337,-0.937967836856842,-0.185147106647491,-0.704780876636505
2566,-0.331672817468643,-0.943394541740417,-0.185835584998131,-0.696888208389282
2567,0.661659359931946,-0.0129189509898424,0.255330741405487,0.168901637196541
2568,NA,NA,NA,NA
2569,NA,NA,NA,NA
2570,NA,NA,NA,NA
2571,NA,NA,NA,NA
2572,NA,NA,NA,NA
2573,NA,NA,NA,NA
2574,NA,NA,NA,NA
2575,NA,NA,NA,NA
2576,0.332251280546188,0.0498229451477528,0.6986083984375,-0.359193503856659
2577,NA,NA,NA,NA
2578,NA,NA,NA,NA
2579,0.0238699652254581,-0.0223467983305454,0.805078506469727,0.097109854221344
2580,NA,NA,NA,NA
2581,NA,NA,NA,NA
2582,0.240044668316841,0.970761895179749,-0.191115483641624,0.51245379447937
2583,NA,NA,NA,NA
2584,NA,NA,NA,NA
2585,0.397244781255722,-0.91771274805069,-0.0628350079059601,-0.0869278982281685
2586,NA,NA,NA,NA
2587,-0.66433310508728,0.747436702251434,-0.137405246496201,0.575062394142151
2588,NA,NA,NA,NA
2589,NA,NA,NA,NA
2590,NA,NA,NA,NA
2591,NA,NA,NA,NA
2592,NA,NA,NA,NA
2593,NA,NA,NA,NA
2594,NA,NA,NA,NA
2595,NA,NA,NA,NA
2596,-0.0317633338272572,-0.0267473589628935,0.809993386268616,0.08005590736866
2597,-0.00384185370057821,-0.0271301511675119,0.657166421413422,-0.0653682947158813
2598,-0.00384143088012934,-0.0158614870160818,0.800433337688446,0.0436670482158661
2599,-0.00373404752463102,-0.0165081024169922,0.814889490604401,0.0749285072088242
2600,-0.00384143088012934,-0.0158614870160818,0.800433337688446,0.0436670482158661
2601,-0.00384143088012934,-0.0158614870160818,0.800433337688446,0.0436670482158661
2602,-0.00384143088012934,-0.0158614870160818,0.800433337688446,0.0436670482158661
2603,-0.00807266961783171,-0.0636509731411934,0.806389033794403,0.0471822619438171
2604,0.016123291105032,0.125759035348892,0.576493561267853,1.06369090080261
2605,0.13764500617981,0.0713997408747673,1.09809195995331,0.361083745956421
2606,-0.00384143088012934,-0.0158614870160818,0.800433337688446,0.0436670482158661
2607,NA,NA,NA,NA
2608,-0.00384143088012934,-0.0158614870160818,0.800433337688446,0.0436670482158661
2609,-0.377801418304443,0.925886690616608,0.153587162494659,0.0597841888666153
2610,-0.123359553515911,-0.852699816226959,0.0705739855766296,-1.72339344024658
2611,NA,NA,NA,NA
2612,NA,NA,NA,NA
2613,NA,NA,NA,NA
2614,NA,NA,NA,NA
2615,NA,NA,NA,NA
2616,NA,NA,NA,NA
2617,NA,NA,NA,NA
2618,NA,NA,NA,NA
2619,NA,NA,NA,NA
2620,NA,NA,NA,NA
2621,NA,NA,NA,NA
2622,NA,NA,NA,NA
2623,0.275617152452469,-0.961267530918121,-0.138400018215179,-0.410076320171356
2624,0.1664087921381,-0.334671765565872,0.189449742436409,0.31553652882576
2625,0.198440060019493,-0.596039175987244,-0.166593909263611,-0.277931421995163
2626,0.121864885091782,0.343248903751373,0.457122564315796,0.561476945877075
2627,0.989588797092438,0.143924117088318,-0.994759023189545,2.76278877258301
2628,NA,NA,NA,NA
2629,NA,NA,NA,NA
2630,0.443784236907959,0.0115125849843025,0.706225395202637,0.109141781926155
2631,0.431797504425049,-0.0082927318289876,0.705259561538696,-0.174796223640442
2632,NA,NA,NA,NA
2633,0.431445121765137,-0.00238840212114155,0.709456264972687,-0.236408770084381
2634,0.22414430975914,-0.566976606845856,0.0467990934848785,1.16351175308228
2635,NA,NA,NA,NA
2636,NA,NA,NA,NA
2637,NA,NA,NA,NA
2638,NA,NA,NA,NA
2639,NA,NA,NA,NA
2640,-0.860702693462372,0.509108006954193,-0.277341097593307,-0.431892216205597
2641,-0.239195808768272,-0.970971405506134,-0.104884251952171,-0.374163717031479
2642,-0.768199563026428,-0.461202293634415,0.258012354373932,-0.474259942770004
2643,-0.441552102565765,-0.897235691547394,-0.192423209547997,-0.531988918781281
2644,NA,NA,NA,NA
2645,0.041562519967556,-0.00353907910175622,0.812110960483551,0.167931750416756
2646,NA,NA,NA,NA
2647,NA,NA,NA,NA
2648,NA,NA,NA,NA
2649,NA,NA,NA,NA
2650,NA,NA,NA,NA
2651,NA,NA,NA,NA
2652,NA,NA,NA,NA
2653,NA,NA,NA,NA
2654,-0.00029885396361351,-0.000474565313197672,-0.80792647600174,-0.0388265550136566
2655,NA,NA,NA,NA
2656,NA,NA,NA,NA
2657,NA,NA,NA,NA
2658,NA,NA,NA,NA
2659,NA,NA,NA,NA
2660,NA,NA,NA,NA
2661,NA,NA,NA,NA
2662,0.103895589709282,-0.994588255882263,-0.260680049657822,-0.601939141750336
2663,-0.147381573915482,-0.63179337978363,-0.463000446557999,-0.963787972927094
2664,-0.0342176556587219,-0.761788368225098,-0.345104187726974,-0.671466708183289
2665,0.0242759939283133,-0.699224293231964,-0.437815874814987,-1.13410210609436
2666,-0.157137811183929,-0.851919531822205,-0.234468877315521,-0.17487969994545
2667,0.0123603641986847,-0.743378579616547,-0.470510452985764,-1.15234136581421
2668,-0.0716111287474632,-0.581748366355896,-0.344866693019867,-0.719330966472626
2669,-0.17347563803196,-0.581451535224915,-0.276289343833923,-0.344892054796219
2670,-0.0326376035809517,-0.712876796722412,-0.368685185909271,-0.766770005226135
2671,NA,NA,NA,NA
2672,NA,NA,NA,NA
2673,NA,NA,NA,NA
2674,NA,NA,NA,NA
2675,NA,NA,NA,NA
2676,NA,NA,NA,NA
2677,NA,NA,NA,NA
2678,NA,NA,NA,NA
2679,NA,NA,NA,NA
2680,NA,NA,NA,NA
2681,NA,NA,NA,NA
2682,0.0221047513186932,0.281738072633743,0.0174155794084072,-0.489653527736664
2683,0.229478538036346,0.454834312200546,-0.00503736082464457,-0.563260793685913
2684,NA,NA,NA,NA
2685,0.640788376331329,0.0464983135461807,0.347070455551147,-0.0306861884891987
2686,0.141151547431946,-0.989988029003143,0.11831134557724,-0.559253334999084
2687,0.715663194656372,0.154953807592392,1.24379789829254,1.94936549663544
2688,0.996011734008789,0.0892229676246643,1.65521860122681,2.08482336997986
2689,0.995745182037354,0.0921499505639076,1.65751719474792,2.11761116981506
2690,NA,NA,NA,NA
2691,NA,NA,NA,NA
2692,NA,NA,NA,NA
2693,NA,NA,NA,NA
2694,NA,NA,NA,NA
2695,NA,NA,NA,NA
2696,NA,NA,NA,NA
2697,NA,NA,NA,NA
2698,NA,NA,NA,NA
2699,0.0060937711969018,-0.0263863485306501,0.663763225078583,-0.0785512775182724
2700,NA,NA,NA,NA
2701,-0.000115950591862202,-0.0476575866341591,0.789284467697144,0.00313887000083923
2702,-0.00419041514396667,-0.0123875960707664,0.781222879886627,0.0189149230718613
2703,NA,NA,NA,NA
2704,NA,NA,NA,NA
2705,NA,NA,NA,NA
2706,NA,NA,NA,NA
2707,0.617882966995239,-0.786270141601562,-0.232527419924736,-1.26790928840637
2708,NA,NA,NA,NA
2709,NA,NA,NA,NA
2710,NA,NA,NA,NA
2711,-0.625499367713928,0.780224740505219,0.328357338905334,0.695968806743622
2712,NA,NA,NA,NA
2713,NA,NA,NA,NA
2714,NA,NA,NA,NA
2715,NA,NA,NA,NA
2716,NA,NA,NA,NA
2717,NA,NA,NA,NA
2718,NA,NA,NA,NA
2719,NA,NA,NA,NA
2720,NA,NA,NA,NA
2721,NA,NA,NA,NA
2722,NA,NA,NA,NA
2723,NA,NA,NA,NA
2724,NA,NA,NA,NA
2725,NA,NA,NA,NA
2726,NA,NA,NA,NA
2727,-0.171052917838097,-0.253560036420822,-1.18975758552551,-1.13143825531006
2728,NA,NA,NA,NA
2729,NA,NA,NA,NA
2730,-0.00261090416461229,-0.0368878580629826,0.799350440502167,0.0475884974002838
2731,-0.267294555902481,0.0468673557043076,-0.6982302069664,-0.412819713354111
2732,NA,NA,NA,NA
2733,-0.00162412878125906,-0.150257140398026,-0.803006231784821,-0.0135412216186523
2734,-0.996655225753784,-0.0817215070128441,-1.4557671546936,-2.54435753822327
2735,-6.86002895236015e-05,-0.00480812368914485,-0.787957727909088,-0.00383470952510834
2736,-0.00581355532631278,-0.0105645461007953,-0.650568723678589,0.0429020673036575
2737,-0.32425931096077,-0.945968270301819,-0.256030082702637,-0.137715056538582
2738,-0.320945501327515,-0.947097718715668,-0.162662833929062,-0.580941021442413
2739,-0.617619633674622,-0.786477029323578,-0.196200981736183,-0.346886485815048
2740,0.0692198872566223,-0.997601449489594,-0.202881708741188,0.284944742918015
2741,0.0233867540955544,-0.0141806034371257,-0.807031691074371,-0.124464720487595
2742,NA,NA,NA,NA
2743,0.212689280509949,-0.977119922637939,-0.484101325273514,-0.885999023914337
2744,2.78232619166374e-05,-0.00170870614238083,-0.739206671714783,0.0494978204369545
2745,0.128676950931549,-0.991686582565308,-0.161892756819725,-1.15228998661041
2746,-0.0543367117643356,-0.690565884113312,-0.359931617975235,-0.642387270927429
2747,-0.998600959777832,-0.052879698574543,-1.69644796848297,0.452311277389526
2748,NA,NA,NA,NA
2749,-0.200621619820595,-0.979668855667114,-0.199734508991241,0.515875816345215
2750,-0.00078541086986661,-0.999999761581421,0.187059715390205,0.401249468326569
2751,0.167226001620293,-0.985918641090393,0.220364347100258,0.531778931617737
2752,0.0204193443059921,-0.0326750613749027,-0.795292854309082,-0.0528337806463242
2753,0.106634922325611,-0.0981856137514114,-0.0318303480744362,-0.908961296081543
2754,NA,NA,NA,NA
2755,NA,NA,NA,NA
2756,NA,NA,NA,NA
2757,0.15472874045372,-0.987957060337067,-0.325857996940613,-0.525233745574951
2758,0.196235984563828,-0.980556786060333,-0.224777191877365,-0.617746710777283
2759,-0.127287700772285,0.817232251167297,-0.254869908094406,0.217043429613113
2760,0.0155654279515147,-0.0488183721899986,-0.804818868637085,-0.140866935253143
2761,0.230267554521561,0.973127424716949,-0.168809399008751,0.428079932928085
2762,0.230220913887024,-0.973138451576233,-0.535499095916748,-1.0110787153244
2763,NA,NA,NA,NA
2764,-0.114520184695721,-0.0715875178575516,-0.250275790691376,-0.0638683512806892
2765,-0.577408909797668,0.816455185413361,-0.769372642040253,3.83833980560303
2766,NA,NA,NA,NA
2767,-0.0279306210577488,-0.0128498645499349,-0.827653050422668,-0.192435368895531
2768,-0.676260709762573,-0.736662447452545,-0.161992952227592,-0.330335468053818
2769,0.435488641262054,-0.0328653044998646,0.418188154697418,-0.533134460449219
2770,NA,NA,NA,NA
2771,NA,NA,NA,NA
2772,0.113023951649666,-0.993592321872711,-0.290408909320831,-0.466088205575943
2773,NA,NA,NA,NA
2774,NA,NA,NA,NA
2775,NA,NA,NA,NA
2776,NA,NA,NA,NA
2777,0.20550961792469,-0.978655159473419,-0.360001176595688,-0.504466414451599
2778,NA,NA,NA,NA
2779,NA,NA,NA,NA
2780,NA,NA,NA,NA
2781,NA,NA,NA,NA
2782,NA,NA,NA,NA
2783,NA,NA,NA,NA
2784,0.0209804344922304,-0.00737345172092319,-0.802277386188507,-0.130034759640694
2785,0.0899079889059067,-0.704667091369629,-0.233713790774345,0.292649060487747
2786,NA,NA,NA,NA
2787,0.990480184555054,-0.137655973434448,1.4936443567276,-2.42701244354248
2788,NA,NA,NA,NA
2789,-0.408794611692429,-0.519242286682129,-0.273854732513428,0.245580986142159
2790,NA,NA,NA,NA
2791,-0.133881688117981,-0.835975825786591,0.0288881920278072,-1.83602094650269
2792,NA,NA,NA,NA
2793,NA,NA,NA,NA
2794,NA,NA,NA,NA
2795,-0.086028553545475,0.584452569484711,0.274991273880005,-0.94342428445816
2796,-0.227775529026985,0.336330741643906,-0.334801703691483,1.49756920337677
2797,-0.0578106343746185,-0.611921668052673,0.410150438547134,-1.23596632480621
2798,NA,NA,NA,NA
2799,NA,NA,NA,NA
2800,NA,NA,NA,NA
2801,NA,NA,NA,NA
2802,0.314663112163544,-0.460148543119431,0.259354323148727,0.244912505149841
2803,NA,NA,NA,NA
2804,0.998908519744873,-0.046711053699255,-0.994412124156952,2.73544979095459
2805,NA,NA,NA,NA
2806,NA,NA,NA,NA
2807,NA,NA,NA,NA
2808,NA,NA,NA,NA
2809,NA,NA,NA,NA
2810,0.0726872682571411,0.708031415939331,0.331474363803864,0.165894657373428
2811,NA,NA,NA,NA
2812,NA,NA,NA,NA
2813,NA,NA,NA,NA
2814,NA,NA,NA,NA
2815,NA,NA,NA,NA
2816,NA,NA,NA,NA
2817,-0.0943979173898697,0.995534598827362,0.41737300157547,0.501278102397919
2818,NA,NA,NA,NA
2819,-0.0613209642469883,-0.998118162155151,0.145100429654121,0.518634617328644
2820,NA,NA,NA,NA
2821,0.0156983751803637,-0.0209545120596886,-0.650574862957001,0.219510540366173
2822,0.00448708515614271,-0.158000215888023,-0.640012979507446,0.183277025818825
2823,0.00796179287135601,-0.0311216674745083,-0.644960999488831,0.228401437401772
2824,NA,NA,NA,NA
2825,-0.999103605747223,-0.0423330515623093,-1.0174595117569,1.77166783809662
2826,NA,NA,NA,NA
2827,NA,NA,NA,NA
2828,NA,NA,NA,NA
2829,NA,NA,NA,NA
2830,NA,NA,NA,NA
2831,NA,NA,NA,NA
2832,NA,NA,NA,NA
2833,NA,NA,NA,NA
2834,NA,NA,NA,NA
2835,NA,NA,NA,NA
2836,-0.779598414897919,0.0626851320266724,-1.10138285160065,1.44744837284088
2837,-0.399993866682053,-0.916517853736877,-0.423449903726578,-1.10817205905914
2838,NA,NA,NA,NA
2839,-0.737268507480621,0.0791270807385445,-0.750652313232422,0.311962574720383
2840,-0.780959069728851,-0.0397885255515575,-1.32376563549042,0.433745890855789
2841,0.0343537628650665,-0.999409794807434,-0.223107740283012,-0.688351392745972
2842,NA,NA,NA,NA
2843,NA,NA,NA,NA
2844,0.990571558475494,0.136996731162071,-0.0131120178848505,0.217790275812149
2845,NA,NA,NA,NA
2846,NA,NA,NA,NA
2847,NA,NA,NA,NA
2848,NA,NA,NA,NA
2849,0.280940592288971,0.0270823761820793,0.580123782157898,-1.09503698348999
2850,NA,NA,NA,NA
2851,0.198033452033997,0.796430706977844,0.298949092626572,-0.00730568915605545
2852,0.109995022416115,0.00046934638521634,0.739346623420715,0.0476968884468079
2853,0.0100512262433767,-0.00375996460206807,0.70533561706543,-0.207736968994141
2854,0.48011639714241,-0.132619932293892,0.666179358959198,0.712916731834412
2855,NA,NA,NA,NA
2856,NA,NA,NA,NA
2857,NA,NA,NA,NA
2858,NA,NA,NA,NA
2859,NA,NA,NA,NA
2860,NA,NA,NA,NA
2861,NA,NA,NA,NA
2862,NA,NA,NA,NA
2863,NA,NA,NA,NA
2864,0.600294232368469,-0.46623170375824,0.847237229347229,-2.07448363304138
2865,NA,NA,NA,NA
2866,NA,NA,NA,NA
2867,NA,NA,NA,NA
2868,0.0584077537059784,-0.998292863368988,0.110730454325676,-0.250955045223236
2869,0.0953572988510132,-0.134633913636208,0.16847388446331,-0.0722165927290916
2870,-0.066488191485405,-0.884945333003998,0.0406361222267151,-1.97999477386475
2871,0.666439771652222,-0.0128294080495834,1.25524878501892,-0.730468332767487
2872,0.669533133506775,0.0596645139157772,0.403599768877029,-0.180046454071999
2873,-0.114007793366909,0.916966795921326,0.146346032619476,0.855246126651764
2874,0.184496238827705,0.98283326625824,0.153463929891586,0.433310925960541
2875,-0.19040684401989,-0.130811795592308,0.9844810962677,0.310033619403839
2876,-0.301921516656876,-0.953332841396332,-0.187139362096786,-0.542237102985382
2877,NA,NA,NA,NA
2878,NA,NA,NA,NA
2879,NA,NA,NA,NA
2880,-0.00954803824424744,-0.0354416146874428,0.666217923164368,0.0704252421855927
2881,NA,NA,NA,NA
2882,0.206611782312393,0.978423058986664,0.263813316822052,-0.77399879693985
2883,NA,NA,NA,NA
2884,-0.1365647315979,-0.928121745586395,-0.32752999663353,-0.712289571762085
2885,NA,NA,NA,NA
2886,NA,NA,NA,NA
2887,NA,NA,NA,NA
2888,NA,NA,NA,NA
2889,0.495499432086945,0.103773877024651,0.656487703323364,0.853221118450165
2890,0.514277696609497,-0.0482396371662617,0.662293612957001,0.7666255235672
2891,0.514277696609497,-0.0482396371662617,0.662293612957001,0.7666255235672
2892,0.284399509429932,-0.216852560639381,0.0788061991333961,-0.0129583571106195
2893,0.252554506063461,-0.163255721330643,0.125116243958473,0.523997604846954
2894,0.514225482940674,-0.0151073597371578,0.655496537685394,0.843458116054535
2895,0.487126439809799,0.423927545547485,1.00432860851288,1.39802706241608
2896,-0.154443427920341,-0.599667727947235,0.0928321406245232,0.386427402496338
2897,0.999999642372131,0.000887231261003762,0.119262598454952,0.0927609950304031
2898,0.420272588729858,0.0248056314885616,0.364493280649185,1.53350460529327
2899,NA,NA,NA,NA
2900,NA,NA,NA,NA
2901,NA,NA,NA,NA
2902,0.560905396938324,0.567421913146973,0.140795767307281,-0.753089964389801
2903,NA,NA,NA,NA
2904,NA,NA,NA,NA
2905,NA,NA,NA,NA
2906,NA,NA,NA,NA
2907,NA,NA,NA,NA
2908,NA,NA,NA,NA
2909,NA,NA,NA,NA
2910,NA,NA,NA,NA
2911,NA,NA,NA,NA
2912,NA,NA,NA,NA
2913,NA,NA,NA,NA
2914,NA,NA,NA,NA
2915,NA,NA,NA,NA
2916,NA,NA,NA,NA
2917,NA,NA,NA,NA
2918,0.664768993854523,-0.747049033641815,0.350304275751114,-2.61134624481201
2919,0.835287094116211,0.11206890642643,0.37333407998085,-0.522520661354065
2920,NA,NA,NA,NA
2921,NA,NA,NA,NA
2922,NA,NA,NA,NA
2923,NA,NA,NA,NA
2924,NA,NA,NA,NA
2925,NA,NA,NA,NA
2926,NA,NA,NA,NA
2927,NA,NA,NA,NA
2928,NA,NA,NA,NA
2929,NA,NA,NA,NA
2930,NA,NA,NA,NA
2931,NA,NA,NA,NA
2932,NA,NA,NA,NA
2933,NA,NA,NA,NA
2934,-0.219983324408531,-0.97550368309021,-0.140633761882782,-0.463355600833893
2935,NA,NA,NA,NA
2936,NA,NA,NA,NA
2937,-0.408161282539368,-0.737563967704773,-0.057640552520752,1.55394434928894
2938,NA,NA,NA,NA
2939,NA,NA,NA,NA
2940,NA,NA,NA,NA
2941,NA,NA,NA,NA
2942,NA,NA,NA,NA
2943,0.281741827726364,-0.959490299224854,0.059384897351265,-0.368444532155991
2944,0.146198287606239,-0.989255368709564,0.0346218608319759,-0.489899933338165
2945,NA,NA,NA,NA
2946,-0.0457173325121403,-0.998954474925995,-0.204984068870544,-0.388024121522903
2947,0.224200338125229,-0.97454309463501,-0.156003907322884,-1.20421075820923
2948,NA,NA,NA,NA
2949,NA,NA,NA,NA
2950,NA,NA,NA,NA
2951,NA,NA,NA,NA
2952,-0.173789948225021,-0.581455707550049,-0.242828175425529,-0.524763941764832
2953,NA,NA,NA,NA
2954,0.666533231735229,0.136187300086021,1.19740927219391,0.358346164226532
2955,NA,NA,NA,NA
2956,NA,NA,NA,NA
2957,NA,NA,NA,NA
2958,NA,NA,NA,NA
2959,NA,NA,NA,NA
2960,NA,NA,NA,NA
2961,NA,NA,NA,NA
2962,0.0569812208414078,-0.0116755710914731,-0.76659220457077,0.207685828208923
2963,NA,NA,NA,NA
2964,NA,NA,NA,NA
2965,NA,NA,NA,NA
2966,-0.000131034292280674,-0.443427324295044,-0.231694027781487,-0.139915496110916
2967,NA,NA,NA,NA
2968,NA,NA,NA,NA
2969,NA,NA,NA,NA
2970,NA,NA,NA,NA
2971,NA,NA,NA,NA
2972,0.0108846612274647,0.999940812587738,-0.1789860278368,-0.312660068273544
2973,NA,NA,NA,NA
2974,NA,NA,NA,NA
2975,0.268242120742798,0.0177963487803936,0.635248899459839,-0.900213420391083
2976,NA,NA,NA,NA
2977,NA,NA,NA,NA
2978,NA,NA,NA,NA
2979,NA,NA,NA,NA
2980,NA,NA,NA,NA
2981,NA,NA,NA,NA
2982,NA,NA,NA,NA
2983,NA,NA,NA,NA
2984,NA,NA,NA,NA
2985,NA,NA,NA,NA
2986,0.48055112361908,0.304273366928101,0.6975417137146,0.381781160831451
2987,NA,NA,NA,NA
2988,NA,NA,NA,NA
2989,-0.40566548705101,0.685741245746613,-0.20664393901825,-0.615712761878967
2990,0.301500856876373,-0.953465938568115,0.0625724792480469,-0.645770967006683
2991,-0.484298557043076,0.874902844429016,-0.210808932781219,-0.772154867649078
2992,-0.418158441781998,0.688113451004028,-0.143503904342651,-0.354156106710434
2993,0.304651945829391,0.952463805675507,0.0759710371494293,0.585021734237671
2994,-0.372399032115936,0.632444143295288,-0.149917244911194,-0.440112978219986
2995,-0.457686722278595,0.889113545417786,0.186468407511711,0.676843583583832
2996,-0.537634491920471,0.84317809343338,0.246033191680908,0.864048659801483
2997,0.999951124191284,0.00989032909274101,0.397558689117432,-0.246301844716072
2998,0.328440397977829,0.944524645805359,-0.113224223256111,-0.0038886945694685
2999,0.42438206076622,0.135262995958328,0.151421070098877,-0.0391966961324215
3000,-0.235871627926826,0.71419495344162,-0.120976135134697,-1.09114146232605
3001,0.525467872619629,-0.850813508033752,0.186044618487358,-0.0780992433428764
3002,0.371449768543243,-0.928453087806702,0.150567814707756,-0.439483880996704
3003,NA,NA,NA,NA
3004,NA,NA,NA,NA
3005,0.999825775623322,-0.0186689905822277,1.63410806655884,0.0579127669334412
3006,0.811711668968201,-0.584058463573456,0.292410731315613,-0.312372237443924
3007,NA,NA,NA,NA
3008,NA,NA,NA,NA
3009,NA,NA,NA,NA
3010,NA,NA,NA,NA
3011,NA,NA,NA,NA
3012,NA,NA,NA,NA
3013,NA,NA,NA,NA
3014,NA,NA,NA,NA
3015,NA,NA,NA,NA
3016,NA,NA,NA,NA
3017,NA,NA,NA,NA
3018,0.423766583204269,0.01821812056005,-0.703177630901337,-0.328483283519745
3019,0.503299236297607,0.418855011463165,0.715568602085114,0.141680896282196
3020,0.144519805908203,-0.989501953125,-0.0979627221822739,-0.889104306697845
3021,NA,NA,NA,NA
3022,0.468214124441147,-0.350967764854431,0.256057620048523,0.511265754699707
3023,NA,NA,NA,NA
3024,NA,NA,NA,NA
3025,0.088467575609684,-0.99607902765274,-0.164901360869408,-1.2529057264328
3026,NA,NA,NA,NA
3027,-0.149456650018692,-0.784533143043518,0.334207057952881,1.33165097236633
3028,-0.868901789188385,0.494984596967697,-0.96506530046463,-2.43954467773438
3029,0.0920796245336533,-0.995751678943634,0.213402688503265,1.59521245956421
3030,-0.607096910476685,0.261492609977722,0.290079385042191,-0.0476184226572514
3031,-0.514791369438171,-0.0594128407537937,0.709694147109985,0.0999503880739212
3032,NA,NA,NA,NA
3033,-0.642283201217651,0.19711135327816,0.598300814628601,-1.18005800247192
3034,-0.646369278430939,0.0251810420304537,0.617418646812439,-1.16446208953857
3035,-0.625010848045349,0.0324236638844013,0.676132917404175,-0.712451577186584
3036,-0.555048048496246,0.111082352697849,0.616196572780609,-1.10676074028015
3037,NA,NA,NA,NA
3038,-0.419733375310898,-0.250813752412796,0.713476300239563,0.0640643164515495
3039,NA,NA,NA,NA
3040,-0.411305695772171,-0.656271874904633,0.99910694360733,0.439464062452316
3041,-0.550608813762665,-0.503212571144104,0.694234430789948,-0.478857010602951
3042,-0.522656440734863,-0.0661986097693443,0.698850989341736,-0.419262617826462
3043,-0.596502542495728,-0.0706261992454529,0.628219664096832,-0.982752680778503
3044,-0.539161384105682,-0.244190767407417,0.69462513923645,-0.39135929942131
3045,-0.680882692337036,-0.234555959701538,0.425066083669662,-0.892022907733917
3046,-0.582464933395386,0.0268232319504023,0.619836807250977,-1.05204582214355
3047,-0.556986749172211,0.000448873732239008,0.673226952552795,-0.657591700553894
3048,0.801640748977661,-0.59780615568161,0.389881789684296,-2.3440568447113
3049,-0.588420212268829,-0.53210586309433,0.673425734043121,-0.697342395782471
3050,-0.786810100078583,0.0351620279252529,0.661863207817078,-1.12187147140503
3051,NA,NA,NA,NA
3052,-0.561094462871552,-0.321580916643143,0.325795382261276,-0.7054842710495
3053,NA,NA,NA,NA
3054,-0.585357308387756,0.020035408437252,0.659824371337891,-0.854795694351196
3055,NA,NA,NA,NA
3056,-0.769806742668152,0.0738142058253288,0.677366971969604,-1.34599661827087
3057,-0.397138327360153,-0.917758822441101,0.682591557502747,0.636133134365082
3058,-0.364879101514816,0.931054949760437,0.226201221346855,-0.578040540218353
3059,-0.695894300937653,0.0316136255860329,0.793538749217987,0.0507854968309402
3060,NA,NA,NA,NA
3061,-0.557612895965576,0.223146319389343,0.357972234487534,0.828837394714355
3062,-0.400124579668045,0.489275276660919,0.369012176990509,0.74336189031601
3063,NA,NA,NA,NA
3064,-0.546840310096741,0.000223479699343443,0.67889267206192,-0.589614748954773
3065,-0.479000836610794,-0.498478084802628,0.704518675804138,-0.220895186066628
3066,-0.594507992267609,-0.0549288876354694,0.626874387264252,-1.04538309574127
3067,-0.586513578891754,0.0573328770697117,0.616334915161133,-1.0761775970459
3068,-0.524365127086639,0.161439925432205,0.655476152896881,-0.861222207546234
3069,-0.546387910842896,0.0109749790281057,0.673391759395599,-0.692523121833801
3070,-0.362492173910141,-0.535329639911652,0.709775805473328,0.375371485948563
3071,-0.537072241306305,-0.0277368575334549,0.67171436548233,-0.703353404998779
3072,NA,NA,NA,NA
3073,-0.725096523761749,-0.104021608829498,0.863148152828217,-0.201572239398956
3074,-0.586392760276794,0.000840214954223484,0.697634279727936,-0.445139139890671
3075,NA,NA,NA,NA
3076,-0.80294144153595,-0.220654860138893,0.754190862178802,-0.947387278079987
3077,-0.576964318752289,0.00589182879775763,0.651995956897736,-0.891676843166351
3078,-0.588793098926544,0.0172710157930851,0.626591920852661,-1.01606714725494
3079,NA,NA,NA,NA
3080,-0.57175201177597,0.0273469630628824,0.694338381290436,-0.47784498333931
3081,NA,NA,NA,NA
3082,-0.609747350215912,0.0153453070670366,0.70132315158844,-0.258174628019333
3083,-0.55191034078598,0.00696410238742828,0.643295168876648,-0.883862018585205
3084,NA,NA,NA,NA
3085,-0.704842865467072,0.00892703514546156,0.663599848747253,-0.89000803232193
3086,NA,NA,NA,NA
3087,-0.60259211063385,0.640912234783173,0.474544525146484,0.738774120807648
3088,NA,NA,NA,NA
3089,-0.54772162437439,0.83666068315506,0.470672249794006,1.09048211574554
3090,NA,NA,NA,NA
3091,-0.607503712177277,0.0506236590445042,0.682531952857971,-0.66009521484375
3092,NA,NA,NA,NA
3093,-0.606243669986725,0.047484464943409,0.713466644287109,0.148190587759018
3094,NA,NA,NA,NA
3095,0.0234885383397341,-0.999724149703979,-0.18902114033699,-1.11499273777008
3096,-0.578092753887177,0.0467417687177658,0.693014919757843,-0.48886775970459
3097,-0.674775838851929,0.0160235743969679,0.701471924781799,-0.415377557277679
3098,NA,NA,NA,NA
3099,-0.603740394115448,-0.0916109830141068,0.35875141620636,-0.716378450393677
3100,NA,NA,NA,NA
3101,-0.511292278766632,-0.371880650520325,0.711641430854797,-0.155458152294159
3102,-0.57971066236496,0.023870887234807,0.711867392063141,-0.0966557413339615
3103,-0.550223708152771,-0.501954972743988,0.711339235305786,-0.174700304865837
3104,NA,NA,NA,NA
3105,-0.560629785060883,0.0489121675491333,0.701125383377075,-0.429130464792252
3106,NA,NA,NA,NA
3107,-0.532795011997223,-0.0206198133528233,0.869676768779755,1.2804878950119
3108,-0.414818078279495,0.909904420375824,-0.144973665475845,0.818779945373535
3109,-0.559995532035828,0.0271932538598776,0.689096748828888,-0.543396413326263
3110,0.659459412097931,-0.751740217208862,0.202023670077324,-2.02680635452271
3111,NA,NA,NA,NA
3112,-0.53503280878067,-0.208108589053154,1.0856705904007,0.107736989855766
3113,NA,NA,NA,NA
3114,-0.535085380077362,-0.499732255935669,0.709157407283783,-0.127228379249573
3115,NA,NA,NA,NA
3116,NA,NA,NA,NA
3117,0.0484612584114075,-0.161228865385056,0.739928603172302,0.0241479091346264
3118,0.0437866374850273,-0.0435094051063061,0.669551372528076,0.0404138267040253
3119,0.0500682145357132,-0.00258447858504951,0.739980220794678,0.0269165858626366
3120,0.0390200205147266,-0.0127976322546601,0.819024205207825,0.132887646555901
3121,0.0608618259429932,-0.257682800292969,0.663565695285797,0.0812367051839828
3122,0.0599994584918022,-0.00138165173120797,0.739993155002594,0.0281858704984188
3123,0.0390216894447803,-0.0127946110442281,0.81901603937149,0.132809981703758
3124,NA,NA,NA,NA
3125,0.303509652614594,0.128937542438507,0.715128898620605,-0.166372299194336
3126,0.285956829786301,-0.151159733533859,0.718457162380219,0.0205331593751907
3127,0.0404339209198952,-0.022042540833354,0.81791627407074,0.130542978644371
3128,0.054721936583519,-0.0306857340037823,0.809760570526123,0.13197685778141
3129,-0.186223521828651,0.982507467269897,-0.179468020796776,-0.115566678345203
3130,NA,NA,NA,NA
3131,0.0393331684172153,-0.0119581716135144,0.818054556846619,0.127794519066811
3132,NA,NA,NA,NA
3133,NA,NA,NA,NA
3134,NA,NA,NA,NA
3135,NA,NA,NA,NA
3136,NA,NA,NA,NA
3137,-0.999274730682373,-0.0380801483988762,-1.54061353206635,-1.31919765472412
3138,-0.515461802482605,0.856912612915039,-0.111130744218826,-0.101823285222054
3139,NA,NA,NA,NA
3140,-0.00647751614451408,-0.0096844183281064,0.815146684646606,0.143099054694176
3141,NA,NA,NA,NA
3142,0.339999198913574,0.128875762224197,0.339711099863052,0.288433820009232
3143,-0.998942971229553,-0.0459680818021297,-0.955102801322937,2.34557628631592
3144,NA,NA,NA,NA
3145,NA,NA,NA,NA
3146,-0.811674773693085,-0.181304156780243,-0.292844176292419,-0.276197820901871
3147,0.123260848224163,-0.992374360561371,-0.119400255382061,-0.869528770446777
3148,0.808504164218903,0.588490545749664,0.184822559356689,-0.215947017073631
3149,NA,NA,NA,NA
3150,NA,NA,NA,NA
3151,-0.42618453502655,0.835471272468567,-0.350882053375244,-0.608340084552765
3152,-0.272937566041946,-0.608691453933716,-0.544913172721863,-0.437259554862976
3153,NA,NA,NA,NA
3154,NA,NA,NA,NA
3155,NA,NA,NA,NA
3156,NA,NA,NA,NA
3157,NA,NA,NA,NA
3158,NA,NA,NA,NA
3159,-0.22332838177681,-0.877387881278992,-0.349948644638062,-1.23800098896027
3160,NA,NA,NA,NA
3161,NA,NA,NA,NA
3162,NA,NA,NA,NA
3163,NA,NA,NA,NA
3164,NA,NA,NA,NA
3165,NA,NA,NA,NA
3166,NA,NA,NA,NA
3167,NA,NA,NA,NA
3168,NA,NA,NA,NA
3169,NA,NA,NA,NA
3170,-0.658407747745514,0.752661526203156,0.0299999993294477,-0.777660310268402
3171,-0.641677379608154,0.340388298034668,0.072806753218174,-0.898264825344086
3172,NA,NA,NA,NA
3173,NA,NA,NA,NA
3174,NA,NA,NA,NA
3175,NA,NA,NA,NA
3176,0.209031045436859,0.0761993229389191,0.359814047813416,-0.277578473091125
3177,NA,NA,NA,NA
3178,NA,NA,NA,NA
3179,0.00319018959999084,-0.0562839694321156,0.666290402412415,-0.470906138420105
3180,0.0801877826452255,0.4448322057724,0.264776349067688,-1.13761854171753
3181,-0.0572265610098839,-0.0145728215575218,0.736526846885681,-0.0106827821582556
3182,0.00266155647113919,-0.0636614412069321,0.669960737228394,-0.470511615276337
3183,0.0130667584016919,-0.0135769536718726,0.665293633937836,-0.470384359359741
3184,-0.288247615098953,0.188616499304771,0.619202792644501,-1.07819783687592
3185,-0.282648742198944,0.190359473228455,-0.616589069366455,1.10222220420837
3186,-0.312463223934174,0.0602068267762661,0.618587374687195,-1.09726393222809
3187,-0.294126123189926,0.140162572264671,0.615913093090057,-1.08835113048553
3188,-0.321333229541779,0.0277560539543629,0.625166535377502,-1.10814082622528
3189,-0.288247615098953,0.188616499304771,0.619202792644501,-1.07819783687592
3190,-0.328189551830292,-0.023899594321847,0.589991986751556,-1.24530041217804
3191,-0.288899570703506,0.171203523874283,0.619479537010193,-1.0799263715744
3192,-0.296747803688049,0.136287540197372,0.618431150913239,-1.08420038223267
3193,-0.288247615098953,0.188616499304771,0.619202792644501,-1.07819783687592
3194,NA,NA,NA,NA
3195,NA,NA,NA,NA
3196,NA,NA,NA,NA
3197,NA,NA,NA,NA
3198,NA,NA,NA,NA
3199,NA,NA,NA,NA
3200,NA,NA,NA,NA
3201,NA,NA,NA,NA
3202,-0.250389665365219,-0.0058484748005867,-0.681807160377502,0.579781234264374
3203,NA,NA,NA,NA
3204,NA,NA,NA,NA
3205,-0.458683580160141,0.833256602287292,-0.271050751209259,0.226928398013115
3206,NA,NA,NA,NA
3207,-0.0234841778874397,-0.165371313691139,0.738169074058533,0.0299999993294477
3208,NA,NA,NA,NA
3209,NA,NA,NA,NA
3210,NA,NA,NA,NA
3211,NA,NA,NA,NA
3212,NA,NA,NA,NA
3213,-0.362125188112259,-0.932129502296448,0.123119592666626,0.273684293031693
3214,-0.190156787633896,-0.981753766536713,0.103671878576279,0.405032515525818
3215,NA,NA,NA,NA
3216,NA,NA,NA,NA
3217,-0.789377808570862,0.0417966395616531,-0.679913461208344,1.00396180152893
3218,NA,NA,NA,NA
3219,NA,NA,NA,NA
3220,NA,NA,NA,NA
3221,NA,NA,NA,NA
3222,0.647871792316437,0.761749446392059,0.237090945243835,0.357440650463104
3223,0.483939707279205,0.708139479160309,1.00801396369934,1.48151350021362
3224,NA,NA,NA,NA
3225,NA,NA,NA,NA
3226,NA,NA,NA,NA
3227,NA,NA,NA,NA
3228,NA,NA,NA,NA
3229,-0.299040824174881,0.225862920284271,-0.24438688158989,0.0180029571056366
3230,-0.579363286495209,-0.815069496631622,-0.225112959742546,-0.405850410461426
3231,NA,NA,NA,NA
3232,NA,NA,NA,NA
3233,NA,NA,NA,NA
3234,NA,NA,NA,NA
3235,NA,NA,NA,NA
3236,0.0945083275437355,-0.802078545093536,0.221123188734055,-1.7388870716095
3237,NA,NA,NA,NA
3238,NA,NA,NA,NA
3239,NA,NA,NA,NA
3240,NA,NA,NA,NA
3241,NA,NA,NA,NA
3242,NA,NA,NA,NA
3243,NA,NA,NA,NA
3244,NA,NA,NA,NA
3245,NA,NA,NA,NA
3246,NA,NA,NA,NA
3247,NA,NA,NA,NA
3248,NA,NA,NA,NA
3249,NA,NA,NA,NA
3250,NA,NA,NA,NA
3251,NA,NA,NA,NA
3252,NA,NA,NA,NA
3253,0.00859242025762796,-0.24640865623951,0.739820301532745,0.0207151733338833
3254,NA,NA,NA,NA
3255,NA,NA,NA,NA
3256,NA,NA,NA,NA
3257,NA,NA,NA,NA
3258,-0.128358945250511,-0.991727828979492,-0.359475284814835,-0.886956632137299
3259,0.227616295218468,0.973750948905945,0.174803406000137,0.497453987598419
3260,NA,NA,NA,NA
3261,NA,NA,NA,NA
3262,NA,NA,NA,NA
3263,NA,NA,NA,NA
3264,0.152836784720421,0.988251507282257,0.195149600505829,0.546241283416748
3265,NA,NA,NA,NA
3266,NA,NA,NA,NA
3267,NA,NA,NA,NA
3268,0.465717941522598,-0.884933292865753,0.277888536453247,-3.03059244155884
3269,0.24619933962822,-0.508231580257416,0.0707735270261765,-1.42884194850922
3270,-0.16924461722374,-0.975364446640015,0.0865815281867981,-1.71544420719147
3271,NA,NA,NA,NA
3272,NA,NA,NA,NA
3273,NA,NA,NA,NA
3274,NA,NA,NA,NA
3275,NA,NA,NA,NA
3276,NA,NA,NA,NA
3277,NA,NA,NA,NA
3278,0.263213902711868,-0.543508231639862,0.0385031029582024,-0.29216206073761
3279,NA,NA,NA,NA
3280,NA,NA,NA,NA
3281,-0.798864364624023,0.0175358969718218,-1.07656598091125,0.17421355843544
3282,NA,NA,NA,NA
3283,0.279066056013107,-0.960271954536438,-0.0742760747671127,-1.17728018760681
3284,-0.395130455493927,-0.517221570014954,-0.135065644979477,-1.09682655334473
3285,-0.84926450252533,0.527967751026154,-0.325277984142303,-1.07828521728516
3286,0.204134479165077,-0.978942930698395,0.0878520011901855,0.643817782402039
3287,-0.888514339923859,0.45884895324707,-1.10808348655701,-2.53230023384094
3288,0.132591068744659,-0.781825661659241,0.174097299575806,1.13115072250366
3289,-0.999861180782318,-0.0166647899895906,-1.35765695571899,-2.11655926704407
3290,0.341090083122253,0.342159807682037,0.673806011676788,0.838235080242157
3291,NA,NA,NA,NA
3292,NA,NA,NA,NA
3293,0.900095820426941,-0.238970011472702,0.274921834468842,0.167836368083954
3294,NA,NA,NA,NA
3295,NA,NA,NA,NA
3296,NA,NA,NA,NA
3297,-0.379196584224701,-0.0604532696306705,-0.649394989013672,0.90219783782959
3298,-0.370369434356689,0.271923005580902,-0.498907387256622,1.60229003429413
3299,-0.397507548332214,0.267903298139572,-0.522400498390198,1.51773631572723
3300,NA,NA,NA,NA
3301,-0.975989043712616,-0.217819899320602,-1.6218786239624,1.15344166755676
3302,-0.301019370555878,0.135513499379158,-0.609439551830292,1.13075435161591
3303,-0.0116201601922512,0.687264800071716,-0.194724500179291,1.14295756816864
3304,-0.0940871834754944,0.658183455467224,-0.214189469814301,1.08998823165894
3305,-0.679544866085052,-0.733633995056152,-0.194791242480278,-0.261397838592529
3306,-0.254836827516556,0.245438545942307,-0.508521556854248,1.64867746829987
3307,-0.0608822032809258,-0.110801175236702,0.659187316894531,-0.0136013925075531
3308,0.0348839797079563,0.359282970428467,-0.327640235424042,1.68286037445068
3309,-0.301214426755905,0.187727361917496,-0.460871547460556,1.73596012592316
3310,NA,NA,NA,NA
3311,-0.142819955945015,-0.643700242042542,-0.162478908896446,-1.63283109664917
3312,NA,NA,NA,NA
3313,NA,NA,NA,NA
3314,NA,NA,NA,NA
3315,NA,NA,NA,NA
3316,NA,NA,NA,NA
3317,-0.00474416138604283,0.999988794326782,0.207299113273621,-0.321365177631378
3318,-0.0719278529286385,0.997409880161285,0.214937627315521,0.330694705247879
3319,-0.130121454596519,0.991498112678528,-0.158568292856216,0.788403034210205
3320,0.1512211561203,-0.988499999046326,-0.352002888917923,-0.484195858240128
3321,0.120808199048042,-0.99267590045929,-0.101360619068146,-0.556492388248444
3322,-0.31267386674881,0.0621285066008568,0.607619047164917,-1.14721131324768
3323,-0.185948118567467,0.129502192139626,-0.682193160057068,-0.616626024246216
3324,-0.187155082821846,0.118376269936562,0.680743813514709,0.619469046592712
3325,NA,NA,NA,NA
3326,-0.055804580450058,-0.0467022769153118,-0.667701721191406,0.0453269332647324
3327,0.05307687073946,0.0503293573856354,0.497072666883469,0.707363069057465
3328,NA,NA,NA,NA
3329,0.951714158058167,-0.306985765695572,0.322316467761993,-0.623871505260468
3330,-0.259523838758469,-0.965736746788025,0.233737513422966,-1.03606021404266
3331,-0.319697171449661,0.3682561814785,-0.339148372411728,1.65957975387573
3332,-0.0426272302865982,-0.0686526000499725,-0.644728779792786,0.179754093289375
3333,NA,NA,NA,NA
3334,-0.428266167640686,-0.903652667999268,-0.153488352894783,-0.192725822329521
3335,NA,NA,NA,NA
3336,NA,NA,NA,NA
3337,NA,NA,NA,NA
3338,NA,NA,NA,NA
3339,NA,NA,NA,NA
3340,NA,NA,NA,NA
3341,NA,NA,NA,NA
3342,0.0346785299479961,-0.997650027275085,-0.499294281005859,-0.800204336643219
3343,0.296138554811478,-0.226178094744682,0.459980309009552,-1.59094250202179
3344,-0.331907957792282,0.496775150299072,-0.16612121462822,0.613818824291229
3345,0.482555389404297,-0.00785593874752522,1.29835903644562,-1.43428719043732
3346,-0.492104887962341,0.870535969734192,-0.143445357680321,0.643525421619415
3347,NA,NA,NA,NA
3348,-0.295706629753113,0.202734917402267,-0.417831212282181,1.73379135131836
3349,NA,NA,NA,NA
3350,0.0289998985826969,-0.0392060019075871,-0.80043363571167,0.00443360209465027
3351,NA,NA,NA,NA
3352,0.322977066040039,0.946406841278076,-0.352850794792175,0.940617501735687
3353,-0.0217512175440788,-0.0646011084318161,-0.772908985614777,0.0241545587778091
3354,-0.292560756206512,0.207771569490433,-0.458477556705475,1.75534117221832
3355,-0.34853395819664,-0.937296211719513,-0.16918520629406,-0.252703547477722
3356,-0.288598150014877,0.212151512503624,0.444891542196274,-1.71534299850464
3357,-0.243834033608437,-0.969817042350769,-0.187978073954582,-0.299758464097977
3358,NA,NA,NA,NA
3359,NA,NA,NA,NA
3360,NA,NA,NA,NA
3361,0.000425589270889759,-0.985732972621918,-0.306123912334442,-0.399653345346451
3362,0.165743708610535,0.986168920993805,-0.0377863049507141,1.04883801937103
3363,-0.0562005341053009,-0.0145628340542316,-0.737292170524597,0.0659504383802414
3364,NA,NA,NA,NA
3365,-0.102834448218346,-0.0542889460921288,-0.508887052536011,1.46869933605194
3366,-0.0618866831064224,-0.0618233866989613,-0.783739566802979,-0.0252683907747269
3367,0.0380095206201077,0.778927743434906,-0.398895978927612,-0.392256736755371
3368,-0.312629103660583,0.172999247908592,-0.573973774909973,1.39404404163361
3369,0.0436542853713036,0.689215540885925,-0.284867644309998,1.56824898719788
3370,-0.371037572622299,-0.000575029524043202,0.659276366233826,-0.861298203468323
3371,0.0493463799357414,0.691560983657837,-0.277144551277161,1.5317770242691
3372,0.0343414843082428,0.999410212039948,-0.273994505405426,0.771417915821075
3373,-0.30956244468689,0.18367637693882,-0.457755625247955,1.71402084827423
3374,-0.285781770944595,0.224954634904861,-0.444120228290558,1.71663999557495
3375,-0.086058221757412,0.996290147304535,0.166535183787346,0.0215774346143007
3376,0.110636845231056,0.993860960006714,0.201630219817162,0.0874315947294235
3377,-0.335681527853012,0.0763624757528305,0.576297700405121,-1.41104662418365
3378,-0.233902513980865,0.972260117530823,0.206215500831604,0.268858939409256
3379,-0.304639011621475,0.19609697163105,0.458394646644592,-1.70392978191376
3380,-0.257587552070618,0.301366180181503,-1.30626249313354,0.762260377407074
3381,-0.29099702835083,0.211034908890724,-0.439622431993484,1.69867038726807
3382,-0.365131407976151,0.15882796049118,-0.407201081514359,1.591836810112
3383,-0.540059387683868,-0.327341586351395,-0.281197965145111,1.22160637378693
3384,-0.180785641074181,0.983522593975067,0.32316255569458,0.378330230712891
3385,-0.136246755719185,-0.0975280627608299,-0.515083611011505,1.39715588092804
3386,-0.0639627873897552,-0.0248620230704546,-0.794779598712921,-0.0312734991312027
3387,-0.257245570421219,0.0458953566849232,-1.12142181396484,0.944028973579407
3388,NA,NA,NA,NA
3389,-0.0599496364593506,-0.00495797395706177,-0.737434864044189,0.0649956837296486
3390,-0.623847246170044,-0.781546354293823,-0.116623416543007,1.03040683269501
3391,-0.672757983207703,-0.739862680435181,-0.199453443288803,-0.209511697292328
3392,-0.101675227284431,0.994817674160004,-0.149245962500572,0.601369082927704
3393,0.126789316534996,-0.991929709911346,-0.290006369352341,-0.27327573299408
3394,NA,NA,NA,NA
3395,-0.242244094610214,-0.733705580234528,0.321421355009079,-0.0134897576645017
3396,NA,NA,NA,NA
3397,-0.136542990803719,0.990634202957153,-0.227906629443169,0.505002737045288
3398,-0.24078032374382,0.223593220114708,-0.389247983694077,1.7986661195755
3399,-0.245098352432251,0.226762130856514,-0.398420482873917,1.8343790769577
3400,NA,NA,NA,NA
3401,-0.588628232479095,-0.568593919277191,0.246436014771461,-1.10308575630188
3402,-0.803028702735901,0.315480202436447,-0.774929344654083,0.873857438564301
3403,NA,NA,NA,NA
3404,NA,NA,NA,NA
3405,-0.673155009746552,-0.739501476287842,0.185841381549835,0.312474757432938
3406,-0.543547809123993,-0.839378297328949,0.163267567753792,0.611501693725586
3407,-0.0113572124391794,-0.840619623661041,0.296025514602661,0.43981260061264
3408,NA,NA,NA,NA
3409,-0.229073360562325,-0.973409235477448,-0.209409475326538,-0.593874752521515
3410,-0.0409781187772751,-0.0789149329066277,0.665378332138062,-0.242731109261513
3411,NA,NA,NA,NA
3412,NA,NA,NA,NA
3413,-0.305399924516678,0.00600146129727364,-0.723779618740082,0.437331020832062
3414,NA,NA,NA,NA
3415,NA,NA,NA,NA
3416,-0.232112407684326,0.972689032554626,0.455754488706589,0.705510079860687
3417,NA,NA,NA,NA
3418,-0.314782530069351,0.0105109717696905,-0.663465142250061,0.812854051589966
3419,-0.259136468172073,0.965840756893158,0.208575546741486,0.125371962785721
3420,0.457351982593536,0.212166473269463,-0.645775198936462,-1.07701814174652
3421,0.298245042562485,0.0485918521881104,-0.565599024295807,1.27056503295898
3422,NA,NA,NA,NA
3423,-0.322700589895248,-0.727247953414917,-0.242304742336273,0.651003360748291
3424,-0.0413856841623783,-0.0705239996314049,-0.655253946781158,0.309277355670929
3425,0.00428859796375036,0.611855685710907,-0.361416816711426,-0.412830978631973
3426,NA,NA,NA,NA
3427,NA,NA,NA,NA
3428,NA,NA,NA,NA
3429,0.0229504015296698,-0.0912447199225426,0.00733409263193607,-0.690487682819366
3430,0.693042576313019,0.315018624067307,-1.44419968128204,-1.01713728904724
3431,-0.299771368503571,0.797677338123322,-0.433827489614487,-0.839255630970001
3432,0.0934484675526619,-0.995624184608459,-0.177970930933952,0.649405479431152
3433,-0.197278007864952,0.273781478404999,-0.452020406723022,1.54230546951294
3434,-0.999989151954651,0.00467116245999932,0.763333439826965,2.36659598350525
3435,0.0153878359124064,-0.023792177438736,-0.619687855243683,0.47499144077301
3436,0.0121444445103407,-0.0395962744951248,0.60137552022934,-0.486582815647125
3437,0.0962306931614876,-0.995359003543854,0.362623959779739,0.482597500085831
3438,-0.0054342970252037,-0.26585865020752,0.591868996620178,-0.507897734642029
3439,0.0841239914298058,0.877937495708466,-0.245076179504395,0.493342816829681
3440,-0.139497429132462,-0.11602895706892,-0.49060931801796,1.51923930644989
3441,NA,NA,NA,NA
3442,-0.0141163840889931,-0.228578001260757,-0.709772288799286,-0.143957704305649
3443,NA,NA,NA,NA
3444,NA,NA,NA,NA
3445,-0.993857622146606,-0.11066672950983,-0.159856036305428,0.00801564566791058
3446,NA,NA,NA,NA
3447,NA,NA,NA,NA
3448,0.153405457735062,-0.988163352012634,-0.204189896583557,-0.569473385810852
3449,NA,NA,NA,NA
3450,NA,NA,NA,NA
3451,NA,NA,NA,NA
3452,-0.714655518531799,-0.699476659297943,-0.189373597502708,-0.259346604347229
3453,NA,NA,NA,NA
3454,NA,NA,NA,NA
3455,-0.587996900081635,0.80886322259903,-0.0339219681918621,-0.426544725894928
3456,NA,NA,NA,NA
3457,NA,NA,NA,NA
3458,NA,NA,NA,NA
3459,NA,NA,NA,NA
3460,NA,NA,NA,NA
3461,NA,NA,NA,NA
3462,-0.175682201981544,-0.984447002410889,0.188365027308464,-0.385170966386795
3463,0.474940538406372,0.880017936229706,-0.121138207614422,-0.27802586555481
3464,NA,NA,NA,NA
3465,NA,NA,NA,NA
3466,NA,NA,NA,NA
3467,NA,NA,NA,NA
3468,NA,NA,NA,NA
3469,NA,NA,NA,NA
3470,NA,NA,NA,NA
3471,NA,NA,NA,NA
3472,NA,NA,NA,NA
3473,NA,NA,NA,NA
3474,NA,NA,NA,NA
3475,NA,NA,NA,NA
3476,NA,NA,NA,NA
3477,NA,NA,NA,NA
3478,NA,NA,NA,NA
3479,NA,NA,NA,NA
3480,0.304676592350006,0.654479801654816,0.319738358259201,0.130649074912071
3481,NA,NA,NA,NA
3482,NA,NA,NA,NA
3483,NA,NA,NA,NA
3484,-0.297922819852829,-0.954590022563934,0.218173876404762,0.88260555267334
3485,NA,NA,NA,NA
3486,NA,NA,NA,NA
3487,NA,NA,NA,NA
3488,NA,NA,NA,NA
3489,NA,NA,NA,NA
3490,NA,NA,NA,NA
3491,NA,NA,NA,NA
3492,0.0893701910972595,-0.995998501777649,0.213172271847725,-0.642064213752747
3493,-0.21327506005764,-0.976992249488831,0.19007919728756,-0.39923095703125
3494,NA,NA,NA,NA
3495,NA,NA,NA,NA
3496,NA,NA,NA,NA
3497,NA,NA,NA,NA
3498,NA,NA,NA,NA
3499,NA,NA,NA,NA
3500,NA,NA,NA,NA
3501,NA,NA,NA,NA
3502,NA,NA,NA,NA
3503,NA,NA,NA,NA
3504,NA,NA,NA,NA
3505,NA,NA,NA,NA
3506,0.632028102874756,0.0700802654027939,0.691278636455536,-0.507205545902252
3507,NA,NA,NA,NA
3508,0.928636729717255,-0.234510272741318,0.22914719581604,-0.0850324034690857
3509,0.47134131193161,0.141136884689331,0.61697918176651,1.09113204479218
3510,NA,NA,NA,NA
3511,NA,NA,NA,NA
3512,NA,NA,NA,NA
3513,NA,NA,NA,NA
3514,0.393569082021713,-0.407521992921829,0.633484065532684,-0.915584146976471
3515,NA,NA,NA,NA
3516,NA,NA,NA,NA
3517,-0.559337377548218,0.123693607747555,-1.12135720252991,0.284731507301331
3518,0.153922781348228,-0.988082945346832,0.193045973777771,0.429235398769379
3519,NA,NA,NA,NA
3520,NA,NA,NA,NA
3521,NA,NA,NA,NA
3522,0.48090597987175,0.302632093429565,0.70086795091629,0.296619117259979
3523,NA,NA,NA,NA
3524,NA,NA,NA,NA
3525,NA,NA,NA,NA
3526,NA,NA,NA,NA
3527,NA,NA,NA,NA
3528,NA,NA,NA,NA
3529,-0.139327526092529,-0.990246415138245,-0.176174536347389,-0.543861210346222
3530,0.382774174213409,-0.00995902996510267,0.62541937828064,-0.809051215648651
3531,0.0749954506754875,0.997183918952942,0.109265252947807,-0.345601052045822
3532,NA,NA,NA,NA
3533,-0.265404015779495,-0.964137315750122,-0.656884491443634,-0.865651071071625
3534,-0.310472637414932,-0.950582385063171,-0.224519073963165,-0.686158418655396
3535,0.0387701839208603,0.794146955013275,0.197996705770493,-0.887717843055725
3536,NA,NA,NA,NA
3537,0.437165141105652,-0.899381279945374,0.324249267578125,-0.669093370437622
3538,-0.395359694957733,0.726318657398224,0.413192331790924,0.847966074943542
3539,0.359890550374985,-0.829392910003662,-0.027062825858593,1.6398469209671
3540,NA,NA,NA,NA
3541,0.203563660383224,-0.00282929977402091,0.692642211914062,0.418742775917053
3542,-0.201637282967567,-0.459276080131531,-0.365961998701096,-1.43752884864807
3543,NA,NA,NA,NA
3544,NA,NA,NA,NA
3545,NA,NA,NA,NA
3546,0.0123231653124094,0.240861043334007,-0.401387184858322,-0.425020217895508
3547,NA,NA,NA,NA
3548,NA,NA,NA,NA
3549,-0.0555217675864697,-0.135427922010422,0.671538591384888,-0.475621700286865
3550,NA,NA,NA,NA
3551,NA,NA,NA,NA
3552,-0.214559003710747,-0.016587819904089,0.47042590379715,-1.58860814571381
3553,NA,NA,NA,NA
3554,NA,NA,NA,NA
3555,-0.256346225738525,0.803085684776306,0.0145864263176918,0.458543747663498
3556,-0.766993999481201,0.641654372215271,0.0225792098790407,-0.570769131183624
3557,NA,NA,NA,NA
3558,NA,NA,NA,NA
3559,0.00802153814584017,0.341713130474091,0.403821259737015,0.394099056720734
3560,0.06922946870327,0.598003506660461,0.347649842500687,0.304500788450241
3561,NA,NA,NA,NA
3562,NA,NA,NA,NA
3563,NA,NA,NA,NA
3564,NA,NA,NA,NA
3565,NA,NA,NA,NA
3566,NA,NA,NA,NA
3567,NA,NA,NA,NA
3568,NA,NA,NA,NA
3569,NA,NA,NA,NA
3570,NA,NA,NA,NA
3571,NA,NA,NA,NA
3572,NA,NA,NA,NA
3573,NA,NA,NA,NA
3574,NA,NA,NA,NA
3575,NA,NA,NA,NA
3576,NA,NA,NA,NA
3577,-0.0527731217443943,0.998606562614441,0.18972909450531,-0.343299716711044
3578,NA,NA,NA,NA
3579,-0.0200825408101082,0.980059564113617,0.333674818277359,0.405445635318756
3580,-0.121860839426517,0.992547273635864,1.01206600666046,1.16755390167236
3581,0.281287223100662,0.959623694419861,0.206543043255806,-0.00282403500750661
3582,0.129884198307991,0.991529226303101,0.214061096310616,0.143470615148544
3583,NA,NA,NA,NA
3584,0.201792344450951,0.97942841053009,0.213130325078964,0.1181276217103
3585,0.170879065990448,0.985292077064514,0.27294597029686,0.219099044799805
3586,0.112083286046982,0.296499669551849,0.477464556694031,0.887388229370117
3587,-0.0972413197159767,0.995260894298553,0.142321676015854,-0.0136045357212424
3588,0.278548717498779,0.960422158241272,0.208199977874756,-0.146588385105133
3589,NA,NA,NA,NA
3590,NA,NA,NA,NA
3591,NA,NA,NA,NA
3592,-0.631817102432251,0.775117576122284,-0.570336818695068,2.23216009140015
3593,0.310274243354797,0.0590723529458046,0.939942300319672,-1.32777166366577
3594,NA,NA,NA,NA
3595,NA,NA,NA,NA
3596,-0.330759942531586,0.94371497631073,-0.118496581912041,0.715074241161346
3597,NA,NA,NA,NA
3598,NA,NA,NA,NA
3599,NA,NA,NA,NA
3600,0.257390171289444,0.0363825708627701,0.603611886501312,-1.09265780448914
3601,0.620330274105072,-0.0586365647614002,0.66939789056778,-0.654590904712677
3602,NA,NA,NA,NA
3603,NA,NA,NA,NA
3604,-0.105205036699772,-0.391338795423508,-0.192591801285744,-0.869015455245972
3605,-0.215890914201736,-0.359216541051865,-0.214583784341812,-0.951390147209167
3606,-0.135849714279175,-0.478267103433609,-0.190411001443863,-0.848379075527191
3607,0.505181849002838,-0.863012969493866,-1.4260071516037,0.0450005456805229
3608,-0.199424758553505,-0.405986189842224,-0.232227131724358,-0.838272929191589
3609,0.47580274939537,0.879552066326141,0.0838358476758003,0.488506525754929
3610,0.70471715927124,-0.0109075158834457,0.817153692245483,0.28582239151001
3611,NA,NA,NA,NA
3612,NA,NA,NA,NA
3613,NA,NA,NA,NA
3614,NA,NA,NA,NA
3615,NA,NA,NA,NA
3616,NA,NA,NA,NA
3617,NA,NA,NA,NA
3618,NA,NA,NA,NA
3619,NA,NA,NA,NA
3620,NA,NA,NA,NA
3621,NA,NA,NA,NA
3622,0.817635893821716,0.0564643405377865,1.53801918029785,0.619144260883331
3623,NA,NA,NA,NA
3624,NA,NA,NA,NA
3625,NA,NA,NA,NA
3626,NA,NA,NA,NA
3627,NA,NA,NA,NA
3628,NA,NA,NA,NA
3629,NA,NA,NA,NA
3630,-0.855130851268768,0.518412351608276,-0.464430630207062,-1.3161187171936
3631,0.0192434173077345,-0.999814867973328,-0.00875591952353716,-0.716943979263306
3632,-0.647271811962128,-0.534227073192596,-0.0643848478794098,-0.892819166183472
3633,NA,NA,NA,NA
3634,NA,NA,NA,NA
3635,0.757717311382294,0.18174721300602,1.65969824790955,0.940590620040894
3636,NA,NA,NA,NA
3637,0.0434797555208206,0.999054372310638,-0.0836188122630119,0.367085129022598
3638,NA,NA,NA,NA
3639,NA,NA,NA,NA
3640,NA,NA,NA,NA
3641,NA,NA,NA,NA
3642,-0.058992225676775,0.998258471488953,0.197967290878296,0.277911245822906
3643,NA,NA,NA,NA
3644,NA,NA,NA,NA
3645,NA,NA,NA,NA
3646,-0.071852333843708,0.997415363788605,0.148497119545937,0.141048938035965
3647,-0.123051553964615,0.151994422078133,-0.228816494345665,0.318351715803146
3648,NA,NA,NA,NA
3649,NA,NA,NA,NA
3650,-0.659591853618622,-0.751624047756195,0.157641232013702,0.0612617246806622
3651,0.369572937488556,0.929201781749725,0.238204091787338,-0.724819600582123
3652,NA,NA,NA,NA
3653,NA,NA,NA,NA
3654,NA,NA,NA,NA
3655,NA,NA,NA,NA
3656,NA,NA,NA,NA
3657,-0.999947130680084,-0.0102770514786243,-1.70688474178314,0.293959379196167
3658,NA,NA,NA,NA
3659,NA,NA,NA,NA
3660,NA,NA,NA,NA
3661,NA,NA,NA,NA
3662,NA,NA,NA,NA
3663,NA,NA,NA,NA
3664,NA,NA,NA,NA
3665,NA,NA,NA,NA
3666,NA,NA,NA,NA
3667,NA,NA,NA,NA
3668,NA,NA,NA,NA
3669,-0.0405768267810345,0.999176502227783,0.12695387005806,0.246533662080765
3670,NA,NA,NA,NA
3671,NA,NA,NA,NA
3672,0.0736430287361145,-0.997284710407257,-0.199952408671379,-0.581352531909943
3673,-0.110729403793812,-0.993850648403168,-0.178906992077827,-0.415685445070267
3674,0.0917351394891739,-0.995783507823944,-0.222377747297287,-0.634961664676666
3675,NA,NA,NA,NA
3676,0.488332986831665,-0.872657418251038,0.402969419956207,0.806015193462372
3677,0.00323811173439026,-0.0549027509987354,0.638436675071716,-0.949086725711823
3678,NA,NA,NA,NA
3679,-0.0599696710705757,-0.00342228240333498,0.695108532905579,-0.265568763017654
3680,NA,NA,NA,NA
3681,NA,NA,NA,NA
3682,NA,NA,NA,NA
3683,NA,NA,NA,NA
3684,NA,NA,NA,NA
3685,0.0885267183184624,-0.996073842048645,-0.158461600542068,-0.308607459068298
3686,NA,NA,NA,NA
3687,NA,NA,NA,NA
3688,-0.216643929481506,0.16759966313839,0.223684743046761,0.248858630657196
3689,NA,NA,NA,NA
3690,NA,NA,NA,NA
3691,NA,NA,NA,NA
3692,NA,NA,NA,NA
3693,0.414186805486679,0.91019195318222,0.245915353298187,0.178333178162575
3694,0.421040594577789,-0.862377643585205,0.561996340751648,-1.1689031124115
3695,0.390836596488953,-0.920460164546967,0.360871225595474,-0.628356695175171
3696,NA,NA,NA,NA
3697,NA,NA,NA,NA
3698,NA,NA,NA,NA
3699,NA,NA,NA,NA
3700,0.393984824419022,-0.919116973876953,0.134200513362885,-0.347369462251663
3701,0.0151995606720448,-0.99988454580307,-0.311797350645065,-0.714148581027985
3702,0.174173086881638,-0.984715104103088,-0.273392409086227,-0.532774269580841
3703,-0.168182730674744,0.359984159469604,0.617104768753052,-1.14605319499969
3704,-0.392655402421951,-0.622715592384338,0.352954685688019,-1.29571306705475
3705,-0.211513191461563,-0.0435076802968979,0.459139734506607,-1.62252616882324
3706,-0.484530299901962,-0.874774515628815,0.208647906780243,-1.10146152973175
3707,-0.0645560100674629,0.997914135456085,0.254243463277817,0.00308558437973261
3708,-0.132570177316666,-0.077319972217083,0.485515952110291,-1.50663435459137
3709,-0.117083758115768,-0.0343336015939713,0.494202733039856,-1.53712427616119
3710,-0.144959717988968,0.0183577351272106,0.472237169742584,-1.55140566825867
3711,-0.126716077327728,-0.0522709041833878,0.484462589025497,-1.50061738491058
3712,-0.124668136239052,-0.0651162341237068,0.479973882436752,-1.52210485935211
3713,NA,NA,NA,NA
3714,NA,NA,NA,NA
3715,0.555495798587799,-0.831519424915314,0.150789201259613,-0.329195111989975
3716,0.323570072650909,-0.946204245090485,0.10443627089262,-0.350043028593063
3717,0.514751255512238,-0.85733962059021,0.146764665842056,-0.235187068581581
3718,-0.272840261459351,0.180727511644363,0.575360357761383,-1.31666028499603
3719,0.371846497058868,-0.92829430103302,0.113980427384377,-0.205461472272873
3720,NA,NA,NA,NA
3721,NA,NA,NA,NA
3722,NA,NA,NA,NA
3723,NA,NA,NA,NA
3724,-0.273832321166992,-0.191095292568207,-0.71005791425705,-0.367207169532776
3725,NA,NA,NA,NA
3726,NA,NA,NA,NA
3727,0.016722559928894,-0.533863723278046,-0.232515677809715,-0.074681468307972
3728,NA,NA,NA,NA
3729,NA,NA,NA,NA
3730,NA,NA,NA,NA
3731,NA,NA,NA,NA
3732,NA,NA,NA,NA
3733,NA,NA,NA,NA
3734,0.723910927772522,0.0405121110379696,0.675718903541565,-0.612153053283691
3735,0.258129835128784,-0.966110289096832,0.189838916063309,0.57595032453537
3736,NA,NA,NA,NA
3737,-0.259244382381439,0.965811789035797,0.098547026515007,-0.699018836021423
3738,-0.145519897341728,-0.723516941070557,-0.167529553174973,-1.4075984954834
3739,-0.223514050245285,0.676098227500916,0.693296372890472,-0.71638810634613
3740,0.328694432973862,0.925756990909576,0.0623619146645069,-0.569283485412598
3741,NA,NA,NA,NA
3742,NA,NA,NA,NA
3743,NA,NA,NA,NA
3744,NA,NA,NA,NA
3745,NA,NA,NA,NA
3746,NA,NA,NA,NA
3747,0.516963958740234,0.678567469120026,0.713509917259216,-0.0854995548725128
3748,-0.134274795651436,0.99094420671463,0.293267697095871,0.622349143028259
3749,0.213062450289726,0.634389996528625,0.278233468532562,0.340516895055771
3750,0.410863369703293,-0.0318084433674812,0.827484846115112,-0.182300910353661
3751,0.499144554138184,-0.00204379088245332,0.704286813735962,-0.261515617370605
3752,0.416889101266861,-0.0103870928287506,0.710373520851135,-0.00720115890726447
3753,0.41135972738266,-0.00752376671880484,0.70783543586731,-0.188913509249687
3754,0.419221311807632,-0.00974581018090248,0.708541870117188,0.0272646509110928
3755,-0.0297893919050694,-0.00711223855614662,0.738220810890198,0.0299999993294477
3756,0.334919482469559,0.0148417381569743,0.718173086643219,0.10142870247364
3757,0.364637792110443,0.0194964408874512,0.714207053184509,-0.0329380035400391
3758,0.386099606752396,0.121885262429714,0.715208649635315,-0.0821285545825958
3759,NA,NA,NA,NA
3760,NA,NA,NA,NA
3761,-0.342414110898972,0.131952151656151,0.614077746868134,-1.13420367240906
3762,NA,NA,NA,NA
3763,NA,NA,NA,NA
3764,NA,NA,NA,NA
3765,-0.0197298508137465,-0.999805390834808,0.190566420555115,0.686773121356964
3766,0.556193768978119,-0.0105448989197612,0.707366228103638,-0.29401171207428
3767,NA,NA,NA,NA
3768,0.282106310129166,0.53672730922699,0.988629579544067,0.343742161989212
3769,NA,NA,NA,NA
3770,NA,NA,NA,NA
3771,NA,NA,NA,NA
3772,NA,NA,NA,NA
3773,NA,NA,NA,NA
3774,NA,NA,NA,NA
3775,NA,NA,NA,NA
3776,NA,NA,NA,NA
3777,NA,NA,NA,NA
3778,NA,NA,NA,NA
3779,NA,NA,NA,NA
3780,NA,NA,NA,NA
3781,NA,NA,NA,NA
3782,NA,NA,NA,NA
3783,-0.970790445804596,0.239929139614105,-0.771801054477692,-2.14117836952209
3784,NA,NA,NA,NA
3785,0.687394738197327,-0.0536239817738533,1.14708244800568,-0.760550260543823
3786,NA,NA,NA,NA
3787,NA,NA,NA,NA
3788,NA,NA,NA,NA
3789,NA,NA,NA,NA
3790,-0.0099103981629014,-0.00299995066598058,0.738568842411041,0.00382892973721027
3791,NA,NA,NA,NA
3792,NA,NA,NA,NA
3793,NA,NA,NA,NA
3794,NA,NA,NA,NA
3795,-0.302489340305328,-0.95315283536911,-0.159585878252983,-0.383221209049225
3796,-0.273785471916199,0.149037882685661,-0.133904844522476,-0.161689072847366
3797,0.134353086352348,-0.99093359708786,-0.17733708024025,-0.538163781166077
3798,NA,NA,NA,NA
3799,NA,NA,NA,NA
3800,NA,NA,NA,NA
3801,NA,NA,NA,NA
3802,NA,NA,NA,NA
3803,NA,NA,NA,NA
3804,NA,NA,NA,NA
3805,-0.159628853201866,0.987177133560181,0.165299862623215,0.149794578552246
3806,NA,NA,NA,NA
3807,0.151963844895363,-0.98838609457016,-0.152525454759598,-0.887760281562805
3808,NA,NA,NA,NA
3809,NA,NA,NA,NA
3810,0.783296525478363,0.0517321936786175,0.76369720697403,1.23794054985046
3811,NA,NA,NA,NA
3812,NA,NA,NA,NA
3813,NA,NA,NA,NA
3814,-0.997799217700958,-0.0663074031472206,-1.66865694522858,-0.146316453814507
3815,NA,NA,NA,NA
3816,NA,NA,NA,NA
3817,NA,NA,NA,NA
3818,NA,NA,NA,NA
3819,NA,NA,NA,NA
3820,NA,NA,NA,NA
3821,NA,NA,NA,NA
3822,-0.196061417460442,0.980591654777527,0.190510243177414,0.040290217846632
3823,NA,NA,NA,NA
3824,-0.223693266510963,-0.97465968132019,0.104133546352386,-0.407394528388977
3825,NA,NA,NA,NA
3826,NA,NA,NA,NA
3827,-0.585102438926697,-0.810959458351135,-0.146924436092377,-0.299646645784378
3828,NA,NA,NA,NA
3829,NA,NA,NA,NA
3830,0.976443827152252,-0.215772032737732,0.024578332901001,-0.724639236927032
3831,NA,NA,NA,NA
3832,-0.99624890089035,-0.0865344554185867,-1.74201822280884,2.21337938308716
3833,NA,NA,NA,NA
3834,-0.999936401844025,-0.0112831285223365,0.164453059434891,0.0560174435377121
3835,0.363890200853348,0.931441903114319,-0.248613208532333,0.980284631252289
3836,NA,NA,NA,NA
3837,0.378949910402298,0.925417125225067,-0.266237646341324,0.802596807479858
3838,-0.160435870289803,-0.00255900947377086,-0.697203040122986,-0.467601239681244
3839,0.0686961784958839,-0.997637689113617,-0.352001875638962,-0.400059461593628
3840,0.259797602891922,0.965663135051727,-0.469514697790146,1.57620871067047
3841,-0.0768149644136429,-0.482224106788635,-0.31502577662468,-0.240434169769287
3842,-0.999674201011658,0.0255253165960312,-1.04353773593903,2.7640392780304
3843,-0.110682047903538,-0.418780833482742,-0.586500346660614,-0.990618407726288
3844,NA,NA,NA,NA
3845,-0.142424941062927,0.0173199307173491,-0.289929419755936,0.152956426143646
3846,0.00964903365820646,-0.00606935238465667,-0.623924911022186,0.824754297733307
3847,0.00965346768498421,-0.00609187362715602,-0.636203587055206,0.853364169597626
3848,0.00965227745473385,-0.00607533007860184,-0.636319220066071,0.853494882583618
3849,-0.0618332885205746,-0.0419546440243721,-0.674877822399139,0.301295399665833
3850,0.111501611769199,-0.0487582869827747,-0.703982830047607,-0.262112498283386
3851,NA,NA,NA,NA
3852,NA,NA,NA,NA
3853,NA,NA,NA,NA
3854,0.0116867125034332,-0.935520231723785,-0.434338092803955,-0.60759437084198
3855,-0.994676172733307,0.103050202131271,1.45972788333893,-1.91480457782745
3856,NA,NA,NA,NA
3857,NA,NA,NA,NA
3858,0.590188384056091,-0.80726557970047,0.0309235714375973,-0.457220435142517
3859,0.467516899108887,-0.883984208106995,0.0126186404377222,-0.525179922580719
3860,-0.169541567564011,-0.0741335526108742,-0.0656439363956451,-0.704234004020691
3861,NA,NA,NA,NA
3862,NA,NA,NA,NA
3863,NA,NA,NA,NA
3864,NA,NA,NA,NA
3865,NA,NA,NA,NA
3866,-0.337518751621246,-0.883587956428528,-0.279725730419159,-0.644785583019257
3867,-0.193475097417831,-0.981105208396912,-0.236119210720062,-0.469223171472549
3868,-0.262061029672623,-0.965051352977753,-0.206389874219894,-0.387378424406052
3869,-0.0622095093131065,-0.998063147068024,-0.213022902607918,-0.538741767406464
3870,-0.192367285490036,-0.981323003768921,-0.27559557557106,-0.571390926837921
3871,NA,NA,NA,NA
3872,NA,NA,NA,NA
3873,NA,NA,NA,NA
3874,NA,NA,NA,NA
3875,-0.889297485351562,-0.457329332828522,0.0126831950619817,-0.523198008537292
3876,0.426403284072876,0.530234038829803,0.0241992343217134,-0.627312242984772
3877,NA,NA,NA,NA
3878,NA,NA,NA,NA
3879,NA,NA,NA,NA
3880,-0.37054768204689,-0.161513730883598,-0.0389421917498112,-0.563281655311584
3881,NA,NA,NA,NA
3882,NA,NA,NA,NA
3883,NA,NA,NA,NA
3884,NA,NA,NA,NA
3885,NA,NA,NA,NA
3886,NA,NA,NA,NA
3887,NA,NA,NA,NA
3888,-0.41129931807518,0.91150039434433,0.111783996224403,-0.920169711112976
3889,-0.342238336801529,-0.939613223075867,0.217112377285957,0.892554402351379
3890,NA,NA,NA,NA
3891,0.256089329719543,-0.966653168201447,0.539055645465851,1.06612145900726
3892,NA,NA,NA,NA
3893,-0.999221920967102,-0.0394420810043812,-1.54382801055908,-2.35307765007019
3894,0.984046936035156,0.177909210324287,-0.0307372976094484,-0.605180203914642
3895,0.769913017749786,-0.638148963451385,1.24129009246826,0.360663592815399
3896,NA,NA,NA,NA
3897,0.0886909440159798,-0.996059238910675,0.167247995734215,0.895944237709045
3898,-0.0163429025560617,-0.999866485595703,-0.164673924446106,-0.935780107975006
3899,0.738522827625275,0.068038173019886,0.982687056064606,-1.33679640293121
3900,NA,NA,NA,NA
3901,NA,NA,NA,NA
3902,-0.347861617803574,-0.298046261072159,0.0593151934444904,-0.69957560300827
3903,0.532588005065918,-0.184100136160851,0.209664061665535,-0.32463726401329
3904,0.235639363527298,0.131909564137459,0.129183605313301,-0.735631823539734
3905,NA,NA,NA,NA
3906,NA,NA,NA,NA
3907,NA,NA,NA,NA
3908,0.342454701662064,0.0489082746207714,-0.599495768547058,-1.06411850452423
3909,0.13251194357872,-0.312678933143616,-0.412674278020859,-1.29433798789978
3910,0.331750869750977,0.0166009515523911,-0.658023834228516,-0.828610360622406
3911,NA,NA,NA,NA
3912,NA,NA,NA,NA
3913,NA,NA,NA,NA
3914,NA,NA,NA,NA
3915,NA,NA,NA,NA
3916,NA,NA,NA,NA
3917,NA,NA,NA,NA
3918,NA,NA,NA,NA
3919,NA,NA,NA,NA
3920,NA,NA,NA,NA
3921,NA,NA,NA,NA
3922,NA,NA,NA,NA
3923,NA,NA,NA,NA
3924,NA,NA,NA,NA
3925,-0.985352158546448,-0.170532032847404,-1.6882164478302,-2.55121660232544
3926,NA,NA,NA,NA
3927,-0.6057248711586,-0.174674242734909,-0.344382911920547,-0.402606099843979
3928,-0.16181418299675,-0.792127251625061,-0.426343560218811,-0.480794370174408
3929,-0.284970909357071,-0.0930495858192444,-0.691212356090546,-0.54991626739502
3930,-0.194762662053108,-0.501196503639221,-0.569782853126526,-0.918298959732056
3931,NA,NA,NA,NA
3932,NA,NA,NA,NA
3933,NA,NA,NA,NA
3934,NA,NA,NA,NA
3935,NA,NA,NA,NA
3936,NA,NA,NA,NA
3937,NA,NA,NA,NA
3938,NA,NA,NA,NA
3939,NA,NA,NA,NA
3940,NA,NA,NA,NA
3941,NA,NA,NA,NA
3942,NA,NA,NA,NA
3943,NA,NA,NA,NA
3944,NA,NA,NA,NA
3945,NA,NA,NA,NA
3946,NA,NA,NA,NA
3947,NA,NA,NA,NA
3948,NA,NA,NA,NA
3949,NA,NA,NA,NA
3950,NA,NA,NA,NA
3951,-0.14990146458149,0.988700985908508,0.0896354466676712,-0.666637659072876
3952,-0.0192572753876448,0.788732767105103,0.183921203017235,-0.0984266325831413
3953,NA,NA,NA,NA
3954,-0.556194961071014,-0.831051886081696,-0.0750295892357826,0.964872419834137
3955,NA,NA,NA,NA
3956,NA,NA,NA,NA
3957,NA,NA,NA,NA
3958,0.00510498881340027,-0.00667828135192394,-0.704838395118713,-0.155973166227341
3959,NA,NA,NA,NA
3960,0.9998978972435,-0.0142942583188415,-0.387750744819641,0.731235444545746
3961,NA,NA,NA,NA
3962,NA,NA,NA,NA
3963,NA,NA,NA,NA
3964,-0.537702262401581,-0.843134880065918,-0.171336755156517,-0.319633424282074
3965,NA,NA,NA,NA
3966,NA,NA,NA,NA
3967,-0.398175746202469,0.352146774530411,-0.539963483810425,0.07265954464674
3968,-0.139554917812347,0.0115771479904652,0.69349330663681,-0.471882820129395
3969,-0.324562937021255,0.0319587476551533,-0.701890170574188,-0.246690958738327
3970,-0.302029222249985,0.066488191485405,-0.709727764129639,-0.157952070236206
3971,-0.281930387020111,0.0260369703173637,-0.712743699550629,-0.115583226084709
3972,-0.298672080039978,0.0230646170675755,-0.710404634475708,-0.309377431869507
3973,-0.29916250705719,0.0179534032940865,-0.706434309482574,-0.294873535633087
3974,-0.29916250705719,0.0179534032940865,-0.706434309482574,-0.294873535633087
3975,-0.31887298822403,0.011169595643878,-0.710989892482758,-0.249943301081657
3976,-0.31891080737114,0.0109825925901532,-0.702190518379211,-0.243238478899002
3977,-0.317998737096786,0.0337835103273392,-0.705638825893402,-0.292810767889023
3978,-0.299905955791473,0.00515350885689259,-0.710502922534943,-0.160606354475021
3979,-0.328583300113678,0.608354806900024,-0.518014550209045,0.00909111276268959
3980,-0.318910837173462,0.0109826624393463,-0.702190458774567,-0.24323844909668
3981,-0.31886026263237,0.0112779149785638,-0.71101588010788,-0.248531654477119
3982,-0.299883902072906,0.00430599832907319,-0.715493440628052,-0.160716533660889
3983,-0.315958470106125,-0.0199769455939531,-0.711273670196533,-0.26654589176178
3984,-0.324105858802795,0.242089003324509,-0.709357380867004,-0.245270743966103
3985,-0.339257091283798,0.152264267206192,-0.708898782730103,-0.19219271838665
3986,-0.344121664762497,0.0451974123716354,-0.709504306316376,-0.196991428732872
3987,-0.103427924215794,0.9946368932724,-0.255537480115891,0.658077597618103
3988,-0.296768754720688,0.121818736195564,-0.708843410015106,-0.0686085820198059
3989,-0.262016475200653,0.0550298988819122,-0.709831655025482,-0.107542894780636
3990,-0.225984826683998,0.190772145986557,-0.702228546142578,-0.417413711547852
3991,-0.268396496772766,0.0762811750173569,-0.712315380573273,-0.12028594315052
3992,-0.219457149505615,0.097493939101696,-0.697314620018005,-0.408302187919617
3993,-0.280686467885971,0.154647678136826,-0.679710209369659,-0.43359237909317
3994,-0.264537483453751,0.0468941256403923,-0.715874135494232,-0.136800080537796
3995,-0.400567770004272,0.0978674963116646,-0.320001810789108,0.292209059000015
3996,NA,NA,NA,NA
3997,NA,NA,NA,NA
3998,NA,NA,NA,NA
3999,NA,NA,NA,NA
4000,0.876652538776398,-0.481124073266983,-0.550866544246674,2.849285364151
4001,NA,NA,NA,NA
4002,-0.139794617891312,0.00870599318295717,0.706212103366852,-0.518807828426361
4003,NA,NA,NA,NA
4004,NA,NA,NA,NA
4005,NA,NA,NA,NA
4006,NA,NA,NA,NA
4007,-0.51824539899826,-0.00715179275721312,-0.66121518611908,0.677272260189056
4008,NA,NA,NA,NA
4009,-0.442698746919632,-0.0485039241611958,-1.10084044933319,-0.0622765719890594
4010,-0.670085668563843,0.0383664593100548,-0.625223696231842,1.03801202774048
4011,-0.25060048699379,0.0656344965100288,-0.703499376773834,-0.247515648603439
4012,-0.286630839109421,0.133312806487083,-0.714511513710022,-0.195664018392563
4013,-0.339481711387634,0.00705101480707526,-0.704412043094635,0.566954553127289
4014,0.772704660892487,0.634765803813934,0.25810518860817,-0.0646798014640808
4015,0.752158403396606,0.0531895533204079,0.332346141338348,-0.360369443893433
4016,-0.620937883853912,0.118963047862053,-0.713743925094604,0.266624867916107
4017,-0.266138136386871,0.0601756125688553,0.714587032794952,0.134267538785934
4018,-0.243621498346329,-0.179348513484001,-0.546690702438354,-0.618691086769104
4019,NA,NA,NA,NA
4020,-0.262438982725143,0.0363089255988598,-0.715679705142975,-0.133232355117798
4021,-0.266320168972015,0.0364494472742081,-0.715035319328308,-0.0989704057574272
4022,-0.920436561107635,0.390892118215561,-0.680605471134186,1.00395226478577
4023,NA,NA,NA,NA
4024,NA,NA,NA,NA
4025,NA,NA,NA,NA
4026,-0.844917893409729,0.0910126939415932,-0.640668749809265,1.54459369182587
4027,-0.455772995948792,-0.128563925623894,-0.50909423828125,0.111442476511002
4028,NA,NA,NA,NA
4029,-0.153929755091667,-0.8876993060112,-0.275877207517624,-0.0899980142712593
4030,NA,NA,NA,NA
4031,NA,NA,NA,NA
4032,NA,NA,NA,NA
4033,NA,NA,NA,NA
4034,NA,NA,NA,NA
4035,NA,NA,NA,NA
4036,NA,NA,NA,NA
4037,-0.0822366774082184,-0.267194002866745,0.172984957695007,-0.242195934057236
4038,-0.0444018691778183,0.91548091173172,-0.224816754460335,0.284619152545929
4039,-0.174970000982285,0.738784193992615,0.384165227413177,0.230245977640152
4040,NA,NA,NA,NA
4041,NA,NA,NA,NA
4042,-0.613507926464081,0.184793204069138,-0.308714240789413,-0.0910835638642311
4043,NA,NA,NA,NA
4044,NA,NA,NA,NA
4045,NA,NA,NA,NA
4046,NA,NA,NA,NA
4047,0.365395396947861,-0.930852472782135,-0.105297416448593,-1.0180162191391
4048,NA,NA,NA,NA
4049,NA,NA,NA,NA
4050,NA,NA,NA,NA
4051,0.394225209951401,-0.919013917446136,0.394959777593613,-0.885050117969513
4052,NA,NA,NA,NA
4053,-0.272034138441086,0.0244731027632952,-0.655078709125519,1.09469628334045
4054,-0.238211795687675,0.174764454364777,-0.6461101770401,1.12423706054688
4055,-0.251453161239624,-0.967869520187378,-0.275454968214035,-0.403524488210678
4056,-0.141512542963028,0.00264462525956333,0.693876683712006,-0.519513964653015
4057,-0.141512542963028,0.00264462525956333,0.693876683712006,-0.519513964653015
4058,NA,NA,NA,NA
4059,-0.385128796100616,0.0296492893248796,-0.742207169532776,0.0438169986009598
4060,-0.13939356803894,0.0122710894793272,0.713825762271881,-0.526984453201294
4061,-0.32903003692627,0.502214848995209,-0.709905683994293,0.26716536283493
4062,0.0189819745719433,-0.999819874763489,-0.214339971542358,-0.569597601890564
4063,-0.252870798110962,0.140245690941811,-0.655148983001709,1.06070899963379
4064,NA,NA,NA,NA
4065,NA,NA,NA,NA
4066,NA,NA,NA,NA
4067,-0.114886790513992,-0.993378639221191,-0.235964179039001,-0.262272208929062
4068,-0.921686232089996,0.0370180904865265,-1.41179001331329,-1.74955236911774
4069,NA,NA,NA,NA
4070,NA,NA,NA,NA
4071,NA,NA,NA,NA
4072,NA,NA,NA,NA
4073,NA,NA,NA,NA
4074,-0.688401639461517,0.725329756736755,-0.360811948776245,-0.323369652032852
4075,-0.562971532344818,-0.826476335525513,-0.194672390818596,-0.370630085468292
4076,NA,NA,NA,NA
4077,NA,NA,NA,NA
4078,-0.385803490877151,-0.922581017017365,-0.141982808709145,-0.479441463947296
4079,NA,NA,NA,NA
4080,0.078063003718853,0.0786836668848991,0.732017874717712,-0.412635624408722
4081,NA,NA,NA,NA
4082,-0.358541041612625,0.805046319961548,0.415819972753525,1.05851340293884
4083,NA,NA,NA,NA
4084,-0.121423691511154,-0.992600798606873,-0.245160073041916,-0.601281344890594
4085,-0.368603199720383,0.929586887359619,-0.179066315293312,0.892532467842102
4086,0.872355163097382,-0.488872796297073,0.286142885684967,-0.804973542690277
4087,NA,NA,NA,NA
4088,NA,NA,NA,NA
4089,NA,NA,NA,NA
4090,NA,NA,NA,NA
4091,-0.66634613275528,0.0665391534566879,-0.957275211811066,1.68491470813751
4092,-0.405046999454498,0.91429591178894,-0.0456758737564087,0.81240040063858
4093,NA,NA,NA,NA
4094,NA,NA,NA,NA
4095,0.861739695072174,0.507350623607635,0.461285501718521,-0.694853842258453
4096,-0.204807281494141,-0.978802382946014,0.105230838060379,-0.43713042140007
4097,-0.0761114060878754,-0.99709939956665,0.207488432526588,0.540668547153473
4098,-0.00838239677250385,-0.999964952468872,0.106923788785934,-0.371624886989594
4099,-0.178520649671555,0.869587481021881,0.671776652336121,0.988679468631744
4100,-0.101405493915081,-0.99484521150589,-0.177643910050392,0.411463379859924
4101,0.0398429930210114,-0.0763156488537788,0.703967750072479,0.179290309548378
4102,NA,NA,NA,NA
4103,-0.302683621644974,-0.953091144561768,-0.110075831413269,0.562562882900238
4104,NA,NA,NA,NA
4105,-0.978825449943542,-0.204697042703629,-0.237924188375473,0.688372731208801
4106,-0.94598662853241,0.324205756187439,-0.0386375747621059,0.889740407466888
4107,-0.750587105751038,-0.660771608352661,-0.0619194433093071,0.463499903678894
4108,NA,NA,NA,NA
4109,NA,NA,NA,NA
4110,-0.996945381164551,-0.0781025886535645,-1.59795641899109,-1.40748250484467
4111,NA,NA,NA,NA
4112,-0.224659845232964,0.248261481523514,-0.302961349487305,0.27588027715683
4113,-0.350222319364548,-0.27717337012291,-1.45096731185913,0.66280072927475
4114,NA,NA,NA,NA
4115,-0.243320852518082,0.555874526500702,-0.384503602981567,0.461727350950241
4116,-0.187012359499931,0.705963432788849,-0.41104194521904,0.751981258392334
4117,-0.106813155114651,0.994279146194458,-0.188947036862373,0.122275911271572
4118,NA,NA,NA,NA
4119,0.154393643140793,-0.988009452819824,0.0824561938643456,0.505213141441345
4120,-0.359267234802246,0.415165156126022,-0.202548503875732,-0.291011780500412
4121,-0.103682704269886,-0.994610488414764,-0.266065537929535,-0.437607109546661
4122,NA,NA,NA,NA
4123,NA,NA,NA,NA
4124,-0.149000659584999,0.0171074960380793,-0.626668930053711,0.955487489700317
4125,0.1953214854002,-0.653168261051178,-0.261197030544281,0.788134872913361
4126,NA,NA,NA,NA
4127,NA,NA,NA,NA
4128,0.612109303474426,0.790773272514343,0.239817261695862,0.00589181017130613
4129,NA,NA,NA,NA
4130,NA,NA,NA,NA
4131,NA,NA,NA,NA
4132,NA,NA,NA,NA
4133,NA,NA,NA,NA
4134,NA,NA,NA,NA
4135,NA,NA,NA,NA
4136,NA,NA,NA,NA
4137,0.657537579536438,0.0427639596164227,-0.271326214075089,0.292480826377869
4138,NA,NA,NA,NA
4139,NA,NA,NA,NA
4140,-0.254257321357727,0.13395668566227,-0.662133574485779,1.08079123497009
4141,-0.259240090847015,0.0177430603653193,-0.721990048885345,-0.327557981014252
4142,-0.228923931717873,0.222535267472267,-0.708735048770905,-0.294753402471542
4143,-0.230708569288254,0.197642266750336,-0.706190645694733,-0.295278489589691
4144,-0.234971657395363,0.259008795022964,-0.710430562496185,-0.298443377017975
4145,-0.655690133571625,-0.755030155181885,-0.213434174656868,-0.263028293848038
4146,-0.479583293199539,0.877496421337128,-0.132618233561516,1.0512752532959
4147,-0.0892146602272987,0.548810303211212,0.243812248110771,0.552408814430237
4148,-0.225206315517426,0.077742338180542,-0.717958211898804,-0.300116539001465
4149,-0.230640321969986,0.19882096350193,-0.71147894859314,-0.302456498146057
4150,-0.234971657395363,0.259008795022964,-0.710430562496185,-0.298443377017975
4151,-0.234971657395363,0.259008795022964,-0.710430562496185,-0.298443377017975
4152,-0.234971657395363,0.259008795022964,-0.710430562496185,-0.298443377017975
4153,NA,NA,NA,NA
4154,NA,NA,NA,NA
4155,NA,NA,NA,NA
4156,0.769745886325836,-0.270393371582031,0.28979817032814,-0.427090138196945
4157,-0.491702854633331,0.124604530632496,-0.228803068399429,0.496362388134003
4158,0.747738003730774,-0.368293434381485,0.957906126976013,-1.7698860168457
4159,-0.226930543780327,0.973910987377167,0.41552546620369,0.423435479402542
4160,-0.159192949533463,0.0160085055977106,0.652318358421326,-0.867282271385193
4161,-0.419940829277039,0.15083572268486,-0.71648758649826,0.733147859573364
4162,-0.478423178195953,0.386176198720932,-0.621796727180481,1.16984033584595
4163,-0.232961729168892,0.972485959529877,-0.393992125988007,1.76333379745483
4164,-0.25650343298912,0.08527722209692,-0.724742829799652,0.00155110470950603
4165,-0.159162655472755,0.0162376221269369,0.64489620923996,-0.879303872585297
4166,-0.159160912036896,0.016252625733614,0.644354403018951,-0.880676031112671
4167,0.00165629526600242,0.999998688697815,-0.244697421789169,1.75938594341278
4168,-0.463933944702148,0.609541773796082,-0.582377374172211,1.09575068950653
4169,-0.240963846445084,0.970534145832062,0.458546310663223,0.51148909330368
4170,-0.127494782209396,0.991839289665222,0.446233779191971,0.232743456959724
4171,-0.232961729168892,0.972485959529877,-0.393992125988007,1.76333379745483
4172,-0.179759696125984,-0.00724995881319046,0.673981785774231,-0.723779499530792
4173,-0.438991099596024,0.367600917816162,-0.683414995670319,0.907180726528168
4174,-0.159192949533463,0.0160085055977106,0.652318358421326,-0.867282271385193
4175,-0.187699884176254,-0.982226490974426,-0.227235540747643,-0.408703565597534
4176,0.248184204101562,-0.96871292591095,0.08295988291502,0.491618633270264
4177,NA,NA,NA,NA
4178,-0.994518160820007,-0.104564674198627,-1.55479824542999,-1.82349467277527
4179,-0.655093610286713,-0.755547821521759,-0.256459057331085,-0.266610682010651
4180,0.0638477429747581,-0.17182157933712,-0.708502113819122,-0.0909935235977173
4181,-0.589747607707977,-0.807587683200836,-0.215053260326385,-0.454067438840866
4182,NA,NA,NA,NA
4183,-0.492272913455963,0.518206238746643,-0.625164210796356,1.07167232036591
4184,NA,NA,NA,NA
4185,NA,NA,NA,NA
4186,NA,NA,NA,NA
4187,NA,NA,NA,NA
4188,0.864335358142853,0.502915978431702,-0.189845636487007,-1.86995017528534
4189,NA,NA,NA,NA
4190,-0.210480690002441,-0.977598071098328,0.141329124569893,0.577008247375488
4191,NA,NA,NA,NA
4192,NA,NA,NA,NA
4193,NA,NA,NA,NA
4194,-0.354990571737289,-0.934869945049286,0.208217665553093,0.639949321746826
4195,0.114539004862309,-0.99341881275177,0.223940446972847,0.476287424564362
4196,0.100761897861958,0.994910597801208,0.22240848839283,0.246564984321594
4197,NA,NA,NA,NA
4198,NA,NA,NA,NA
4199,-0.0428068414330482,-0.999083399772644,0.212379947304726,0.373615801334381
4200,NA,NA,NA,NA
4201,NA,NA,NA,NA
4202,NA,NA,NA,NA
4203,0.93863719701767,-0.344906181097031,0.310850024223328,-1.05348813533783
4204,-0.450000941753387,-0.893028140068054,-0.192143231630325,-0.578226447105408
4205,0.93863719701767,-0.344906181097031,0.310850024223328,-1.05348813533783
4206,0.949688076972961,-0.313197582960129,0.319300770759583,-1.16338574886322
4207,-0.7543123960495,0.231475338339806,-0.553798973560333,1.42007958889008
4208,NA,NA,NA,NA
4209,NA,NA,NA,NA
4210,NA,NA,NA,NA
4211,NA,NA,NA,NA
4212,0.624298870563507,-0.781185626983643,0.271925538778305,-0.68141496181488
4213,NA,NA,NA,NA
4214,NA,NA,NA,NA
4215,NA,NA,NA,NA
4216,NA,NA,NA,NA
4217,NA,NA,NA,NA
4218,NA,NA,NA,NA
4219,NA,NA,NA,NA
4220,NA,NA,NA,NA
4221,NA,NA,NA,NA
4222,NA,NA,NA,NA
4223,-0.420802086591721,-0.907152533531189,-0.69412237405777,-0.803019642829895
4224,-0.228068441152573,-0.973645150661469,-0.529386162757874,-1.05113887786865
4225,-0.636626243591309,0.036488339304924,-0.586877286434174,1.1451610326767
4226,-0.246346175670624,-0.969181954860687,-0.512564182281494,-1.0807009935379
4227,-0.218043461441994,-0.975939095020294,-0.515455782413483,-1.10473453998566
4228,NA,NA,NA,NA
4229,NA,NA,NA,NA
4230,NA,NA,NA,NA
4231,NA,NA,NA,NA
4232,NA,NA,NA,NA
4233,NA,NA,NA,NA
4234,NA,NA,NA,NA
4235,NA,NA,NA,NA
4236,NA,NA,NA,NA
4237,0.0265640802681446,-0.347519636154175,0.691010534763336,0.463114023208618
4238,NA,NA,NA,NA
4239,NA,NA,NA,NA
4240,NA,NA,NA,NA
4241,NA,NA,NA,NA
4242,NA,NA,NA,NA
4243,-0.034819845110178,-0.9993936419487,-0.201737269759178,-0.576219916343689
4244,-0.0142473559826612,-0.999898552894592,-0.201753914356232,-0.577595233917236
4245,0.0814452618360519,-0.996677875518799,-0.213016778230667,-0.658080756664276
4246,0.052024032920599,-0.998645901679993,-0.21543824672699,-0.746343970298767
4247,NA,NA,NA,NA
4248,0.157316938042641,-0.987548232078552,-0.141342729330063,-1.08789920806885
4249,NA,NA,NA,NA
4250,NA,NA,NA,NA
4251,NA,NA,NA,NA
4252,0.0812694653868675,-0.99669224023819,0.0582865476608276,-0.752013027667999
4253,NA,NA,NA,NA
4254,NA,NA,NA,NA
4255,NA,NA,NA,NA
4256,-0.317596346139908,0.948226094245911,-0.228563562035561,0.907132804393768
4257,-0.611495435237885,0.0496497750282288,-0.323864549398422,0.407528251409531
4258,-0.362825155258179,0.931857287883759,-0.255480945110321,1.06953954696655
4259,-0.98733925819397,0.158623278141022,-0.348865687847137,-0.637165367603302
4260,-0.239356115460396,0.970931887626648,-0.0960866510868073,0.445574522018433
4261,0.227054998278618,-0.973881959915161,-0.121804289519787,-0.630168855190277
4262,-0.411877632141113,-0.911239206790924,-0.183114379644394,-0.436052680015564
4263,-0.242927461862564,0.970044493675232,-0.156337812542915,1.16987240314484
4264,-0.497434169054031,-0.867501795291901,-0.231872782111168,-0.335789978504181
4265,NA,NA,NA,NA
4266,NA,NA,NA,NA
4267,NA,NA,NA,NA
4268,NA,NA,NA,NA
4269,0.300141185522079,0.433967411518097,0.263617783784866,-0.150797635316849
4270,0.0636336132884026,-0.997973382472992,0.30545574426651,-0.298640549182892
4271,-0.226410627365112,0.606496572494507,-0.315705329179764,-0.262564986944199
4272,0.115771472454071,0.8533895611763,0.353434592485428,-0.18051689863205
4273,-0.0400591343641281,0.999197363853455,-0.264593631029129,0.0665030553936958
4274,0.0314367599785328,0.999505817890167,0.250409245491028,-0.155136927962303
4275,-0.319162487983704,-0.0305718276649714,0.664480566978455,-0.832395434379578
4276,-0.330700665712357,-0.0479807294905186,0.654950022697449,-0.807771325111389
4277,-0.325054079294205,-0.0127169899642467,0.655176639556885,-0.861714601516724
4278,-0.370765089988708,0.928726732730865,-0.0993301048874855,1.5189163684845
4279,NA,NA,NA,NA
4280,-0.364588230848312,0.0252908132970333,0.713914573192596,0.0831256061792374
4281,-0.899167776107788,0.0722682327032089,-0.698269426822662,0.982956767082214
4282,NA,NA,NA,NA
4283,NA,NA,NA,NA
4284,-0.253161072731018,0.967424213886261,0.430475771427155,0.516823589801788
4285,NA,NA,NA,NA
4286,-0.529108345508575,-0.848554313182831,0.226097196340561,0.649019300937653
4287,-0.268143802881241,0.0295846275985241,0.705481648445129,0.222272306680679
4288,-0.271460235118866,0.0820672437548637,0.660814344882965,-0.948684096336365
4289,-0.287842661142349,-0.00198629545047879,0.663876593112946,-0.89925628900528
4290,-0.0538035444915295,-0.998551607131958,0.330327659845352,-0.620688438415527
4291,-0.123739026486874,-0.992314875125885,0.329508483409882,-0.910695910453796
4292,-0.248006999492645,0.0701602026820183,0.707176923751831,0.160949200391769
4293,0.114566624164581,-0.138547122478485,0.395022630691528,-1.53869235515594
4294,NA,NA,NA,NA
4295,-0.620497107505798,0.784208834171295,-0.334938228130341,0.450311630964279
4296,NA,NA,NA,NA
4297,NA,NA,NA,NA
4298,-0.288909614086151,0.0185360517352819,-0.577488124370575,1.2440869808197
4299,NA,NA,NA,NA
4300,-0.000763897434808314,0.999999761581421,0.190729975700378,0.416750609874725
4301,NA,NA,NA,NA
4302,-0.908885538578033,0.07613705098629,-0.695345461368561,1.07403934001923
4303,0.0640234127640724,0.00644202250987291,0.70712947845459,-0.500137984752655
4304,0.0482864826917648,-0.199260175228119,0.718139111995697,-0.471214473247528
4305,0.0647325366735458,0.044743899255991,0.705578982830048,-0.503782689571381
4306,0.0626307502388954,-0.00600123126059771,0.708278119564056,-0.499440997838974
4307,0.0530638508498669,-0.0161166619509459,0.701612293720245,-0.421334594488144
4308,0.041582964360714,-0.232891947031021,0.70119720697403,-0.428783625364304
4309,0.0437009409070015,-0.177021369338036,0.723898410797119,-0.47528412938118
4310,0.0532815530896187,-0.00926402490586042,0.720402836799622,-0.424995988607407
4311,-0.247629314661026,0.0614986717700958,0.734320759773254,1.02238583564758
4312,-0.561120748519897,0.827733993530273,-0.423797637224197,1.83633267879486
4313,-0.241161271929741,-0.970485091209412,0.00227145384997129,-0.925225257873535
4314,NA,NA,NA,NA
4315,-0.430621683597565,-0.902532577514648,-0.198027491569519,-0.793001294136047
4316,0.551508009433746,0.834169685840607,0.280009061098099,-0.0475001558661461
4317,-0.53192275762558,0.536053776741028,0.7410609126091,-0.957695484161377
4318,0.784781932830811,0.463155657052994,0.690708339214325,-1.11785519123077
4319,NA,NA,NA,NA
4320,NA,NA,NA,NA
4321,-0.691565930843353,0.644239008426666,-0.49175888299942,2.10244631767273
4322,NA,NA,NA,NA
4323,-0.158987730741501,0.0176260974258184,0.654839158058167,-0.841426610946655
4324,0.205607175827026,0.978634655475616,0.18068353831768,0.342942982912064
4325,0.0896336585283279,0.0103219132870436,0.709054529666901,0.353196442127228
4326,0.172706410288811,0.984973430633545,0.289685219526291,0.253983557224274
4327,-0.899181365966797,0.0732138082385063,-0.696661293506622,0.996385276317596
4328,-0.0916907861828804,-0.995787560939789,0.155713140964508,-0.293038457632065
4329,-0.0101426215842366,0.999948620796204,0.253029644489288,-0.195528954267502
4330,-0.905249178409576,0.0859221294522285,-0.697699964046478,1.05092406272888
4331,-0.337211489677429,0.202288135886192,-0.683367729187012,0.678242802619934
4332,-0.261986613273621,0.196170672774315,-0.460260272026062,1.54718017578125
4333,-0.283211588859558,0.070178896188736,-0.687370181083679,0.897595942020416
4334,-0.309012711048126,0.00814528949558735,0.60275799036026,-1.15620839595795
4335,0.0607750229537487,-0.0196792371571064,0.710337102413177,-0.457083761692047
4336,-0.999999523162842,0.00102787802461535,-0.727208316326141,1.20782351493835
4337,-0.999664783477783,0.0258927829563618,-0.750123023986816,0.961570501327515
4338,0.547533452510834,0.586020946502686,0.0640824064612389,-0.35747367143631
4339,-0.682034730911255,-0.731319844722748,-0.140279769897461,-0.398720979690552
4340,-0.486418515443802,0.873726010322571,-0.114903301000595,2.12549543380737
4341,NA,NA,NA,NA
4342,-0.336350411176682,-0.941736936569214,0.0875041335821152,-0.546564161777496
4343,NA,NA,NA,NA
4344,-0.134026676416397,0.439269661903381,0.276685655117035,0.284152507781982
4345,-0.99832683801651,0.0578237287700176,-0.718142569065094,1.2583019733429
4346,-0.00745778437703848,0.999972224235535,0.257854700088501,0.318922877311707
4347,-0.315943032503128,0.470637798309326,-0.320266097784042,-0.632185697555542
4348,0.18378809094429,0.76636403799057,0.260968834161758,0.337215274572372
4349,-0.999548673629761,0.0300430674105883,-0.745687246322632,0.910163938999176
4350,-0.438842207193375,0.898564219474792,-0.316256791353226,1.21042108535767
4351,-0.92529296875,0.0276029389351606,-0.742105960845947,1.52191460132599
4352,-0.900404691696167,-0.0419904254376888,-0.702995717525482,0.997298240661621
4353,-0.915972948074341,-0.0411565229296684,-0.751932621002197,1.31690990924835
4354,-0.909635186195374,0.063017837703228,-0.71759557723999,1.50267064571381
4355,-0.902294874191284,0.266810774803162,-0.735745668411255,1.78783667087555
4356,-0.796075642108917,-0.0643515810370445,-0.333910286426544,0.268159151077271
4357,-0.520446836948395,0.0284955073148012,-0.363341361284256,-0.315042912960052
4358,-0.883621215820312,-0.202600419521332,-0.697625279426575,0.870533645153046
4359,-0.425034135580063,0.905177354812622,-0.265360236167908,1.47830665111542
4360,-0.923192262649536,0.0315434373915195,-0.726668059825897,1.53085660934448
4361,-0.899186849594116,0.0725701525807381,-0.698609054088593,1.02219414710999
4362,-0.174607574939728,0.600066959857941,0.20633502304554,0.0299999993294477
4363,-0.241817474365234,0.102707654237747,0.69627445936203,0.471537590026855
4364,-0.357348889112473,-0.21086274087429,-0.559977769851685,-1.03535294532776
4365,-0.908856570720673,0.0758574679493904,-0.68582957983017,1.05364990234375
4366,-0.937085270881653,0.0405916944146156,-0.762487232685089,1.56994950771332
4367,0.290101200342178,0.956996023654938,0.198430463671684,-1.14168810844421
4368,-0.735418498516083,0.233455210924149,-0.673346221446991,-0.805913209915161
4369,-0.942612946033478,0.0853146910667419,-0.776504218578339,1.55194437503815
4370,-0.791417360305786,-0.11002055555582,-0.337666809558868,0.157716229557991
4371,-0.545953810214996,0.837815344333649,-0.122251898050308,1.82767820358276
4372,-0.942596137523651,0.0126804243773222,-0.76331090927124,1.60629498958588
4373,-0.937656939029694,0.048224326223135,-0.739920675754547,1.58995604515076
4374,-0.0171450674533844,0.676970064640045,0.219798639416695,-0.320278972387314
4375,-0.899289846420288,-0.200022011995316,-0.793111979961395,0.982722401618958
4376,-0.206838503479958,0.666937708854675,-0.27257040143013,0.152579337358475
4377,-0.232865139842033,-0.0345150679349899,-0.682908892631531,-0.584298372268677
4378,-0.297256410121918,-0.00504561327397823,-0.560068309307098,-0.880553960800171
4379,-0.0816999450325966,0.680387437343597,-0.283038258552551,0.154375031590462
4380,-0.381643831729889,0.68392688035965,-0.552892684936523,-1.10530924797058
4381,NA,NA,NA,NA
4382,NA,NA,NA,NA
4383,0.238143891096115,0.849465548992157,0.228700339794159,0.0578069090843201
4384,-0.500378608703613,0.865806758403778,-0.23529414832592,0.189900562167168
4385,NA,NA,NA,NA
4386,NA,NA,NA,NA
4387,NA,NA,NA,NA
4388,NA,NA,NA,NA
4389,NA,NA,NA,NA
4390,NA,NA,NA,NA
4391,NA,NA,NA,NA
4392,-0.42344343662262,-0.859357059001923,-0.721240043640137,-0.858541190624237
4393,NA,NA,NA,NA
4394,-0.409646183252335,-0.846750259399414,-0.585038423538208,-0.893610715866089
4395,-0.573985397815704,0.818865597248077,-0.10771069675684,0.862694501876831
4396,-0.634766161441803,0.772704362869263,-0.15988864004612,0.706448614597321
4397,NA,NA,NA,NA
4398,-0.293242245912552,0.956038236618042,-0.139266133308411,1.05428946018219
4399,-0.444034099578857,-0.858590066432953,-0.43647700548172,-0.131646662950516
4400,NA,NA,NA,NA
4401,-0.39265963435173,0.0383526459336281,-0.631133735179901,0.974500894546509
4402,-0.404025733470917,-0.101611040532589,-1.24400866031647,0.348757266998291
4403,NA,NA,NA,NA
4404,NA,NA,NA,NA
4405,NA,NA,NA,NA
4406,-0.421624034643173,-0.0592075400054455,-1.17653048038483,0.0126697905361652
4407,-0.146623358130455,-0.989192426204681,-0.310616791248322,-0.564400613307953
4408,-0.433181256055832,-0.0923923254013062,-1.18945610523224,0.185688808560371
4409,-0.142605125904083,-0.989779710769653,-0.324032813310623,-0.570964872837067
4410,-0.241897955536842,0.970301747322083,-0.245772197842598,0.653814077377319
4411,-0.249144062399864,-0.968466460704803,-0.651259779930115,-0.839869379997253
4412,-0.118672706186771,-0.992933452129364,-0.268997967243195,-0.453212976455688
4413,-0.229322329163551,0.973350584506989,-0.28244286775589,1.19730544090271
4414,NA,NA,NA,NA
4415,NA,NA,NA,NA
4416,-0.16459658741951,-0.986361026763916,-0.701380550861359,-0.9302858710289
4417,0.740827620029449,-0.671695291996002,0.15364982187748,-0.550781428813934
4418,NA,NA,NA,NA
4419,NA,NA,NA,NA
4420,NA,NA,NA,NA
4421,NA,NA,NA,NA
4422,-0.40837824344635,0.00408169161528349,-1.04118692874908,-1.06821918487549
4423,-0.620012044906616,-0.00464221136644483,-0.639875173568726,-1.71445798873901
4424,NA,NA,NA,NA
4425,NA,NA,NA,NA
4426,NA,NA,NA,NA
4427,NA,NA,NA,NA
4428,NA,NA,NA,NA
4429,NA,NA,NA,NA
4430,NA,NA,NA,NA
4431,NA,NA,NA,NA
4432,NA,NA,NA,NA
4433,NA,NA,NA,NA
4434,NA,NA,NA,NA
4435,NA,NA,NA,NA
4436,NA,NA,NA,NA
4437,NA,NA,NA,NA
4438,-0.0641153007745743,-0.0921808406710625,-0.659063756465912,-0.834169626235962
4439,NA,NA,NA,NA
4440,NA,NA,NA,NA
4441,NA,NA,NA,NA
4442,NA,NA,NA,NA
4443,NA,NA,NA,NA
4444,NA,NA,NA,NA
4445,NA,NA,NA,NA
4446,NA,NA,NA,NA
4447,NA,NA,NA,NA
4448,NA,NA,NA,NA
4449,NA,NA,NA,NA
4450,NA,NA,NA,NA
4451,NA,NA,NA,NA
4452,NA,NA,NA,NA
4453,-0.213213339447975,-0.97700572013855,-0.191971927881241,-0.329964756965637
4454,-0.993952810764313,-0.109808444976807,-0.737928152084351,1.22252023220062
4455,-0.16066563129425,0.416501343250275,-0.293183416128159,-0.41689595580101
4456,NA,NA,NA,NA
4457,NA,NA,NA,NA
4458,NA,NA,NA,NA
4459,NA,NA,NA,NA
4460,NA,NA,NA,NA
4461,-0.066151887178421,-0.149893879890442,-0.656587183475494,-0.875834405422211
4462,-0.339088588953018,0.187184736132622,0.059489231556654,0.4648377597332
4463,-0.403355062007904,0.915043592453003,0.0911097824573517,0.362483739852905
4464,NA,NA,NA,NA
4465,NA,NA,NA,NA
4466,NA,NA,NA,NA
4467,-0.497982054948807,0.867187440395355,-0.554934442043304,1.23801386356354
4468,-0.314720809459686,0.949184358119965,-0.32927742600441,1.65961122512817
4469,-0.480701893568039,0.621562659740448,-0.593485653400421,1.25802874565125
4470,-0.401061475276947,0.477019846439362,-0.465541213750839,1.56464385986328
4471,-0.514805614948273,0.749461710453033,-0.576790869235992,1.26120209693909
4472,-0.485671311616898,0.478048294782639,-0.610255837440491,1.08395445346832
4473,-0.424832880496979,0.461817145347595,-0.622051954269409,1.17068290710449
4474,-0.269131779670715,0.963103413581848,-0.399682879447937,1.56870090961456
4475,-0.40204331278801,0.479790151119232,-0.680324256420135,0.674024403095245
4476,-0.449272781610489,0.265521854162216,-0.618146896362305,1.0693678855896
4477,-0.516320466995239,0.856395542621613,-0.621776103973389,1.07443809509277
4478,-0.199890211224556,0.979818344116211,-0.243942648172379,1.73693013191223
4479,-0.370971620082855,0.928644239902496,-0.421529024839401,1.69100451469421
4480,-0.342011481523514,0.939695835113525,-0.381527215242386,1.77900052070618
4481,-0.539496839046478,0.663231313228607,-0.62366908788681,1.03525245189667
4482,-0.403729677200317,0.914878368377686,-0.485016375780106,1.5258754491806
4483,-0.143588036298752,0.0802526324987411,-0.466675043106079,1.6287704706192
4484,-0.557125389575958,0.661622107028961,-0.599967181682587,1.0843917131424
4485,-0.163721457123756,0.0168852377682924,-0.458474338054657,1.61554801464081
4486,-0.22974506020546,-0.00997929554432631,-0.712693393230438,0.0885985791683197
4487,-0.133800506591797,-0.00171687267720699,-0.694394826889038,0.534582734107971
4488,-0.211429432034492,0.187008231878281,-0.514117240905762,1.4622495174408
4489,-0.0851513296365738,0.403844445943832,-0.436414301395416,-0.108589828014374
4490,-0.133664533495903,0.109249658882618,-0.473134517669678,1.62638425827026
4491,-0.199064806103706,0.979986369609833,-0.219613596796989,1.08013069629669
4492,-0.139713883399963,0.00883395224809647,-0.693785309791565,0.474553287029266
4493,-0.167634919285774,0.0142051689326763,-0.47369971871376,1.62570858001709
4494,-0.420933395624161,0.907091617584229,-0.529544711112976,1.41394603252411
4495,-0.304009050130844,0.952669203281403,-0.375205457210541,1.40759229660034
4496,-0.556544959545135,0.605315387248993,-0.605030953884125,1.09528112411499
4497,-0.375870615243912,0.529417097568512,-0.702545464038849,-0.373253017663956
4498,-0.138785630464554,0.018032668158412,-0.60701197385788,1.0467381477356
4499,-0.424173951148987,0.217218786478043,-0.716504335403442,0.0819012597203255
4500,-0.296605199575424,-0.00303299818187952,-0.67144900560379,0.698905527591705
4501,-0.185171827673912,-0.982706189155579,-0.480616331100464,-0.875506818294525
4502,0.0354834236204624,-0.999370336532593,-0.223687350749969,-0.57672518491745
4503,0.023613641038537,-0.999721229076385,-0.29844069480896,-0.483160048723221
4504,-0.377536088228226,-0.0178342834115028,-0.710700869560242,-0.406218767166138
4505,0.0690199062228203,-0.0430453382432461,0.704428970813751,0.188997119665146
4506,0.326714217662811,0.328657984733582,1.07894289493561,-0.136145487427711
4507,-0.306207984685898,-0.013594213873148,-0.650038421154022,0.838324248790741
4508,-0.267618209123611,0.287356704473495,-0.707759976387024,0.443846940994263
4509,-0.670905947685242,-0.654719591140747,-0.157169699668884,0.4764264523983
4510,-0.258889973163605,-0.965906858444214,-0.338414162397385,-0.488103121519089
4511,-0.308419555425644,0.172522246837616,-0.698323667049408,-0.423531651496887
4512,-0.103423200547695,0.83960896730423,-0.212079614400864,0.533216238021851
4513,-0.259356617927551,-0.00234663859009743,-0.574849724769592,1.16771364212036
4514,-0.299899309873581,-0.00702563533559442,-0.720905780792236,0.0268470458686352
4515,-0.13908851146698,0.0157203022390604,0.630723118782043,-0.929487228393555
4516,-0.148975312709808,0.0172707028687,0.633790910243988,-0.923230350017548
4517,-0.490606784820557,0.0391556583344936,-0.430549323558807,1.37966513633728
4518,-0.259459018707275,-0.0030162138864398,-0.592626631259918,1.13658154010773
4519,-0.313591778278351,0.0354135297238827,-0.69718337059021,0.497988492250443
4520,-0.356341272592545,-0.013366075232625,-0.700550138950348,0.38200855255127
4521,-0.420862764120102,0.907124400138855,-0.155489414930344,0.746144592761993
4522,-0.225784242153168,0.41392657160759,-0.318654894828796,0.579328238964081
4523,-0.259481817483902,-0.00290180137380958,-0.585162878036499,1.20142328739166
4524,-0.259508669376373,-0.00271030748263001,-0.594460546970367,1.12780463695526
4525,-0.312591373920441,-0.949887752532959,-0.355247050523758,-1.10078608989716
4526,-0.317093640565872,-0.0170585252344608,-0.690369248390198,0.442396104335785
4527,-0.296894073486328,0.0399448350071907,-0.572912871837616,1.20664095878601
4528,-0.353649795055389,-0.125666081905365,-0.727331638336182,-0.204910352826118
4529,-0.160325512290001,-0.987064242362976,-0.350758254528046,-0.687793433666229
4530,-0.323721140623093,0.0470291972160339,-0.709798812866211,-0.174060106277466
4531,-0.365163773298264,0.00647890148684382,-0.711385846138,-0.0915993452072144
4532,-0.358606278896332,0.933488965034485,-0.243756011128426,1.26357507705688
4533,-0.173658043146133,-0.844235420227051,-0.371933370828629,-0.687610387802124
4534,-0.494957685470581,0.868917167186737,-0.184099271893501,1.11451268196106
4535,-0.605331838130951,-0.769246578216553,-0.309413820505142,-0.353105783462524
4536,NA,NA,NA,NA
4537,-0.428892016410828,-0.903355836868286,-0.342044949531555,-0.509651720523834
4538,-0.914894163608551,-0.403693944215775,-1.59248340129852,-1.94594061374664
4539,-0.25955131649971,-0.00158051471225917,-0.594074964523315,1.12053263187408
4540,-0.533265590667725,0.100385963916779,-0.305477797985077,-0.202185943722725
4541,0.998865604400635,0.0476189740002155,0.314820826053619,-0.137854754924774
4542,-0.999971091747284,-0.00760987214744091,-1.65672087669373,-1.70873284339905
4543,-0.8876131772995,-0.460589796304703,-1.53102743625641,-2.32891368865967
4544,-0.937582850456238,-0.347762137651443,-1.49863231182098,-2.25009059906006
4545,-0.175024375319481,0.810930609703064,0.51456093788147,0.883531928062439
4546,-0.323540359735489,0.0770742669701576,-0.668020129203796,0.782869458198547
4547,-0.303685009479523,-0.247779384255409,-0.580762505531311,-0.162856996059418
4548,-0.264338463544846,-0.0339160151779652,-0.737980425357819,-0.0917129293084145
4549,-0.305232405662537,0.0496139079332352,-0.692060351371765,0.245500728487968
4550,-0.308977067470551,-0.0214847959578037,-0.691884756088257,0.281376421451569
4551,0.0111479554325342,-0.999937891960144,-0.255524426698685,-0.594657003879547
4552,-0.30008128285408,0.953913688659668,-0.256587505340576,1.12831723690033
4553,-0.993380844593048,-0.1148676648736,-1.58837902545929,-1.88538730144501
4554,-0.96104371547699,-0.276396632194519,-1.51446640491486,-1.926114320755
4555,-0.040821734815836,-0.999166488647461,-0.264144271612167,-0.671048939228058
4556,-0.29265695810318,-0.534581363201141,-0.470664590597153,-0.583357453346252
4557,-0.315467894077301,-0.00332063436508179,-0.710117995738983,-0.167552158236504
4558,-0.670116007328033,0.0957357808947563,-0.28951096534729,0.013441938906908
4559,-0.510480523109436,0.859889388084412,-0.439494252204895,1.13135504722595
4560,-0.324347943067551,-0.915690064430237,-0.295082807540894,-0.689452052116394
4561,-0.195112302899361,-0.980780959129333,-0.292318135499954,-0.796466290950775
4562,-0.138970345258713,0.016928106546402,0.625787138938904,-0.938534498214722
4563,NA,NA,NA,NA
4564,0.438875705003738,-0.898547828197479,0.124966248869896,-0.653036653995514
4565,-0.327435314655304,0.944873631000519,0.0576475001871586,0.520228743553162
4566,-0.0555275194346905,-0.998457193374634,-0.151208624243736,-0.516210913658142
4567,NA,NA,NA,NA
4568,-0.292683333158493,-0.52534544467926,-0.326007902622223,-0.209625422954559
4569,NA,NA,NA,NA
4570,NA,NA,NA,NA
4571,NA,NA,NA,NA
4572,NA,NA,NA,NA
4573,0.120644219219685,-0.992695868015289,-0.220010697841644,-0.472296923398972
4574,NA,NA,NA,NA
4575,NA,NA,NA,NA
4576,NA,NA,NA,NA
4577,NA,NA,NA,NA
4578,NA,NA,NA,NA
4579,NA,NA,NA,NA
4580,NA,NA,NA,NA
4581,NA,NA,NA,NA
4582,NA,NA,NA,NA
4583,NA,NA,NA,NA
4584,NA,NA,NA,NA
4585,NA,NA,NA,NA
4586,-0.519536674022675,0.101543746888638,-0.71821916103363,-0.778338015079498
4587,-0.229212269186974,-0.498145133256912,-0.519192337989807,-1.02063286304474
4588,-0.0186440106481314,-0.99982625246048,-0.325434327125549,-0.845086514949799
4589,-0.659541606903076,0.0247484650462866,-0.397983342409134,0.165273159742355
4590,NA,NA,NA,NA
4591,NA,NA,NA,NA
4592,NA,NA,NA,NA
4593,NA,NA,NA,NA
4594,-0.0761257410049438,-0.0251237060874701,0.645319044589996,0.872968971729279
4595,0.636873066425323,-0.770968735218048,0.164020121097565,-0.438633322715759
4596,-0.0717313438653946,0.190023109316826,-0.190973788499832,-0.194961309432983
4597,-0.269511759281158,-0.962997138500214,-0.147191151976585,-0.278333872556686
4598,NA,NA,NA,NA
4599,NA,NA,NA,NA
4600,NA,NA,NA,NA
4601,NA,NA,NA,NA
4602,NA,NA,NA,NA
4603,-0.387767672538757,0.921757221221924,-0.170471340417862,0.423801720142365
4604,NA,NA,NA,NA
4605,NA,NA,NA,NA
4606,NA,NA,NA,NA
4607,NA,NA,NA,NA
4608,NA,NA,NA,NA
4609,NA,NA,NA,NA
4610,NA,NA,NA,NA
4611,NA,NA,NA,NA
4612,NA,NA,NA,NA
4613,NA,NA,NA,NA
4614,NA,NA,NA,NA
4615,NA,NA,NA,NA
4616,NA,NA,NA,NA
4617,-0.189202606678009,0.981938123703003,0.195459812879562,0.266097009181976
4618,-0.139651417732239,0.00618353299796581,-0.631084084510803,0.950894832611084
4619,-0.329463183879852,0.523352444171906,-0.547183394432068,1.3684618473053
4620,-0.148538246750832,-0.898595929145813,-0.43425977230072,-0.27336323261261
4621,NA,NA,NA,NA
4622,-0.169538363814354,0.985523641109467,0.205144166946411,0.0884400755167007
4623,0.270661324262619,0.962674677371979,0.00201018434017897,0.949378252029419
4624,0.563924133777618,-0.825826644897461,-0.148552194237709,0.302881598472595
4625,-0.22345258295536,-0.268726855516434,-0.166674315929413,0.475076764822006
4626,-0.0857787430286407,0.792763710021973,-0.211029857397079,0.769767820835114
4627,-0.391098499298096,-0.920348882675171,-0.184760510921478,-0.605692148208618
4628,-0.151755228638649,-0.147441640496254,0.179426625370979,0.174502670764923
4629,-0.995301604270935,-0.0968237370252609,-1.63092148303986,-1.62754654884338
4630,-0.0542935878038406,-0.645771980285645,-0.672799944877625,-0.87130743265152
4631,0.0642144829034805,-0.997936189174652,-0.22277544438839,-0.517473638057709
4632,0.589349985122681,-0.477979362010956,-0.295128703117371,0.748358368873596
4633,-0.315615803003311,0.94888710975647,-0.258312195539474,1.25902163982391
4634,-0.393555819988251,-0.91930079460144,-0.264163345098495,-0.707831501960754
4635,-0.430077999830246,-0.902791798114777,-0.637928247451782,-1.10725951194763
4636,-0.998974025249481,0.0452873781323433,0.384287863969803,1.13632619380951
4637,-0.523927628993988,0.85176283121109,-0.543601989746094,1.24462234973907
4638,-0.583045840263367,-0.812439322471619,-0.298316150903702,-0.276123911142349
4639,-0.778707027435303,-0.0379944071173668,-0.687240362167358,0.903980612754822
4640,-0.0264880135655403,-0.831865727901459,-0.181157797574997,0.384171307086945
4641,NA,NA,NA,NA
4642,NA,NA,NA,NA
4643,0.0940683856606483,-0.99556577205658,-0.0672472417354584,-0.612115681171417
4644,NA,NA,NA,NA
4645,-0.41100662946701,-0.911632418632507,0.0889106690883636,0.533188104629517
4646,-0.209622994065285,-0.977782309055328,0.0467495732009411,0.50952672958374
4647,NA,NA,NA,NA
4648,-0.337162286043167,0.941446602344513,-0.251454770565033,0.550633072853088
4649,0.117993801832199,-0.993014395236969,-0.233318507671356,-0.690956830978394
4650,-0.346148282289505,0.938179850578308,-0.175830438733101,1.73354077339172
4651,-0.858424961566925,0.0523379370570183,-0.653079688549042,1.06836485862732
4652,-0.768520176410675,0.524177610874176,-0.528942465782166,1.58163321018219
4653,-0.843823492527008,0.0245052948594093,-0.709258019924164,0.407804250717163
4654,-0.856059849262238,0.0551797896623611,-0.704714119434357,0.516556859016418
4655,-0.854832649230957,0.0355162993073463,-0.697865426540375,0.477608978748322
4656,-0.848511636257172,0.0296158343553543,-0.70071542263031,0.443955361843109
4657,-0.178207963705063,0.0127294128760695,-0.26080858707428,0.445846974849701
4658,NA,NA,NA,NA
4659,NA,NA,NA,NA
4660,NA,NA,NA,NA
4661,0.0448545105755329,0.00289774034172297,0.708921909332275,-0.221098750829697
4662,-0.298780739307404,0.0309344734996557,-0.483232647180557,0.716853201389313
4663,NA,NA,NA,NA
4664,0.0641143992543221,-0.100548446178436,0.191736117005348,-0.516128599643707
4665,-0.12721560895443,0.233935669064522,0.232376456260681,0.143892034888268
4666,NA,NA,NA,NA
4667,-0.0761778056621552,-0.0508727170526981,0.683815896511078,-0.671455323696136
4668,-0.261190742254257,-0.0116493487730622,0.337379336357117,0.442825108766556
4669,-0.0821513831615448,0.355858087539673,0.362571090459824,-1.53234255313873
4670,-0.123110711574554,0.10394312441349,0.469951152801514,-1.58016788959503
4671,-0.239163458347321,0.000437289942055941,0.696414351463318,0.62554395198822
4672,NA,NA,NA,NA
4673,NA,NA,NA,NA
4674,NA,NA,NA,NA
4675,-0.958403527736664,-0.285416960716248,-0.708876371383667,1.2150365114212
4676,NA,NA,NA,NA
4677,-0.755982995033264,0.0268161427229643,-0.718370079994202,0.225563585758209
4678,-0.442038714885712,0.896996021270752,-0.109602592885494,2.02386927604675
4679,NA,NA,NA,NA
4680,-0.297363489866257,-0.954764366149902,-0.318084210157394,-0.225354701280594
4681,0.999775886535645,-0.0211732387542725,0.374861836433411,-0.245340541005135
4682,-0.269135981798172,0.963102281093597,-0.339932441711426,1.43527507781982
4683,-0.281908601522446,0.170002475380898,-0.257304131984711,0.27375316619873
4684,-0.489859521389008,0.824413120746613,-0.564104318618774,1.31047677993774
4685,-0.41941899061203,0.907792806625366,-0.332832157611847,1.86556589603424
4686,-0.21169139444828,0.977336645126343,-0.127955630421638,0.629172563552856
4687,NA,NA,NA,NA
4688,NA,NA,NA,NA
4689,NA,NA,NA,NA
4690,NA,NA,NA,NA
4691,NA,NA,NA,NA
4692,NA,NA,NA,NA
4693,NA,NA,NA,NA
4694,NA,NA,NA,NA
4695,-0.174469754099846,-0.676572859287262,-0.0988855957984924,-0.174034550786018
4696,NA,NA,NA,NA
4697,NA,NA,NA,NA
4698,NA,NA,NA,NA
4699,NA,NA,NA,NA
4700,0.677401542663574,0.176871508359909,1.47360026836395,-0.0807607471942902
4701,NA,NA,NA,NA
4702,NA,NA,NA,NA
4703,NA,NA,NA,NA
4704,NA,NA,NA,NA
4705,NA,NA,NA,NA
4706,NA,NA,NA,NA
4707,NA,NA,NA,NA
4708,NA,NA,NA,NA
4709,NA,NA,NA,NA
4710,NA,NA,NA,NA
4711,NA,NA,NA,NA
4712,NA,NA,NA,NA
4713,-0.744767904281616,-0.280929774045944,-1.32139444351196,-0.34562224149704
4714,NA,NA,NA,NA
4715,NA,NA,NA,NA
4716,-0.648831605911255,0.0157160069793463,-0.230903193354607,-0.0151132848113775
4717,-0.232927069067955,0.9724942445755,-0.147969052195549,1.81722640991211
4718,0.755099296569824,-0.65561056137085,0.23583972454071,-0.748938620090485
4719,NA,NA,NA,NA
4720,NA,NA,NA,NA
4721,NA,NA,NA,NA
4722,0.165269866585732,-0.728205263614655,0.145940780639648,-0.0400206744670868
4723,NA,NA,NA,NA
4724,NA,NA,NA,NA
4725,-0.440034359693527,-0.897980988025665,-0.242133110761642,-0.379435688257217
4726,-0.0528981201350689,0.998599946498871,-0.313065439462662,0.279879063367844
4727,-0.0388177931308746,0.99924635887146,-0.315890848636627,0.302857220172882
4728,-0.114354185760021,0.993440091609955,-0.350467681884766,0.180337846279144
4729,-0.739596009254456,0.101118557155132,-0.313583970069885,0.226974919438362
4730,-0.832943975925446,0.0298081301152706,-0.696614682674408,0.454285174608231
4731,-0.836730122566223,0.0330935381352901,-0.702590584754944,0.510419368743896
4732,-0.735379040241241,0.033130619674921,-0.704870104789734,0.29534125328064
4733,-0.702640414237976,0.0344003885984421,-1.0505039691925,0.269567877054214
4734,-0.141704320907593,-0.0879830941557884,-0.611186265945435,-0.997412264347076
4735,-0.256981879472733,0.619207799434662,-0.597256422042847,-0.760929107666016
4736,-0.740543127059937,0.245486438274384,-0.708369612693787,0.316370517015457
4737,0.219137981534004,0.388127475976944,-0.187235832214355,0.0264486987143755
4738,0.0964239314198494,0.995340406894684,-0.211954370141029,-0.0906587466597557
4739,-0.7821124792099,0.623137354850769,-0.301337599754333,0.261313170194626
4740,-0.608396708965302,0.0253055058419704,-1.02344417572021,-0.0937920287251472
4741,-0.700389742851257,0.0326817221939564,-1.08052790164948,-1.05252397060394
4742,-0.0701764225959778,0.9975346326828,-0.247915104031563,-0.205142796039581
4743,0.0464274436235428,0.998921692371368,-0.212138742208481,-0.0342553108930588
4744,-0.127321392297745,-0.00757822394371033,-0.696605801582336,0.503241837024689
4745,-0.129186004400253,0.0126324845477939,-0.688923299312592,0.521353363990784
4746,NA,NA,NA,NA
4747,NA,NA,NA,NA
4748,-0.0940541476011276,0.995567142963409,0.379120707511902,-0.183379605412483
4749,NA,NA,NA,NA
4750,NA,NA,NA,NA
4751,NA,NA,NA,NA
4752,NA,NA,NA,NA
4753,NA,NA,NA,NA
4754,-0.999481081962585,0.0322130396962166,-0.722431540489197,1.62101125717163
4755,-0.554448127746582,0.83221834897995,-0.134269133210182,1.1856472492218
4756,NA,NA,NA,NA
4757,NA,NA,NA,NA
4758,NA,NA,NA,NA
4759,NA,NA,NA,NA
4760,NA,NA,NA,NA
4761,NA,NA,NA,NA
4762,NA,NA,NA,NA
4763,NA,NA,NA,NA
4764,-0.101362831890583,-0.493738859891891,-0.613262295722961,-1.09437394142151
4765,NA,NA,NA,NA
4766,NA,NA,NA,NA
4767,NA,NA,NA,NA
4768,NA,NA,NA,NA
4769,NA,NA,NA,NA
4770,-0.606396436691284,0.216157227754593,-0.334895014762878,0.256759464740753
4771,NA,NA,NA,NA
4772,NA,NA,NA,NA
4773,NA,NA,NA,NA
4774,-0.0341252088546753,-0.9994176030159,-0.236981496214867,-0.516029357910156
4775,0.0120061924681067,-0.999927997589111,-0.242040604352951,-0.470044940710068
4776,0.0807526633143425,-0.996734201908112,-0.255359143018723,-0.49445641040802
4777,NA,NA,NA,NA
4778,NA,NA,NA,NA
4779,NA,NA,NA,NA
4780,NA,NA,NA,NA
4781,-0.00301501154899597,-0.999995529651642,-0.256005764007568,-0.433107376098633
4782,-0.359496802091599,0.00283837178722024,0.365138083696365,-0.688186824321747
4783,0.999992668628693,0.00384092284366488,0.0793269202113152,0.0497377403080463
4784,0.8346027135849,-0.550852417945862,0.112271450459957,-0.0661688596010208
4785,NA,NA,NA,NA
4786,0.209170162677765,-0.977879285812378,0.0375636629760265,-0.605683267116547
4787,NA,NA,NA,NA
4788,NA,NA,NA,NA
4789,0.504659712314606,-0.863318383693695,0.046997919678688,-0.84625917673111
4790,NA,NA,NA,NA
4791,NA,NA,NA,NA
4792,NA,NA,NA,NA
4793,NA,NA,NA,NA
4794,NA,NA,NA,NA
4795,NA,NA,NA,NA
4796,NA,NA,NA,NA
4797,-0.00088026566663757,-0.999999642372131,-0.287950128316879,-0.786054015159607
4798,NA,NA,NA,NA
4799,NA,NA,NA,NA
4800,NA,NA,NA,NA
4801,NA,NA,NA,NA
4802,NA,NA,NA,NA
4803,NA,NA,NA,NA
4804,NA,NA,NA,NA
4805,NA,NA,NA,NA
4806,NA,NA,NA,NA
4807,NA,NA,NA,NA
4808,NA,NA,NA,NA
4809,NA,NA,NA,NA
4810,NA,NA,NA,NA
4811,NA,NA,NA,NA
4812,NA,NA,NA,NA
4813,0.753895461559296,-0.656994462013245,-0.266241997480392,0.581833362579346
4814,NA,NA,NA,NA
4815,NA,NA,NA,NA
4816,NA,NA,NA,NA
4817,NA,NA,NA,NA
4818,-0.296451479196548,-0.890017032623291,-0.328163266181946,-0.302542120218277
4819,-0.404147207736969,-0.232982784509659,-0.250143855810165,0.0890322253108025
4820,NA,NA,NA,NA
4821,NA,NA,NA,NA
4822,NA,NA,NA,NA
4823,-0.393528342247009,0.919312536716461,-0.0519178956747055,1.56311964988708
4824,NA,NA,NA,NA
4825,-0.998152375221252,-0.060761246830225,-1.66923475265503,-1.2198132276535
4826,-0.74792093038559,0.359674096107483,-0.595444202423096,1.55702197551727
4827,0.948485851287842,-0.316819667816162,0.359272599220276,-0.945279359817505
4828,-0.668849050998688,0.0406012907624245,-0.249272599816322,0.440878063440323
4829,0.944300889968872,-0.329083532094955,0.330066710710526,-0.631080567836761
4830,-0.224049389362335,-0.974577844142914,-0.2872673869133,-0.673885822296143
4831,0.893532335758209,-0.448998987674713,0.291161388158798,-0.759450018405914
4832,NA,NA,NA,NA
4833,-0.328021854162216,0.9446702003479,-0.224541544914246,0.626796126365662
4834,-0.705927073955536,-0.177948862314224,-0.689297199249268,0.458272635936737
4835,NA,NA,NA,NA
4836,NA,NA,NA,NA
4837,NA,NA,NA,NA
4838,NA,NA,NA,NA
4839,-0.302036136388779,-0.953296542167664,-0.161815017461777,-0.628087818622589
4840,0.032596044242382,-0.399278312921524,-0.703843355178833,-0.215779006481171
4841,NA,NA,NA,NA
4842,NA,NA,NA,NA
4843,NA,NA,NA,NA
4844,0.783881843090057,0.0989753603935242,0.298941642045975,0.202877521514893
4845,NA,NA,NA,NA
4846,NA,NA,NA,NA
4847,NA,NA,NA,NA
4848,NA,NA,NA,NA
4849,NA,NA,NA,NA
4850,NA,NA,NA,NA
4851,0.0316181257367134,-0.999500095844269,-0.265282779932022,-0.317217350006104
4852,NA,NA,NA,NA
4853,NA,NA,NA,NA
4854,0.0440724492073059,-0.00869908183813095,-0.665008306503296,0.928343653678894
4855,NA,NA,NA,NA
4856,0.339716345071793,-0.940527975559235,0.128221824765205,0.486921489238739
4857,-0.57737410068512,0.816479802131653,-0.172855079174042,0.43283748626709
4858,0.0279860328882933,-0.999608337879181,0.148206621408463,0.0765046924352646
4859,NA,NA,NA,NA
4860,NA,NA,NA,NA
4861,NA,NA,NA,NA
4862,NA,NA,NA,NA
4863,-0.344433218240738,0.0788989663124084,-0.20503842830658,-0.0212403666228056
4864,NA,NA,NA,NA
4865,NA,NA,NA,NA
4866,-0.241531655192375,-0.970393002033234,-0.159691363573074,-0.403208136558533
4867,NA,NA,NA,NA
4868,NA,NA,NA,NA
4869,NA,NA,NA,NA
4870,-0.842541038990021,0.0740556567907333,-0.67644602060318,0.796021699905396
4871,0.998424589633942,-0.0561108402907848,1.87714767456055,0.899887144565582
4872,NA,NA,NA,NA
4873,0.218682885169983,-0.975796043872833,-0.485150516033173,-1.10844123363495
4874,NA,NA,NA,NA
4875,NA,NA,NA,NA
4876,NA,NA,NA,NA
4877,NA,NA,NA,NA
4878,NA,NA,NA,NA
4879,0.0586275607347488,0.220632627606392,0.303315073251724,0.0845631435513496
4880,0.0318221673369408,-0.916366457939148,0.42149618268013,0.705134987831116
4881,NA,NA,NA,NA
4882,0.143537268042564,-0.989644944667816,0.157651245594025,0.508566617965698
4883,NA,NA,NA,NA
4884,NA,NA,NA,NA
4885,NA,NA,NA,NA
4886,-0.249550670385361,0.968361794948578,0.11278972029686,-0.0133510529994965
4887,-0.0461859330534935,0.998932898044586,0.123845621943474,-0.268009185791016
4888,-0.0674385577440262,0.997723460197449,0.174676164984703,-0.408411473035812
4889,NA,NA,NA,NA
4890,NA,NA,NA,NA
4891,NA,NA,NA,NA
4892,NA,NA,NA,NA
4893,-0.998547255992889,-0.0538840591907501,-0.706126570701599,1.41763305664062
4894,-0.293795078992844,-0.955868482589722,-0.165440320968628,-0.454066395759583
4895,-0.0476452596485615,-0.998864352703094,-0.17094261944294,-0.663986623287201
4896,-0.605318427085876,-0.795983493328094,-0.248104363679886,-0.258666336536407
4897,NA,NA,NA,NA
4898,NA,NA,NA,NA
4899,NA,NA,NA,NA
4900,NA,NA,NA,NA
4901,NA,NA,NA,NA
4902,NA,NA,NA,NA
4903,-0.20364773273468,-0.979044258594513,-0.256160050630569,-0.407608866691589
4904,NA,NA,NA,NA
4905,NA,NA,NA,NA
4906,NA,NA,NA,NA
4907,NA,NA,NA,NA
4908,NA,NA,NA,NA
4909,NA,NA,NA,NA
4910,NA,NA,NA,NA
4911,NA,NA,NA,NA
4912,NA,NA,NA,NA
4913,NA,NA,NA,NA
4914,NA,NA,NA,NA
4915,NA,NA,NA,NA
4916,NA,NA,NA,NA
4917,NA,NA,NA,NA
4918,-0.666338741779327,-0.00198422954417765,-0.713565707206726,-0.167440354824066
4919,-0.0538251958787441,-0.0191339906305075,-0.583915889263153,0.936813116073608
4920,NA,NA,NA,NA
4921,NA,NA,NA,NA
4922,0.629627346992493,-0.776897370815277,0.116194039583206,-0.655056476593018
4923,0.860822141170502,-0.508906006813049,0.253671556711197,-0.595234930515289
4924,NA,NA,NA,NA
4925,NA,NA,NA,NA
4926,NA,NA,NA,NA
4927,-0.517164587974548,0.855886042118073,-0.0544307120144367,0.62616765499115
4928,NA,NA,NA,NA
4929,-0.153621003031731,0.988129913806915,-0.194215908646584,0.901830077171326
4930,0.852636098861694,-0.522505283355713,0.0994774848222733,-0.362326622009277
4931,0.968792021274567,0.247875317931175,0.132609724998474,-0.316881835460663
4932,0.904986679553986,0.425439983606339,0.179377496242523,-0.368081390857697
4933,0.916526317596436,-0.399974554777145,0.1004493907094,-0.434710413217545
4934,0.94796895980835,-0.318362891674042,0.0772539749741554,-0.243460103869438
4935,NA,NA,NA,NA
4936,NA,NA,NA,NA
4937,-0.0951335281133652,0.678198635578156,-0.259366452693939,1.04423844814301
4938,-0.0350151620805264,0.836897552013397,-0.263190001249313,0.920656263828278
4939,NA,NA,NA,NA
4940,-0.317659258842468,0.330093383789062,-0.713919281959534,-0.145732119679451
4941,-0.243972972035408,0.104738801717758,-0.702634990215302,-0.314181447029114
4942,NA,NA,NA,NA
4943,NA,NA,NA,NA
4944,NA,NA,NA,NA
4945,-0.541240930557251,0.840867638587952,-0.445222914218903,1.60733139514923
4946,-0.63044935464859,0.0427443571388721,-0.702144205570221,-0.28981214761734
4947,-0.278761237859726,0.000690442975610495,-0.741404891014099,-0.501793086528778
4948,NA,NA,NA,NA
4949,0.348559826612473,-0.937286615371704,-0.0318591557443142,-0.347546637058258
4950,-0.727279484272003,-0.686341524124146,-0.352586954832077,-0.158772796392441
4951,NA,NA,NA,NA
4952,-0.340829968452454,0.940124988555908,-0.0896036922931671,0.319312185049057
4953,0.69198876619339,-0.721908330917358,0.211701512336731,-0.870679378509521
4954,NA,NA,NA,NA
4955,NA,NA,NA,NA
4956,NA,NA,NA,NA
4957,-0.101575277745724,-0.434414684772491,-0.59347528219223,-0.943727254867554
4958,NA,NA,NA,NA
4959,-0.351639837026596,0.936135411262512,-0.467637449502945,1.57734954357147
4960,-0.994702279567719,0.102798543870449,-0.750483691692352,1.94941163063049
4961,NA,NA,NA,NA
4962,NA,NA,NA,NA
4963,NA,NA,NA,NA
4964,NA,NA,NA,NA
4965,NA,NA,NA,NA
4966,-0.296652436256409,-0.0437216125428677,-0.306754142045975,0.237022593617439
4967,NA,NA,NA,NA
4968,-0.196946710348129,-0.980414271354675,-0.257231265306473,0.0210053641349077
4969,NA,NA,NA,NA
4970,0.189599499106407,0.84249085187912,-0.234660804271698,0.727189600467682
4971,NA,NA,NA,NA
4972,NA,NA,NA,NA
4973,NA,NA,NA,NA
4974,NA,NA,NA,NA
4975,NA,NA,NA,NA
4976,0.162811875343323,0.855729281902313,-0.236562341451645,0.668909728527069
4977,NA,NA,NA,NA
4978,NA,NA,NA,NA
4979,NA,NA,NA,NA
4980,NA,NA,NA,NA
4981,-0.197001248598099,-0.215151071548462,-0.446867763996124,-0.44081124663353
4982,-0.182254076004028,0.446698904037476,-0.207517132163048,0.508684754371643
4983,-0.163680106401443,0.00138930440880358,-0.486207544803619,1.57265520095825
4984,NA,NA,NA,NA
4985,-0.119351305067539,0.110124751925468,-0.479937016963959,1.55518531799316
4986,NA,NA,NA,NA
4987,-0.10099895298481,0.994886517524719,-0.418345540761948,0.140599995851517
4988,-0.999521911144257,-0.0309201721101999,-1.50567185878754,-1.81030058860779
4989,-0.210361555218697,0.561417877674103,-0.643642485141754,0.856384038925171
4990,NA,NA,NA,NA
4991,NA,NA,NA,NA
4992,-0.224785178899765,0.0869125202298164,-0.428837776184082,1.47378492355347
4993,NA,NA,NA,NA
4994,NA,NA,NA,NA
4995,NA,NA,NA,NA
4996,-0.236003205180168,-0.0880902409553528,-0.253186136484146,0.0403349995613098
4997,-0.132318109273911,0.0702162310481071,-0.475315362215042,1.56588411331177
4998,-0.157639518380165,-0.987496793270111,-0.0645089522004128,-0.789415061473846
4999,-0.799939513206482,0.192239686846733,-0.645651757717133,0.967669010162354
5000,-0.447092652320862,-0.894487738609314,-0.77062863111496,-1.17193341255188
5001,-0.429814040660858,-0.902917504310608,-0.639920711517334,-1.04434764385223
5002,-0.255041569471359,0.300989300012589,-0.663073718547821,0.851351141929626
5003,NA,NA,NA,NA
5004,0.175350800156593,0.492039412260056,-0.438669770956039,1.49621880054474
5005,-0.139135465025902,0.0152612337842584,0.63515704870224,-0.912485778331757
5006,-0.259634673595428,0.374466210603714,-0.709454536437988,0.4806227684021
5007,-0.900713384151459,0.157232731580734,-0.650113105773926,1.34177887439728
5008,-0.15285724401474,0.0947133749723434,0.484428524971008,-1.55232644081116
5009,NA,NA,NA,NA
5010,NA,NA,NA,NA
5011,-0.0165674611926079,-0.0575046166777611,0.705535113811493,0.297558009624481
5012,-0.00341218616813421,-0.388237833976746,0.704482674598694,0.366979330778122
5013,-0.316430509090424,0.114080555737019,-0.710184276103973,0.342907458543777
5014,NA,NA,NA,NA
5015,NA,NA,NA,NA
5016,-0.965130746364594,-0.261768460273743,-1.5500955581665,-1.9871472120285
5017,NA,NA,NA,NA
5018,-0.381178081035614,-0.52395236492157,-0.222948297858238,0.4248366355896
5019,0.0796408727765083,-0.996823668479919,-0.173443466424942,-0.338325649499893
5020,-0.170393854379654,-0.950430572032928,-0.239558577537537,-0.00182376429438591
5021,NA,NA,NA,NA
5022,NA,NA,NA,NA
5023,0.0308066718280315,-0.166912704706192,0.706111431121826,0.118509724736214
5024,0.116420671343803,0.9932000041008,0.357362329959869,-0.422903150320053
5025,0.0452464558184147,0.998975872993469,0.35864320397377,-0.30053573846817
5026,0.0994583293795586,0.995041728019714,0.357100993394852,-0.391085505485535
5027,0.935958027839661,0.352111756801605,-0.312817513942719,0.517088651657104
5028,-0.0523340329527855,0.668536603450775,0.233118310570717,-0.54712963104248
5029,-0.314696073532104,0.0767479091882706,0.661895275115967,-0.914454698562622
5030,-0.28634637594223,0.11065898090601,0.673279345035553,-0.75142115354538
5031,-0.294898271560669,0.0176150407642126,0.675301194190979,-0.765342354774475
5032,-0.0934253931045532,0.995626330375671,0.277564376592636,-0.174099862575531
5033,-0.28953492641449,0.0372912436723709,0.670839488506317,-0.800507485866547
5034,0.024917995557189,-0.999689519405365,0.359646320343018,0.49068495631218
5035,-0.0198431126773357,-0.999803125858307,-0.328599661588669,-0.209740549325943
5036,-0.124258682131767,0.0555435717105865,-0.275608062744141,-0.325590372085571
5037,NA,NA,NA,NA
5038,-0.249291926622391,-0.000947452150285244,0.531830132007599,-1.3290628194809
5039,-0.159091845154762,0.0170155968517065,0.654802918434143,-0.746859073638916
5040,-0.111774496734142,0.993733644485474,-0.4733667075634,-0.101650908589363
5041,0.0533072017133236,0.948379933834076,-0.235971048474312,0.28293588757515
5042,-0.998142540454865,0.0609227977693081,0.281315177679062,1.87977135181427
5043,-0.260656476020813,0.00466828793287277,-0.670308649539948,0.814604938030243
5044,-0.0165290758013725,0.926876485347748,-0.169031485915184,0.139345824718475
5045,-0.256123393774033,0.317607074975967,-0.656242847442627,0.874681711196899
5046,NA,NA,NA,NA
5047,-0.285649120807648,0.018804244697094,-0.138574093580246,0.487186104059219
5048,-0.0161248873919249,0.99987006187439,0.376664280891418,-0.194424450397491
5049,0.0887029469013214,0.996058166027069,0.362524390220642,-0.379246860742569
5050,-0.0330829881131649,0.999452650547028,0.375833183526993,-0.163070574402809
5051,0.0338638760149479,-0.0560990162193775,0.714651465415955,0.0227021910250187
5052,-0.373332440853119,-0.68872857093811,-0.206711009144783,0.166642874479294
5053,-0.0435557886958122,-0.999051034450531,-0.150632724165916,-0.288691163063049
5054,-0.552744090557098,-0.184081807732582,0.613846898078918,-0.5406773686409
5055,-0.449740320444107,-0.0186021737754345,0.69742077589035,-0.447991073131561
5056,-0.274300336837769,0.77866530418396,0.261340439319611,-0.304223418235779
5057,-0.0459452234208584,-0.998943984508514,0.280429869890213,0.445423245429993
5058,-0.141593977808952,0.152314856648445,-0.213041543960571,-0.0929763242602348
5059,NA,NA,NA,NA
5060,0.998759686946869,0.0497911646962166,0.351188123226166,-0.154004782438278
5061,-0.245194673538208,0.125054016709328,-0.677797913551331,0.775949060916901
5062,NA,NA,NA,NA
5063,NA,NA,NA,NA
5064,NA,NA,NA,NA
5065,0.128608152270317,0.912918865680695,-0.248727455735207,0.831506192684174
5066,NA,NA,NA,NA
5067,0.259642422199249,0.762116551399231,-0.235997647047043,1.11251974105835
5068,NA,NA,NA,NA
5069,-0.2348403185606,0.211176857352257,-0.347155183553696,-0.095795065164566
5070,-0.235494539141655,0.176873341202736,-0.672710061073303,0.812822937965393
5071,-0.287652581930161,-0.0318494737148285,-0.669601142406464,0.869406998157501
5072,0.0425293818116188,0.999095261096954,-0.364643812179565,0.301263153553009
5073,0.028326079249382,-0.0883660688996315,0.711789548397064,0.0714194029569626
5074,-0.170647293329239,-0.842874646186829,-0.367946684360504,0.0454923771321774
5075,0.838516891002655,-0.329711705446243,0.256555378437042,-0.158410936594009
5076,NA,NA,NA,NA
5077,-0.31498908996582,-0.94909530878067,-0.300377786159515,-0.585879147052765
5078,-0.11930887401104,0.992857217788696,-0.35345071554184,0.152937486767769
5079,-0.114009879529476,0.683288633823395,-0.563418626785278,1.08914959430695
5080,0.242018595337868,0.880757093429565,-0.239554867148399,0.973119080066681
5081,0.0308606512844563,-0.0580640807747841,-0.712850630283356,-0.0464572347700596
5082,NA,NA,NA,NA
5083,NA,NA,NA,NA
5084,NA,NA,NA,NA
5085,-0.111004337668419,0.127426519989967,0.476261794567108,-1.5779345035553
5086,0.0321936942636967,-0.0623365491628647,-0.715765297412872,-0.0348979830741882
5087,-0.0372613333165646,0.999305605888367,0.205878630280495,0.243707656860352
5088,NA,NA,NA,NA
5089,NA,NA,NA,NA
5090,NA,NA,NA,NA
5091,NA,NA,NA,NA
5092,NA,NA,NA,NA
5093,-0.187060832977295,0.982348322868347,0.401204228401184,0.394256800413132
5094,NA,NA,NA,NA
5095,-0.15445838868618,-0.303309291601181,-0.272924929857254,0.0412152111530304
5096,-0.73746645450592,0.430060923099518,-0.37369167804718,0.89756041765213
5097,NA,NA,NA,NA
5098,-0.72688490152359,-0.22921396791935,-1.23517620563507,-1.67394828796387
5099,0.0827230513095856,-0.996572613716125,-0.278366714715958,-0.633537828922272
5100,NA,NA,NA,NA
5101,NA,NA,NA,NA
5102,NA,NA,NA,NA
5103,-0.45225465297699,-0.531898856163025,0.322131931781769,-1.13055753707886
5104,NA,NA,NA,NA
5105,NA,NA,NA,NA
5106,-0.157537430524826,0.578679084777832,-0.41363525390625,1.38119184970856
5107,-0.125401347875595,-0.26318171620369,0.215922549366951,-0.263642489910126
5108,-0.16378216445446,-0.00897742714732885,0.478485584259033,-1.56420040130615
5109,NA,NA,NA,NA
5110,-0.235741883516312,-0.016321362927556,-0.250272184610367,-0.0232967287302017
5111,-0.472356915473938,-0.0304488763213158,-0.633861899375916,0.94464123249054
5112,NA,NA,NA,NA
5113,0.998347401618958,0.0574676804244518,0.296264111995697,-0.0654889419674873
5114,-0.0222204346209764,-0.592727661132812,-0.676448047161102,-1.13059043884277
5115,NA,NA,NA,NA
5116,-0.91748058795929,-0.119515120983124,-1.55932438373566,-1.98498833179474
5117,0.062775231897831,0.998027741909027,-0.23199850320816,1.0573216676712
5118,-0.155391335487366,-0.987853050231934,-0.317495971918106,-0.495375782251358
5119,-0.248726293444633,0.0189162474125624,-0.718308866024017,-0.149791926145554
5120,-0.231641590595245,-0.217920646071434,-0.677670538425446,-0.716280519962311
5121,-0.277360826730728,0.117289468646049,-0.66850745677948,0.870947778224945
5122,0.00692763132974505,-0.9999760389328,-0.264512538909912,-0.350058555603027
5123,-0.364831447601318,0.604292273521423,-0.447375655174255,1.63157021999359
5124,-0.434600651264191,0.900623321533203,-0.232555240392685,0.536500751972198
5125,NA,NA,NA,NA
5126,-0.185826167464256,-0.982582688331604,0.246134713292122,-0.212940484285355
5127,-0.284977704286575,-0.958534181118011,0.361047148704529,-0.836852848529816
5128,-0.00330851413309574,0.185571983456612,0.703847348690033,0.463574975728989
5129,NA,NA,NA,NA
5130,NA,NA,NA,NA
5131,-0.185979232192039,0.161050841212273,-0.438693165779114,-0.334636807441711
5132,NA,NA,NA,NA
5133,0.0482642948627472,0.00259112613275647,-0.69201272726059,0.656719028949738
5134,0.136485487222672,-0.990642130374908,-0.238100305199623,-0.567914843559265
5135,NA,NA,NA,NA
5136,NA,NA,NA,NA
5137,-0.127880230545998,0.106289498507977,0.487708032131195,-1.58661067485809
5138,-0.451300442218781,0.892372131347656,-0.250813603401184,1.42885959148407
5139,NA,NA,NA,NA
5140,-0.22882653772831,0.0418258234858513,-0.288486003875732,0.588033854961395
5141,-0.259947746992111,-0.00563926249742508,-0.707948803901672,-0.334632962942123
5142,-0.130886077880859,0.991397440433502,-0.167863056063652,0.903962016105652
5143,NA,NA,NA,NA
5144,-0.998476326465607,-0.0551823563873768,-1.69794166088104,0.0207682736217976
5145,0.0374963469803333,-0.00732265738770366,0.708801090717316,-0.588055849075317
5146,-0.789753973484039,0.052143432199955,-0.621084272861481,1.06411933898926
5147,-0.789753615856171,0.0521497689187527,-0.634396851062775,1.09067010879517
5148,NA,NA,NA,NA
5149,-0.823409020900726,0.0227742157876492,-0.705067753791809,0.38499653339386
5150,-0.849324762821198,-0.0310097746551037,-0.677281379699707,0.899122893810272
5151,NA,NA,NA,NA
5152,NA,NA,NA,NA
5153,NA,NA,NA,NA
5154,-0.253106296062469,0.293112099170685,0.707991659641266,0.3777916431427
5155,-0.13916951417923,0.0149460844695568,0.641582548618317,-0.898667871952057
5156,-0.129740923643112,0.00656052818521857,0.699138879776001,-0.402202814817429
5157,0.0730737671256065,0.0184937156736851,0.394207715988159,-1.56559121608734
5158,-0.244855746626854,-0.0492453910410404,0.718854188919067,0.0918926894664764
5159,-0.129746034741402,0.00655756797641516,0.700350105762482,-0.397667169570923
5160,-0.209763780236244,0.116689056158066,0.703468859195709,0.268998622894287
5161,-0.252924889326096,0.0404546149075031,0.677580714225769,-0.787215054035187
5162,-0.185176447033882,0.982705354690552,0.175491258502007,-0.414939045906067
5163,-0.0519480258226395,0.998649835586548,0.150840193033218,-0.81026965379715
5164,-0.20237410068512,0.0709050968289375,0.70328563451767,0.268551737070084
5165,0.178381994366646,0.891753137111664,-0.245752766728401,0.641209185123444
5166,0.0689881667494774,-0.997617542743683,-0.309876620769501,-0.52459043264389
5167,-0.343714565038681,0.0226296745240688,-0.699549555778503,-0.19686995446682
5168,NA,NA,NA,NA
5169,NA,NA,NA,NA
5170,NA,NA,NA,NA
5171,0.0336266234517097,-0.256546169519424,-0.709864914417267,-0.0576837807893753
5172,-0.345384448766708,0.447261869907379,-0.604665577411652,1.12391996383667
5173,NA,NA,NA,NA
5174,NA,NA,NA,NA
5175,0.957901298999786,-0.287097990512848,0.338758945465088,-0.882024168968201
5176,-0.109780266880989,0.993955910205841,0.0440966412425041,0.55625182390213
5177,0.0674526542425156,-0.00981992110610008,-0.675513088703156,0.729097723960876
5178,NA,NA,NA,NA
5179,-0.041883260011673,-0.0323639586567879,-0.739264667034149,0.360823571681976
5180,-0.0512743927538395,-0.0839934274554253,-0.746881067752838,0.342722475528717
5181,-0.041883260011673,-0.0323639586567879,-0.739264667034149,0.360823571681976
5182,-0.0512743927538395,-0.0839934274554253,-0.746881067752838,0.342722475528717
5183,-0.0512743927538395,-0.0839934274554253,-0.746881067752838,0.342722475528717
5184,-0.0488364398479462,-0.0744224861264229,-0.753199756145477,0.333214819431305
5185,-0.0512743927538395,-0.0839934274554253,-0.746881067752838,0.342722475528717
5186,-0.0512743927538395,-0.0839934274554253,-0.746881067752838,0.342722475528717
5187,-0.0512743927538395,-0.0839934274554253,-0.746881067752838,0.342722475528717
5188,-0.0278116073459387,0.0276921894401312,-0.740370273590088,0.234895661473274
5189,-0.0512743927538395,-0.0839934274554253,-0.746881067752838,0.342722475528717
5190,-0.0512743927538395,-0.0839934274554253,-0.746881067752838,0.342722475528717
5191,-0.0490785017609596,0.0164721794426441,0.750288128852844,-0.278149455785751
5192,-0.13325197994709,0.237085953354836,-0.693611860275269,-0.579687118530273
5193,NA,NA,NA,NA
5194,-0.123127192258835,0.157474353909492,-0.699117660522461,-0.593322515487671
5195,NA,NA,NA,NA
5196,-0.14790478348732,-0.0198403634130955,-0.737673878669739,-0.825742602348328
5197,NA,NA,NA,NA
5198,NA,NA,NA,NA
5199,-0.348555237054825,-0.798713386058807,0.219010099768639,-0.278240501880646
5200,0.11396723985672,-0.993484556674957,0.160950809717178,0.630921840667725
5201,-0.0324137732386589,-0.999474585056305,0.220486953854561,1.40362417697906
5202,-0.235497176647186,-0.971875071525574,0.797311842441559,2.89544582366943
5203,NA,NA,NA,NA
5204,0.151656970381737,-0.988433241844177,0.195252075791359,0.99555367231369
5205,-0.575716435909271,0.817649483680725,-0.0773487538099289,0.892888486385345
5206,NA,NA,NA,NA
5207,-0.987621784210205,-0.156854242086411,-1.59679913520813,0.164095416665077
5208,-0.536335468292236,-0.844004929065704,-0.247628271579742,-0.509098708629608
5209,-0.987621784210205,-0.156854242086411,-1.59679913520813,0.164095416665077
5210,-0.987621784210205,-0.156854242086411,-1.59679913520813,0.164095416665077
5211,-0.997671961784363,-0.068196676671505,-0.70529443025589,1.81947505474091
5212,-0.879020929336548,0.0420987755060196,-0.407706141471863,0.848120391368866
5213,-0.299493163824081,0.00268042739480734,-0.614199697971344,1.07108402252197
5214,-0.254495978355408,0.269308984279633,-0.661490142345428,0.868664026260376
5215,-0.257975906133652,0.225417762994766,-0.656310737133026,0.891433298587799
5216,-0.109717361629009,0.756084203720093,0.093170702457428,-0.28556689620018
5217,NA,NA,NA,NA
5218,NA,NA,NA,NA
5219,NA,NA,NA,NA
5220,NA,NA,NA,NA
5221,-0.181724354624748,-0.983349561691284,-0.122874520719051,-0.0161005463451147
5222,-0.424547731876373,-0.0476144254207611,-0.248499512672424,0.486290603876114
5223,0.963559567928314,-0.267494082450867,0.112589634954929,0.0765321403741837
5224,0.884782552719116,-0.46600416302681,0.228388652205467,-0.817977249622345
5225,NA,NA,NA,NA
5226,-0.219731673598289,0.330575406551361,0.231152728199959,-0.185152769088745
5227,-0.619142234325409,0.785278916358948,-0.148066610097885,0.600760877132416
5228,0.0598150417208672,0.00214381492696702,0.642393350601196,-1.09817469120026
5229,-0.462663263082504,0.886534154415131,-0.0716674476861954,0.693566799163818
5230,-0.0113242715597153,-0.999935925006866,0.139495074748993,0.107654474675655
5231,0.256613880395889,-0.966514050960541,0.119886144995689,0.330983757972717
5232,0.0457659177482128,-0.998952269554138,0.15324105322361,0.256426483392715
5233,-0.496863692998886,-0.867828667163849,0.116105623543262,0.309811115264893
5234,0.0183539167046547,-0.99983161687851,0.119726732373238,0.484188258647919
5235,0.146309927105904,-0.989238858222961,0.132227629423141,0.286449879407883
5236,-0.548568964004517,0.836105406284332,-0.101640455424786,0.341793745756149
5237,-0.25288861989975,0.967495441436768,0.23507359623909,0.163132756948471
5238,-0.597187280654907,0.802101910114288,-0.144495412707329,0.710663497447968
5239,-0.203885704278946,-0.313324272632599,0.169857412576675,0.403693556785583
5240,-0.657166182994843,0.753745794296265,-0.226499974727631,-0.0633619278669357
5241,0.0130542274564505,-0.999914824962616,0.191787153482437,0.37959548830986
5242,-0.56218284368515,0.82701301574707,-0.123119175434113,0.261389851570129
5243,-0.0897877886891365,0.0348759889602661,0.309277594089508,0.436439007520676
5244,-0.0485496781766415,-0.0345970094203949,-0.200067356228828,0.13921557366848
5245,NA,NA,NA,NA
5246,NA,NA,NA,NA
5247,NA,NA,NA,NA
5248,-0.104327529668808,-0.994543015956879,-0.244284957647324,-0.0235581342130899
5249,0.162946060299873,0.435352087020874,-0.429715603590012,1.60189521312714
5250,NA,NA,NA,NA
5251,NA,NA,NA,NA
5252,-0.135460764169693,-0.990782678127289,-0.156763941049576,-0.157650083303452
5253,0.999931037425995,-0.0117493467405438,0.298757553100586,-0.332404524087906
5254,NA,NA,NA,NA
5255,NA,NA,NA,NA
5256,NA,NA,NA,NA
5257,NA,NA,NA,NA
5258,NA,NA,NA,NA
5259,NA,NA,NA,NA
5260,NA,NA,NA,NA
5261,NA,NA,NA,NA
5262,NA,NA,NA,NA
5263,NA,NA,NA,NA
5264,-0.593940079212189,-0.804509341716766,-0.202097848057747,-0.334923624992371
5265,NA,NA,NA,NA
5266,0.999960124492645,-0.00893543381243944,0.35562002658844,-0.431052386760712
5267,0.755506575107574,-0.655141174793243,-0.408261120319366,-0.166320294141769
5268,0.822117924690247,-0.536574125289917,-0.333365201950073,-0.290685534477234
5269,NA,NA,NA,NA
5270,NA,NA,NA,NA
5271,NA,NA,NA,NA
5272,-0.0321424193680286,-0.999483346939087,-0.214103430509567,-0.332662433385849
5273,0.76961350440979,0.404032617807388,0.15014822781086,-0.382766157388687
5274,0.707312643527985,0.236131191253662,0.154765725135803,-0.219628363847733
5275,-0.975459814071655,0.220177635550499,-0.0274339057505131,0.398469984531403
5276,-0.995930075645447,0.0901298820972443,-0.00631663110107183,0.376528859138489
5277,0.492067575454712,-0.582164943218231,0.132201701402664,-0.359902381896973
5278,0.861499488353729,-0.174974218010902,0.272270113229752,0.0970543175935745
5279,NA,NA,NA,NA
5280,0.0873978659510612,-0.996173560619354,-0.239337891340256,-0.812895953655243
5281,-0.889391183853149,0.192790761590004,-0.594899356365204,1.4353015422821
5282,NA,NA,NA,NA
5283,NA,NA,NA,NA
5284,NA,NA,NA,NA
5285,-0.335499942302704,0.0295109674334526,-0.464986234903336,-0.248456358909607
5286,-0.188909217715263,-0.394418954849243,-0.54879766702652,-0.5882967710495
5287,-0.297274053096771,-0.0748435258865356,-0.327503323554993,-0.100505992770195
5288,-0.234291523694992,-0.107015326619148,-0.425148904323578,-0.444243311882019
5289,-0.199532806873322,-0.294102966785431,-0.471562892198563,-0.444718480110168
5290,-0.194735273718834,-0.336401998996735,-0.450086176395416,-0.427698075771332
5291,0.342650800943375,0.939462900161743,-0.322236955165863,1.32347130775452
5292,NA,NA,NA,NA
5293,-0.397465258836746,0.91761726140976,-0.483802914619446,1.36640417575836
5294,-0.233263581991196,0.972413599491119,-0.272236377000809,1.17680871486664
5295,NA,NA,NA,NA
5296,-0.197864904999733,0.331955522298813,0.346088469028473,0.443838477134705
5297,-0.616609156131744,0.0893087610602379,-0.542428135871887,0.486756145954132
5298,NA,NA,NA,NA
5299,-0.430262207984924,0.902704000473022,-0.475467950105667,1.45062875747681
5300,NA,NA,NA,NA
5301,NA,NA,NA,NA
5302,-0.350677460432053,-0.287658244371414,-0.610877871513367,-0.878286957740784
5303,-0.178341001272202,-0.669792950153351,-0.454300731420517,-0.753552675247192
5304,-0.218406617641449,-0.517457067966461,-0.388151258230209,-0.411060273647308
5305,-0.162443608045578,0.0567532852292061,-0.449893325567245,-0.864436030387878
5306,-0.235550910234451,-0.971862077713013,-0.67036372423172,-0.895123302936554
5307,NA,NA,NA,NA
5308,NA,NA,NA,NA
5309,-0.537165522575378,-0.68636280298233,0.341852992773056,-0.977664113044739
5310,0.853432357311249,-0.521203756332397,0.289069622755051,-1.16761016845703
5311,NA,NA,NA,NA
5312,NA,NA,NA,NA
5313,-0.0915379971265793,0.775665819644928,0.211026445031166,0.00191259430721402
5314,0.17675793170929,-0.00577886076644063,0.688789963722229,-0.479025065898895
5315,NA,NA,NA,NA
5316,NA,NA,NA,NA
5317,NA,NA,NA,NA
5318,-0.0342450737953186,-0.999413371086121,-0.429614394903183,-0.328489691019058
5319,NA,NA,NA,NA
5320,0.0825652256608009,-0.996585726737976,-0.651120722293854,-0.726144552230835
5321,NA,NA,NA,NA
5322,NA,NA,NA,NA
5323,NA,NA,NA,NA
5324,NA,NA,NA,NA
5325,NA,NA,NA,NA
5326,NA,NA,NA,NA
5327,NA,NA,NA,NA
5328,NA,NA,NA,NA
5329,NA,NA,NA,NA
5330,-0.0499126352369785,0.00122499500866979,-0.601999640464783,0.871034979820251
5331,-0.0499108247458935,0.00119833881035447,-0.601959347724915,0.871037840843201
5332,NA,NA,NA,NA
5333,NA,NA,NA,NA
5334,-0.55647736787796,0.00514680147171021,-0.486566483974457,1.38952016830444
5335,-0.430207043886185,0.902730286121368,-0.136701598763466,0.759285390377045
5336,NA,NA,NA,NA
5337,-0.0722888708114624,0.997383773326874,-0.187547385692596,-0.368696480989456
5338,NA,NA,NA,NA
5339,NA,NA,NA,NA
5340,NA,NA,NA,NA
5341,-0.0463893637061119,-0.998923480510712,-0.543657600879669,-0.47287991642952
5342,-0.195766180753708,-0.772833704948425,-0.373303145170212,0.0365530252456665
5343,-0.160636141896248,0.0430515110492706,-0.931610465049744,-0.229554012417793
5344,-0.377742111682892,0.42549592256546,-0.650335252285004,0.815393090248108
5345,-0.186550408601761,-0.027289405465126,-0.831646919250488,-0.462258607149124
5346,-0.395186066627502,0.918601155281067,-0.0330132991075516,0.828579008579254
5347,-0.188816696405411,-0.00671308254823089,-0.817036509513855,-0.459933310747147
5348,NA,NA,NA,NA
5349,-0.184623926877975,-0.0783762261271477,-0.813099682331085,-0.456671714782715
5350,-0.186550244688988,-0.0272897947579622,-0.831613600254059,-0.462247908115387
5351,-0.186747044324875,-0.0255133546888828,-0.828618168830872,-0.460106879472733
5352,-0.609290301799774,0.792947292327881,-0.161725908517838,1.17772710323334
5353,NA,NA,NA,NA
5354,NA,NA,NA,NA
5355,-0.199831157922745,-0.00644160388037562,-0.709741771221161,0.38527449965477
5356,-0.199813634157181,-0.00629287678748369,-0.710660815238953,0.384740859270096
5357,NA,NA,NA,NA
5358,NA,NA,NA,NA
5359,0.118616342544556,0.889383137226105,-0.240411266684532,0.629253923892975
5360,0.999012768268585,-0.0444253012537956,0.224280670285225,0.043511651456356
5361,NA,NA,NA,NA
5362,NA,NA,NA,NA
5363,NA,NA,NA,NA
5364,NA,NA,NA,NA
5365,NA,NA,NA,NA
5366,NA,NA,NA,NA
5367,NA,NA,NA,NA
5368,-0.256046950817108,0.106434069573879,-0.681456446647644,0.678065121173859
5369,NA,NA,NA,NA
5370,NA,NA,NA,NA
5371,NA,NA,NA,NA
5372,NA,NA,NA,NA
5373,NA,NA,NA,NA
5374,-0.999701619148254,-0.0244304984807968,1.00519371032715,3.02334094047546
5375,NA,NA,NA,NA
5376,-0.260073959827423,-0.810787320137024,-0.158043742179871,-0.451707124710083
5377,NA,NA,NA,NA
5378,NA,NA,NA,NA
5379,-0.236016198992729,-0.971749186515808,-0.165981113910675,-0.481588035821915
5380,NA,NA,NA,NA
5381,NA,NA,NA,NA
5382,0.314719796180725,-0.949184715747833,0.029513705521822,-0.718617081642151
5383,NA,NA,NA,NA
5384,-0.42683744430542,0.904328405857086,-0.366041272878647,1.79466211795807
5385,0.408351272344589,-0.912824928760529,0.247555673122406,-0.681559503078461
5386,-0.4346022605896,-0.900622546672821,0.0401732064783573,-0.513934552669525
5387,NA,NA,NA,NA
5388,-0.215256363153458,0.976557612419128,-0.0870861485600471,0.690403759479523
5389,NA,NA,NA,NA
5390,NA,NA,NA,NA
5391,NA,NA,NA,NA
5392,-0.938877940177917,-0.289772599935532,-1.59908008575439,-1.70319831371307
5393,NA,NA,NA,NA
5394,NA,NA,NA,NA
5395,NA,NA,NA,NA
5396,NA,NA,NA,NA
5397,NA,NA,NA,NA
5398,0.695207595825195,0.140157788991928,0.189576804637909,-0.530651688575745
5399,NA,NA,NA,NA
5400,-0.132459029555321,0.991188526153564,-0.186798766255379,0.856733858585358
5401,-0.409141063690186,0.828257918357849,-0.377599537372589,1.25062608718872
5402,-0.264464139938354,0.131559997797012,-0.689426422119141,0.621439695358276
5403,-0.111424669623375,0.612312734127045,-0.264690935611725,0.511165797710419
5404,-0.274292707443237,0.326653659343719,-0.69967520236969,0.38874289393425
5405,-0.296134054660797,0.406739383935928,-0.606322526931763,1.11218678951263
5406,-0.265354573726654,0.210602134466171,-0.688594579696655,0.58438503742218
5407,-0.255378782749176,0.308655291795731,-0.597231566905975,1.42583501338959
5408,-0.281018108129501,-0.1186763048172,-0.180878922343254,0.131731390953064
5409,-0.325509965419769,-0.0166123658418655,-0.434150904417038,0.0186322927474976
5410,-0.250018894672394,0.297727704048157,-0.693757176399231,0.59455019235611
5411,-0.324261695146561,-0.0963566303253174,-0.352225989103317,0.0904803872108459
5412,-0.293884485960007,0.294842571020126,-0.676631212234497,0.695572435855865
5413,-0.274970710277557,0.00155440741218626,-0.689740538597107,0.62414562702179
5414,-0.244895726442337,0.297286808490753,-0.688073337078094,0.606197237968445
5415,-0.523965060710907,0.851739823818207,-0.569552302360535,1.41613614559174
5416,-0.00291693583130836,-0.896524012088776,0.201644495129585,0.0946624651551247
5417,-0.314418017864227,0.910175740718842,-0.258610755205154,0.202766358852386
5418,-0.0851665660738945,0.0740979686379433,-0.718750774860382,-0.0840720385313034
5419,-0.234346777200699,0.972153127193451,-0.569860875606537,-0.579438090324402
5420,-0.21618427336216,0.976352632045746,0.475487947463989,0.380265831947327
5421,-0.233119145035744,0.972448229789734,0.516670107841492,0.455920338630676
5422,-0.250628113746643,0.968083500862122,0.528886914253235,0.520382523536682
5423,NA,NA,NA,NA
5424,-0.459498554468155,0.888178586959839,-0.287739872932434,0.116819977760315
5425,NA,NA,NA,NA
5426,-0.797854721546173,0.322223663330078,-0.538543164730072,1.42410051822662
5427,NA,NA,NA,NA
5428,-0.868807852268219,0.114604517817497,-0.609839618206024,1.32496821880341
5429,-0.848943829536438,-0.528483211994171,-0.69211608171463,0.777639806270599
5430,NA,NA,NA,NA
5431,NA,NA,NA,NA
5432,NA,NA,NA,NA
5433,NA,NA,NA,NA
5434,NA,NA,NA,NA
5435,-0.339833855628967,-0.806074917316437,-0.186244636774063,0.171871304512024
5436,NA,NA,NA,NA
5437,NA,NA,NA,NA
5438,-0.199548438191414,0.352427393198013,-0.278527855873108,-0.0200060661882162
5439,-0.329000055789948,-0.0137803312391043,-0.249118134379387,-0.253422796726227
5440,-0.0957935079932213,-0.995401263237,-0.278379172086716,-0.542723715305328
5441,NA,NA,NA,NA
5442,NA,NA,NA,NA
5443,0.299502164125443,0.207936927676201,1.0015013217926,-1.41812562942505
5444,NA,NA,NA,NA
5445,NA,NA,NA,NA
5446,NA,NA,NA,NA
5447,NA,NA,NA,NA
5448,NA,NA,NA,NA
5449,0.0172039438039064,-0.275456488132477,0.678781032562256,-0.7092564702034
5450,NA,NA,NA,NA
5451,NA,NA,NA,NA
5452,-0.193380862474442,-0.616581797599792,-0.278157562017441,0.0687419921159744
5453,-0.149574860930443,-0.0215245671570301,-0.240858316421509,0.223151743412018
5454,NA,NA,NA,NA
5455,NA,NA,NA,NA
5456,NA,NA,NA,NA
5457,NA,NA,NA,NA
5458,-0.110926948487759,0.993828594684601,-0.160365134477615,0.98700737953186
5459,-0.521924793720245,-0.8529914021492,0.351067125797272,-0.252846598625183
5460,-0.397941142320633,0.917410969734192,0.238207384943962,-0.821273624897003
5461,-0.458139657974243,0.88888031244278,-0.143847495317459,0.841139018535614
5462,-0.152511596679688,-0.988301753997803,0.182896763086319,0.186150535941124
5463,-0.295521855354309,0.678843021392822,0.266167879104614,-0.482256144285202
5464,NA,NA,NA,NA
5465,-0.492990344762802,0.870034873485565,0.637211918830872,-1.02641665935516
5466,-0.549329042434692,0.183443501591682,0.478748172521591,-0.884694218635559
5467,NA,NA,NA,NA
5468,-0.524067103862762,0.142853498458862,0.788453936576843,-0.946268975734711
5469,-0.610572814941406,0.096894696354866,-0.294777303934097,0.394252210855484
5470,NA,NA,NA,NA
5471,-0.313315331935883,0.949649214744568,0.349822223186493,-1.07330524921417
5472,-0.453654110431671,0.891177892684937,-0.138170555233955,0.726086795330048
5473,NA,NA,NA,NA
5474,-0.365393489599228,0.930853247642517,0.132853612303734,-0.341326534748077
5475,0.730242490768433,-0.683188140392303,0.172160595655441,-0.40333366394043
5476,NA,NA,NA,NA
5477,-0.244059503078461,-0.969760298728943,0.302145600318909,0.303344935178757
5478,NA,NA,NA,NA
5479,-0.105750165879726,0.994392812252045,-0.158539608120918,0.948322474956512
5480,NA,NA,NA,NA
5481,-0.623104453086853,-0.00200689770281315,-0.279987841844559,0.274303644895554
5482,NA,NA,NA,NA
5483,NA,NA,NA,NA
5484,0.159987017512321,-0.987119138240814,-0.28773894906044,-1.10543441772461
5485,0.222747430205345,-0.974876224994659,-0.142838031053543,-0.996146619319916
5486,-0.385858029127121,-0.92255824804306,-0.171267747879028,-0.378482967615128
5487,0.206766203045845,-0.978390455245972,-0.173874124884605,-0.981180012226105
5488,NA,NA,NA,NA
5489,NA,NA,NA,NA
5490,NA,NA,NA,NA
5491,NA,NA,NA,NA
5492,NA,NA,NA,NA
5493,-0.136061638593674,0.13371068239212,-0.708566546440125,-0.341415762901306
5494,NA,NA,NA,NA
5495,NA,NA,NA,NA
5496,NA,NA,NA,NA
5497,NA,NA,NA,NA
5498,NA,NA,NA,NA
5499,0.262059211730957,0.330706238746643,1.2950656414032,-1.09895932674408
5500,NA,NA,NA,NA
5501,NA,NA,NA,NA
5502,NA,NA,NA,NA
5503,-0.162523508071899,0.361651599407196,-0.721258759498596,-0.455730050802231
5504,NA,NA,NA,NA
5505,NA,NA,NA,NA
5506,0.998668134212494,0.051594790071249,0.244478672742844,-0.472024649381638
5507,-0.424738764762878,0.90531599521637,-0.192443683743477,0.757071793079376
5508,NA,NA,NA,NA
5509,-0.726073443889618,0.0350975207984447,-0.62116926908493,1.05638420581818
5510,NA,NA,NA,NA
5511,NA,NA,NA,NA
5512,-0.117051161825657,0.281266212463379,-0.710825085639954,-0.334168612957001
5513,NA,NA,NA,NA
5514,NA,NA,NA,NA
5515,-0.240933060646057,-0.970541775226593,-0.208089739084244,-0.182979315519333
5516,NA,NA,NA,NA
5517,NA,NA,NA,NA
5518,NA,NA,NA,NA
5519,NA,NA,NA,NA
5520,-0.125832587480545,-0.0212292652577162,-0.69586718082428,0.371126592159271
5521,NA,NA,NA,NA
5522,NA,NA,NA,NA
5523,NA,NA,NA,NA
5524,-0.121074251830578,-0.00949874799698591,-0.307098388671875,0.145528122782707
5525,-0.21998105943203,-0.00119829305913299,-0.740247130393982,0.0694782212376595
5526,-0.22797803580761,-0.0608780011534691,-0.855029702186584,-0.548640727996826
5527,-0.11916908621788,0.0130129475146532,-0.70078444480896,0.360572129487991
5528,NA,NA,NA,NA
5529,NA,NA,NA,NA
5530,NA,NA,NA,NA
5531,NA,NA,NA,NA
5532,NA,NA,NA,NA
5533,-0.428052574396133,0.903753876686096,-0.429712325334549,-0.409096956253052
5534,-0.33477994799614,0.155724957585335,-0.236589938402176,-0.119653098285198
5535,-0.250431030988693,0.968134522438049,-0.141247764229774,0.600802361965179
5536,-0.158791288733482,-0.987312197685242,-0.32856473326683,-0.422084420919418
5537,-0.462450414896011,0.886645197868347,-0.217608913779259,0.72588062286377
5538,0.256521373987198,-0.966538608074188,-0.0556405484676361,-0.59272164106369
5539,-0.222753927111626,-0.396597266197205,-0.244859352707863,0.145792379975319
5540,-0.00782397575676441,0.99996942281723,0.428573757410049,-0.00754361972212791
5541,0.0273765549063683,0.999625265598297,-0.279248386621475,0.0434088930487633
5542,-0.0619492903351784,0.998079359531403,0.255086213350296,0.0746825709939003
5543,-0.11905587464571,0.165527313947678,0.281580597162247,-0.460138976573944
5544,0.224349185824394,-0.974508881568909,0.18267534673214,0.460439056158066
5545,-0.246050745248795,0.952274918556213,0.298371076583862,0.0891318842768669
5546,-0.141579851508141,0.373965591192245,0.23399318754673,-0.0896838754415512
5547,-0.175098031759262,0.232681348919868,-0.223793849349022,0.0520799718797207
5548,-0.346141666173935,0.938182294368744,0.384051233530045,0.480290144681931
5549,-0.147154450416565,-0.989113569259644,0.22654789686203,0.431448638439178
5550,-0.242872089147568,0.104329235851765,-0.202697530388832,0.0768575295805931
5551,-0.331179320812225,-0.0227739531546831,-0.288578808307648,0.26081594824791
5552,-0.152632281184196,0.988283097743988,0.18289902806282,0.131684929132462
5553,-0.152085617184639,0.9883673787117,0.179751232266426,0.170011147856712
5554,-0.243067309260368,0.460951626300812,-1.21390581130981,-1.06893837451935
5555,-0.166141673922539,0.260477334260941,-0.301608115434647,-0.223612785339355
5556,0.0765252783894539,-0.99706768989563,0.197741270065308,0.396616011857986
5557,-0.154790610074997,0.987947344779968,0.308339834213257,0.0937539711594582
5558,-0.165168732404709,0.180518701672554,0.182223170995712,0.0883298292756081
5559,-0.331053078174591,0.943612158298492,-0.286028981208801,-0.484870702028275
5560,-0.0669246986508369,0.996822893619537,0.264405608177185,0.139086484909058
5561,0.098093181848526,0.0183223951607943,-0.681589663028717,0.642000555992126
5562,-0.0969708561897278,-0.910182654857635,0.136171758174896,-0.329387724399567
5563,NA,NA,NA,NA
5564,-0.615488648414612,0.313013583421707,-0.20100574195385,0.0967657640576363
5565,-0.124624192714691,0.992204070091248,0.167417883872986,0.0514426194131374
5566,-0.187078729271889,-0.439758151769638,0.16950923204422,-0.341192364692688
5567,0.203091993927956,-0.979159712791443,-0.150836899876595,-0.835656404495239
5568,-0.109884209930897,0.00479486491531134,-0.70460844039917,0.396002560853958
5569,-0.109884217381477,0.00479493569582701,-0.704608738422394,0.39600396156311
5570,-0.129818201065063,0.00687279086560011,-0.704360246658325,0.263944804668427
5571,-0.736807346343994,0.424220651388168,-0.536582410335541,1.41916692256927
5572,-0.741561949253082,0.168154090642929,-0.550886332988739,1.33784925937653
5573,NA,NA,NA,NA
5574,NA,NA,NA,NA
5575,NA,NA,NA,NA
5576,NA,NA,NA,NA
5577,0.671655416488647,-0.740863740444183,0.156020253896713,-0.527651906013489
5578,NA,NA,NA,NA
5579,-0.00241883867420256,-0.999997138977051,-0.23498760163784,-0.615594863891602
5580,0.074408121407032,-0.997227907180786,-0.23158110678196,-0.536622643470764
5581,-0.784920334815979,-0.0397325269877911,-1.38233578205109,-0.276628941297531
5582,NA,NA,NA,NA
5583,0.193825498223305,0.981036067008972,0.204631820321083,0.209520846605301
5584,NA,NA,NA,NA
5585,NA,NA,NA,NA
5586,0.23762309551239,0.971357464790344,-0.00205417815595865,0.611036002635956
5587,-0.447569012641907,-0.0753696337342262,-0.822902381420135,1.70294559001923
5588,-0.448348820209503,-0.117045141756535,-0.295549958944321,0.240470856428146
5589,NA,NA,NA,NA
5590,-0.00522883702069521,0.0574323609471321,-0.332490831613541,1.73637449741364
5591,-0.250533878803253,-0.0363964959979057,-0.681781530380249,0.705764591693878
5592,NA,NA,NA,NA
5593,-0.199946194887161,-0.00413517141714692,-0.729263842105865,0.167660355567932
5594,-0.139558613300323,0.00936361961066723,-0.593104362487793,1.18571674823761
5595,-0.97202068567276,-0.234895586967468,-0.704591035842896,1.35969614982605
5596,-0.119242317974567,0.0125888846814632,-0.697444319725037,0.400231689214706
5597,-0.0814114362001419,0.714398682117462,-0.264471709728241,0.796515464782715
5598,-0.14402437210083,-0.239242061972618,-0.431625694036484,-0.184260949492455
5599,NA,NA,NA,NA
5600,-0.0769292786717415,0.130773723125458,-0.717596054077148,0.12090253084898
5601,-0.256449937820435,0.966557562351227,0.573152124881744,0.56899493932724
5602,0.32405024766922,0.835968971252441,-0.297535568475723,1.35689413547516
5603,-0.504238605499268,0.0453831553459167,-0.224512219429016,-0.0988778322935104
5604,NA,NA,NA,NA
5605,0.537935018539429,-0.842986345291138,0.214889004826546,-0.135092124342918
5606,NA,NA,NA,NA
5607,0.990911841392517,0.134513318538666,1.17630481719971,-2.85305166244507
5608,NA,NA,NA,NA
5609,-0.040826678276062,-0.797941982746124,-0.329243957996368,-0.340237408876419
5610,0.0904532447457314,0.0820023864507675,0.233985796570778,-0.480872243642807
5611,-0.0893768519163132,0.995997786521912,0.478289037942886,-0.0230131298303604
5612,NA,NA,NA,NA
5613,NA,NA,NA,NA
5614,NA,NA,NA,NA
5615,NA,NA,NA,NA
5616,-0.209045335650444,0.977905988693237,0.225507751107216,0.302436292171478
5617,0.319877028465271,-0.157582119107246,0.0940727517008781,0.181523904204369
5618,NA,NA,NA,NA
5619,NA,NA,NA,NA
5620,0.304270386695862,0.952585756778717,-0.168711453676224,-0.274924367666245
5621,NA,NA,NA,NA
5622,NA,NA,NA,NA
5623,NA,NA,NA,NA
5624,0.0111696934327483,-0.999937653541565,-0.233246594667435,-0.604552805423737
5625,-0.620214760303497,0.0879513546824455,-0.402058184146881,0.970260500907898
5626,-0.358254760503769,0.518497347831726,-0.30013769865036,0.861550033092499
5627,-0.387387812137604,0.709395051002502,-0.319346368312836,1.06678032875061
5628,NA,NA,NA,NA
5629,NA,NA,NA,NA
5630,0.102617926895618,0.994720876216888,-0.237662598490715,0.947995245456696
5631,-0.273283541202545,0.673075556755066,-0.318399280309677,0.210103988647461
5632,-0.302287817001343,0.787039339542389,-0.323754042387009,0.34261953830719
5633,-0.110093288123608,0.993921339511871,-0.11264681071043,1.04742193222046
5634,-0.202309638261795,-0.979321658611298,-0.695109784603119,-1.11639261245728
5635,-0.209617301821709,-0.00958269368857145,-0.69642961025238,0.279132902622223
5636,-0.475382626056671,-0.340103715658188,-0.682600498199463,0.488537013530731
5637,-0.177845552563667,-0.984058439731598,-0.172850951552391,-0.530333697795868
5638,NA,NA,NA,NA
5639,NA,NA,NA,NA
5640,0.0572335459291935,-0.998360872268677,0.041118361055851,-0.62782871723175
5641,NA,NA,NA,NA
5642,0.101114869117737,-0.994874835014343,0.016056165099144,-0.61653059720993
5643,NA,NA,NA,NA
5644,NA,NA,NA,NA
5645,NA,NA,NA,NA
5646,NA,NA,NA,NA
5647,-0.537460088729858,0.843289256095886,-0.12437741458416,0.543665587902069
5648,0.987367689609528,0.158446192741394,-0.190493583679199,0.902374625205994
5649,NA,NA,NA,NA
5650,-0.278964221477509,-0.0416706204414368,-0.196507409214973,0.320948779582977
5651,-0.157080605626106,0.987585842609406,-0.20881225168705,0.601041257381439
5652,NA,NA,NA,NA
5653,NA,NA,NA,NA
5654,NA,NA,NA,NA
5655,NA,NA,NA,NA
5656,NA,NA,NA,NA
5657,NA,NA,NA,NA
5658,NA,NA,NA,NA
5659,NA,NA,NA,NA
5660,NA,NA,NA,NA
5661,NA,NA,NA,NA
5662,NA,NA,NA,NA
5663,-0.500693559646606,0.865624666213989,-0.0488019958138466,0.554550349712372
5664,-0.626032769680023,0.0768745243549347,0.140143886208534,-0.596343994140625
5665,-0.787987887859344,0.155903965234756,-0.518866717815399,1.552605509758
5666,0.227980643510818,-0.973665714263916,0.0449543073773384,-0.647376358509064
5667,NA,NA,NA,NA
5668,NA,NA,NA,NA
5669,NA,NA,NA,NA
5670,NA,NA,NA,NA
5671,NA,NA,NA,NA
5672,0.217652052640915,-0.976026475429535,-0.18419736623764,0.492002725601196
5673,-0.186778455972672,0.982402086257935,-0.234416902065277,-0.387349396944046
5674,NA,NA,NA,NA
5675,NA,NA,NA,NA
5676,NA,NA,NA,NA
5677,NA,NA,NA,NA
5678,NA,NA,NA,NA
5679,NA,NA,NA,NA
5680,NA,NA,NA,NA
5681,-0.299714624881744,0.117034003138542,-0.106357000768185,0.453366875648499
5682,0.419368177652359,-0.907816290855408,0.125903621315956,-0.700592815876007
5683,-0.796899676322937,0.604111731052399,-0.187724739313126,0.186825111508369
5684,0.0368928462266922,-0.99931925535202,0.22077502310276,0.821695327758789
5685,NA,NA,NA,NA
5686,NA,NA,NA,NA
5687,NA,NA,NA,NA
5688,NA,NA,NA,NA
5689,NA,NA,NA,NA
5690,0.188718169927597,0.944803655147552,1.52990627288818,0.345501720905304
5691,NA,NA,NA,NA
5692,-0.455112606287003,-0.890433967113495,-0.203973025083542,-0.538364350795746
5693,0.735374748706818,0.677660644054413,1.69693779945374,0.665161371231079
5694,0.431171089410782,-0.902270257472992,-0.0191568844020367,0.322392106056213
5695,-0.00851006153970957,0.999963819980621,-0.018576193600893,0.543693780899048
5696,-0.402633309364319,-0.915361404418945,-0.17156283557415,-0.309278875589371
5697,-0.565269291400909,-0.824906468391418,-0.179997533559799,-0.178538948297501
5698,NA,NA,NA,NA
5699,-0.104872658848763,0.99448573589325,-0.371441185474396,0.226756855845451
5700,-0.624948740005493,0.0769833624362946,-0.296137034893036,-0.111299835145473
5701,0.093948021531105,-0.995577156543732,0.220667481422424,0.425739943981171
5702,NA,NA,NA,NA
5703,-0.286634922027588,0.135630324482918,-0.539509117603302,-0.552274644374847
5704,NA,NA,NA,NA
5705,-0.828488051891327,-0.106041483581066,-0.664829671382904,0.849525332450867
5706,NA,NA,NA,NA
5707,NA,NA,NA,NA
5708,-0.22221040725708,0.290963381528854,-0.399854719638824,-0.246745407581329
5709,NA,NA,NA,NA
5710,NA,NA,NA,NA
5711,NA,NA,NA,NA
5712,NA,NA,NA,NA
5713,NA,NA,NA,NA
5714,NA,NA,NA,NA
5715,0.0266854874789715,-0.0932066142559052,-0.712835669517517,0.0701396837830544
5716,-0.068027526140213,-0.6623694896698,-0.672648251056671,-1.1499240398407
5717,0.0292490180581808,-0.0790092945098877,0.707044184207916,-0.123782873153687
5718,0.0343544781208038,-0.0974049419164658,-0.714822709560394,0.161925747990608
5719,-0.108195148408413,0.844661116600037,-0.418664306402206,-0.228137239813805
5720,-0.118993505835533,0.799449861049652,0.462760537862778,0.347486197948456
5721,NA,NA,NA,NA
5722,0.0944143161177635,-0.995533049106598,0.282909423112869,0.0120246736332774
5723,NA,NA,NA,NA
5724,-0.0167316514998674,0.609685957431793,0.262118577957153,-0.0402279905974865
5725,0.899112343788147,-0.437718033790588,0.603216826915741,-2.97701358795166
5726,-0.218671664595604,0.200255453586578,-0.685372650623322,0.661390244960785
5727,-0.159388065338135,-0.0155100412666798,-0.503292620182037,1.52205634117126
5728,-0.118921101093292,0.012657081708312,-0.692083537578583,0.628308832645416
5729,-0.101122573018074,0.171001344919205,-0.704503417015076,-0.423881620168686
5730,NA,NA,NA,NA
5731,0.127564683556557,0.991830289363861,-0.18103238940239,0.460282683372498
5732,NA,NA,NA,NA
5733,NA,NA,NA,NA
5734,-0.102533116936684,0.99472963809967,-0.447536498308182,0.170166835188866
5735,-0.0288131516426802,-0.999584853649139,-0.294713854789734,-0.48225337266922
5736,0.155824139714241,-0.987784862518311,-0.530153810977936,-0.761446475982666
5737,0.082570306956768,0.996585309505463,-0.0103978533297777,0.467546194791794
5738,NA,NA,NA,NA
5739,0.236397862434387,0.971656382083893,-0.300980299711227,1.26296055316925
5740,NA,NA,NA,NA
5741,NA,NA,NA,NA
5742,-0.0931146517395973,0.0895998179912567,-0.711508572101593,-0.129749193787575
5743,-0.0906791985034943,0.99588018655777,0.3749038875103,-0.240134701132774
5744,-0.163328528404236,-0.0221914425492287,0.496695548295975,-1.53658711910248
5745,-0.2540103495121,0.853120446205139,-0.346681863069534,-0.0400544628500938
5746,0.0361173078417778,-0.0506163574755192,-0.706941485404968,0.1711495667696
5747,-0.205430239439011,0.978671729564667,0.408047914505005,0.346444696187973
5748,-0.163859739899635,-0.0578247644007206,-0.311264336109161,-0.332382529973984
5749,-0.137698754668236,0.990474224090576,0.517080366611481,-0.103415846824646
5750,NA,NA,NA,NA
5751,0.250316202640533,0.780054986476898,-0.256777077913284,1.15867972373962
5752,NA,NA,NA,NA
5753,-0.27960991859436,-0.01891053840518,-0.529590249061584,-0.240474730730057
5754,-0.118355795741081,0.931812167167664,0.217284321784973,-0.225171357393265
5755,-0.13740462064743,0.985471427440643,0.265244543552399,-0.0978377312421799
5756,-0.141497954726219,0.974554300308228,0.267002105712891,-0.0951982438564301
5757,-0.27349442243576,0.0318415984511375,-0.675408661365509,-0.312647342681885
5758,-0.0842195898294449,-0.740461468696594,0.550293862819672,0.389184862375259
5759,-0.074487067759037,0.811564683914185,-0.233280256390572,0.547824084758759
5760,NA,NA,NA,NA
5761,-0.218034505844116,0.276007652282715,0.691111981868744,-0.616666555404663
5762,NA,NA,NA,NA
5763,NA,NA,NA,NA
5764,0.171556085348129,0.667342364788055,-0.302281409502029,0.0325952172279358
5765,0.28343278169632,0.947871625423431,-0.277507841587067,1.0218049287796
5766,NA,NA,NA,NA
5767,0.00140972901135683,0.785358250141144,-0.236331790685654,0.37265881896019
5768,NA,NA,NA,NA
5769,NA,NA,NA,NA
5770,-0.0971083417534828,-0.0169325619935989,-0.239830210804939,-0.0433340147137642
5771,-0.0989214181900024,0.126821294426918,-0.20384481549263,0.143250837922096
5772,NA,NA,NA,NA
5773,-0.0688558965921402,-0.348266929388046,-0.240399301052094,-0.102704890072346
5774,0.0498054921627045,0.0770620256662369,0.709801971912384,0.0340562798082829
5775,-0.0562444739043713,0.274434059858322,-0.293147832155228,0.165269568562508
5776,-0.062058512121439,0.800527036190033,0.345003634691238,0.0837549567222595
5777,-0.109854206442833,0.993947744369507,-0.274335712194443,-0.198264315724373
5778,-0.0359832085669041,0.785381376743317,0.210686877369881,0.118853330612183
5779,-0.342087239027023,-0.526873767375946,-0.31001940369606,-0.0363420993089676
5780,0.161103799939156,0.967216193675995,-0.276179850101471,1.00098741054535
5781,-0.190327882766724,-0.0990310460329056,-0.504661440849304,1.49755012989044
5782,NA,NA,NA,NA
5783,NA,NA,NA,NA
5784,-0.130278185009956,0.985718250274658,0.310795038938522,0.113740533590317
5785,NA,NA,NA,NA
5786,NA,NA,NA,NA
5787,-0.237577393651009,0.971368670463562,-0.245055064558983,-0.210060939192772
5788,-0.238627463579178,0.951499819755554,-0.289365202188492,-0.137165263295174
5789,NA,NA,NA,NA
5790,NA,NA,NA,NA
5791,NA,NA,NA,NA
5792,-0.374629080295563,0.643043220043182,-0.308937519788742,-0.144861027598381
5793,NA,NA,NA,NA
5794,NA,NA,NA,NA
5795,0.548719048500061,0.836006879806519,0.233854502439499,0.360114961862564
5796,NA,NA,NA,NA
5797,0.189928844571114,0.964846968650818,-0.28542771935463,1.0780713558197
5798,-0.665446877479553,-0.746445298194885,-0.200014412403107,-0.266057014465332
5799,0.344941794872284,0.938624024391174,-0.323430597782135,1.38247931003571
5800,-0.126723632216454,0.140685826539993,-0.725581049919128,-0.321226745843887
5801,-0.426165282726288,0.904645383358002,-0.179867446422577,1.26807260513306
5802,NA,NA,NA,NA
5803,NA,NA,NA,NA
5804,-0.117462247610092,0.0364858917891979,-0.788281738758087,-0.751980483531952
5805,0.0262412503361702,0.0044573238119483,-0.713982880115509,0.113723039627075
5806,0.0343234576284885,-0.0651468187570572,-0.70793753862381,0.16087332367897
5807,0.0328695736825466,-0.120829492807388,-0.714155435562134,0.150605201721191
5808,0.0571897514164448,-0.998363375663757,-0.599632501602173,-0.63082617521286
5809,0.0248276330530643,-0.00887149199843407,-0.715762734413147,0.137602478265762
5810,0.0323074795305729,-0.0277726799249649,-0.714696884155273,0.150460764765739
5811,-0.175346210598946,-0.407590478658676,-0.249756664037704,-0.0237800553441048
5812,-0.191243886947632,0.777450799942017,-0.305375814437866,0.0456859245896339
5813,-0.676906526088715,0.123280540108681,0.528204321861267,-1.28538727760315
5814,-0.0850907862186432,0.996373176574707,-0.421851843595505,-0.282503753900528
5815,0.0357316210865974,0.133500188589096,0.713818371295929,0.168373867869377
5816,0.0709564909338951,0.997479438781738,-0.36508184671402,0.408023059368134
5817,0.00265278853476048,0.475175261497498,-0.713015496730804,-0.193184837698936
5818,NA,NA,NA,NA
5819,NA,NA,NA,NA
5820,NA,NA,NA,NA
5821,-0.139155954122543,0.623241782188416,-0.315701991319656,0.0153258554637432
5822,NA,NA,NA,NA
5823,-0.430816859006882,0.902439415454865,-0.225402012467384,0.25189620256424
5824,0.227814525365829,-0.97370457649231,-0.0412160232663155,0.961510002613068
5825,NA,NA,NA,NA
5826,NA,NA,NA,NA
5827,NA,NA,NA,NA
5828,-0.0448104403913021,0.266464293003082,0.142360374331474,0.232986971735954
5829,NA,NA,NA,NA
5830,NA,NA,NA,NA
5831,NA,NA,NA,NA
5832,-0.221222132444382,0.975223481655121,-0.39155176281929,0.00208256393671036
5833,-0.242087304592133,0.61464649438858,-0.276144295930862,-0.033629409968853
5834,0.210521027445793,0.97758936882019,-0.28808319568634,1.16775441169739
5835,-0.309837073087692,-0.351832926273346,-0.429160475730896,-0.34379905462265
5836,NA,NA,NA,NA
5837,-0.104358181357384,0.929904818534851,-0.418531328439713,-0.208831042051315
5838,0.628149330615997,0.228665918111801,0.382876634597778,-0.640842080116272
5839,-0.12625016272068,0.0342865139245987,-0.49616202712059,1.57115602493286
5840,NA,NA,NA,NA
5841,-0.394333988428116,-0.918967247009277,-0.182639941573143,-0.412547320127487
5842,NA,NA,NA,NA
5843,NA,NA,NA,NA
5844,-0.122393041849136,-0.992481768131256,-0.211065128445625,-0.395081788301468
5845,0.545899033546448,-0.837851047515869,0.154255390167236,-0.672029554843903
5846,-0.0051121124997735,0.999987006187439,-0.303324460983276,0.283200085163116
5847,-0.0264951474964619,0.999648988246918,-0.227029591798782,-0.0576905719935894
5848,0.375220954418182,-0.863237977027893,0.228339642286301,-0.495213449001312
5849,0.566690504550934,0.00167460681404918,0.286711633205414,-0.517821073532104
5850,0.395348131656647,0.91853141784668,1.55710518360138,0.976349949836731
5851,NA,NA,NA,NA
5852,-0.0235089156776667,0.999723672866821,-0.312118709087372,0.255040645599365
5853,NA,NA,NA,NA
5854,-0.997944951057434,-0.0640781223773956,-1.63697731494904,-1.4638968706131
5855,-0.263619482517242,0.1095160394907,-0.403041392564774,-0.00329504115507007
5856,-0.257432192564011,0.966296434402466,-0.262171626091003,0.00470069143921137
5857,-0.354181438684464,0.368500143289566,-0.315458655357361,-0.244483634829521
5858,-0.638042211532593,-0.770001471042633,-0.245446369051933,-0.206364765763283
5859,-0.99991512298584,-0.0130313234403729,-1.66783142089844,-0.797475457191467
5860,-0.185872405767441,-0.982573926448822,-0.202488884329796,-0.492240428924561
5861,NA,NA,NA,NA
5862,NA,NA,NA,NA
5863,-0.0681784600019455,0.386158645153046,-0.276423633098602,0.506692290306091
5864,-0.220984354615211,0.642337501049042,-0.25175067782402,-0.330554485321045
5865,0.483428686857224,0.0479999519884586,0.254024296998978,-0.535527586936951
5866,-0.158753022551537,0.987318396568298,-0.28578394651413,-0.249915823340416
5867,0.0930315405130386,-0.870853304862976,0.231610432267189,-0.227303743362427
5868,-0.124807998538017,0.992180943489075,-0.233356162905693,0.0539990663528442
5869,-0.109157390892506,0.994024515151978,-0.229055821895599,0.061018917709589
5870,-0.591856777667999,-0.806043207645416,0.0665499269962311,0.603944778442383
5871,0.00357146468013525,0.829332649707794,0.312676757574081,-0.54236251115799
5872,-0.217189624905586,0.976129472255707,0.397967278957367,0.494613945484161
5873,NA,NA,NA,NA
5874,-0.268617480993271,0.911743521690369,-0.386652797460556,-0.0836016833782196
5875,-0.237354815006256,0.971423089504242,-0.563406765460968,-0.0576366633176804
5876,0.0882895886898041,0.85349702835083,-0.280858546495438,0.974596321582794
5877,0.0884135663509369,0.283345401287079,-0.456371814012527,1.5760143995285
5878,NA,NA,NA,NA
5879,NA,NA,NA,NA
5880,NA,NA,NA,NA
5881,NA,NA,NA,NA
5882,-0.126463130116463,-0.1522096991539,-0.337205648422241,0.113650798797607
5883,0.0500944703817368,0.00474968366324902,0.650041162967682,-0.915518462657928
5884,NA,NA,NA,NA
5885,NA,NA,NA,NA
5886,NA,NA,NA,NA
5887,NA,NA,NA,NA
5888,-0.557407081127167,-0.10543392598629,-0.550800442695618,-1.59327518939972
5889,NA,NA,NA,NA
5890,NA,NA,NA,NA
5891,-0.099213644862175,-0.995066225528717,-0.200129449367523,-0.697322368621826
5892,-0.150693669915199,-0.988580584526062,-0.201127484440804,-0.561469435691833
5893,0.00264511303976178,-0.999996542930603,-0.236131712794304,-0.662517547607422
5894,-0.688990533351898,-0.5005202293396,-1.2950656414032,0.0537897162139416
5895,0.995298445224762,-0.096855916082859,0.447293221950531,-1.68143308162689
5896,-0.0186544023454189,-0.999826014041901,-0.197042897343636,-1.00788652896881
5897,NA,NA,NA,NA
5898,-0.23593145608902,-0.971769750118256,-0.183687061071396,-0.723618805408478
5899,-0.372846454381943,-0.927893102169037,-0.253864318132401,-0.460620522499084
5900,0.267999649047852,0.568161904811859,-0.139474153518677,0.479295164346695
5901,-0.390785366296768,-0.920481860637665,-0.221360921859741,-0.572637021541595
5902,-0.583851099014282,0.0785724669694901,-0.727284669876099,-1.74527490139008
5903,-0.294026076793671,-0.686800003051758,-0.338158220052719,-1.00168323516846
5904,-0.321577131748199,0.223909199237823,-0.310620486736298,-0.293429851531982
5905,-0.234173119068146,-0.846434533596039,-0.439756333827972,-1.50313484668732
5906,-0.315268456935883,-0.783734202384949,-0.412165969610214,-1.35691547393799
5907,-0.69144207239151,0.0911074131727219,-0.854593515396118,-1.99782347679138
5908,NA,NA,NA,NA
5909,NA,NA,NA,NA
5910,NA,NA,NA,NA
5911,NA,NA,NA,NA
5912,-0.407118409872055,0.784999489784241,-0.249208450317383,0.0893561616539955
5913,NA,NA,NA,NA
5914,NA,NA,NA,NA
5915,-0.22302508354187,-0.886790335178375,-0.294219851493835,-0.458605110645294
5916,NA,NA,NA,NA
5917,-0.496515244245529,0.868028044700623,-0.184457436203957,0.123051270842552
5918,-0.27614825963974,0.832975447177887,-0.203076049685478,0.219452455639839
5919,-0.490111708641052,-0.871659696102142,-0.223094239830971,-0.283306807279587
5920,-0.325101375579834,0.305482685565948,0.16513454914093,0.0606414265930653
5921,NA,NA,NA,NA
5922,NA,NA,NA,NA
5923,NA,NA,NA,NA
5924,-0.247710689902306,-0.102670446038246,0.161644041538239,0.0914461240172386
5925,-0.29940602183342,-0.954125821590424,0.160263687372208,0.45874872803688
5926,NA,NA,NA,NA
5927,-0.451801747083664,0.892118394374847,-0.120597898960114,0.397032409906387
5928,-0.142311319708824,-0.220797792077065,-1.25660312175751,-0.680197834968567
5929,0.0193554144352674,-0.0595103837549686,-0.715653300285339,0.151539668440819
5930,0.146688535809517,-0.989182770252228,-0.256294131278992,-0.452234387397766
5931,-0.197631597518921,-0.165307104587555,-0.19394451379776,0.0885926187038422
5932,0.182451367378235,-0.983214914798737,-0.237670317292213,-0.848577320575714
5933,-0.361004829406738,0.559301555156708,-0.226148396730423,0.282014429569244
5934,-0.319694697856903,-0.947520673274994,-0.281018137931824,-0.144840404391289
5935,-0.648988783359528,-0.760798037052155,-0.160262018442154,-0.180921003222466
5936,-0.0655354708433151,-0.96439802646637,-0.297519564628601,-0.357155978679657
5937,0.0701153054833412,-0.997538924217224,-0.250099509954453,-0.513130187988281
5938,-0.208875879645348,-0.977942228317261,0.14263741672039,0.569275438785553
5939,0.0684498399496078,-0.997654616832733,-0.284655183553696,-0.875746548175812
5940,0.404363811016083,-0.914598286151886,-0.122289091348648,0.580730974674225
5941,-0.157133713364601,0.987577378749847,0.282961457967758,0.287727653980255
5942,-0.232769504189491,-0.972531974315643,-0.144574105739594,-0.443962872028351
5943,-0.458860546350479,0.888508379459381,0.221788585186005,0.0268248897045851
5944,-0.508397817611694,0.861122369766235,-0.254552721977234,0.120249480009079
5945,NA,NA,NA,NA
5946,NA,NA,NA,NA
5947,NA,NA,NA,NA
5948,-0.171221390366554,0.985232651233673,-0.281302899122238,-0.23196379840374
5949,-0.174453362822533,0.984665513038635,0.291792750358582,0.234360605478287
5950,NA,NA,NA,NA
5951,0.0864663347601891,0.195685654878616,-0.214142799377441,0.0601496621966362
5952,-0.0269480217248201,0.999636709690094,0.246205106377602,0.0952008813619614
5953,-0.0385577268898487,0.888135194778442,-0.205633953213692,-0.0513225682079792
5954,0.0773714184761047,0.630419790744781,0.216501489281654,-0.0406513139605522
5955,0.0798696577548981,0.476614117622375,-0.218972682952881,0.0616472326219082
5956,-0.0621128790080547,0.998069167137146,0.250469952821732,0.160819157958031
5957,NA,NA,NA,NA
5958,NA,NA,NA,NA
5959,NA,NA,NA,NA
5960,NA,NA,NA,NA
5961,NA,NA,NA,NA
5962,-0.625835835933685,0.779954850673676,0.182107791304588,-0.0228157881647348
5963,NA,NA,NA,NA
5964,-0.287095904350281,-0.957901835441589,-0.413953334093094,-0.749309837818146
5965,-0.356672674417496,0.934229493141174,-0.0637327805161476,0.634118556976318
5966,0.278906583786011,0.499888479709625,0.138003036379814,-0.386981010437012
5967,NA,NA,NA,NA
5968,0.181915909051895,-0.983314156532288,-0.280612200498581,-1.00517952442169
5969,0.997908413410187,0.0646445229649544,1.96290719509125,0.726235330104828
5970,-0.25023540854454,-0.289545923471451,-1.35903859138489,-0.248877629637718
5971,-0.204379186034203,0.125640466809273,-0.880064725875854,-0.471290439367294
5972,0.921834588050842,-0.38758373260498,0.227918311953545,-0.490635454654694
5973,-0.310771852731705,-0.029430728405714,-0.290939569473267,-0.246154710650444
5974,-0.174281984567642,-0.689396321773529,-0.426831781864166,-0.787945687770844
5975,-0.00597935682162642,-0.999982178211212,0.665269136428833,0.635886371135712
5976,-0.484825521707535,0.0458128191530704,-0.728197813034058,0.391836047172546
5977,-0.300954580307007,0.729187667369843,0.692428231239319,0.846836745738983
5978,-0.251045763492584,0.967975318431854,-0.224352851510048,0.526658535003662
5979,-0.61941123008728,0.0147703383117914,-0.854986369609833,1.27864813804626
5980,NA,NA,NA,NA
5981,NA,NA,NA,NA
5982,NA,NA,NA,NA
5983,NA,NA,NA,NA
5984,NA,NA,NA,NA
5985,-0.0914997607469559,0.28656268119812,0.713040947914124,-0.0539910942316055
5986,NA,NA,NA,NA
5987,-0.268522918224335,0.963273346424103,-0.15593296289444,0.38370755314827
5988,0.245202153921127,-0.969472050666809,0.102389186620712,0.330122351646423
5989,-0.645385205745697,0.0138019360601902,-1.19937360286713,1.1352254152298
5990,-0.505312860012054,0.86293625831604,-0.263379633426666,0.0447192452847958
5991,-0.194062754511833,-0.00553738139569759,0.739379823207855,0.574218332767487
5992,-0.45539578795433,0.890289127826691,-0.214275360107422,0.141767501831055
5993,-0.473418235778809,0.0851966962218285,-0.704510033130646,-0.264527410268784
5994,-0.186109855771065,-0.601307153701782,-0.37681782245636,-0.622509777545929
5995,-0.26081171631813,-0.223048061132431,-0.523792624473572,-0.888273596763611
5996,-0.15501207113266,0.987912654876709,-0.132987841963768,0.98435777425766
5997,-0.234896838665009,-0.0233285818248987,0.353762894868851,0.109593912959099
5998,-0.0728057399392128,-0.997346222400665,-0.268012940883636,-0.700016975402832
5999,-0.178067535161972,0.00860552303493023,0.810552537441254,0.913553714752197
6000,NA,NA,NA,NA
6001,NA,NA,NA,NA
6002,-0.292986899614334,-0.109036892652512,0.847638309001923,1.11829042434692
6003,NA,NA,NA,NA
6004,-0.16972354054451,0.0310276281088591,0.885387659072876,0.309137463569641
6005,-0.288262277841568,-0.914462685585022,-0.360197991132736,-0.402761191129684
6006,-0.885808408260345,0.0209427326917648,-1.60099184513092,0.00977357383817434
6007,0.139632612466812,-0.990203440189362,0.228814676403999,0.49837452173233
6008,-0.423905998468399,0.0950869619846344,-0.25918784737587,-0.31561952829361
6009,-0.651528418064117,-0.251405298709869,-1.32552254199982,-1.4329446554184
6010,NA,NA,NA,NA
6011,0.999984562397003,0.0055687720887363,0.315485686063766,-0.305520862340927
6012,NA,NA,NA,NA
6013,NA,NA,NA,NA
6014,0.776496231555939,-0.212096273899078,0.256111830472946,-0.557133674621582
6015,-0.369893848896027,0.929074048995972,-0.384914219379425,1.71500957012177
6016,-0.31650310754776,0.948591530323029,-0.295859485864639,0.953310966491699
6017,NA,NA,NA,NA
6018,NA,NA,NA,NA
6019,NA,NA,NA,NA
6020,0.222746893763542,-0.974876344203949,0.145523920655251,0.434581875801086
6021,NA,NA,NA,NA
6022,NA,NA,NA,NA
6023,0.519375503063202,0.854546189308167,0.163411289453506,0.123124547302723
6024,0.155536994338036,0.987830102443695,0.0633495301008224,0.0459122061729431
6025,0.495653033256531,0.868520677089691,0.183555915951729,0.152845352888107
6026,0.985498666763306,0.169683396816254,1.40188729763031,-2.0481231212616
6027,NA,NA,NA,NA
6028,0.882564604282379,0.470191210508347,0.193907529115677,0.00491572497412562
6029,0.931300342082977,0.364252418279648,1.44774997234344,-1.52833867073059
6030,0.644897818565369,-0.76426887512207,0.189022988080978,-0.603686690330505
6031,0.88532167673111,0.464979201555252,1.46545362472534,-1.15101742744446
6032,0.993972182273865,0.10963287204504,1.83969855308533,-0.460684329271317
6033,NA,NA,NA,NA
6034,NA,NA,NA,NA
6035,NA,NA,NA,NA
6036,-0.291635870933533,-0.956529438495636,0.16664482653141,0.420232027769089
6037,NA,NA,NA,NA
6038,-0.670235574245453,-0.742148518562317,-0.190197467803955,-0.349026769399643
6039,NA,NA,NA,NA
6040,NA,NA,NA,NA
6041,-0.103284023702145,-0.636257708072662,-0.375659197568893,-0.200094997882843
6042,-0.164552047848701,-0.206992715597153,-1.21226608753204,-0.673693180084229
6043,-0.0966547355055809,0.119040638208389,-0.710753381252289,-0.123707011342049
6044,-0.107613578438759,0.430388748645782,-0.715309739112854,-0.116862423717976
6045,-0.146243140101433,0.989248752593994,-0.258647084236145,0.209284454584122
6046,-0.203656211495399,-0.306392848491669,-0.36168846487999,-0.421189665794373
6047,-0.248923406004906,-0.0212360881268978,-1.19586825370789,-0.705097854137421
6048,-0.231949061155319,-0.738577306270599,-0.334655165672302,-0.306856632232666
6049,-0.259851902723312,-0.0209305658936501,-1.20225667953491,-0.731208384037018
6050,-0.259505182504654,-0.194602027535439,-0.275478214025497,-0.145793989300728
6051,-0.26858788728714,-0.963255226612091,-0.193862438201904,-0.524614036083221
6052,-0.228716149926186,-0.973493218421936,-0.748052835464478,-0.834180533885956
6053,-0.135453835129738,-0.99078369140625,-0.481257677078247,-0.972440719604492
6054,-0.193198963999748,-0.611235380172729,-0.324840098619461,-0.529981017112732
6055,-0.698056519031525,0.716042757034302,-0.277855634689331,-0.235871821641922
6056,NA,NA,NA,NA
6057,NA,NA,NA,NA
6058,NA,NA,NA,NA
6059,NA,NA,NA,NA
6060,NA,NA,NA,NA
6061,-0.346048146486282,0.938216805458069,-0.233408033847809,0.627849280834198
6062,NA,NA,NA,NA
6063,NA,NA,NA,NA
6064,NA,NA,NA,NA
6065,NA,NA,NA,NA
6066,NA,NA,NA,NA
6067,-0.488613188266754,-0.872500598430634,-0.990722835063934,-1.0020534992218
6068,NA,NA,NA,NA
6069,-0.0823690518736839,0.129270493984222,-0.719525396823883,0.0883573815226555
6070,-0.283986479043961,0.958828330039978,0.601288557052612,0.696402430534363
6071,-0.273582458496094,0.024311363697052,-0.27788770198822,0.0376442484557629
6072,-0.453694581985474,-0.891157329082489,-0.181948691606522,-0.538756370544434
6073,-0.409960120916367,0.912103533744812,-0.031046200543642,0.762642621994019
6074,-0.726569473743439,0.687093079090118,-0.230402559041977,0.112887620925903
6075,NA,NA,NA,NA
6076,NA,NA,NA,NA
6077,NA,NA,NA,NA
6078,NA,NA,NA,NA
6079,NA,NA,NA,NA
6080,NA,NA,NA,NA
6081,-0.135456502437592,0.968075811862946,0.236674606800079,-0.0279433000832796
6082,NA,NA,NA,NA
6083,-0.316482037305832,0.0229318775236607,0.448332756757736,-1.67379140853882
6084,NA,NA,NA,NA
6085,NA,NA,NA,NA
6086,-0.999815404415131,-0.0192162785679102,-1.54283893108368,-2.02018690109253
6087,NA,NA,NA,NA
6088,-0.156252101063728,0.0374682620167732,0.911400735378265,0.267139583826065
6089,-0.124987691640854,0.992158353328705,0.181288525462151,0.126419335603714
6090,NA,NA,NA,NA
6091,-0.289219200611115,-0.586517214775085,-0.185860738158226,0.283961772918701
6092,NA,NA,NA,NA
6093,-0.149119555950165,-0.988819241523743,-0.24030975997448,-0.108939170837402
6094,NA,NA,NA,NA
6095,NA,NA,NA,NA
6096,NA,NA,NA,NA
6097,NA,NA,NA,NA
6098,-0.288679540157318,-0.106683254241943,-0.408275932073593,0.115164272487164
6099,0.136456981301308,-0.990646064281464,-0.229864180088043,-0.24600450694561
6100,NA,NA,NA,NA
6101,NA,NA,NA,NA
6102,NA,NA,NA,NA
6103,NA,NA,NA,NA
6104,NA,NA,NA,NA
6105,NA,NA,NA,NA
6106,0.0303465891629457,-0.999539494514465,-0.266218334436417,-0.228714466094971
6107,-0.287314891815186,-0.957836270332336,-0.254020243883133,-0.42998018860817
6108,-0.23071263730526,-0.891713380813599,-0.326505541801453,0.0522132106125355
6109,-0.099188007414341,0.0126898121088743,-0.646436810493469,0.894633829593658
6110,-0.0795143246650696,0.0972889736294746,-0.700364172458649,0.356620162725449
6111,-0.0839051306247711,-0.0185455549508333,-0.701716899871826,0.365234673023224
6112,-0.128888040781021,-0.384325116872787,-0.696736931800842,-0.32439261674881
6113,-0.0690832957625389,0.350689589977264,-0.706707715988159,0.37919682264328
6114,-0.722962915897369,0.470244437456131,-0.511746764183044,1.43412780761719
6115,-0.0692532733082771,0.205637589097023,-0.698186933994293,0.389580309391022
6116,NA,NA,NA,NA
6117,NA,NA,NA,NA
6118,NA,NA,NA,NA
6119,-0.197775110602379,-0.318386375904083,-0.286747753620148,0.129484981298447
6120,-0.0824100971221924,0.0493722856044769,-0.707088470458984,0.357549488544464
6121,-0.115968719124794,-0.993252813816071,-0.481299549341202,-0.182478293776512
6122,-0.318058878183365,0.948071002960205,-0.353162705898285,0.948828876018524
6123,-0.54633641242981,0.232306867837906,-0.682000935077667,0.549299359321594
6124,NA,NA,NA,NA
6125,-0.727670967578888,-0.226934671401978,-0.653964579105377,0.910282254219055
6126,-0.218222513794899,0.101341873407364,-0.67598420381546,0.690147697925568
6127,-0.138847187161446,-0.870087265968323,-0.350575774908066,-0.0859644562005997
6128,-0.385188162326813,0.776301562786102,-0.479200839996338,1.46302080154419
6129,-0.537111401557922,0.028263745829463,-0.422880262136459,0.613063454627991
6130,-0.626291751861572,0.380049377679825,-0.48453563451767,1.57389426231384
6131,-0.0791428461670876,0.225928142666817,-0.713215470314026,0.321654796600342
6132,-0.627632558345795,0.176197111606598,-0.57775741815567,1.23507738113403
6133,-0.728528738021851,-0.10818487405777,-0.587149858474731,1.12604057788849
6134,-0.680302679538727,5.87985850870609e-05,-0.63393646478653,0.920954763889313
6135,-0.177029132843018,0.984205663204193,-0.0516541674733162,0.760089814662933
6136,NA,NA,NA,NA
6137,NA,NA,NA,NA
6138,NA,NA,NA,NA
6139,NA,NA,NA,NA
6140,NA,NA,NA,NA
6141,NA,NA,NA,NA
6142,-0.627397418022156,0.778699278831482,-0.181922763586044,0.474314630031586
6143,NA,NA,NA,NA
6144,0.931288301944733,-0.364283174276352,0.315847486257553,-1.27386665344238
6145,NA,NA,NA,NA
6146,NA,NA,NA,NA
6147,-0.88355940580368,-0.468319267034531,-1.50331294536591,-2.33889245986938
6148,-0.503774285316467,0.80561751127243,-0.209739938378334,0.497783035039902
6149,NA,NA,NA,NA
6150,NA,NA,NA,NA
6151,NA,NA,NA,NA
6152,NA,NA,NA,NA
6153,NA,NA,NA,NA
6154,NA,NA,NA,NA
6155,0.909583926200867,-0.415520370006561,0.321800231933594,-1.41228973865509
6156,NA,NA,NA,NA
6157,0.928321778774261,-0.37177786231041,0.352912664413452,-1.69466829299927
6158,-0.105076350271702,-0.0571089498698711,-0.346932739019394,-0.00400182697921991
6159,NA,NA,NA,NA
6160,-0.760145604610443,0.649752855300903,-0.289248704910278,-0.163742050528526
6161,NA,NA,NA,NA
6162,NA,NA,NA,NA
6163,NA,NA,NA,NA
6164,NA,NA,NA,NA
6165,NA,NA,NA,NA
6166,-0.183897316455841,-0.982945501804352,-0.288808077573776,-1.00068461894989
6167,NA,NA,NA,NA
6168,-0.00774274487048388,-0.999970078468323,-0.301916420459747,-0.506005644798279
6169,NA,NA,NA,NA
6170,NA,NA,NA,NA
6171,-0.0956389605998993,-0.969369828701019,0.231476694345474,-0.216433972120285
6172,-0.169420555233955,-0.502839386463165,-0.243864819407463,0.0480209738016129
6173,-0.0043407129123807,-0.172240525484085,-0.706517279148102,0.386465728282928
6174,-0.0157579705119133,0.0898952633142471,-0.704764544963837,0.27560555934906
6175,NA,NA,NA,NA
6176,NA,NA,NA,NA
6177,-0.649069786071777,0.76072895526886,-0.191191896796227,0.274546563625336
6178,-0.753254234790802,0.65772956609726,-0.295203268527985,-0.157948777079582
6179,NA,NA,NA,NA
6180,0.038108766078949,0.0153534943237901,-0.635963201522827,0.975454151630402
6181,0.0535982176661491,-0.998562633991241,-0.189159750938416,-0.573988854885101
6182,NA,NA,NA,NA
6183,0.0303065441548824,-0.999540686607361,-0.385902136564255,-1.38117134571075
6184,NA,NA,NA,NA
6185,0.123385086655617,0.441785842180252,-0.522922813892365,1.21297216415405
6186,-0.618828237056732,0.785526394844055,-0.22773289680481,0.205594211816788
6187,NA,NA,NA,NA
6188,NA,NA,NA,NA
6189,NA,NA,NA,NA
6190,NA,NA,NA,NA
6191,NA,NA,NA,NA
6192,-0.305803894996643,0.952094554901123,0.219207778573036,0.23425255715847
6193,-0.461118280887604,-0.887338757514954,-0.0796472504734993,0.386747270822525
6194,-0.0982088223099709,0.098912239074707,0.713895976543427,0.113580495119095
6195,NA,NA,NA,NA
6196,NA,NA,NA,NA
6197,-0.0244337134063244,0.0267501883208752,-0.718092560768127,0.155136674642563
6198,-0.027764867991209,0.0627024695277214,-0.716496348381042,0.134364306926727
6199,-0.0232370793819427,0.0236372090876102,-0.716374158859253,0.162299364805222
6200,NA,NA,NA,NA
6201,-0.442054897546768,0.54992550611496,-0.567324459552765,1.24908351898193
6202,-0.320185273885727,-0.0195142664015293,-1.31285262107849,-0.00626924633979797
6203,-0.0897505879402161,-0.846392095088959,0.716871857643127,0.605086982250214
6204,-0.310239464044571,-0.297223091125488,-1.37035095691681,0.752402663230896
6205,-0.281148701906204,-0.0904632955789566,-1.3412172794342,1.02613377571106
6206,-0.173028394579887,0.192333206534386,1.23446404933929,-1.11385071277618
6207,-0.411395251750946,0.029632518067956,-0.470705091953278,1.58197605609894
6208,NA,NA,NA,NA
6209,NA,NA,NA,NA
6210,-0.298267602920532,0.00412889569997787,0.473249167203903,-1.57091724872589
6211,-0.297226041555405,-0.00135269924066961,0.475662857294083,-1.56551074981689
6212,-0.278478771448135,-0.0235178004950285,0.510956704616547,-1.45858919620514
6213,NA,NA,NA,NA
6214,-0.192963242530823,-0.294061601161957,0.235455334186554,-0.136393740773201
6215,-0.0869498178362846,-0.996212720870972,0.386307924985886,0.142603307962418
6216,0.0397210344672203,-0.00925808027386665,0.636051595211029,-1.01815640926361
6217,-0.165738195180893,-0.263525575399399,0.222676143050194,-0.241448298096657
6218,-0.22222588956356,-0.315875977277756,-0.22865355014801,0.194141268730164
6219,-0.107254013419151,-0.441622763872147,0.293138116598129,-0.00808696821331978
6220,-0.0925335139036179,-0.0458230711519718,1.13547921180725,-1.27000689506531
6221,-0.0773531794548035,-0.0294016897678375,0.322770953178406,-0.368892014026642
6222,-0.0773531794548035,-0.0294016897678375,0.322770953178406,-0.368892014026642
6223,-0.11371673643589,-0.315546661615372,-0.214785367250443,0.165218234062195
6224,-0.499156683683395,-0.040123276412487,-0.584320366382599,1.1793749332428
6225,-0.459713131189346,0.497515738010406,-0.514286637306213,1.48536169528961
6226,-0.658781170845032,-0.752334713935852,-1.09926438331604,0.0842333436012268
6227,-0.876629412174225,-0.0853643268346786,-0.630902349948883,1.45161032676697
6228,-0.656146764755249,0.0157742518931627,-0.614124655723572,1.01593148708344
6229,-0.738266289234161,0.0211785957217216,-0.583474516868591,1.19746541976929
6230,0.0800940245389938,-0.352459937334061,0.201914697885513,-0.495663553476334
6231,NA,NA,NA,NA
6232,-0.590315580368042,0.769046127796173,-0.372623085975647,1.88423931598663
6233,NA,NA,NA,NA
6234,-0.473090201616287,0.440997391939163,-1.34156680107117,-0.559095978736877
6235,-0.252002000808716,-0.203329190611839,-0.22626456618309,0.128473415970802
6236,NA,NA,NA,NA
6237,-0.493025183677673,-0.132965415716171,-0.129233166575432,0.570127785205841
6238,-0.0354158505797386,0.998192667961121,-0.261380523443222,0.2140162140131
6239,NA,NA,NA,NA
6240,NA,NA,NA,NA
6241,-0.27128005027771,-0.962500512599945,0.17504894733429,0.481536626815796
6242,0.105457790195942,-0.994423806667328,-0.245153307914734,-0.515777885913849
6243,-0.21942138671875,-0.975630223751068,-0.190450683236122,-0.372858166694641
6244,0.192615702748299,-0.981274306774139,0.108022063970566,0.439269751310349
6245,NA,NA,NA,NA
6246,-0.237664297223091,0.971347391605377,-0.298015207052231,-0.443319886922836
6247,NA,NA,NA,NA
6248,0.172906562685966,0.07939712703228,0.475042194128036,-1.35507524013519
6249,-0.781007587909698,0.624521613121033,-0.258925825357437,0.0805415734648705
6250,NA,NA,NA,NA
6251,NA,NA,NA,NA
6252,NA,NA,NA,NA
6253,NA,NA,NA,NA
6254,NA,NA,NA,NA
6255,NA,NA,NA,NA
6256,NA,NA,NA,NA
6257,NA,NA,NA,NA
6258,-0.832180440425873,0.402001291513443,-1.37038815021515,-1.53352916240692
6259,NA,NA,NA,NA
6260,-0.360771596431732,0.213532537221909,-0.223791837692261,-0.156551137566566
6261,-0.217480048537254,-0.12498601526022,-0.274147301912308,-0.122768230736256
6262,-0.688797771930695,0.535237073898315,-0.326351553201675,-0.184916362166405
6263,-0.752925634384155,0.658105671405792,-0.238281756639481,0.280921101570129
6264,-0.325900673866272,-0.945404052734375,-0.227132067084312,-0.591431736946106
6265,-0.242404565215111,-0.811971127986908,-0.243035361170769,-0.403558224439621
6266,-0.225916743278503,-0.368226766586304,-0.936372578144073,-1.26951956748962
6267,-0.526797652244568,-0.448303461074829,-0.218163967132568,-0.0456209853291512
6268,-0.759814918041229,0.650139510631561,-0.230852231383324,0.32869216799736
6269,-0.719800293445587,0.694181263446808,-0.212184220552444,0.407509565353394
6270,-0.086044043302536,-0.00574091728776693,-0.718103349208832,-0.122016929090023
6271,NA,NA,NA,NA
6272,NA,NA,NA,NA
6273,NA,NA,NA,NA
6274,NA,NA,NA,NA
6275,NA,NA,NA,NA
6276,-0.0742036327719688,-0.997243165969849,0.302619993686676,-0.454954952001572
6277,-0.134060740470886,-0.340237230062485,-0.209710478782654,0.19319324195385
6278,-0.178890809416771,-0.143543094396591,-1.19973695278168,0.0856972262263298
6279,-0.351638078689575,0.42757785320282,-0.45252987742424,1.62928092479706
6280,NA,NA,NA,NA
6281,NA,NA,NA,NA
6282,NA,NA,NA,NA
6283,NA,NA,NA,NA
6284,NA,NA,NA,NA
6285,NA,NA,NA,NA
6286,NA,NA,NA,NA
6287,NA,NA,NA,NA
6288,NA,NA,NA,NA
6289,NA,NA,NA,NA
6290,NA,NA,NA,NA
6291,NA,NA,NA,NA
6292,-0.278551012277603,0.117020703852177,-0.229041174054146,0.279502063989639
6293,NA,NA,NA,NA
6294,-0.258709162473679,-0.708418130874634,-0.25339463353157,0.071316160261631
6295,NA,NA,NA,NA
6296,-0.705015897750854,0.0850807800889015,-0.588134109973907,1.40352737903595
6297,-0.283815920352936,-0.386724859476089,-0.291993290185928,0.0858803018927574
6298,NA,NA,NA,NA
6299,NA,NA,NA,NA
6300,-0.164645776152611,0.0899979248642921,-0.244880929589272,0.486271023750305
6301,-0.261174440383911,0.216944739222527,-0.199518799781799,0.407653868198395
6302,NA,NA,NA,NA
6303,-0.48102992773056,0.127846896648407,-0.204624757170677,0.414595544338226
6304,0.21906989812851,0.97570925951004,-0.244635224342346,0.714803218841553
6305,NA,NA,NA,NA
6306,NA,NA,NA,NA
6307,NA,NA,NA,NA
6308,0.109909169375896,0.781507313251495,-0.274167209863663,0.683500349521637
6309,NA,NA,NA,NA
6310,NA,NA,NA,NA
6311,NA,NA,NA,NA
6312,NA,NA,NA,NA
6313,NA,NA,NA,NA
6314,-0.180238172411919,0.983623027801514,0.181810721755028,0.204939380288124
6315,NA,NA,NA,NA
6316,-0.344093590974808,-0.938935399055481,-0.22891491651535,-0.607282161712646
6317,NA,NA,NA,NA
6318,NA,NA,NA,NA
6319,0.99945330619812,-0.0330632552504539,0.228545144200325,0.0583943650126457
6320,NA,NA,NA,NA
6321,-0.999452710151672,0.0330813527107239,-0.0310743115842342,0.823949873447418
6322,-0.251693934202194,0.967806935310364,-0.25042724609375,0.614619672298431
6323,NA,NA,NA,NA
6324,NA,NA,NA,NA
6325,0.895377576351166,-0.44530788064003,0.248813092708588,-0.297694027423859
6326,NA,NA,NA,NA
6327,NA,NA,NA,NA
6328,NA,NA,NA,NA
6329,-0.32712396979332,0.780449211597443,-0.230658307671547,0.941943764686584
6330,NA,NA,NA,NA
6331,NA,NA,NA,NA
6332,NA,NA,NA,NA
6333,-0.247411951422691,-0.108125656843185,-0.266860038042068,0.11893367767334
6334,-0.613897562026978,-0.00115001143421978,-0.463839203119278,0.507377624511719
6335,NA,NA,NA,NA
6336,NA,NA,NA,NA
6337,NA,NA,NA,NA
6338,NA,NA,NA,NA
6339,-0.24702325463295,-0.0055701807141304,-0.303957164287567,0.193983629345894
6340,NA,NA,NA,NA
6341,NA,NA,NA,NA
6342,NA,NA,NA,NA
6343,NA,NA,NA,NA
6344,NA,NA,NA,NA
6345,NA,NA,NA,NA
6346,0.0522851683199406,0.998632252216339,0.189514368772507,0.214797213673592
6347,0.428427934646606,-0.903576016426086,0.259814262390137,-0.635867893695831
6348,-0.248704671859741,0.968579411506653,0.196687132120132,0.496163725852966
6349,0.198647066950798,0.859969854354858,-0.111863926053047,0.060479000210762
6350,0.00687311170622706,0.999976456165314,0.17777419090271,0.242351561784744
6351,0.637806832790375,0.400756686925888,-0.290005147457123,0.430244237184525
6352,-0.0865703746676445,0.996245801448822,-0.171018615365028,-0.297213464975357
6353,0.10500381141901,0.994471848011017,1.44987297058105,1.31667578220367
6354,NA,NA,NA,NA
6355,0.0660757124423981,0.00987906381487846,0.594745934009552,-1.21550714969635
6356,0.00253809755668044,0.999996840953827,0.108310408890247,0.1319799721241
6357,NA,NA,NA,NA
6358,NA,NA,NA,NA
6359,NA,NA,NA,NA
6360,0.507232964038849,-0.503046572208405,-0.0325268842279911,0.607140719890594
6361,-0.283915191888809,-0.958849430084229,-0.165707513689995,-0.589061141014099
6362,NA,NA,NA,NA
6363,NA,NA,NA,NA
6364,0.198167130351067,-0.652234852313995,-0.0316189378499985,0.368507355451584
6365,0.33352118730545,-0.942742645740509,0.0359250716865063,-0.591531991958618
6366,NA,NA,NA,NA
6367,NA,NA,NA,NA
6368,NA,NA,NA,NA
6369,NA,NA,NA,NA
6370,NA,NA,NA,NA
6371,NA,NA,NA,NA
6372,0.0352570377290249,0.999378323554993,-0.090486004948616,-0.0889030024409294
6373,0.937003791332245,0.349319398403168,0.184944927692413,-0.030646625906229
6374,0.0501170195639133,0.55798077583313,-0.0639229640364647,0.244851991534233
6375,-0.177711933851242,-0.763201892375946,-0.163225293159485,-0.0923516750335693
6376,-0.203927800059319,0.598527491092682,-0.124387137591839,-0.175398215651512
6377,0.744918942451477,-0.0268844980746508,0.265017360448837,0.0493946261703968
6378,-0.303013890981674,0.952986180782318,-0.129863917827606,-0.201889589428902
6379,0.942868053913116,-0.333166569471359,0.217107251286507,-0.947337985038757
6380,NA,NA,NA,NA
6381,NA,NA,NA,NA
6382,NA,NA,NA,NA
6383,NA,NA,NA,NA
6384,-0.389447540044785,0.921048700809479,0.106310911476612,0.134373426437378
6385,NA,NA,NA,NA
6386,NA,NA,NA,NA
6387,NA,NA,NA,NA
6388,NA,NA,NA,NA
6389,NA,NA,NA,NA
6390,NA,NA,NA,NA
6391,-0.19066047668457,-0.981656074523926,-0.310744047164917,-0.250220954418182
6392,NA,NA,NA,NA
6393,NA,NA,NA,NA
6394,NA,NA,NA,NA
6395,NA,NA,NA,NA
6396,NA,NA,NA,NA
6397,NA,NA,NA,NA
6398,NA,NA,NA,NA
6399,NA,NA,NA,NA
6400,-0.0176746677607298,-0.999843835830688,-0.198303163051605,-0.369079530239105
6401,NA,NA,NA,NA
6402,NA,NA,NA,NA
6403,NA,NA,NA,NA
6404,NA,NA,NA,NA
6405,NA,NA,NA,NA
6406,NA,NA,NA,NA
6407,NA,NA,NA,NA
6408,NA,NA,NA,NA
6409,NA,NA,NA,NA
6410,NA,NA,NA,NA
6411,NA,NA,NA,NA
6412,NA,NA,NA,NA
6413,-0.221566662192345,0.975145280361176,0.216974765062332,0.171198517084122
6414,-0.146560594439507,0.664260268211365,-0.283112585544586,0.00557610578835011
6415,-0.0986261665821075,0.0161428134888411,-0.681817591190338,0.510576486587524
6416,-0.0986145734786987,0.016270574182272,-0.690608739852905,0.512983202934265
6417,-0.0986145734786987,0.016270574182272,-0.690608739852905,0.512983202934265
6418,-0.0986261814832687,0.0161427203565836,-0.681884825229645,0.510559737682343
6419,-0.0986145734786987,0.016270574182272,-0.690608739852905,0.512983202934265
6420,-0.0986122414469719,0.0162961576133966,-0.68947446346283,0.510222196578979
6421,-0.154003992676735,-0.970710277557373,-0.395042181015015,0.0791370198130608
6422,-0.0928390100598335,-0.507097959518433,-0.272440433502197,0.291041195392609
6423,-0.0643070638179779,-0.206319287419319,-0.273515850305557,0.277610868215561
6424,-0.0986803844571114,0.0156648457050323,-0.701999425888062,0.532238185405731
6425,-0.0986804291605949,0.015663955360651,-0.701997458934784,0.532276451587677
6426,-0.0985241234302521,0.0166559647768736,-0.702912032604218,0.522384643554688
6427,-0.0986803248524666,0.0156609825789928,-0.70200103521347,0.532921254634857
6428,-0.105066068470478,-0.0142427440732718,-0.690992295742035,0.511781275272369
6429,-0.0986530184745789,0.0150613440200686,-0.689790308475494,0.504910707473755
6430,-0.105065301060677,-0.0142427673563361,-0.690987944602966,0.51178365945816
6431,-0.0986528694629669,0.015060099773109,-0.689793229103088,0.504926979541779
6432,-0.103684641420841,-0.0115179168060422,-0.692217946052551,0.507322311401367
6433,-0.0986528694629669,0.015060099773109,-0.689793229103088,0.504926979541779
6434,-0.0986528694629669,0.015060099773109,-0.689793229103088,0.504926979541779
6435,-0.0986530184745789,0.0150613440200686,-0.689790308475494,0.504910707473755
6436,-0.103695929050446,-0.0115123353898525,-0.692225635051727,0.50730699300766
6437,-0.0986528694629669,0.015060099773109,-0.689793229103088,0.504926979541779
6438,-0.0986805260181427,0.0156597904860973,-0.701985597610474,0.532415688037872
6439,NA,NA,NA,NA
6440,-0.455847322940826,0.890058040618896,-0.274846762418747,1.96293985843658
6441,NA,NA,NA,NA
6442,NA,NA,NA,NA
6443,-0.650576829910278,0.523952543735504,-0.243118941783905,0.724890470504761
6444,0.65582400560379,-0.44375941157341,-0.260902851819992,0.0295536704361439
6445,NA,NA,NA,NA
6446,NA,NA,NA,NA
6447,-0.436182856559753,0.899858117103577,-0.117253758013248,1.11989009380341
6448,NA,NA,NA,NA
6449,NA,NA,NA,NA
6450,-0.353571325540543,0.935407638549805,-0.159677788615227,0.71323174238205
6451,NA,NA,NA,NA
6452,NA,NA,NA,NA
6453,NA,NA,NA,NA
6454,NA,NA,NA,NA
6455,NA,NA,NA,NA
6456,NA,NA,NA,NA
6457,-0.41449162364006,0.910053193569183,-0.212139576673508,0.448680430650711
6458,0.760384500026703,-0.649473249912262,-1.46617817878723,0.260602533817291
6459,NA,NA,NA,NA
6460,-0.206109568476677,-0.97852897644043,0.195680320262909,-0.173609584569931
6461,-0.290566593408585,0.492603600025177,-0.233387649059296,0.446227550506592
6462,0.0364798493683338,0.775960862636566,0.254107683897018,-0.387257635593414
6463,NA,NA,NA,NA
6464,NA,NA,NA,NA
6465,0.836792945861816,-0.547519564628601,-1.00016403198242,3.35965752601624
6466,0.282429456710815,0.0662728697061539,0.120540454983711,-0.161213889718056
6467,0.811396479606628,0.117584064602852,-0.262648969888687,0.75899475812912
6468,0.286121040582657,0.862902104854584,-0.268115818500519,0.873277842998505
6469,NA,NA,NA,NA
6470,0.0389318279922009,-0.999241888523102,0.393537968397141,0.672549724578857
6471,-0.12068235129118,-0.475336790084839,0.119351305067539,-0.169702112674713
6472,NA,NA,NA,NA
6473,-0.124277658760548,-0.992247521877289,-0.338421493768692,-0.329201132059097
6474,NA,NA,NA,NA
6475,-0.999959409236908,-0.0090175187215209,-1.56317853927612,1.32951819896698
6476,-0.154356256127357,0.988015294075012,-0.190958917140961,0.4014652967453
6477,NA,NA,NA,NA
6478,NA,NA,NA,NA
6479,NA,NA,NA,NA
6480,NA,NA,NA,NA
6481,NA,NA,NA,NA
6482,NA,NA,NA,NA
6483,NA,NA,NA,NA
6484,-0.0036575086414814,0.853205263614655,-0.206083759665489,0.414502441883087
6485,NA,NA,NA,NA
6486,NA,NA,NA,NA
6487,-0.274585962295532,-0.944019615650177,-0.258984923362732,-0.106781393289566
6488,0.807330727577209,-0.590099275112152,-0.181378990411758,0.320384472608566
6489,-0.121871240437031,-0.992545962333679,-0.285027533769608,-0.322653532028198
6490,-0.997405111789703,-0.0719940587878227,0.0909927487373352,0.371613949537277
6491,-0.243862167000771,-0.924381017684937,-0.251992702484131,0.0299999993294477
6492,-0.210922211408615,-0.635176122188568,-0.198422849178314,0.243728160858154
6493,-0.796698689460754,0.197532415390015,-0.519067883491516,1.31831300258636
6494,-0.0633318573236465,-0.0448233187198639,-0.676769852638245,0.727604866027832
6495,NA,NA,NA,NA
6496,NA,NA,NA,NA
6497,-0.725735723972321,0.533546686172485,-0.439650058746338,1.66419589519501
6498,NA,NA,NA,NA
6499,-0.360501617193222,0.932758629322052,-0.0288568548858166,2.03815770149231
6500,NA,NA,NA,NA
6501,NA,NA,NA,NA
6502,NA,NA,NA,NA
6503,-0.00240767374634743,0.99995881319046,-0.184566244482994,0.24213981628418
6504,-0.124599374830723,0.992207169532776,0.140679225325584,0.352172642946243
6505,NA,NA,NA,NA
6506,NA,NA,NA,NA
6507,NA,NA,NA,NA
6508,NA,NA,NA,NA
6509,NA,NA,NA,NA
6510,0.120616167783737,-0.992699265480042,-0.172261983156204,-0.452133268117905
6511,NA,NA,NA,NA
6512,NA,NA,NA,NA
6513,NA,NA,NA,NA
6514,NA,NA,NA,NA
6515,NA,NA,NA,NA
6516,-0.277003258466721,0.960869014263153,-0.27341291308403,-0.159120544791222
6517,-0.240380316972733,-0.0435677692294121,-1.24385905265808,-0.44810077548027
6518,NA,NA,NA,NA
6519,-0.236306145787239,0.782257437705994,-0.240259066224098,0.205403506755829
6520,NA,NA,NA,NA
6521,-0.207607790827751,-0.797782838344574,-0.229656010866165,-0.149205580353737
6522,NA,NA,NA,NA
6523,NA,NA,NA,NA
6524,NA,NA,NA,NA
6525,-0.327529072761536,0.101079754531384,-0.143118172883987,0.234301969408989
6526,-0.117427080869675,0.993081569671631,-0.206162646412849,0.139861062169075
6527,-0.10046574473381,0.994940519332886,-0.204164817929268,0.318534404039383
6528,NA,NA,NA,NA
6529,NA,NA,NA,NA
6530,NA,NA,NA,NA
6531,NA,NA,NA,NA
6532,0.999999165534973,0.00134030380286276,0.28578120470047,0.0446222461760044
6533,-0.173578709363937,0.0482905432581902,-0.275974810123444,0.0930406153202057
6534,NA,NA,NA,NA
6535,NA,NA,NA,NA
6536,NA,NA,NA,NA
6537,NA,NA,NA,NA
6538,NA,NA,NA,NA
6539,NA,NA,NA,NA
6540,NA,NA,NA,NA
6541,NA,NA,NA,NA
6542,NA,NA,NA,NA
6543,NA,NA,NA,NA
6544,-0.829273462295532,0.125717550516129,-0.593496918678284,1.21501564979553
6545,-0.797514021396637,0.2250916659832,-0.578065395355225,1.28710186481476
6546,NA,NA,NA,NA
6547,NA,NA,NA,NA
6548,NA,NA,NA,NA
6549,NA,NA,NA,NA
6550,-0.285189688205719,-0.206608042120934,-0.262461274862289,0.280502140522003
6551,-0.763782918453217,0.440770924091339,-0.553559005260468,1.42164051532745
6552,-0.782142281532288,0.284894406795502,-0.574763298034668,1.29383313655853
6553,-0.6747887134552,0.0893715769052505,-1.26692056655884,-0.0853767246007919
6554,NA,NA,NA,NA
6555,NA,NA,NA,NA
6556,NA,NA,NA,NA
6557,-0.109483160078526,-0.993988692760468,-0.286632210016251,-0.378059029579163
6558,-0.779913246631622,0.0509135723114014,-0.631427705287933,1.08372581005096
6559,NA,NA,NA,NA
6560,NA,NA,NA,NA
6561,0.797344923019409,-0.603523969650269,0.197491735219955,-0.634800314903259
6562,-0.183207511901855,-0.321193903684616,-0.296751827001572,0.26710844039917
6563,NA,NA,NA,NA
6564,NA,NA,NA,NA
6565,-0.0809739381074905,-0.996716260910034,-0.295682668685913,-0.481680035591125
6566,NA,NA,NA,NA
6567,NA,NA,NA,NA
6568,NA,NA,NA,NA
6569,NA,NA,NA,NA
6570,-0.385966509580612,-0.922512829303741,-1.10147976875305,-1.82804894447327
6571,-0.59602028131485,-0.00604881579056382,-0.698313117027283,0.462178707122803
6572,-0.602163314819336,0.00384282483719289,-0.607045769691467,1.10591435432434
6573,-0.555278301239014,-0.036741741001606,-0.667419016361237,0.725194156169891
6574,NA,NA,NA,NA
6575,NA,NA,NA,NA
6576,NA,NA,NA,NA
6577,NA,NA,NA,NA
6578,NA,NA,NA,NA
6579,NA,NA,NA,NA
6580,NA,NA,NA,NA
6581,NA,NA,NA,NA
6582,-0.389545291662216,-0.921007394790649,-0.215380042791367,-0.272715121507645
6583,-0.0501206070184708,0.0030021583661437,-0.676358997821808,0.736031711101532
6584,-0.0250891912728548,0.999685287475586,0.229936152696609,0.229281276464462
6585,NA,NA,NA,NA
6586,NA,NA,NA,NA
6587,NA,NA,NA,NA
6588,-0.332897394895554,-0.942963123321533,-0.280991405248642,0.515735387802124
6589,-0.219688713550568,-0.193250775337219,-0.280903607606888,0.478612124919891
6590,-0.18284073472023,-0.600747287273407,-0.282958596944809,0.32427567243576
6591,0.0282921548932791,-0.999599754810333,-0.381498545408249,-0.84884250164032
6592,-0.146971553564072,-0.248068749904633,-0.250274986028671,0.374604970216751
6593,-0.145930334925652,-0.257361590862274,-0.248719796538353,0.384233027696609
6594,-0.147407785058022,-0.212665572762489,-0.244043558835983,0.392940372228622
6595,-0.145930334925652,-0.257361590862274,-0.248719796538353,0.384233027696609
6596,-0.156113371253014,-0.272026717662811,-0.247908309102058,0.39093017578125
6597,-0.145930334925652,-0.257361590862274,-0.248719796538353,0.384233027696609
6598,-0.145930334925652,-0.257361590862274,-0.248719796538353,0.384233027696609
6599,0.0103950835764408,-0.00219893362373114,-0.635317027568817,1.11576175689697
6600,0.00358318071812391,-0.0219986028969288,-0.634744465351105,1.07607448101044
6601,-0.101234510540962,-0.994862616062164,-0.391763657331467,-0.574397265911102
6602,0.0119665451347828,0.00668445602059364,-0.627408504486084,1.10126399993896
6603,0.0143802985548973,-0.00344603788107634,-0.620289206504822,1.08416271209717
6604,NA,NA,NA,NA
6605,NA,NA,NA,NA
6606,NA,NA,NA,NA
6607,-0.285843670368195,-0.958276331424713,-0.200986534357071,-0.275082230567932
6608,NA,NA,NA,NA
6609,-0.0542134270071983,-0.998529434204102,-0.704575419425964,-0.361139416694641
6610,NA,NA,NA,NA
6611,NA,NA,NA,NA
6612,-0.179611399769783,-0.727372884750366,-0.303750872612,-0.300584226846695
6613,NA,NA,NA,NA
6614,-0.263297289609909,-0.0415287613868713,-0.263824492692947,0.0971757769584656
6615,NA,NA,NA,NA
6616,NA,NA,NA,NA
6617,-0.204004660248756,-0.833686709403992,-0.344329833984375,-0.462254106998444
6618,0.0638704374432564,-0.997958242893219,-0.266202628612518,-0.643007516860962
6619,NA,NA,NA,NA
6620,NA,NA,NA,NA
6621,NA,NA,NA,NA
6622,-0.130706906318665,-0.991421103477478,-0.537520468235016,-0.823216497898102
6623,-0.100147992372513,-0.994972586631775,-0.326580882072449,-0.572422921657562
6624,-0.15210910141468,-0.988363742828369,-0.308884888887405,-0.525330483913422
6625,NA,NA,NA,NA
6626,-0.193664640188217,-0.981067836284637,-0.236301362514496,-0.38297426700592
6627,-0.203482896089554,-0.943196833133698,-0.310052454471588,-0.487235426902771
6628,NA,NA,NA,NA
6629,NA,NA,NA,NA
6630,NA,NA,NA,NA
6631,NA,NA,NA,NA
6632,-0.455473840236664,0.890249192714691,-0.182249590754509,0.693896770477295
6633,NA,NA,NA,NA
6634,NA,NA,NA,NA
6635,NA,NA,NA,NA
6636,NA,NA,NA,NA
6637,-0.0107959834858775,0.999941766262054,0.172479376196861,0.247205436229706
6638,NA,NA,NA,NA
6639,NA,NA,NA,NA
6640,NA,NA,NA,NA
6641,NA,NA,NA,NA
6642,NA,NA,NA,NA
6643,NA,NA,NA,NA
6644,NA,NA,NA,NA
6645,NA,NA,NA,NA
6646,NA,NA,NA,NA
6647,NA,NA,NA,NA
6648,NA,NA,NA,NA
6649,NA,NA,NA,NA
6650,NA,NA,NA,NA
6651,NA,NA,NA,NA
6652,-0.353417605161667,0.935465693473816,-0.337202131748199,1.78107750415802
6653,-0.184407591819763,0.982849776744843,-0.200755879282951,0.428375154733658
6654,-0.29945981502533,0.954108953475952,-0.171057432889938,1.29720854759216
6655,0.167186945676804,-0.985925257205963,-0.150062754750252,-0.342068016529083
6656,-0.550715744495392,0.740390181541443,-0.117233298718929,0.0213909950107336
6657,-0.893745124340057,-0.0339080616831779,-0.237444505095482,0.968123137950897
6658,NA,NA,NA,NA
6659,NA,NA,NA,NA
6660,NA,NA,NA,NA
6661,NA,NA,NA,NA
6662,-0.46146023273468,-0.887160956859589,0.142361283302307,0.362866967916489
6663,-0.617635548114777,-0.786464512348175,0.133107617497444,0.310622543096542
6664,NA,NA,NA,NA
6665,NA,NA,NA,NA
6666,0.0412834919989109,-0.999147534370422,0.167826741933823,0.433761119842529
6667,NA,NA,NA,NA
6668,NA,NA,NA,NA
6669,NA,NA,NA,NA
6670,NA,NA,NA,NA
6671,NA,NA,NA,NA
6672,NA,NA,NA,NA
6673,NA,NA,NA,NA
6674,-0.447289258241653,0.894389450550079,-0.0637410506606102,1.92533826828003
6675,NA,NA,NA,NA
6676,NA,NA,NA,NA
6677,NA,NA,NA,NA
6678,NA,NA,NA,NA
6679,NA,NA,NA,NA
6680,NA,NA,NA,NA
6681,NA,NA,NA,NA
6682,-0.428342789411545,0.279914379119873,-0.486952066421509,1.54100716114044
6683,-0.41460046172142,0.437792539596558,-0.503572165966034,1.50116562843323
6684,-0.240762382745743,0.970584034919739,0.0822273716330528,0.106240130960941
6685,NA,NA,NA,NA
6686,NA,NA,NA,NA
6687,NA,NA,NA,NA
6688,NA,NA,NA,NA
6689,NA,NA,NA,NA
6690,NA,NA,NA,NA
6691,NA,NA,NA,NA
6692,NA,NA,NA,NA
6693,NA,NA,NA,NA
6694,NA,NA,NA,NA
6695,NA,NA,NA,NA
6696,NA,NA,NA,NA
6697,NA,NA,NA,NA
6698,NA,NA,NA,NA
6699,NA,NA,NA,NA
6700,NA,NA,NA,NA
6701,NA,NA,NA,NA
6702,NA,NA,NA,NA
6703,NA,NA,NA,NA
6704,NA,NA,NA,NA
6705,NA,NA,NA,NA
6706,0.997493207454681,-0.0707630291581154,0.443001687526703,0.862228751182556
6707,NA,NA,NA,NA
6708,NA,NA,NA,NA
6709,-0.357532560825348,0.0977467447519302,-0.511848151683807,1.45954573154449
6710,NA,NA,NA,NA
6711,NA,NA,NA,NA
6712,NA,NA,NA,NA
6713,NA,NA,NA,NA
6714,NA,NA,NA,NA
6715,NA,NA,NA,NA
6716,NA,NA,NA,NA
6717,-0.294345676898956,0.95569908618927,-0.310005217790604,1.42157983779907
6718,-0.736929357051849,0.0343424417078495,-1.10191464424133,2.02429580688477
6719,0.987634479999542,-0.156774535775185,0.343659311532974,0.330107003450394
6720,NA,NA,NA,NA
6721,NA,NA,NA,NA
6722,NA,NA,NA,NA
6723,NA,NA,NA,NA
6724,NA,NA,NA,NA
6725,NA,NA,NA,NA
6726,NA,NA,NA,NA
6727,NA,NA,NA,NA
6728,-0.139771968126297,0.990183770656586,0.223379418253899,0.294486433267593
6729,-0.154964059591293,0.987920165061951,1.19482433795929,1.74114978313446
6730,0.0187035445123911,0.999825119972229,-0.164030104875565,-0.10727372020483
6731,0.319714158773422,0.640103995800018,-0.218731001019478,0.407723397016525
6732,-0.0119604403153062,0.999928534030914,-0.201193451881409,-0.0518816001713276
6733,0.028790170326829,0.999585509300232,0.167086452245712,0.157725870609283
6734,NA,NA,NA,NA
6735,NA,NA,NA,NA
6736,NA,NA,NA,NA
6737,NA,NA,NA,NA
6738,NA,NA,NA,NA
6739,NA,NA,NA,NA
6740,NA,NA,NA,NA
6741,-0.703892111778259,0.472892165184021,-0.269280135631561,-0.207688793540001
6742,-0.633646965026855,0.711496770381927,-0.270822376012802,0.114544108510017
6743,-0.0999905690550804,0.994988441467285,0.199261516332626,0.268992841243744
6744,-0.576781570911407,0.8168985247612,-0.00682892743498087,0.182031974196434
6745,-0.30331888794899,0.138890504837036,-0.712724328041077,0.208916395902634
6746,NA,NA,NA,NA
6747,NA,NA,NA,NA
6748,-0.286746710538864,-0.00057046755682677,-0.379938274621964,0.184817612171173
6749,-0.513994872570038,0.85779333114624,-0.167283654212952,0.399665147066116
6750,-0.439066141843796,0.832297086715698,-0.168188095092773,0.49048039317131
6751,-0.722804129123688,-0.691053032875061,-0.23299266397953,-0.159713938832283
6752,-0.16604919731617,0.986117541790009,0.187416762113571,0.0513127595186234
6753,0.939019322395325,0.343864560127258,0.404536664485931,-0.979094922542572
6754,0.0885976999998093,-0.0172845087945461,0.477191507816315,-1.63142371177673
6755,-0.268657118082047,-0.963235914707184,0.114033125340939,-0.58951061964035
6756,0.199652910232544,0.258413523435593,0.5470951795578,-1.30407500267029
6757,NA,NA,NA,NA
6758,-0.271042197942734,-0.962567448616028,0.199031412601471,-0.82272744178772
6759,-0.281049311161041,0.959693372249603,-0.129639819264412,0.496533423662186
6760,NA,NA,NA,NA
6761,NA,NA,NA,NA
6762,NA,NA,NA,NA
6763,NA,NA,NA,NA
6764,NA,NA,NA,NA
6765,NA,NA,NA,NA
6766,NA,NA,NA,NA
6767,-0.0616013742983341,-0.998100876808167,0.249500826001167,-0.659509241580963
6768,NA,NA,NA,NA
6769,NA,NA,NA,NA
6770,NA,NA,NA,NA
6771,NA,NA,NA,NA
6772,NA,NA,NA,NA
6773,NA,NA,NA,NA
6774,NA,NA,NA,NA
6775,-0.426274985074997,0.544973790645599,-0.198583140969276,0.802382707595825
6776,NA,NA,NA,NA
6777,NA,NA,NA,NA
6778,NA,NA,NA,NA
6779,-0.829644024372101,-0.558292865753174,-0.240756064653397,0.108464874327183
6780,NA,NA,NA,NA
6781,NA,NA,NA,NA
6782,NA,NA,NA,NA
6783,NA,NA,NA,NA
6784,NA,NA,NA,NA
6785,NA,NA,NA,NA
6786,-0.128374010324478,0.991725862026215,0.188105002045631,0.282457053661346
6787,NA,NA,NA,NA
6788,NA,NA,NA,NA
6789,-0.0243911221623421,0.0846476480364799,-0.572031438350677,1.24617910385132
6790,-0.0735861510038376,-0.00539797358214855,-0.623089015483856,1.0439145565033
6791,NA,NA,NA,NA
6792,0.699026107788086,-0.715096116065979,-0.0199877358973026,0.456831455230713
6793,NA,NA,NA,NA
6794,NA,NA,NA,NA
6795,NA,NA,NA,NA
6796,NA,NA,NA,NA
6797,NA,NA,NA,NA
6798,NA,NA,NA,NA
6799,NA,NA,NA,NA
6800,0.131531029939651,-0.299107998609543,0.215859860181808,-0.66071218252182
6801,0.623379707336426,0.127861708402634,0.286460131406784,-0.630896806716919
6802,0.896836459636688,-0.442362397909164,0.25034111738205,-0.838965535163879
6803,-0.251208901405334,0.0139030246064067,-0.807318568229675,-0.061722606420517
6804,-0.213179647922516,-0.228210374712944,-1.03273701667786,-0.403459161520004
6805,NA,NA,NA,NA
6806,NA,NA,NA,NA
6807,-0.675624787807465,-0.0341537296772003,-0.583594918251038,0.978678643703461
6808,-0.37829452753067,0.925685346126556,-0.173978418111801,0.562705934047699
6809,-0.278768718242645,0.960358321666718,-0.433437943458557,1.52351725101471
6810,-0.0347073152661324,-0.0076550766825676,-0.70061719417572,0.510327100753784
6811,-0.0356623828411102,-0.0214941240847111,0.678373217582703,-0.77019190788269
6812,-0.19691264629364,0.0242443773895502,0.193639785051346,-0.298529654741287
6813,-0.238489374518394,0.227596342563629,1.00989353656769,0.287309378385544
6814,-0.18336895108223,0.211136445403099,1.14606988430023,-0.079387754201889
6815,-0.222120687365532,0.290369927883148,0.964220702648163,0.396037817001343
6816,-0.220915138721466,0.0384679585695267,0.844685077667236,0.481385171413422
6817,-0.180576026439667,0.0443402007222176,1.18563604354858,-0.174574702978134
6818,-0.222462564706802,0.108698703348637,0.920863270759583,0.427202820777893
6819,-0.240657985210419,0.299777776002884,0.880139708518982,0.442517817020416
6820,-0.262936115264893,0.546487033367157,0.772477507591248,0.389584749937057
6821,-0.0186142362654209,0.0500282421708107,0.679090321063995,-0.617312073707581
6822,0.0151293044909835,-0.999885618686676,-0.120028674602509,-0.643106639385223
6823,-0.65604305267334,0.0519277229905128,-0.624829292297363,1.01791954040527
6824,0.0105370357632637,-0.383768886327744,0.638147473335266,-0.457134693861008
6825,NA,NA,NA,NA
6826,NA,NA,NA,NA
6827,-0.213320821523666,0.182025969028473,-0.294689565896988,-0.180296793580055
6828,-0.304299980401993,-0.952576339244843,-0.213830843567848,-0.441080451011658
6829,-0.467018276453018,0.884247720241547,-0.27448096871376,1.96063697338104
6830,-0.0920769944787025,-0.391512662172318,-0.460973024368286,-0.231188356876373
6831,-0.120463483035564,-0.149229273200035,-0.400593519210815,-0.15927392244339
6832,-0.253613889217377,-0.254175126552582,-1.15170788764954,1.34942519664764
6833,0.940330922603607,-0.340261369943619,0.228375911712646,-0.430774450302124
6834,NA,NA,NA,NA
6835,-0.241976544260979,0.0273162350058556,0.293141573667526,-0.0713048726320267
6836,NA,NA,NA,NA
6837,NA,NA,NA,NA
6838,NA,NA,NA,NA
6839,NA,NA,NA,NA
6840,0.0913347452878952,0.14699923992157,0.423554331064224,-0.289887845516205
6841,-0.061845026910305,0.115128450095654,0.715733051300049,0.152141585946083
6842,NA,NA,NA,NA
6843,NA,NA,NA,NA
6844,0.642925202846527,-0.0551952049136162,0.204634740948677,-0.199154540896416
6845,-0.456623673439026,-0.889660000801086,-0.183376118540764,-0.377156287431717
6846,NA,NA,NA,NA
6847,NA,NA,NA,NA
6848,-0.152649536728859,0.988280475139618,0.251072436571121,0.319424599409103
6849,0.991760611534119,-0.128105357289314,0.888573586940765,-3.25691795349121
6850,-0.0276979021728039,-0.999616384506226,-0.238216042518616,-0.64640873670578
6851,-0.281075775623322,-0.341988414525986,-0.246909245848656,0.0452225022017956
6852,-0.22124058008194,0.75091290473938,-0.255213975906372,0.62662261724472
6853,-0.215622305870056,0.00651821307837963,-0.717143297195435,-0.305941045284271
6854,-0.235961899161339,-0.016309441998601,-0.77435839176178,-0.3989237844944
6855,-0.137672871351242,0.124390348792076,-0.331508249044418,0.46082404255867
6856,NA,NA,NA,NA
6857,0.0855372846126556,-0.996335029602051,-0.27754408121109,-0.614034295082092
6858,-0.0177022442221642,-0.0213509816676378,-0.683022379875183,0.643224060535431
6859,NA,NA,NA,NA
6860,-0.190041646361351,-0.289586216211319,-0.198401570320129,0.162611827254295
6861,-0.154676407575607,-0.543900668621063,-0.379473060369492,-0.231847137212753
6862,-0.223900333046913,0.601628005504608,-0.721135795116425,-0.306840926408768
6863,-0.0879383534193039,-0.996125996112823,0.238596439361572,0.582818627357483
6864,-0.00571679603308439,0.999983727931976,-0.211662366986275,0.351630926132202
6865,-0.197723925113678,0.98025780916214,0.248485043644905,0.280138194561005
6866,-0.613186895847321,-0.00813025701791048,-0.229570433497429,0.381095677614212
6867,-0.080365926027298,-0.430944740772247,-0.449898302555084,-0.236411109566689
6868,-0.0681614503264427,-0.997674345970154,0.279585242271423,-0.42674931883812
6869,-0.0663675367832184,-0.694453656673431,-0.348413348197937,-0.103514596819878
6870,-0.0811287313699722,-0.996703684329987,0.297873824834824,-0.547958374023438
6871,-0.522126197814941,-0.852868318557739,-0.237301349639893,-0.422737687826157
6872,-0.254874914884567,0.966974079608917,-0.353932440280914,-0.362744688987732
6873,-0.0441728979349136,-0.0708176717162132,0.68078351020813,-0.708003580570221
6874,NA,NA,NA,NA
6875,NA,NA,NA,NA
6876,-0.153487280011177,-0.047665860503912,-1.18922650814056,1.40885829925537
6877,-0.232551261782646,0.972584187984467,0.546158730983734,0.455746680498123
6878,NA,NA,NA,NA
6879,-0.24518421292305,-0.0264293439686298,-1.12903618812561,0.904840230941772
6880,-0.00791443139314651,-0.505738437175751,-0.416598916053772,0.228282183408737
6881,0.000671058893203735,-0.375153809785843,0.419858187437057,-0.249212011694908
6882,0.0278820395469666,-0.538901507854462,-0.530106604099274,0.222465664148331
6883,-0.0875469148159027,-0.794687390327454,0.257298618555069,-0.58503270149231
6884,0.0194932986050844,-0.175174832344055,-0.384927004575729,0.36565163731575
6885,-0.0019782017916441,-0.376687079668045,0.382516622543335,-0.339292645454407
6886,-0.00241893250495195,-0.361791163682938,-0.412037461996078,0.301657229661942
6887,-0.00960674323141575,-0.394816070795059,0.404357492923737,-0.277284562587738
6888,-0.263557851314545,0.964643657207489,-0.306479871273041,-0.268012642860413
6889,-0.0596192441880703,-0.225334525108337,0.680658578872681,-0.729577898979187
6890,-0.0369799807667732,-0.0125869419425726,-0.663884043693542,0.721563637256622
6891,-0.118379734456539,0.992968440055847,0.336296617984772,0.0489946566522121
6892,-0.286641716957092,0.348182022571564,-0.71403694152832,-0.177068799734116
6893,NA,NA,NA,NA
6894,-0.254919171333313,0.897043585777283,-0.284167677164078,0.398955285549164
6895,NA,NA,NA,NA
6896,NA,NA,NA,NA
6897,NA,NA,NA,NA
6898,-0.0438740327954292,-0.00690644234418869,0.677613139152527,-0.718929588794708
6899,NA,NA,NA,NA
6900,NA,NA,NA,NA
6901,-0.261457532644272,0.392894446849823,-1.12265193462372,0.178445518016815
6902,-0.431570291519165,-0.902079343795776,-0.154801994562149,-0.435807466506958
6903,NA,NA,NA,NA
6904,NA,NA,NA,NA
6905,-0.223198220133781,0.974773108959198,0.356392502784729,0.196742221713066
6906,NA,NA,NA,NA
6907,0.136390075087547,0.121872901916504,0.577702701091766,-1.18650245666504
6908,-0.162546694278717,0.277654081583023,1.02662241458893,-0.232520997524261
6909,-0.0215219091624022,0.0836552903056145,0.687897503376007,-0.603469729423523
6910,-0.0956660062074661,-0.995413541793823,-0.384107798337936,-0.0386146157979965
6911,NA,NA,NA,NA
6912,-0.00436317268759012,-0.550435245037079,-0.715813219547272,0.293624401092529
6913,-0.999973177909851,-0.00732971308752894,-1.72142839431763,0.166430607438087
6914,NA,NA,NA,NA
6915,-0.130283355712891,0.334881901741028,-0.316232323646545,0.252312749624252
6916,NA,NA,NA,NA
6917,NA,NA,NA,NA
6918,0.377236813306808,0.92611688375473,0.00438513699918985,0.682325303554535
6919,NA,NA,NA,NA
6920,-0.0631339251995087,0.998005092144012,0.147855281829834,-1.28969717025757
6921,NA,NA,NA,NA
6922,NA,NA,NA,NA
6923,NA,NA,NA,NA
6924,NA,NA,NA,NA
6925,NA,NA,NA,NA
6926,NA,NA,NA,NA
6927,NA,NA,NA,NA
6928,-0.666099786758423,0.156808078289032,-0.384223252534866,0.832285702228546
6929,0.0182327553629875,0.456882834434509,-0.267354279756546,1.0806622505188
6930,-0.0603272989392281,-0.00125914253294468,0.590102970600128,-1.14561700820923
6931,NA,NA,NA,NA
6932,0.460169851779938,-0.872546494007111,0.0557316392660141,0.105262912809849
6933,NA,NA,NA,NA
6934,NA,NA,NA,NA
6935,NA,NA,NA,NA
6936,NA,NA,NA,NA
6937,-0.00481962412595749,-0.171786800026894,-0.640118181705475,1.01040768623352
6938,NA,NA,NA,NA
6939,NA,NA,NA,NA
6940,NA,NA,NA,NA
6941,-0.0502392537891865,-0.000933279632590711,-0.675752758979797,0.728033542633057
6942,NA,NA,NA,NA
6943,NA,NA,NA,NA
6944,-0.721714913845062,-0.186144277453423,-1.26632308959961,-2.02118325233459
6945,NA,NA,NA,NA
6946,-0.285471946001053,0.00810045190155506,-1.07185161113739,-0.405565798282623
6947,NA,NA,NA,NA
6948,NA,NA,NA,NA
6949,NA,NA,NA,NA
6950,NA,NA,NA,NA
6951,NA,NA,NA,NA
6952,0.292569547891617,0.956244289875031,0.252144396305084,0.115128092467785
6953,NA,NA,NA,NA
6954,NA,NA,NA,NA
6955,NA,NA,NA,NA
6956,NA,NA,NA,NA
6957,-0.530092120170593,-0.847940146923065,-0.246939435601234,-0.188892021775246
6958,-0.452197164297104,-0.891918063163757,0.154417231678963,0.426128089427948
6959,-0.743827998638153,0.668371140956879,-0.118067383766174,0.618711709976196
6960,-0.214888617396355,-0.976638615131378,0.0476933345198631,0.693800866603851
6961,-0.467419385910034,-0.884035766124725,-0.169220983982086,-0.407207489013672
6962,NA,NA,NA,NA
6963,-0.134854316711426,-0.990865468978882,0.0357703641057014,0.752425253391266
6964,NA,NA,NA,NA
6965,NA,NA,NA,NA
6966,0.143125459551811,0.766502559185028,-0.293441772460938,0.987904071807861
6967,-0.359516948461533,0.933138608932495,-0.332297712564468,1.8557687997818
6968,-0.486669391393661,-0.383120685815811,-0.174820214509964,0.00342918792739511
6969,-0.326370894908905,0.569322407245636,-0.548951268196106,0.887348592281342
6970,-0.695170104503632,0.321608334779739,-0.522144019603729,1.62507855892181
6971,NA,NA,NA,NA
6972,NA,NA,NA,NA
6973,NA,NA,NA,NA
6974,-0.165071651339531,-0.552557706832886,-0.424689948558807,-0.223268494009972
6975,NA,NA,NA,NA
6976,NA,NA,NA,NA
6977,NA,NA,NA,NA
6978,NA,NA,NA,NA
6979,NA,NA,NA,NA
6980,0.874115526676178,-0.485718160867691,0.231295481324196,-0.728086650371552
6981,0.275298893451691,-0.961358726024628,-0.0898791551589966,-0.232102513313293
6982,-0.17206098139286,0.98508632183075,0.212808728218079,0.13838317990303
6983,-0.10864070057869,-0.987775027751923,-0.611764192581177,-0.19012176990509
6984,-0.277976721525192,0.960587859153748,0.550437986850739,0.522415518760681
6985,0.0790496915578842,0.18486724793911,-0.154929593205452,0.399880617856979
6986,0.166205897927284,-0.0120356036350131,0.210116684436798,-0.619504272937775
6987,-0.353966563940048,0.935258150100708,-0.396864801645279,1.52934443950653
6988,-0.146328121423721,-0.282161861658096,-0.970977604389191,-0.297888457775116
6989,-0.0998323485255241,0.00544992322102189,0.701853334903717,-0.530114114284515
6990,NA,NA,NA,NA
6991,-0.363040655851364,-0.93177330493927,-0.25625142455101,-0.453940838575363
6992,-0.239567428827286,-0.970879793167114,-0.347239553928375,-0.860231578350067
6993,-0.458175122737885,-0.888861954212189,-0.283764988183975,-0.328048765659332
6994,NA,NA,NA,NA
6995,NA,NA,NA,NA
6996,NA,NA,NA,NA
6997,NA,NA,NA,NA
6998,NA,NA,NA,NA
6999,NA,NA,NA,NA
7000,NA,NA,NA,NA
7001,NA,NA,NA,NA
7002,NA,NA,NA,NA
7003,-0.0253367312252522,0.0807680636644363,0.715470671653748,-0.148481965065002
7004,NA,NA,NA,NA
7005,NA,NA,NA,NA
7006,0.996239125728607,0.0866470262408257,0.314849942922592,1.33460891246796
7007,NA,NA,NA,NA
7008,NA,NA,NA,NA
7009,NA,NA,NA,NA
7010,NA,NA,NA,NA
7011,NA,NA,NA,NA
7012,-0.9999960064888,0.00284596299752593,-1.71066439151764,0.239637643098831
7013,NA,NA,NA,NA
7014,NA,NA,NA,NA
7015,NA,NA,NA,NA
7016,0.887171387672424,0.461440145969391,0.334148108959198,-0.588481247425079
7017,0.911676704883575,0.410908341407776,0.31621590256691,-0.471958369016647
7018,-0.258111089468002,-0.966115295886993,-0.120634213089943,-0.363051652908325
7019,NA,NA,NA,NA
7020,NA,NA,NA,NA
7021,NA,NA,NA,NA
7022,NA,NA,NA,NA
7023,NA,NA,NA,NA
7024,-0.265015721321106,-0.571347773075104,0.342708557844162,-1.31796538829803
7025,NA,NA,NA,NA
7026,NA,NA,NA,NA
7027,NA,NA,NA,NA
7028,NA,NA,NA,NA
7029,NA,NA,NA,NA
7030,NA,NA,NA,NA
7031,NA,NA,NA,NA
7032,NA,NA,NA,NA
7033,0.0835128203034401,0.996506750583649,-0.0403495505452156,1.41808462142944
7034,NA,NA,NA,NA
7035,-0.147541493177414,-0.106956504285336,0.0696150660514832,-0.54673033952713
7036,NA,NA,NA,NA
7037,0.54829740524292,-0.836283504962921,0.119778908789158,0.0295306146144867
7038,NA,NA,NA,NA
7039,0.295244783163071,0.955421686172485,1.21488845348358,-1.79058456420898
7040,0.0849202573299408,-0.193002104759216,0.330152720212936,-1.76677560806274
7041,NA,NA,NA,NA
7042,0.999997496604919,0.00225380389019847,0.294844657182693,0.485731482505798
7043,NA,NA,NA,NA
7044,0.364747911691666,0.786307990550995,0.134630978107452,-0.29622408747673
7045,NA,NA,NA,NA
7046,0.139405503869057,-0.286277174949646,0.101146064698696,-0.389802753925323
7047,NA,NA,NA,NA
7048,NA,NA,NA,NA
7049,NA,NA,NA,NA
7050,0.964167773723602,0.265293389558792,-0.207597821950912,0.224799573421478
7051,NA,NA,NA,NA
7052,NA,NA,NA,NA
7053,NA,NA,NA,NA
7054,NA,NA,NA,NA
7055,-0.996376514434814,-0.085052564740181,-0.126914203166962,0.00684838136658072
7056,0.262589812278748,0.964907586574554,-0.140553653240204,0.765362024307251
7057,NA,NA,NA,NA
7058,NA,NA,NA,NA
7059,-0.0220607835799456,0.999756693840027,-0.140511810779572,1.09465384483337
7060,NA,NA,NA,NA
7061,NA,NA,NA,NA
7062,-0.0135890273377299,-0.108886733651161,-0.133231565356255,0.949627697467804
7063,-0.0239828564226627,0.0368135459721088,-0.149096176028252,0.600112676620483
7064,0.229149371385574,0.97339129447937,-1.28800570964813,1.63294279575348
7065,NA,NA,NA,NA
7066,-0.166759073734283,-0.98599773645401,0.106551021337509,-0.40814208984375
7067,-0.108993828296661,0.444570630788803,-0.259169280529022,1.74449491500854
7068,NA,NA,NA,NA
7069,-0.0124025763943791,-0.0185468699783087,0.359712690114975,-1.81000578403473
7070,-0.283304989337921,0.959029912948608,0.174940228462219,-1.07262790203094
7071,-0.109554156661034,0.00244064442813396,0.526416063308716,-1.43166542053223
7072,-0.119734779000282,0.0530762672424316,0.379446238279343,-1.71447789669037
7073,0.232802867889404,0.0916633307933807,0.237915575504303,-0.638215184211731
7074,-0.0510999336838722,0.229585289955139,0.32552781701088,-1.22792661190033
7075,-0.0470500811934471,0.0152458250522614,0.433207333087921,-1.66511654853821
7076,-0.196973368525505,-0.980408906936646,0.324058413505554,-1.01780319213867
7077,-0.0468835458159447,0.0157561413943768,0.431533604860306,-1.66094815731049
7078,-0.0560834743082523,0.0193958356976509,0.414266258478165,-1.66005373001099
7079,0.305816531181335,-0.952090501785278,0.160822123289108,-0.441460400819778
7080,-0.131366953253746,-0.49494743347168,0.336787432432175,-1.12729489803314
7081,-0.0249321740120649,-0.0104348454624414,0.394635230302811,-1.72906625270844
7082,-0.0468520298600197,0.0157972909510136,0.428563356399536,-1.64568853378296
7083,-0.0311297327280045,-0.0224362052977085,0.396489560604095,-1.74695527553558
7084,NA,NA,NA,NA
7085,NA,NA,NA,NA
7086,NA,NA,NA,NA
7087,NA,NA,NA,NA
7088,NA,NA,NA,NA
7089,NA,NA,NA,NA
7090,0.0591584406793118,-0.192033365368843,0.310241848230362,-1.84893155097961
7091,NA,NA,NA,NA
7092,NA,NA,NA,NA
7093,0.0151516189798713,-0.0744790062308311,0.350296884775162,-1.89777004718781
7094,NA,NA,NA,NA
7095,NA,NA,NA,NA
7096,0.0551340915262699,-0.246091559529305,0.312859117984772,-1.84513366222382
7097,0.0840703174471855,-0.162904292345047,0.310421764850616,-1.79646158218384
7098,0.175980374217033,-0.806385695934296,0.157426699995995,-1.14967954158783
7099,NA,NA,NA,NA
7100,NA,NA,NA,NA
7101,NA,NA,NA,NA
7102,0.0800836682319641,-0.132273316383362,0.318183064460754,-1.84059751033783
7103,NA,NA,NA,NA
7104,0.00214537791907787,-0.0824735090136528,0.322091281414032,-1.78526258468628
7105,NA,NA,NA,NA
7106,-0.0440238006412983,-0.999030530452728,0.087941400706768,-0.929389715194702
7107,NA,NA,NA,NA
7108,NA,NA,NA,NA
7109,NA,NA,NA,NA
7110,NA,NA,NA,NA
7111,NA,NA,NA,NA
7112,NA,NA,NA,NA
7113,NA,NA,NA,NA
7114,NA,NA,NA,NA
7115,NA,NA,NA,NA
7116,-0.652964472770691,0.757388591766357,-0.0583201870322227,1.14657950401306
7117,NA,NA,NA,NA
7118,NA,NA,NA,NA
7119,-0.129612669348717,-0.991564750671387,-0.0229488871991634,-0.0532433800399303
7120,NA,NA,NA,NA
7121,NA,NA,NA,NA
7122,0.805038332939148,-0.593222856521606,0.530315935611725,1.40852320194244
7123,NA,NA,NA,NA
7124,NA,NA,NA,NA
7125,NA,NA,NA,NA
7126,0.0820670649409294,-0.159161359071732,0.355974912643433,-1.8599534034729
7127,0.0478077083826065,-0.206244498491287,0.352685302495956,-1.85089576244354
7128,NA,NA,NA,NA
7129,NA,NA,NA,NA
7130,NA,NA,NA,NA
7131,NA,NA,NA,NA
7132,NA,NA,NA,NA
7133,-0.896565437316895,0.442911386489868,-0.16776342689991,0.433248102664948
7134,-0.881401479244232,0.472368001937866,-0.186793744564056,0.254466831684113
7135,NA,NA,NA,NA
7136,NA,NA,NA,NA
7137,0.53273594379425,-0.846281588077545,0.184818267822266,-0.241743445396423
7138,NA,NA,NA,NA
7139,NA,NA,NA,NA
7140,NA,NA,NA,NA
7141,0.128617286682129,0.711690902709961,-0.153812751173973,0.55697774887085
7142,NA,NA,NA,NA
7143,NA,NA,NA,NA
7144,0.315268129110336,0.294523745775223,0.284482538700104,-0.878792703151703
7145,NA,NA,NA,NA
7146,-0.352229565382004,0.741665303707123,-0.236125335097313,1.8578941822052
7147,NA,NA,NA,NA
7148,-0.154019579291344,0.105888724327087,-0.211339846253395,0.955481469631195
7149,NA,NA,NA,NA
7150,NA,NA,NA,NA
7151,NA,NA,NA,NA
7152,NA,NA,NA,NA
7153,NA,NA,NA,NA
7154,-0.910269498825073,0.414016336202621,-1.04582750797272,2.91390228271484
7155,NA,NA,NA,NA
7156,NA,NA,NA,NA
7157,0.518085181713104,-0.855329096317291,0.149807512760162,-0.119985729455948
7158,NA,NA,NA,NA
7159,NA,NA,NA,NA
7160,0.024114603176713,-0.999709248542786,0.00825174059718847,-0.516138851642609
7161,-0.873021483421326,0.487681835889816,-0.222262904047966,-0.350716829299927
7162,0.137431189417839,0.643634796142578,0.261884689331055,-1.28690159320831
7163,0.146288424730301,0.989242017269135,0.24559485912323,-0.846947371959686
7164,0.0809634774923325,0.996717095375061,0.0600728839635849,-0.633746743202209
7165,-0.150423020124435,0.988621771335602,0.0584813356399536,-0.463880956172943
7166,-0.281882464885712,0.959448993206024,-0.0644535198807716,0.260587424039841
7167,-0.909976303577423,0.414660394191742,-0.219214409589767,-0.4033183157444
7168,NA,NA,NA,NA
7169,0.0959080159664154,-0.995390236377716,0.0917588546872139,-0.229382455348969
7170,0.438985645771027,-0.898494124412537,0.0491522215306759,0.0748974233865738
7171,NA,NA,NA,NA
7172,NA,NA,NA,NA
7173,NA,NA,NA,NA
7174,NA,NA,NA,NA
7175,NA,NA,NA,NA
7176,NA,NA,NA,NA
7177,NA,NA,NA,NA
7178,NA,NA,NA,NA
7179,-0.0960517376661301,0.995376408100128,-0.0760754495859146,1.25169146060944
7180,0.175469413399696,0.984484910964966,1.31701374053955,-1.32442426681519
7181,0.224198758602142,0.974543511867523,1.32944941520691,-1.42008888721466
7182,0.111765436828136,-0.993734657764435,0.141017735004425,-0.960269451141357
7183,NA,NA,NA,NA
7184,NA,NA,NA,NA
7185,0.215724304318428,-0.338800311088562,-0.251204550266266,1.46921765804291
7186,NA,NA,NA,NA
7187,NA,NA,NA,NA
7188,0.258175283670425,0.966098129749298,1.30647873878479,-1.51025068759918
7189,NA,NA,NA,NA
7190,NA,NA,NA,NA
7191,0.498137593269348,0.867097973823547,0.960317671298981,-2.3182053565979
7192,NA,NA,NA,NA
7193,0.0662878602743149,-0.233525171875954,0.322813302278519,-1.83467924594879
7194,0.0638207644224167,-0.219184815883636,0.336130112409592,-1.9090701341629
7195,0.0318230167031288,-0.268545180559158,0.328315436840057,-1.87552297115326
7196,0.04385806620121,-0.259571522474289,0.322845339775085,-1.86982655525208
7197,NA,NA,NA,NA
7198,0.160088121891022,0.0791504457592964,-1.10295701026917,3.35884785652161
7199,0.0764082595705986,-0.194379180669785,0.305405259132385,-1.80651187896729
7200,0.361247599124908,0.376004159450531,-0.855663597583771,2.35828351974487
7201,0.0643492788076401,-0.226109623908997,0.317288786172867,-1.8647712469101
7202,0.0630279555916786,-0.217613384127617,0.313721597194672,-1.83346426486969
7203,0.381785720586777,0.399893045425415,-0.905435800552368,2.38555192947388
7204,0.0275725536048412,-0.275184750556946,0.312474995851517,-1.79619526863098
7205,NA,NA,NA,NA
7206,0.0467969551682472,-0.259918123483658,0.321785300970078,-1.81873059272766
7207,0.1661656498909,0.0648697540163994,0.278113812208176,-1.28441381454468
7208,0.226897984743118,0.0157473459839821,0.412904143333435,-1.93923366069794
7209,-0.00864612311124802,-0.113047741353512,0.326894193887711,-1.78199255466461
7210,-0.00539194466546178,-0.110689051449299,0.324593245983124,-1.77498292922974
7211,0.00625132583081722,-0.117108419537544,0.342923015356064,-1.80768728256226
7212,-0.110470212996006,0.993879497051239,1.43253743648529,-1.44734835624695
7213,0.418821811676025,0.568184554576874,0.92867785692215,-2.41500997543335
7214,-0.122464343905449,0.992472946643829,1.49737679958344,-1.47518956661224
7215,0.407689094543457,0.411397039890289,0.85605800151825,-2.36995506286621
7216,0.1692875623703,0.985566735267639,1.35206472873688,-1.36426365375519
7217,0.443228304386139,0.821702837944031,0.858274579048157,-2.13941073417664
7218,-0.11971140652895,0.992808759212494,1.45019900798798,-1.4151508808136
7219,NA,NA,NA,NA
7220,NA,NA,NA,NA
7221,NA,NA,NA,NA
7222,0.253314882516861,0.967383921146393,0.268458068370819,0.0931539088487625
7223,NA,NA,NA,NA
7224,NA,NA,NA,NA
7225,NA,NA,NA,NA
7226,NA,NA,NA,NA
7227,NA,NA,NA,NA
7228,NA,NA,NA,NA
7229,NA,NA,NA,NA
7230,NA,NA,NA,NA
7231,NA,NA,NA,NA
7232,NA,NA,NA,NA
7233,0.108957447111607,-0.20571793615818,-0.341454267501831,1.68411469459534
7234,NA,NA,NA,NA
7235,-0.0358327329158783,0.215902760624886,-0.31830769777298,1.47925448417664
7236,-0.99943619966507,-0.033577673137188,-0.193806111812592,-0.141474157571793
7237,-0.351062387228012,0.371217370033264,-0.0588616319000721,0.633489787578583
7238,NA,NA,NA,NA
7239,0.467023760080338,-0.884244859218597,0.146691113710403,-0.32981938123703
7240,-0.354293763637543,-0.93513423204422,-0.047247190028429,-0.424768328666687
7241,0.605932414531708,-0.795516192913055,0.326577931642532,0.37880951166153
7242,-0.928918063640594,0.37028557062149,-0.207206636667252,-0.209285989403725
7243,-0.639832854270935,-0.768514156341553,-0.0756280049681664,-0.591197371482849
7244,-0.167260751128197,-0.98591274023056,0.00987222511321306,-0.483360975980759
7245,NA,NA,NA,NA
7246,-0.676924407482147,-0.736052632331848,-0.118063725531101,-0.382547825574875
7247,NA,NA,NA,NA
7248,-0.808726489543915,-0.588184952735901,-0.128703191876411,-0.322939276695251
7249,NA,NA,NA,NA
7250,0.461311221122742,-0.887238442897797,0.152380064129829,-0.510199725627899
7251,0.326532691717148,-0.945185959339142,0.171937838196754,-0.545955836772919
7252,NA,NA,NA,NA
7253,-0.955811023712158,-0.293981969356537,-0.143441393971443,-0.249259352684021
7254,NA,NA,NA,NA
7255,0.285676270723343,-0.95832622051239,0.172611981630325,-0.56119829416275
7256,-0.5818971991539,-0.813262403011322,-0.0998171642422676,-0.431666553020477
7257,-0.480286926031113,-0.877111494541168,-0.116177678108215,-0.391239732503891
7258,0.324363321065903,-0.945932626724243,0.17094112932682,-0.549360513687134
7259,0.0410964414477348,-0.999155223369598,0.156841412186623,-0.571284234523773
7260,0.416638284921646,-0.909072399139404,0.197746649384499,-0.455251514911652
7261,-0.415285229682922,-0.909691333770752,-0.124545447528362,-0.423868328332901
7262,NA,NA,NA,NA
7263,0.115591004490852,-0.993296921253204,0.123549439013004,-0.727541446685791
7264,0.123826816678047,-0.992303907871246,0.212761491537094,-0.615665376186371
7265,NA,NA,NA,NA
7266,-0.274003833532333,-0.961728632450104,-0.0510571897029877,-0.476279377937317
7267,0.440516263246536,-0.897744715213776,1.37509548664093,-2.33654093742371
7268,NA,NA,NA,NA
7269,0.236231431365013,-0.971696853637695,0.267464280128479,-0.447305560112
7270,NA,NA,NA,NA
7271,0.183985859155655,-0.982928931713104,0.13208581507206,-0.692693889141083
7272,NA,NA,NA,NA
7273,-0.654756903648376,-0.755839586257935,-0.0621720552444458,-0.550807118415833
7274,-0.753784477710724,-0.657121777534485,-0.163487523794174,-0.376919686794281
7275,0.159934833645821,-0.987127661705017,0.0958165377378464,-0.558088779449463
7276,NA,NA,NA,NA
7277,0.515372157096863,-0.856966555118561,0.121093191206455,-0.232067406177521
7278,NA,NA,NA,NA
7279,NA,NA,NA,NA
7280,NA,NA,NA,NA
7281,NA,NA,NA,NA
7282,-0.728237271308899,-0.685325145721436,-0.11467370390892,-0.379977881908417
7283,0.15997739136219,-0.987120747566223,0.135370254516602,-0.671750068664551
7284,NA,NA,NA,NA
7285,-0.847031891345978,0.531542181968689,-0.0768618732690811,-0.453606933355331
7286,NA,NA,NA,NA
7287,NA,NA,NA,NA
7288,NA,NA,NA,NA
7289,NA,NA,NA,NA
7290,NA,NA,NA,NA
7291,NA,NA,NA,NA
7292,NA,NA,NA,NA
7293,NA,NA,NA,NA
7294,0.159606531262398,0.486725389957428,0.142852678894997,-0.488812655210495
7295,0.671181976795197,0.273928791284561,0.335680574178696,-0.602057278156281
7296,NA,NA,NA,NA
7297,-0.92474502325058,0.380587309598923,-0.191689312458038,0.337950736284256
7298,NA,NA,NA,NA
7299,NA,NA,NA,NA
7300,NA,NA,NA,NA
7301,NA,NA,NA,NA
7302,NA,NA,NA,NA
7303,0.304571658372879,0.153529986739159,-0.286549896001816,0.509389400482178
7304,NA,NA,NA,NA
7305,NA,NA,NA,NA
7306,NA,NA,NA,NA
7307,NA,NA,NA,NA
7308,NA,NA,NA,NA
7309,NA,NA,NA,NA
7310,NA,NA,NA,NA
7311,NA,NA,NA,NA
7312,NA,NA,NA,NA
7313,NA,NA,NA,NA
7314,NA,NA,NA,NA
7315,NA,NA,NA,NA
7316,0.0417371056973934,-0.203008040785789,0.313037157058716,-1.81087374687195
7317,0.0438439324498177,-0.186776608228683,0.324035257101059,-1.82367467880249
7318,0.0560437850654125,-0.176672667264938,0.326382577419281,-1.90262699127197
7319,0.0380294434726238,-0.296116471290588,0.261810421943665,-1.85908579826355
7320,-0.93618631362915,0.351504385471344,-0.218033045530319,0.280107170343399
7321,0.013630723580718,-0.159591853618622,0.325458854436874,-1.82284915447235
7322,NA,NA,NA,NA
7323,0.0496207028627396,-0.235235631465912,0.333956927061081,-1.92746949195862
7324,-0.89042991399765,0.455120444297791,-0.177080243825912,0.483586370944977
7325,0.0583982393145561,-0.25530332326889,0.306214302778244,-1.83554899692535
7326,NA,NA,NA,NA
7327,0.0382521040737629,-0.26396632194519,0.316005617380142,-1.82912981510162
7328,0.00692055374383926,-0.165528014302254,0.329444825649261,-1.82337999343872
7329,0.183798059821129,-0.119867764413357,0.318985670804977,-1.6679619550705
7330,0.0749918147921562,-0.21936671435833,0.299197852611542,-1.79332256317139
7331,-0.264541864395142,-0.784390509128571,0.158142581582069,-0.610004544258118
7332,0.0501805134117603,-0.256614923477173,0.315459668636322,-1.84229338169098
7333,NA,NA,NA,NA
7334,-0.0335278995335102,0.00269214995205402,0.39270806312561,-1.73135483264923
7335,-0.0335278995335102,0.00269214995205402,0.39270806312561,-1.73135483264923
7336,-0.00164129910990596,-0.0212953351438046,-0.357110619544983,1.77814519405365
7337,-0.0118306474760175,-0.0199554618448019,0.357201308012009,-1.77847790718079
7338,-0.305189251899719,-0.599895060062408,-0.396798372268677,1.28672325611115
7339,-0.0130601609125733,-0.0221214033663273,0.350824624300003,-1.79700899124146
7340,-0.199428260326385,-0.366412132978439,0.400378972291946,-1.52908420562744
7341,0.106229387223721,0.273507982492447,-0.209700927138329,1.0815372467041
7342,NA,NA,NA,NA
7343,-0.0028362856246531,-0.0211050137877464,0.360100477933884,-1.80669164657593
7344,NA,NA,NA,NA
7345,-0.00593859935179353,-0.0135411899536848,0.351688921451569,-1.80524945259094
7346,NA,NA,NA,NA
7347,-0.247025161981583,-0.373130321502686,0.259724229574203,-1.06334733963013
7348,-0.0122548770159483,-0.0207240767776966,0.352519780397415,-1.80816292762756
7349,-0.00587232736870646,-0.0290979743003845,0.34882390499115,-1.78680384159088
7350,-0.0226265694946051,0.174122586846352,-0.252016395330429,1.24830865859985
7351,-0.00232821702957153,-0.022974718362093,0.359009116888046,-1.79188668727875
7352,-0.141170188784599,-0.32672992348671,0.259707987308502,-1.59792649745941
7353,-0.0132510717958212,-0.0224189814180136,0.348905444145203,-1.78443169593811
7354,-0.0335278995335102,0.00269214995205402,0.39270806312561,-1.73135483264923
7355,-0.0441880598664284,-0.0174084417521954,-0.397904515266418,1.75683736801147
7356,-0.088020384311676,-0.00916329026222229,0.494998782873154,-1.57173800468445
7357,NA,NA,NA,NA
7358,0.0667863339185715,0.699172079563141,0.180629968643188,-0.709916353225708
7359,-0.0909620821475983,-0.00243479432538152,0.466711163520813,-1.49286365509033
7360,-0.0400256477296352,0.133609727025032,-0.240877270698547,1.11230623722076
7361,-0.115008682012558,0.0920188128948212,0.276134997606277,-1.05837380886078
7362,-0.0354244038462639,-0.0223355181515217,-0.402897357940674,1.79758048057556
7363,-0.116699278354645,-0.0960204228758812,0.47793972492218,-1.55271422863007
7364,-0.0783866122364998,-0.0882438868284225,-0.410113215446472,1.73182690143585
7365,-0.0805206224322319,-0.00226834113709629,0.47629725933075,-1.49335432052612
7366,-0.0805208832025528,-0.00227621220983565,0.480980455875397,-1.53589236736298
7367,-0.284071564674377,-0.650325357913971,0.248110741376877,-0.975374817848206
7368,-0.000728987157344818,0.388565897941589,0.263319134712219,-1.49445343017578
7369,-0.0335278995335102,0.00269214995205402,0.39270806312561,-1.73135483264923
7370,0.0854652374982834,0.112110018730164,0.300662934780121,-1.09587669372559
7371,-0.0375915020704269,-0.00576173840090632,0.389199912548065,-1.73732566833496
7372,-0.0335278995335102,0.00269214995205402,0.39270806312561,-1.73135483264923
7373,-0.0334726646542549,0.00284956768155098,0.391687333583832,-1.74232029914856
7374,-0.0335278995335102,0.00269214995205402,0.39270806312561,-1.73135483264923
7375,-0.033606193959713,0.00264765974134207,0.392502278089523,-1.74372971057892
7376,NA,NA,NA,NA
7377,-0.439936935901642,-0.89802873134613,-0.0400507487356663,-0.670633852481842
7378,NA,NA,NA,NA
7379,-0.0335296913981438,0.00269139930605888,0.392706781625748,-1.73135375976562
7380,-0.0335816070437431,0.00255960505455732,0.399930715560913,-1.75063562393188
7381,NA,NA,NA,NA
7382,-0.044705718755722,0.0203606449067593,0.379793524742126,-1.74195170402527
7383,NA,NA,NA,NA
7384,-0.0335278995335102,0.00269214995205402,0.39270806312561,-1.73135483264923
7385,NA,NA,NA,NA
7386,-0.278942584991455,-0.960307836532593,-0.0072788568213582,-0.64253705739975
7387,-0.446624487638474,-0.894721567630768,-0.0488261766731739,-0.676812529563904
7388,-0.402672678232193,-0.91534411907196,-0.053860530257225,-0.632984399795532
7389,-0.303548753261566,-0.95281594991684,-0.0450614914298058,-0.661619484424591
7390,-0.286019086837769,-0.9582239985466,-0.0539950840175152,-0.644920945167542
7391,-0.0751886442303658,-0.997169375419617,0.036198977380991,-0.658126950263977
7392,0.00587718421593308,-0.99998277425766,0.105077929794788,-0.618531405925751
7393,0.0251018721610308,-0.999684929847717,0.0898980125784874,-0.660632610321045
7394,-0.0372778847813606,-0.999305009841919,0.0519897751510143,-0.679894328117371
7395,-0.343008905649185,-0.939332187175751,-0.0778933987021446,-0.662362515926361
7396,-0.267018020153046,-0.963691592216492,-0.0849183350801468,-0.691029489040375
7397,-0.601075530052185,-0.799192309379578,-0.134780451655388,-0.680862843990326
7398,0.22272601723671,0.479236096143723,0.240959987044334,-1.31903576850891
7399,NA,NA,NA,NA
7400,-0.0335987657308578,0.00250835437327623,0.396304875612259,-1.7197676897049
7401,-0.0332471057772636,0.00341339036822319,0.398988664150238,-1.76618385314941
7402,-0.0335278995335102,0.00269214995205402,0.39270806312561,-1.73135483264923
7403,0.35299876332283,0.935623824596405,0.211275339126587,-0.956012904644012
7404,-0.105701312422752,-0.0058181332424283,0.487690836191177,-1.49807119369507
7405,-0.088020384311676,-0.00916329026222229,0.494998782873154,-1.57173800468445
7406,-0.088020384311676,-0.00916329026222229,0.494998782873154,-1.57173800468445
7407,-0.0335277915000916,0.00269271712750196,0.392681747674942,-1.73135328292847
7408,-0.0279450602829456,0.00893421843647957,0.409977406263351,-1.77044177055359
7409,-0.0313847251236439,0.00120876077562571,0.404365628957748,-1.79586911201477
7410,NA,NA,NA,NA
7411,0.10529487580061,-0.14588674902916,0.332077085971832,-1.81721913814545
7412,0.055842749774456,-0.236086845397949,0.339044570922852,-1.85330772399902
7413,-0.207771018147469,-0.751700520515442,0.376409590244293,-1.48481464385986
7414,0.00931937899440527,-0.999956607818604,0.0894495248794556,-0.660198211669922
7415,-0.0361655205488205,-0.0911880806088448,0.375030905008316,-1.77181506156921
7416,-0.0273969061672688,0.0109239248558879,0.40031310915947,-1.76735472679138
7417,-0.0980086624622345,-0.0362660512328148,0.469695746898651,-1.48559582233429
7418,NA,NA,NA,NA
7419,NA,NA,NA,NA
7420,0.17879031598568,-0.983887255191803,0.235273987054825,-1.59395849704742
7421,-0.0447806492447853,-0.0355444699525833,0.389255881309509,-1.73579514026642
7422,-0.0335260704159737,0.0026977751404047,0.394624352455139,-1.75927078723907
7423,-0.0366445854306221,0.0140395034104586,0.389968752861023,-1.75962066650391
7424,NA,NA,NA,NA
7425,-0.0335278995335102,0.00269214995205402,0.39270806312561,-1.73135483264923
7426,0.0867343842983246,0.996231555938721,0.225525632500648,-0.940371215343475
7427,-0.0508852824568748,0.114112980663776,-0.22594627737999,1.096963763237
7428,-0.0910072550177574,-0.00250450405292213,0.465001314878464,-1.48705744743347
7429,-0.0563759729266167,-0.0607288554310799,0.397186666727066,-1.73045599460602
7430,NA,NA,NA,NA
7431,-0.0949095264077187,0.995485961437225,0.157086223363876,-0.00444442965090275
7432,NA,NA,NA,NA
7433,NA,NA,NA,NA
7434,NA,NA,NA,NA
7435,NA,NA,NA,NA
7436,NA,NA,NA,NA
7437,NA,NA,NA,NA
7438,NA,NA,NA,NA
7439,NA,NA,NA,NA
7440,NA,NA,NA,NA
7441,NA,NA,NA,NA
7442,NA,NA,NA,NA
7443,NA,NA,NA,NA
7444,NA,NA,NA,NA
7445,NA,NA,NA,NA
7446,NA,NA,NA,NA
7447,NA,NA,NA,NA
7448,-0.514320373535156,-0.857598185539246,0.129526823759079,-0.743891656398773
7449,-0.387923449277878,-0.43549519777298,0.0493085756897926,-0.886522114276886
7450,0.0380967110395432,-0.235963091254234,0.341807126998901,-1.39658617973328
7451,-0.0081419525668025,-0.210565149784088,0.387340098619461,-1.61042070388794
7452,-0.0330872498452663,-0.434131890535355,0.397365063428879,-1.62469148635864
7453,-0.998595416545868,-0.0529836788773537,-0.248539417982101,0.401423901319504
7454,NA,NA,NA,NA
7455,NA,NA,NA,NA
7456,NA,NA,NA,NA
7457,NA,NA,NA,NA
7458,NA,NA,NA,NA
7459,NA,NA,NA,NA
7460,-0.0365153700113297,0.0146564021706581,0.429080337285995,-1.63256895542145
7461,NA,NA,NA,NA
7462,-0.117226965725422,0.993105173110962,0.151530399918556,-0.170932054519653
7463,-0.0930464863777161,0.995661795139313,0.172014191746712,-0.213590115308762
7464,-0.0398402661085129,-0.344150215387344,0.352076977491379,-1.57398998737335
7465,0.0761392787098885,-0.0138983139768243,0.183374151587486,-1.13289678096771
7466,0.180492758750916,-0.983576357364655,0.121480904519558,-0.645279586315155
7467,-0.113141760230064,-0.512811064720154,0.345643699169159,-1.50588512420654
7468,-0.0722146779298782,-0.429143816232681,0.33952671289444,-1.52502167224884
7469,-0.25600728392601,-0.738078653812408,0.269951462745667,-1.09951102733612
7470,NA,NA,NA,NA
7471,-0.0370497703552246,0.0138278342783451,0.41656956076622,-1.67493081092834
7472,-0.106662139296532,-0.00695026805624366,0.501592040061951,-1.48641836643219
7473,0.171774685382843,0.985136330127716,0.294953435659409,-0.977954864501953
7474,-0.0761809796094894,-0.450458914041519,0.342208653688431,-1.52106189727783
7475,-0.0986104160547256,0.243240833282471,-0.168435752391815,0.705878973007202
7476,-0.0459367893636227,-0.378111213445663,0.335207879543304,-1.55269694328308
7477,-0.0563662014901638,0.0175555348396301,0.426597952842712,-1.65856158733368
7478,0.230086207389832,-0.549831032752991,0.211227834224701,-0.217088997364044
7479,-0.0488820523023605,-0.381082326173782,0.368139237165451,-1.69086897373199
7480,NA,NA,NA,NA
7481,0.17687414586544,0.984233498573303,1.0489239692688,-1.55103397369385
7482,NA,NA,NA,NA
7483,NA,NA,NA,NA
7484,0.36249765753746,-0.931984722614288,0.116358146071434,0.269029706716537
7485,NA,NA,NA,NA
7486,NA,NA,NA,NA
7487,NA,NA,NA,NA
7488,0.273690432310104,0.0939018428325653,-0.349111378192902,1.1833508014679
7489,NA,NA,NA,NA
7490,NA,NA,NA,NA
7491,0.14232462644577,0.989820063114166,0.0223315916955471,0.439689606428146
7492,NA,NA,NA,NA
7493,NA,NA,NA,NA
7494,-0.113390445709229,-0.667620301246643,0.246684938669205,-1.09492206573486
7495,NA,NA,NA,NA
7496,-0.141736641526222,-0.989904463291168,0.13583217561245,-0.736846148967743
7497,-0.0787350609898567,0.996895611286163,0.153310909867287,-0.0536227002739906
7498,-0.940686404705048,0.339277446269989,-0.231563344597816,-0.401933610439301
7499,-0.950800657272339,0.309803545475006,-0.209377065300941,-0.0708851143717766
7500,NA,NA,NA,NA
7501,NA,NA,NA,NA
7502,NA,NA,NA,NA
7503,NA,NA,NA,NA
7504,NA,NA,NA,NA
7505,-0.353874325752258,-0.233232095837593,-0.182642474770546,0.51545786857605
7506,NA,NA,NA,NA
7507,NA,NA,NA,NA
7508,-0.236021488904953,-0.335972189903259,0.255041182041168,-0.838574945926666
7509,NA,NA,NA,NA
7510,-0.0931097492575645,-0.99565589427948,0.0965819954872131,-0.294804394245148
7511,NA,NA,NA,NA
7512,NA,NA,NA,NA
7513,NA,NA,NA,NA
7514,NA,NA,NA,NA
7515,NA,NA,NA,NA
7516,NA,NA,NA,NA
7517,NA,NA,NA,NA
7518,NA,NA,NA,NA
7519,NA,NA,NA,NA
7520,NA,NA,NA,NA
7521,NA,NA,NA,NA
7522,NA,NA,NA,NA
7523,NA,NA,NA,NA
7524,0.170356705784798,-0.985382497310638,0.0419301614165306,0.127791374921799
7525,0.042649008333683,-0.999090194702148,-0.00929515063762665,-0.211284294724464
7526,-0.757439196109772,-0.565333485603333,0.137514039874077,0.0888728946447372
7527,NA,NA,NA,NA
7528,NA,NA,NA,NA
7529,NA,NA,NA,NA
7530,NA,NA,NA,NA
7531,NA,NA,NA,NA
7532,NA,NA,NA,NA
7533,NA,NA,NA,NA
7534,NA,NA,NA,NA
7535,NA,NA,NA,NA
7536,NA,NA,NA,NA
7537,NA,NA,NA,NA
7538,NA,NA,NA,NA
7539,NA,NA,NA,NA
7540,NA,NA,NA,NA
7541,NA,NA,NA,NA
7542,NA,NA,NA,NA
7543,-0.939338207244873,0.342992424964905,-0.199323505163193,-0.278077274560928
7544,NA,NA,NA,NA
7545,-0.197063282132149,0.173995912075043,0.0871241763234138,-0.808884620666504
7546,-0.0809667557477951,-0.278184086084366,0.40406933426857,-1.52877676486969
7547,-0.479973077774048,0.877283275127411,-0.0796195566654205,0.833517372608185
7548,-0.197487607598305,0.980305433273315,-0.0607928186655045,0.82903379201889
7549,0.119012013077736,0.992892861366272,-0.00455295667052269,1.12256824970245
7550,-0.0622010007500648,0.998063683509827,-0.0382122360169888,1.46400284767151
7551,NA,NA,NA,NA
7552,NA,NA,NA,NA
7553,0.361887365579605,-0.93222188949585,0.114261709153652,-0.315260022878647
7554,NA,NA,NA,NA
7555,NA,NA,NA,NA
7556,NA,NA,NA,NA
7557,NA,NA,NA,NA
7558,NA,NA,NA,NA
7559,-0.92997807264328,0.367615163326263,-0.61948549747467,2.51396679878235
7560,NA,NA,NA,NA
7561,NA,NA,NA,NA
7562,NA,NA,NA,NA
7563,-0.00611781515181065,0.999981343746185,0.167632535099983,0.0425981618463993
7564,NA,NA,NA,NA
7565,NA,NA,NA,NA
7566,NA,NA,NA,NA
7567,NA,NA,NA,NA
7568,NA,NA,NA,NA
7569,NA,NA,NA,NA
7570,NA,NA,NA,NA
7571,NA,NA,NA,NA
7572,NA,NA,NA,NA
7573,NA,NA,NA,NA
7574,NA,NA,NA,NA
7575,NA,NA,NA,NA
7576,NA,NA,NA,NA
7577,NA,NA,NA,NA
7578,NA,NA,NA,NA
7579,0.990859568119049,-0.134897589683533,-0.312717795372009,1.1549254655838
7580,NA,NA,NA,NA
7581,NA,NA,NA,NA
7582,NA,NA,NA,NA
7583,NA,NA,NA,NA
7584,0.0323944948613644,-0.604230284690857,0.0570061095058918,-0.299285113811493
7585,-0.0297424979507923,-0.999557673931122,0.0786173045635223,-0.456183016300201
7586,-0.0667720586061478,0.99776828289032,0.122622705996037,0.0936866626143456
7587,0.683903098106384,-0.729572892189026,0.190695628523827,-0.482315361499786
7588,NA,NA,NA,NA
7589,NA,NA,NA,NA
7590,-0.00962330494076014,0.999953746795654,0.199487537145615,-0.057858232408762
7591,-0.913028299808502,0.407896369695663,-0.238133400678635,0.416826218366623
7592,NA,NA,NA,NA
7593,NA,NA,NA,NA
7594,NA,NA,NA,NA
7595,NA,NA,NA,NA
7596,0.181546568870544,-0.00461264885962009,0.391227513551712,-1.57488739490509
7597,NA,NA,NA,NA
7598,-0.130463778972626,-0.991453111171722,0.004392359405756,-0.697076201438904
7599,0.072563961148262,-0.193900242447853,0.327710568904877,-1.85473537445068
7600,0.0106791192665696,-0.999943017959595,0.0963355153799057,-0.876595556735992
7601,NA,NA,NA,NA
7602,-0.0703976303339005,-0.997519075870514,0.231410443782806,-0.910703241825104
7603,0.114034302532673,-0.993476867675781,0.123993322253227,-0.451559722423553
7604,-0.034087285399437,-0.999418914318085,0.163242876529694,-0.506775617599487
7605,0.0436272509396076,-0.999047935009003,0.138784617185593,-0.510145485401154
7606,-0.0742097645998001,-0.99724268913269,0.0712777152657509,-0.622586607933044
7607,0.140578612685204,-0.990069568157196,0.073350690305233,-0.566530764102936
7608,0.358786523342133,0.664574086666107,0.257766127586365,-0.823256433010101
7609,-0.0598842017352581,0.998205363750458,-0.166392117738724,0.126064822077751
7610,0.204256623983383,-0.978917419910431,0.182737529277802,-1.33068943023682
7611,0.120912224054337,-0.992663264274597,0.0637728124856949,-0.515809655189514
7612,0.192192897200584,-0.981357216835022,0.0914086028933525,-0.660838603973389
7613,-0.118627622723579,-0.992938876152039,0.0547672212123871,-0.668161690235138
7614,0.00679863942787051,-0.999976933002472,0.207718789577484,-1.18207287788391
7615,-0.0182586070150137,-0.999833345413208,0.222151517868042,-1.30604803562164
7616,-0.128200024366379,-0.99174839258194,0.0695955976843834,-0.773560881614685
7617,-0.111039608716965,-0.993816018104553,0.080046221613884,-0.768026471138
7618,-0.233470171689987,-0.972364008426666,0.0198431611061096,-0.703790307044983
7619,0.036877416074276,0.999319851398468,0.206930950284004,-0.345503509044647
7620,-0.0586992278695107,0.998275756835938,-0.146098986268044,0.140818938612938
7621,0.467826336622238,-0.883820474147797,0.135644108057022,-0.618244588375092
7622,0.125317931175232,-0.992116689682007,0.349334299564362,-1.6978245973587
7623,-0.133774846792221,-0.991011798381805,0.0469776839017868,-0.630263924598694
7624,0.290118306875229,0.387956589460373,0.223289325833321,-0.799303412437439
7625,-0.079347662627697,-0.996847033500671,0.0961480364203453,-0.792977511882782
7626,0.104887910187244,-0.994484126567841,0.0817498415708542,-0.590574562549591
7627,-0.147782251238823,-0.989019989967346,0.0409837178885937,-0.565774202346802
7628,-0.102290757000446,0.994754612445831,-0.137776911258698,-0.00327498558908701
7629,0.960690379142761,-0.168532624840736,-0.300018280744553,1.44905483722687
7630,0.338876038789749,0.340593636035919,0.212700843811035,-0.866946756839752
7631,0.0661342367529869,-0.997810781002045,0.245722860097885,-1.48358678817749
7632,0.286600351333618,-0.735188484191895,0.369188398122787,-1.60167753696442
7633,0.124135479331017,-0.992265343666077,0.297412097454071,-1.66450929641724
7634,0.0592438355088234,-0.998243570327759,0.280427306890488,-1.62250852584839
7635,0.0267988406121731,-0.999640882015228,0.25549241900444,-1.46134889125824
7636,-0.126169800758362,0.992008745670319,-0.125855356454849,0.0925808250904083
7637,0.329662382602692,-0.944098949432373,0.147321179509163,-0.713353872299194
7638,0.159557551145554,-0.987188696861267,0.266789108514786,-1.66121280193329
7639,-0.194073095917702,-0.980987131595612,0.0242595747113228,-0.725317478179932
7640,-0.0997715443372726,-0.995010435581207,0.0839982777833939,-0.807999491691589
7641,-0.0107609564438462,-0.999942183494568,0.0818608030676842,-0.6578249335289
7642,NA,NA,NA,NA
7643,NA,NA,NA,NA
7644,0.191405266523361,0.0495325215160847,0.3037089407444,-1.26056635379791
7645,NA,NA,NA,NA
7646,NA,NA,NA,NA
7647,NA,NA,NA,NA
7648,NA,NA,NA,NA
7649,NA,NA,NA,NA
7650,NA,NA,NA,NA
7651,NA,NA,NA,NA
7652,NA,NA,NA,NA
7653,NA,NA,NA,NA
7654,NA,NA,NA,NA
7655,NA,NA,NA,NA
7656,NA,NA,NA,NA
7657,NA,NA,NA,NA
7658,-0.0223700925707817,-0.167069748044014,0.332091182470322,-1.76040732860565
7659,-0.0224942099303007,-0.0512368455529213,0.350195497274399,-1.76725113391876
7660,-0.0309369638562202,-0.0702942535281181,0.357419461011887,-1.80630922317505
7661,NA,NA,NA,NA
7662,-0.0277864690870047,0.00975408218801022,0.391008049249649,-1.74584949016571
7663,-0.186942234635353,-0.328206926584244,0.375070542097092,-1.35887849330902
7664,0.0247299633920193,0.148206695914268,0.301232069730759,-0.879965424537659
7665,NA,NA,NA,NA
7666,NA,NA,NA,NA
7667,NA,NA,NA,NA
7668,NA,NA,NA,NA
7669,NA,NA,NA,NA
7670,NA,NA,NA,NA
7671,-0.0277864690870047,0.00975408218801022,0.391008049249649,-1.74584949016571
7672,NA,NA,NA,NA
7673,0.0658462271094322,0.092925563454628,0.278091937303543,-1.01085162162781
7674,-0.00618056440725923,-0.0189370736479759,0.354712635278702,-1.76892507076263
7675,NA,NA,NA,NA
7676,NA,NA,NA,NA
7677,-0.0990186780691147,-0.00938677042722702,0.493584364652634,-1.49199438095093
7678,NA,NA,NA,NA
7679,NA,NA,NA,NA
7680,-0.0277864690870047,0.00975408218801022,0.391008049249649,-1.74584949016571
7681,-0.0940696001052856,-0.0164963901042938,0.47798290848732,-1.51939558982849
7682,-0.0307918600738049,0.00377937918528914,0.388274550437927,-1.73171496391296
7683,-0.0355574078857899,-0.00655167549848557,0.398625910282135,-1.75238335132599
7684,-0.0826717615127563,-0.108372032642365,0.397141873836517,-1.7734500169754
7685,NA,NA,NA,NA
7686,-0.0242084767669439,0.000862336717545986,0.397018253803253,-1.73890376091003
7687,-0.0277845822274685,0.00966744218021631,0.409794956445694,-1.79432594776154
7688,-0.0940696001052856,-0.0164963901042938,0.47798290848732,-1.51939558982849
7689,-0.145443618297577,-0.215914487838745,0.464270740747452,-1.4583865404129
7690,-0.0940696001052856,-0.0164963901042938,0.47798290848732,-1.51939558982849
7691,-0.0277864690870047,0.00975408218801022,0.391008049249649,-1.74584949016571
7692,NA,NA,NA,NA
7693,-0.00172756658867002,0.00973950605839491,0.414181739091873,-1.73537135124207
7694,0.0231768619269133,0.0662823468446732,0.423405051231384,-1.69430899620056
7695,-0.0228821560740471,-0.0125134959816933,0.393209546804428,-1.71797513961792
7696,-0.0538594163954258,-0.0882072672247887,0.39488023519516,-1.73664474487305
7697,-0.02854048833251,0.00795270130038261,0.419737607240677,-1.6917918920517
7698,0.446438580751419,0.894814372062683,0.303109765052795,-0.243221908807755
7699,-0.0883991122245789,-0.0590757690370083,0.490776568651199,-1.47506284713745
7700,-0.0880251675844193,-0.0757796168327332,0.486947983503342,-1.44976913928986
7701,-0.0175009779632092,-0.00946068670600653,0.392107158899307,-1.72105228900909
7702,0.252873539924622,0.967499375343323,0.360607266426086,-0.0199801102280617
7703,0.315421938896179,-0.948951601982117,0.187001928687096,-0.156983271241188
7704,NA,NA,NA,NA
7705,NA,NA,NA,NA
7706,NA,NA,NA,NA
7707,NA,NA,NA,NA
7708,NA,NA,NA,NA
7709,NA,NA,NA,NA
7710,0.0619700066745281,-0.24067310988903,0.309010177850723,-1.88985395431519
7711,0.0848046019673347,-0.179745256900787,0.326487839221954,-1.85062456130981
7712,0.0113212605938315,0.999935984611511,-0.0648709610104561,0.770289361476898
7713,0.095979243516922,-0.164059326052666,0.335485011339188,-1.82790219783783
7714,0.0627528205513954,-0.210015088319778,0.329733341932297,-1.90634381771088
7715,NA,NA,NA,NA
7716,NA,NA,NA,NA
7717,0.42789813876152,-0.903827011585236,0.112220861017704,-0.630555033683777
7718,NA,NA,NA,NA
7719,NA,NA,NA,NA
7720,0.193860441446304,0.0567247495055199,0.384031116962433,-1.26965427398682
7721,NA,NA,NA,NA
7722,NA,NA,NA,NA
7723,NA,NA,NA,NA
7724,NA,NA,NA,NA
7725,0.244650363922119,0.969611406326294,0.210192233324051,-0.127008944749832
7726,-0.884868025779724,0.465841889381409,-0.2402253895998,-0.557943820953369
7727,NA,NA,NA,NA
7728,NA,NA,NA,NA
7729,NA,NA,NA,NA
7730,NA,NA,NA,NA
7731,NA,NA,NA,NA
7732,NA,NA,NA,NA
7733,NA,NA,NA,NA
7734,0.244378939270973,0.969679832458496,-0.0768907815217972,-0.347629815340042
7735,NA,NA,NA,NA
7736,NA,NA,NA,NA
7737,NA,NA,NA,NA
7738,NA,NA,NA,NA
7739,NA,NA,NA,NA
7740,NA,NA,NA,NA
7741,-0.149010121822357,0.988835752010345,0.0910325050354004,0.113347686827183
7742,NA,NA,NA,NA
7743,-0.0774693787097931,0.99699479341507,0.145788580179214,-0.174977242946625
7744,NA,NA,NA,NA
7745,NA,NA,NA,NA
7746,NA,NA,NA,NA
7747,NA,NA,NA,NA
7748,NA,NA,NA,NA
7749,-0.668312668800354,0.743880569934845,-0.165335819125175,0.02412692271173
7750,NA,NA,NA,NA
7751,NA,NA,NA,NA
7752,NA,NA,NA,NA
7753,NA,NA,NA,NA
7754,NA,NA,NA,NA
7755,NA,NA,NA,NA
7756,NA,NA,NA,NA
7757,NA,NA,NA,NA
7758,NA,NA,NA,NA
7759,NA,NA,NA,NA
7760,NA,NA,NA,NA
7761,-0.0616145581007004,-0.122804038226604,0.35546949505806,-1.78220331668854
7762,NA,NA,NA,NA
7763,NA,NA,NA,NA
7764,NA,NA,NA,NA
7765,NA,NA,NA,NA
7766,0.0200002789497375,-0.999800026416779,0.147153675556183,-0.648074626922607
7767,NA,NA,NA,NA
7768,NA,NA,NA,NA
7769,NA,NA,NA,NA
7770,-0.222203135490417,-0.975000441074371,-0.0787346959114075,0.0104016000404954
7771,NA,NA,NA,NA
7772,NA,NA,NA,NA
7773,NA,NA,NA,NA
7774,NA,NA,NA,NA
7775,NA,NA,NA,NA
7776,NA,NA,NA,NA
7777,NA,NA,NA,NA
7778,NA,NA,NA,NA
7779,NA,NA,NA,NA
7780,NA,NA,NA,NA
7781,NA,NA,NA,NA
7782,NA,NA,NA,NA
7783,NA,NA,NA,NA
7784,NA,NA,NA,NA
7785,NA,NA,NA,NA
7786,NA,NA,NA,NA
7787,0.196819186210632,-0.980439841747284,0.184149473905563,-0.435796350240707
7788,NA,NA,NA,NA
7789,0.351418375968933,-0.936218559741974,0.254474103450775,-0.0824696272611618
7790,NA,NA,NA,NA
7791,-0.0209823176264763,-0.999779880046844,-0.0557264648377895,0.125288084149361
7792,NA,NA,NA,NA
7793,NA,NA,NA,NA
7794,NA,NA,NA,NA
7795,NA,NA,NA,NA
7796,NA,NA,NA,NA
7797,-0.193216785788536,0.981156170368195,0.0450836010277271,0.114211529493332
7798,0.0646053701639175,-0.146760240197182,0.310334861278534,-1.60848748683929
7799,-0.0949348360300064,-0.147077411413193,0.336357533931732,-1.83912909030914
7800,NA,NA,NA,NA
7801,NA,NA,NA,NA
7802,NA,NA,NA,NA
7803,NA,NA,NA,NA
7804,NA,NA,NA,NA
7805,NA,NA,NA,NA
7806,0.07529466599226,-0.997161388397217,-0.0132839297875762,0.101229526102543
7807,NA,NA,NA,NA
7808,-0.113262996077538,-0.993565082550049,0.00372831663116813,0.0205968637019396
7809,-0.850142002105713,-0.526553571224213,-0.179353922605515,0.522236466407776
7810,0.0257839728146791,-0.999667584896088,0.0405799858272076,0.0183688197284937
7811,-0.068701907992363,0.997637271881104,0.101697936654091,-0.346297979354858
7812,NA,NA,NA,NA
7813,-0.960643291473389,0.277785062789917,-0.0304467417299747,-0.129860416054726
7814,0.336936056613922,0.941527605056763,0.16174291074276,-0.158673211932182
7815,-0.339774489402771,-0.940506994724274,0.0938645824790001,-0.205849230289459
7816,NA,NA,NA,NA
7817,NA,NA,NA,NA
7818,NA,NA,NA,NA
7819,NA,NA,NA,NA
7820,NA,NA,NA,NA
7821,NA,NA,NA,NA
7822,NA,NA,NA,NA
7823,NA,NA,NA,NA
7824,NA,NA,NA,NA
7825,NA,NA,NA,NA
7826,0.00434356927871704,-0.27804109454155,0.347491562366486,-1.89420390129089
7827,NA,NA,NA,NA
7828,NA,NA,NA,NA
7829,NA,NA,NA,NA
7830,NA,NA,NA,NA
7831,NA,NA,NA,NA
7832,NA,NA,NA,NA
7833,NA,NA,NA,NA
7834,-0.0380036532878876,-0.137999534606934,0.326034009456635,-1.79920935630798
7835,NA,NA,NA,NA
7836,NA,NA,NA,NA
7837,-0.046478345990181,-0.128810241818428,0.350694894790649,-1.90846419334412
7838,NA,NA,NA,NA
7839,-0.0647540092468262,-0.444625049829483,0.374291896820068,-1.53983509540558
7840,NA,NA,NA,NA
7841,NA,NA,NA,NA
7842,NA,NA,NA,NA
7843,-0.0470540076494217,-0.128813788294792,0.336174726486206,-1.86403906345367
7844,NA,NA,NA,NA
7845,-0.0462003126740456,-0.134114429354668,0.341002106666565,-1.82577133178711
7846,NA,NA,NA,NA
7847,NA,NA,NA,NA
7848,NA,NA,NA,NA
7849,NA,NA,NA,NA
7850,0.234197601675987,-0.97218906879425,-0.00171641632914543,-0.327204942703247
7851,-0.129007071256638,0.771790981292725,0.378058224916458,-1.63055551052094
7852,NA,NA,NA,NA
7853,NA,NA,NA,NA
7854,NA,NA,NA,NA
7855,NA,NA,NA,NA
7856,NA,NA,NA,NA
7857,NA,NA,NA,NA
7858,NA,NA,NA,NA
7859,NA,NA,NA,NA
7860,NA,NA,NA,NA
7861,NA,NA,NA,NA
7862,NA,NA,NA,NA
7863,NA,NA,NA,NA
7864,NA,NA,NA,NA
7865,NA,NA,NA,NA
7866,NA,NA,NA,NA
7867,NA,NA,NA,NA
7868,NA,NA,NA,NA
7869,NA,NA,NA,NA
7870,NA,NA,NA,NA
7871,-0.0756454393267632,-0.0680083408951759,0.452742427587509,-1.46684968471527
7872,-0.0289049707353115,-0.458659410476685,0.561817348003387,-1.16780030727386
7873,-0.119295209646225,-0.99285888671875,0.0630382522940636,-0.530767619609833
7874,0.00146796554327011,-0.182183235883713,0.36124774813652,-1.77657508850098
7875,0.00146796554327011,-0.182183235883713,0.36124774813652,-1.77657508850098
7876,-0.00800521112978458,-0.0937012955546379,0.334818959236145,-1.80063009262085
7877,-0.153652891516685,-0.0745775550603867,0.389754474163055,-0.992418706417084
7878,-0.892030000686646,0.451976329088211,-0.15991884469986,0.26290574669838
7879,-0.0880207270383835,-0.108690991997719,0.416553795337677,-1.36363184452057
7880,NA,NA,NA,NA
7881,-0.0207845717668533,-0.133444637060165,0.332734227180481,-1.80106544494629
7882,-0.116894796490669,-0.137627020478249,0.423439145088196,-1.66943144798279
7883,-0.0861656963825226,-0.0221540592610836,0.438857555389404,-1.59010171890259
7884,0.0791202783584595,-0.996865153312683,0.182520002126694,-0.332041501998901
7885,-0.919095993041992,0.394033849239349,-0.186462193727493,0.220534488558769
7886,-0.031982559710741,-0.146144658327103,0.348217070102692,-1.82478511333466
7887,-0.925266563892365,0.379317671060562,-0.176005333662033,0.12765283882618
7888,-0.216408178210258,-0.976303040981293,0.0299999993294477,-0.488970249891281
7889,-0.351374745368958,-0.936234951019287,0.0455793142318726,-0.401021897792816
7890,-0.367756694555283,-0.913314282894135,0.219064980745316,-0.665939569473267
7891,-0.561894059181213,-0.827209293842316,0.28531801700592,-1.43511343002319
7892,-0.889462232589722,0.45700877904892,-0.149307698011398,0.26315900683403
7893,-0.0679676681756973,-0.070372574031353,0.434569835662842,-1.45524728298187
7894,-0.926807224750519,0.375537514686584,-0.215418204665184,0.177764013409615
7895,-0.290329545736313,-0.956926763057709,-0.0364186093211174,-0.161030888557434
7896,-0.672531247138977,-0.740068793296814,-0.112507827579975,0.106536388397217
7897,0.163721576333046,-0.986506640911102,0.120211876928806,0.0281826537102461
7898,-0.237234681844711,-0.971452414989471,-0.0176721271127462,-0.459563165903091
7899,0.700603783130646,-0.713550627231598,0.245138689875603,0.198134571313858
7900,-0.314121276140213,-0.949382901191711,-0.05159942060709,-0.397002756595612
7901,-0.0827208831906319,-0.0460146702826023,0.470153152942657,-1.37969434261322
7902,-0.22200334072113,-0.523376047611237,0.31084406375885,-0.789607107639313
7903,NA,NA,NA,NA
7904,NA,NA,NA,NA
7905,NA,NA,NA,NA
7906,-0.796670377254486,-0.604414105415344,0.172245159745216,0.0247785486280918
7907,-0.933595657348633,0.358328402042389,-0.19277685880661,0.11810277402401
7908,-0.0800910592079163,0.99678760766983,0.099455364048481,0.0885670259594917
7909,NA,NA,NA,NA
7910,NA,NA,NA,NA
7911,NA,NA,NA,NA
7912,NA,NA,NA,NA
7913,0.198326408863068,0.30174732208252,0.179067254066467,-0.758108794689178
7914,NA,NA,NA,NA
7915,NA,NA,NA,NA
7916,NA,NA,NA,NA
7917,NA,NA,NA,NA
7918,NA,NA,NA,NA
7919,NA,NA,NA,NA
7920,0.916269481182098,-0.400562584400177,0.615396797657013,2.02241277694702
7921,NA,NA,NA,NA
7922,NA,NA,NA,NA
7923,-0.14924556016922,-0.535703718662262,0.248219236731529,-1.05526661872864
7924,0.150281697511673,0.0504434406757355,0.346785455942154,-1.64930486679077
7925,0.273882061243057,-0.961763322353363,0.273422747850418,-0.134368881583214
7926,0.254834681749344,-0.966984689235687,0.263456165790558,-0.15706729888916
7927,0.75481903553009,-0.655933141708374,1.59242570400238,1.05904257297516
7928,NA,NA,NA,NA
7929,-0.256025314331055,-0.966670095920563,0.0102279698476195,-0.340130746364594
7930,0.291895985603333,0.431374073028564,0.0598141327500343,0.481896966695786
7931,NA,NA,NA,NA
7932,NA,NA,NA,NA
7933,NA,NA,NA,NA
7934,NA,NA,NA,NA
7935,NA,NA,NA,NA
7936,NA,NA,NA,NA
7937,0.407017678022385,0.91342031955719,0.156357482075691,-0.306726455688477
7938,-0.0682076960802078,0.997671186923981,0.182810693979263,-0.247153326869011
7939,-0.0861977785825729,0.99627810716629,0.158551499247551,-0.269959002733231
7940,-0.266137957572937,-0.47555860877037,0.194548889994621,-0.935496032238007
7941,NA,NA,NA,NA
7942,NA,NA,NA,NA
7943,NA,NA,NA,NA
7944,-0.0930479988455772,-0.249867483973503,0.175034984946251,-0.771744132041931
7945,NA,NA,NA,NA
7946,NA,NA,NA,NA
7947,NA,NA,NA,NA
7948,NA,NA,NA,NA
7949,NA,NA,NA,NA
7950,NA,NA,NA,NA
7951,NA,NA,NA,NA
7952,NA,NA,NA,NA
7953,NA,NA,NA,NA
7954,NA,NA,NA,NA
7955,NA,NA,NA,NA
7956,0.193209290504456,0.981157600879669,0.155472323298454,-0.108790069818497
7957,-0.0523861721158028,-0.0433372929692268,0.356590837240219,-1.78929424285889
7958,NA,NA,NA,NA
7959,NA,NA,NA,NA
7960,0.117961585521698,0.12371714413166,-0.175545915961266,1.113600730896
7961,NA,NA,NA,NA
7962,-0.00741914287209511,-0.254418164491653,0.314667105674744,-1.87676668167114
7963,NA,NA,NA,NA
7964,NA,NA,NA,NA
7965,NA,NA,NA,NA
7966,NA,NA,NA,NA
7967,NA,NA,NA,NA
7968,NA,NA,NA,NA
7969,-0.0556813478469849,-0.0493658073246479,-0.355130404233932,1.83852875232697
7970,NA,NA,NA,NA
7971,NA,NA,NA,NA
7972,NA,NA,NA,NA
7973,NA,NA,NA,NA
7974,NA,NA,NA,NA
7975,NA,NA,NA,NA
7976,NA,NA,NA,NA
7977,NA,NA,NA,NA
7978,NA,NA,NA,NA
7979,-0.0171418003737926,-0.236198574304581,0.3065205514431,-1.81604850292206
7980,0.136922359466553,-0.106467679142952,0.353090226650238,-1.80179405212402
7981,NA,NA,NA,NA
7982,NA,NA,NA,NA
7983,NA,NA,NA,NA
7984,0.0252445414662361,-0.2323117852211,0.295861035585403,-1.84462785720825
7985,NA,NA,NA,NA
7986,NA,NA,NA,NA
7987,NA,NA,NA,NA
7988,NA,NA,NA,NA
7989,0.166421473026276,0.98605477809906,-0.156061232089996,0.76229065656662
7990,0.572843492031097,-0.819664835929871,0.376485079526901,0.359679132699966
7991,0.101477712392807,0.994837880134583,-0.0869070440530777,1.02868521213531
7992,-0.428295791149139,-0.903638660907745,0.1969945281744,0.205691292881966
7993,NA,NA,NA,NA
7994,NA,NA,NA,NA
7995,NA,NA,NA,NA
7996,NA,NA,NA,NA
7997,NA,NA,NA,NA
7998,NA,NA,NA,NA
7999,0.136874333024025,-0.143864169716835,0.379167467355728,-1.82987475395203
8000,0.0378408059477806,-0.271991789340973,0.309668213129044,-1.83947908878326
8001,NA,NA,NA,NA
8002,NA,NA,NA,NA
8003,-0.00399610679596663,0.999992072582245,0.0875037759542465,-0.0109710423275828
8004,NA,NA,NA,NA
8005,NA,NA,NA,NA
8006,NA,NA,NA,NA
8007,NA,NA,NA,NA
8008,NA,NA,NA,NA
8009,NA,NA,NA,NA
8010,-0.925527155399323,0.37868133187294,-0.222259566187859,0.477587044239044
8011,NA,NA,NA,NA
8012,0.253330230712891,-0.967379927635193,0.165993019938469,-0.213075324892998
8013,-0.2909115254879,-0.595345675945282,-0.182317227125168,0.828828036785126
8014,NA,NA,NA,NA
8015,NA,NA,NA,NA
8016,-0.197691053152084,-0.98026442527771,-0.0173702277243137,-0.158386915922165
8017,NA,NA,NA,NA
8018,NA,NA,NA,NA
8019,0.70451408624649,-0.709690093994141,0.573413491249084,1.10216462612152
8020,-0.700606882572174,0.535608410835266,-0.197296008467674,1.04454135894775
8021,NA,NA,NA,NA
8022,-0.927040755748749,0.374960690736771,-0.223808333277702,0.464818805456161
8023,-0.000792020000517368,-0.221745863556862,0.272639006376266,-1.19296514987946
8024,-0.927040755748749,0.374960690736771,-0.223808333277702,0.464818805456161
8025,-0.923385083675385,0.383875072002411,-0.227538883686066,0.438744783401489
8026,-0.172975823283195,-0.523516893386841,0.362504899501801,-1.64034223556519
8027,NA,NA,NA,NA
8028,0.050380177795887,-0.998730182647705,0.0369297415018082,-0.182937741279602
8029,-0.0706091076135635,0.0636235401034355,-0.0954577997326851,0.823663473129272
8030,-0.245738908648491,-0.687342166900635,0.336469173431396,-1.34516584873199
8031,-0.190946340560913,-0.551975667476654,0.322345286607742,-1.52135825157166
8032,-0.101491294801235,-0.195280253887177,0.431690067052841,-1.67315828800201
8033,-0.998598158359528,-0.0529318377375603,-0.516392469406128,1.77217841148376
8034,-0.92011421918869,0.391650229692459,-0.212450042366982,0.540555953979492
8035,NA,NA,NA,NA
8036,-0.204294800758362,0.0396395996212959,-0.170069053769112,0.813625633716583
8037,NA,NA,NA,NA
8038,NA,NA,NA,NA
8039,-0.89373916387558,0.448587119579315,-0.190868481993675,0.509186744689941
8040,NA,NA,NA,NA
8041,-0.269240975379944,-0.963072896003723,-0.0515866167843342,-0.187934622168541
8042,-0.924379348754883,0.381474733352661,-0.187240868806839,0.181916043162346
8043,-0.407000303268433,-0.913428068161011,0.169309496879578,-0.770517647266388
8044,NA,NA,NA,NA
8045,NA,NA,NA,NA
8046,NA,NA,NA,NA
8047,NA,NA,NA,NA
8048,NA,NA,NA,NA
8049,NA,NA,NA,NA
8050,NA,NA,NA,NA
8051,NA,NA,NA,NA
8052,0.0398328080773354,0.00529650552198291,-0.162917345762253,1.05596005916595
8053,-0.0301583223044872,-0.234297767281532,-0.3288314640522,1.82828450202942
8054,-0.0339480191469193,-0.355034828186035,0.304529935121536,-1.8971620798111
8055,-0.0549895688891411,-0.255087733268738,-0.332861512899399,1.84374904632568
8056,-0.124292053282261,-0.367151618003845,0.146587148308754,-0.765540838241577
8057,NA,NA,NA,NA
8058,-0.139245584607124,-0.990257918834686,0.346538633108139,-1.66351509094238
8059,NA,NA,NA,NA
8060,NA,NA,NA,NA
8061,NA,NA,NA,NA
8062,NA,NA,NA,NA
8063,-0.644459545612335,-0.703039288520813,-1.35184049606323,-0.319989204406738
8064,NA,NA,NA,NA
8065,NA,NA,NA,NA
8066,NA,NA,NA,NA
8067,NA,NA,NA,NA
8068,NA,NA,NA,NA
8069,NA,NA,NA,NA
8070,NA,NA,NA,NA
8071,NA,NA,NA,NA
8072,NA,NA,NA,NA
8073,NA,NA,NA,NA
8074,-0.920770466327667,0.390104979276657,-0.227887853980064,0.42497593164444
8075,0.00889930874109268,-0.230168715119362,0.322947978973389,-1.79755115509033
8076,0.09067452698946,0.0236425288021564,0.150194436311722,-0.967614948749542
8077,NA,NA,NA,NA
8078,NA,NA,NA,NA
8079,0.204203084111214,-0.0999661460518837,0.681198954582214,-0.823894023895264
8080,0.159878939390182,-0.262398421764374,0.131208702921867,-0.245233044028282
8081,-0.0352712646126747,-0.0714214444160461,-0.336649954319,1.81674134731293
8082,0.385467916727066,-0.922721266746521,0.210661560297012,0.022728381678462
8083,0.374362826347351,-0.927282333374023,0.246992617845535,-0.149670362472534
8084,0.79949015378952,-0.600679278373718,0.568280875682831,1.21919238567352
8085,0.79949015378952,-0.600679278373718,0.568280875682831,1.21919238567352
8086,-0.0950280204415321,-0.995474636554718,-0.052226610481739,-0.210749447345734
8087,0.457851380109787,-0.889028787612915,0.303252965211868,0.0583163537085056
8088,0.465168863534927,-0.885222017765045,0.305418461561203,0.0791936665773392
8089,NA,NA,NA,NA
8090,NA,NA,NA,NA
8091,NA,NA,NA,NA
8092,NA,NA,NA,NA
8093,0.13993775844574,-0.990160346031189,0.0259482283145189,0.131316855549812
8094,NA,NA,NA,NA
8095,0.0309719536453485,-0.999520301818848,0.0168297216296196,-0.0287558753043413
8096,NA,NA,NA,NA
8097,-0.0490006506443024,-0.287061393260956,-0.303798466920853,1.77033603191376
8098,0.00871524307876825,-0.101536750793457,0.269171983003616,-0.971225082874298
8099,0.155184641480446,-0.022285420447588,0.307419300079346,-1.52680051326752
8100,0.232863396406174,-0.972509503364563,0.0646920651197433,-0.0973779559135437
8101,-0.19758129119873,-0.546639263629913,0.221580684185028,-0.754020929336548
8102,-0.301119029521942,-0.773389756679535,0.305721521377563,-1.30059897899628
8103,0.0631821528077126,-0.998002052307129,0.0321809947490692,-0.164723917841911
8104,NA,NA,NA,NA
8105,-0.106724880635738,-0.173596918582916,0.169379711151123,-0.942859470844269
8106,-0.131365403532982,-0.0736344531178474,0.416773021221161,-1.57170927524567
8107,-0.0673111453652382,0.0154206603765488,0.412682622671127,-1.68561947345734
8108,-0.0616946220397949,-0.0853433012962341,0.360653311014175,-1.8102685213089
8109,-0.0639203786849976,-0.108736619353294,0.354853749275208,-1.78742825984955
8110,-0.0616876035928726,-0.141670241951942,0.340431541204453,-1.83455157279968
8111,-0.0424421206116676,-0.107777178287506,0.330571979284286,-1.80412077903748
8112,-0.0407967567443848,-0.0704049617052078,0.329688489437103,-1.82102560997009
8113,NA,NA,NA,NA
8114,0.0114334039390087,0.0630892962217331,0.242898687720299,-1.72827208042145
8115,-0.278330832719803,0.382208377122879,0.0918000638484955,-0.8892502784729
8116,NA,NA,NA,NA
8117,0.433990657329559,0.900917410850525,0.0618631467223167,-1.09611058235168
8118,-0.331005722284317,-0.577768981456757,0.241779863834381,-0.955759108066559
8119,-0.928759038448334,-0.370684117078781,-0.103091210126877,-1.69693696498871
8120,NA,NA,NA,NA
8121,-0.0975450128316879,-0.995231151580811,-0.0243126302957535,-0.0249060001224279
8122,NA,NA,NA,NA
8123,NA,NA,NA,NA
8124,NA,NA,NA,NA
8125,NA,NA,NA,NA
8126,NA,NA,NA,NA
8127,NA,NA,NA,NA
8128,NA,NA,NA,NA
8129,NA,NA,NA,NA
8130,NA,NA,NA,NA
8131,NA,NA,NA,NA
8132,NA,NA,NA,NA
8133,NA,NA,NA,NA
8134,NA,NA,NA,NA
8135,NA,NA,NA,NA
8136,NA,NA,NA,NA
8137,NA,NA,NA,NA
8138,NA,NA,NA,NA
8139,NA,NA,NA,NA
8140,NA,NA,NA,NA
8141,NA,NA,NA,NA
8142,-0.162266105413437,-0.412324041128159,0.176457479596138,-0.771415770053864
8143,-0.418566256761551,-0.908186316490173,0.0299999993294477,-0.661417484283447
8144,NA,NA,NA,NA
8145,NA,NA,NA,NA
8146,NA,NA,NA,NA
8147,NA,NA,NA,NA
8148,NA,NA,NA,NA
8149,-0.222787991166115,-0.974866986274719,-0.118267513811588,-0.0447940602898598
8150,-0.191977068781853,-0.981399476528168,-0.13607756793499,-0.0724117830395699
8151,-0.285538524389267,-0.95836728811264,-0.179550498723984,-0.0688320621848106
8152,0.123507663607597,0.992343664169312,-0.0336597226560116,0.452921688556671
8153,NA,NA,NA,NA
8154,NA,NA,NA,NA
8155,NA,NA,NA,NA
8156,0.775413691997528,0.631453633308411,-0.130657732486725,-0.490846127271652
8157,NA,NA,NA,NA
8158,0.176570922136307,0.38973081111908,-0.196819946169853,0.772999703884125
8159,0.061307217925787,-0.998118996620178,-0.0296489857137203,-0.106843583285809
8160,NA,NA,NA,NA
8161,NA,NA,NA,NA
8162,NA,NA,NA,NA
8163,NA,NA,NA,NA
8164,-0.0597011223435402,-0.137766748666763,0.351498037576675,-1.81877326965332
8165,NA,NA,NA,NA
8166,NA,NA,NA,NA
8167,NA,NA,NA,NA
8168,0.416977435350418,0.908916890621185,0.222066983580589,-0.435196042060852
8169,NA,NA,NA,NA
8170,-0.167053282260895,-0.379066556692123,-0.118557423353195,0.939705073833466
8171,NA,NA,NA,NA
8172,NA,NA,NA,NA
8173,0.0608558468520641,-0.0199423730373383,0.203794687986374,-0.876719057559967
8174,-0.0875346660614014,-0.136064916849136,0.368836164474487,-1.83295285701752
8175,0.0296563431620598,0.257086277008057,0.103907823562622,-0.75825446844101
8176,NA,NA,NA,NA
8177,-0.133812427520752,-0.52228581905365,0.350007921457291,-1.53920745849609
8178,-0.4821837246418,0.350446254014969,-0.0659628212451935,0.641156673431396
8179,-0.0393168143928051,-0.23855035007,0.305898100137711,-1.84835970401764
8180,0.298760324716568,0.954328238964081,0.198607951402664,-1.10331451892853
8181,NA,NA,NA,NA
8182,-0.272535800933838,0.962145686149597,-0.247311174869537,1.44543516635895
8183,-0.606683135032654,0.794943809509277,-0.292858481407166,1.69639468193054
8184,-0.0068514714948833,-0.999976575374603,0.0817292630672455,-0.210383161902428
8185,NA,NA,NA,NA
8186,0.0325697287917137,-0.096478745341301,0.354389101266861,-1.54267621040344
8187,NA,NA,NA,NA
8188,-0.421874344348907,0.906654357910156,0.0785097628831863,-0.442632019519806
8189,NA,NA,NA,NA
8190,-0.0569278076291084,-0.201179027557373,0.325662523508072,-1.79175531864166
8191,NA,NA,NA,NA
8192,NA,NA,NA,NA
8193,-0.518733620643616,0.170097321271896,0.0725617930293083,-0.903255105018616
8194,NA,NA,NA,NA
8195,-0.0101307453587651,-0.227956190705299,0.308300822973251,-1.86127769947052
8196,-0.0582566075026989,-0.0835314393043518,0.36213681101799,-1.86156272888184
8197,0.0651882365345955,0.00634661084040999,0.289050936698914,-1.27675747871399
8198,NA,NA,NA,NA
8199,3.66009771823883e-06,0.187606677412987,-0.182717263698578,0.796649098396301
8200,-0.0443136468529701,0.235274210572243,0.341087371110916,-1.45353031158447
8201,NA,NA,NA,NA
8202,0.15184286236763,0.98840469121933,0.0585412532091141,-0.617407500743866
8203,0.0183338075876236,0.137954741716385,-0.298109889030457,1.86136889457703
8204,-0.153658986091614,0.0395916774868965,0.524523377418518,-1.32117283344269
8205,-0.802283942699432,-0.596942663192749,0.142676547169685,-0.169491812586784
8206,-0.999726057052612,0.0234072394669056,-0.941637277603149,2.57670402526855
8207,-0.465094745159149,0.278238505125046,0.076867438852787,-0.557450473308563
8208,0.354679435491562,0.934988021850586,-0.00145205482840538,1.0523806810379
8209,NA,NA,NA,NA
8210,-0.0140213426202536,0.0122453132644296,0.433327406644821,-1.40537774562836
8211,-0.613403677940369,0.78976958990097,-0.117713995277882,0.541287779808044
8212,NA,NA,NA,NA
8213,NA,NA,NA,NA
8214,0.078168548643589,-0.0142588084563613,0.300421357154846,-1.37170588970184
8215,-0.642478823661804,0.109327264130116,0.110073320567608,-0.901638984680176
8216,-0.264115065336227,0.964491248130798,-0.221354514360428,1.46141588687897
8217,-0.16681195795536,-0.222296506166458,0.167128965258598,-1.10707926750183
8218,NA,NA,NA,NA
8219,-0.84682035446167,0.531879127025604,-0.140107914805412,0.279741108417511
8220,NA,NA,NA,NA
8221,-0.190712884068489,-0.981645941734314,-0.425369828939438,1.5575430393219
8222,0.880703449249268,0.473668158054352,-0.201229959726334,-1.62769711017609
8223,NA,NA,NA,NA
8224,-0.46000674366951,0.589904308319092,0.0403629988431931,-0.474955588579178
8225,NA,NA,NA,NA
8226,0.0155230304226279,0.00460583716630936,0.459559321403503,-1.49628245830536
8227,NA,NA,NA,NA
8228,0.217893362045288,0.975972652435303,-0.377012521028519,1.37630784511566
8229,NA,NA,NA,NA
8230,NA,NA,NA,NA
8231,-0.453204214572906,0.891406774520874,0.0509648397564888,-0.497823178768158
8232,NA,NA,NA,NA
8233,NA,NA,NA,NA
8234,-0.101749330759048,0.12936432659626,0.273705780506134,-1.11987829208374
8235,NA,NA,NA,NA
8236,0.876121997833252,0.482089549303055,-0.106666266918182,-0.461098730564117
8237,0.999832928180695,-0.0182831604033709,0.297379165887833,-0.0244837086647749
8238,-0.66922527551651,-0.743059635162354,0.165488004684448,0.0130922570824623
8239,NA,NA,NA,NA
8240,-0.693005859851837,0.720931887626648,0.0967559143900871,-0.386324793100357
8241,-0.0359090939164162,-0.999355137348175,-0.0594280026853085,0.18358251452446
8242,0.136640265583992,-0.107387371361256,0.129383534193039,-0.747722089290619
8243,-0.133151277899742,-0.476099222898483,0.162712380290031,-1.71125686168671
8244,-0.291359752416611,-0.956613600254059,-0.04151850938797,0.0841192901134491
8245,-0.159552305936813,-0.987189531326294,-0.0485044568777084,0.0404582545161247
8246,0.163689345121384,-0.119219228625298,0.289787828922272,-1.54013240337372
8247,0.244535997509956,-0.969640254974365,0.104901850223541,-0.22956295311451
8248,-0.262146145105362,-0.96502822637558,0.416279703378677,-0.79097306728363
8249,0.36578294634819,-0.930700242519379,0.0601840354502201,0.153397873044014
8250,-0.276642441749573,0.960972964763641,0.0777106285095215,-0.177413761615753
8251,-0.999554872512817,-0.0298351477831602,-1.73730981349945,1.16902458667755
8252,0.241405919194221,-0.970424294471741,0.0512233525514603,0.0494526885449886
8253,0.368481993675232,-0.929634928703308,0.0568811893463135,0.167713582515717
8254,0.285706996917725,-0.95831710100174,0.0632616430521011,0.0316639617085457
8255,NA,NA,NA,NA
8256,0.417624682188034,-0.846759259700775,0.163607329130173,-1.36496675014496
8257,NA,NA,NA,NA
8258,NA,NA,NA,NA
8259,-0.218491226434708,0.975838959217072,-0.0920078158378601,0.640093088150024
8260,NA,NA,NA,NA
8261,NA,NA,NA,NA
8262,NA,NA,NA,NA
8263,NA,NA,NA,NA
8264,NA,NA,NA,NA
8265,NA,NA,NA,NA
8266,-0.0506569072604179,0.113833203911781,0.2981116771698,-1.77598774433136
8267,-0.0616386011242867,0.998098611831665,0.192423045635223,-0.299348205327988
8268,0.460541486740112,0.645904719829559,0.237044617533684,-0.670245110988617
8269,NA,NA,NA,NA
8270,-0.0540012381970882,0.998540937900543,0.222594305872917,-0.325709462165833
8271,-0.873733460903168,0.486405104398727,-0.290275126695633,-0.441070288419724
8272,NA,NA,NA,NA
8273,-0.13517801463604,-0.524234354496002,0.168005108833313,-0.966080069541931
8274,-0.198928996920586,-0.162911415100098,-0.164680361747742,0.770537078380585
8275,0.478612661361694,-0.162255018949509,-0.00374442804604769,-0.27504563331604
8276,NA,NA,NA,NA
8277,0.0552821680903435,-0.258205026388168,0.318387717008591,-1.72108781337738
8278,0.0630167275667191,0.081957034766674,-0.168958246707916,1.04359996318817
8279,-0.0362196080386639,-0.272361695766449,0.3087337911129,-1.8591593503952
8280,0.123052209615707,-0.0440382957458496,0.374832212924957,-1.7960284948349
8281,NA,NA,NA,NA
8282,NA,NA,NA,NA
8283,0.279584318399429,0.960121214389801,-0.138976335525513,1.26627373695374
8284,0.36436539888382,-0.931256115436554,0.060595940798521,0.214883342385292
8285,-0.743088483810425,-0.355107754468918,-0.237546160817146,0.0510029457509518
8286,-0.146864950656891,0.989156603813171,0.110324248671532,-0.12605656683445
8287,-0.626836478710175,0.377482026815414,-0.0974398776888847,0.519596934318542
8288,NA,NA,NA,NA
8289,0.0905929952859879,0.00267542107030749,0.318527638912201,-1.38472998142242
8290,0.107768028974533,0.257956594228745,0.206166476011276,-0.972863733768463
8291,NA,NA,NA,NA
8292,-0.602944493293762,0.797783195972443,-0.0290066376328468,0.649284899234772
8293,-0.507808685302734,0.861469924449921,-0.0234097260981798,0.868649899959564
8294,NA,NA,NA,NA
8295,NA,NA,NA,NA
8296,NA,NA,NA,NA
8297,0.131249904632568,-0.991349339485168,0.0509563088417053,-0.0897900760173798
8298,NA,NA,NA,NA
8299,NA,NA,NA,NA
8300,-0.260930478572845,-0.965357661247253,0.332442343235016,-1.55357253551483
8301,NA,NA,NA,NA
8302,NA,NA,NA,NA
8303,-0.0797656029462814,-0.368320226669312,0.292159169912338,-1.85634887218475
8304,-0.0724436119198799,-0.214416712522507,0.318636566400528,-1.83177053928375
8305,-0.204774469137192,-0.342089504003525,0.387320905923843,-1.52653551101685
8306,-0.611937046051025,-0.790906548500061,-0.226465076208115,-0.0441874414682388
8307,NA,NA,NA,NA
8308,NA,NA,NA,NA
8309,-0.103693008422852,-0.160617142915726,0.379074215888977,-1.80219852924347
8310,NA,NA,NA,NA
8311,NA,NA,NA,NA
8312,NA,NA,NA,NA
8313,0.123404867947102,-0.00178952887654305,0.283182382583618,-1.19219541549683
8314,-0.0434596017003059,-0.112075075507164,-0.382346719503403,1.2748064994812
8315,-0.0418980792164803,-0.163885310292244,0.336902111768723,-1.90888702869415
8316,-0.0515393987298012,-0.180751025676727,0.322815656661987,-1.84253132343292
8317,-0.29164931178093,0.956525385379791,-0.184652477502823,1.10871303081512
8318,NA,NA,NA,NA
8319,NA,NA,NA,NA
8320,NA,NA,NA,NA
8321,NA,NA,NA,NA
8322,-0.900106608867645,0.435669779777527,-0.203637257218361,-0.119163699448109
8323,-0.0067533883266151,-0.999977231025696,0.0651720017194748,-0.49135759472847
8324,NA,NA,NA,NA
8325,-0.130411863327026,-0.167444944381714,0.132292449474335,-0.840888738632202
8326,NA,NA,NA,NA
8327,-0.506666302680969,-0.862142324447632,0.165131002664566,0.133318603038788
8328,-0.0742277875542641,-0.326701462268829,0.301502734422684,-1.77306520938873
8329,0.042667705565691,0.670103192329407,0.258648216724396,-1.27222788333893
8330,0.0863984078168869,0.996260702610016,-0.0665525943040848,0.537027657032013
8331,NA,NA,NA,NA
8332,NA,NA,NA,NA
8333,-0.214156910777092,0.976799309253693,-0.0242007859051228,-0.230266451835632
8334,NA,NA,NA,NA
8335,NA,NA,NA,NA
8336,NA,NA,NA,NA
8337,NA,NA,NA,NA
8338,NA,NA,NA,NA
8339,NA,NA,NA,NA
8340,NA,NA,NA,NA
8341,NA,NA,NA,NA
8342,-0.0797060132026672,0.996818482875824,0.140796065330505,-0.24304261803627
8343,-0.412278294563293,0.356683135032654,-0.325182020664215,1.65281009674072
8344,NA,NA,NA,NA
8345,NA,NA,NA,NA
8346,NA,NA,NA,NA
8347,NA,NA,NA,NA
8348,NA,NA,NA,NA
8349,0.210760697722435,0.977537751197815,-0.00256941840052605,0.43802997469902
8350,-0.562200427055359,0.827001094818115,-0.0668092370033264,0.727983236312866
8351,-0.108228966593742,-0.00868409872055054,0.161099836230278,-0.760899007320404
8352,0.39012935757637,0.920760095119476,0.0827793776988983,-1.01679313182831
8353,0.442978501319885,-0.896532297134399,-0.100546233355999,0.483117073774338
8354,-0.212805926799774,-0.977094531059265,0.0702179744839668,-0.730355441570282
8355,-0.0711084231734276,-0.997468650341034,0.0211355797946453,0.216054856777191
8356,NA,NA,NA,NA
8357,0.00633969577029347,-0.999979972839355,0.112202621996403,-0.498812675476074
8358,NA,NA,NA,NA
8359,-0.224673330783844,-0.974434196949005,0.20340071618557,-0.160379499197006
8360,NA,NA,NA,NA
8361,NA,NA,NA,NA
8362,NA,NA,NA,NA
8363,NA,NA,NA,NA
8364,NA,NA,NA,NA
8365,NA,NA,NA,NA
8366,NA,NA,NA,NA
8367,NA,NA,NA,NA
8368,NA,NA,NA,NA
8369,NA,NA,NA,NA
8370,NA,NA,NA,NA
8371,NA,NA,NA,NA
8372,NA,NA,NA,NA
8373,NA,NA,NA,NA
8374,-0.236112773418427,-0.971725702285767,0.234151467680931,-0.304004788398743
8375,NA,NA,NA,NA
8376,NA,NA,NA,NA
8377,0.154142394661903,0.454445421695709,-0.164218679070473,0.949939846992493
8378,NA,NA,NA,NA
8379,NA,NA,NA,NA
8380,NA,NA,NA,NA
8381,0.0641482695937157,-0.195758491754532,0.378745853900909,-1.82329475879669
8382,NA,NA,NA,NA
8383,NA,NA,NA,NA
8384,NA,NA,NA,NA
8385,NA,NA,NA,NA
8386,NA,NA,NA,NA
8387,NA,NA,NA,NA
8388,-0.871484696865082,0.49042284488678,-0.142825409770012,0.359571546316147
8389,-0.223536536097527,0.97469562292099,-0.0241032689809799,0.480100750923157
8390,0.601717472076416,-0.798709094524384,0.100412651896477,0.101903609931469
8391,0.439992040395737,-0.898001730442047,0.129340544342995,0.101046517491341
8392,0.104099027812481,0.994566977024078,0.157566845417023,-0.0436071828007698
8393,-0.862015783786774,0.506881594657898,-0.124280862510204,0.339706361293793
8394,-0.157113969326019,-0.987580537796021,0.105177536606789,0.0263983253389597
8395,-0.155181273818016,-0.987886071205139,0.0267180614173412,0.00306914001703262
8396,0.386195033788681,0.922417223453522,0.14201907813549,-0.89750349521637
8397,0.280923783779144,0.95973014831543,-0.00320884119719267,-0.845714330673218
8398,0.726460158824921,-0.687208652496338,0.107595108449459,0.210005685687065
8399,0.813636243343353,-0.581374406814575,0.105880044400692,0.247105196118355
8400,-0.969369471073151,0.245607227087021,-0.0953254476189613,0.219012796878815
8401,0.673590958118439,-0.739104390144348,0.138195767998695,0.0766913369297981
8402,0.287442684173584,-0.957797884941101,0.103649251163006,0.130103513598442
8403,-0.385048717260361,-0.922896325588226,0.0356014184653759,-0.458163946866989
8404,0.18505010008812,-0.982729136943817,0.223306566476822,-0.310740739107132
8405,-0.380586266517639,-0.924745500087738,0.0151611948385835,-0.476623117923737
8406,-0.938083112239838,0.346410363912582,-0.169195771217346,-0.106460064649582
8407,0.226395636796951,0.871500849723816,0.690409660339355,-0.577464997768402
8408,-0.449450463056564,-0.89330530166626,-0.0228985883295536,-0.459546476602554
8409,-0.304883599281311,-0.952389657497406,0.0759863257408142,-0.490397751331329
8410,0.249273657798767,0.473944216966629,0.503398537635803,-0.8141930103302
8411,-0.395080029964447,-0.91864675283432,0.0154350139200687,-0.363449722528458
8412,0.059373501688242,-0.998235881328583,0.449696213006973,-0.491613507270813
8413,NA,NA,NA,NA
8414,NA,NA,NA,NA
8415,0.23335237801075,0.972392320632935,0.226988032460213,-0.281630605459213
8416,NA,NA,NA,NA
8417,NA,NA,NA,NA
8418,NA,NA,NA,NA
8419,NA,NA,NA,NA
8420,0.476351827383041,-0.879254817962646,0.233878761529922,0.186141341924667
8421,NA,NA,NA,NA
8422,NA,NA,NA,NA
8423,0.113664507865906,-0.993519246578217,-0.00910915154963732,0.242302611470222
8424,NA,NA,NA,NA
8425,-0.876862525939941,0.480741292238235,-0.157460063695908,0.586917698383331
8426,0.479113221168518,-0.0671482607722282,0.246530920267105,-0.926302075386047
8427,NA,NA,NA,NA
8428,0.404001832008362,-0.383225858211517,0.199228644371033,-0.594155788421631
8429,NA,NA,NA,NA
8430,NA,NA,NA,NA
8431,NA,NA,NA,NA
8432,NA,NA,NA,NA
8433,NA,NA,NA,NA
8434,NA,NA,NA,NA
8435,NA,NA,NA,NA
8436,NA,NA,NA,NA
8437,NA,NA,NA,NA
8438,NA,NA,NA,NA
8439,NA,NA,NA,NA
8440,NA,NA,NA,NA
8441,0.61610734462738,-0.787662267684937,0.514564871788025,0.745823323726654
8442,NA,NA,NA,NA
8443,0.0527715235948563,0.267331838607788,-0.175511181354523,1.1941956281662
8444,0.161198258399963,-0.237948402762413,0.376046240329742,-1.75392699241638
8445,NA,NA,NA,NA
8446,NA,NA,NA,NA
8447,NA,NA,NA,NA
8448,NA,NA,NA,NA
8449,NA,NA,NA,NA
8450,NA,NA,NA,NA
8451,NA,NA,NA,NA
8452,NA,NA,NA,NA
8453,NA,NA,NA,NA
8454,NA,NA,NA,NA
8455,NA,NA,NA,NA
8456,-0.100671857595444,-0.0877651572227478,0.391741067171097,-1.77836108207703
8457,-0.104525424540043,-0.0976376608014107,0.380490481853485,-1.76715016365051
8458,NA,NA,NA,NA
8459,NA,NA,NA,NA
8460,NA,NA,NA,NA
8461,-0.997354745864868,-0.0726889595389366,0.00894196983426809,-0.319548934698105
8462,-0.9815593957901,-0.191157624125481,0.0268402043730021,-0.31279394030571
8463,NA,NA,NA,NA
8464,NA,NA,NA,NA
8465,NA,NA,NA,NA
8466,-0.441139787435532,0.89743846654892,-0.150101989507675,0.511151611804962
8467,0.109559841454029,-0.993980288505554,0.0371979102492332,0.146710753440857
8468,0.26376086473465,0.736280083656311,-0.0221526343375444,0.652537107467651
8469,-0.873824298381805,0.486241936683655,-0.121255166828632,0.212278217077255
8470,-0.926680624485016,0.375849813222885,-0.186345875263214,0.0780349224805832
8471,-0.96884673833847,-0.24766118824482,-0.20696422457695,-0.0434123277664185
8472,0.393848359584808,0.57973039150238,0.018992505967617,0.73542320728302
8473,-0.898098647594452,0.439794212579727,-0.177777111530304,0.212039545178413
8474,-0.0613660961389542,-0.479450196027756,0.122203335165977,-0.621566832065582
8475,NA,NA,NA,NA
8476,NA,NA,NA,NA
8477,-0.0307634510099888,-0.337750881910324,-0.111735038459301,0.705056726932526
8478,-0.906399190425873,0.422422289848328,-0.148297309875488,0.212336987257004
8479,NA,NA,NA,NA
8480,-0.148661032319069,0.988888263702393,0.118250519037247,-0.0530159324407578
8481,-0.0192950777709484,-0.0635143220424652,0.102869257330894,-0.688901543617249
8482,0.416835755109787,-0.90898185968399,0.150231510400772,0.0835760682821274
8483,0.567638695240021,-0.823277831077576,0.182417556643486,0.213286742568016
8484,0.53019791841507,-0.847873985767365,0.185931280255318,-0.0278502646833658
8485,0.110008150339127,0.136321231722832,-0.07388636469841,0.682846963405609
8486,NA,NA,NA,NA
8487,NA,NA,NA,NA
8488,-0.288749128580093,0.957404851913452,-0.0839699357748032,0.431370168924332
8489,0.577373564243317,-0.816480219364166,0.127438008785248,0.141240701079369
8490,0.835092961788177,-0.550108969211578,0.0299999993294477,-0.410127013921738
8491,0.379861801862717,0.925043284893036,0.234023958444595,-1.31537818908691
8492,0.199856251478195,0.979825258255005,0.0850871652364731,-0.785637557506561
8493,0.423174768686295,-0.906048119068146,0.124285645782948,-0.00809378363192081
8494,-0.874724984169006,0.48461976647377,-0.121578685939312,0.250790745019913
8495,0.768557906150818,0.276449054479599,0.391415566205978,-1.7387672662735
8496,NA,NA,NA,NA
8497,NA,NA,NA,NA
8498,-0.594483256340027,0.804108083248138,-0.305141299962997,0.172870725393295
8499,0.491663187742233,-0.870785534381866,0.136250615119934,-0.00346262427046895
8500,0.331311106681824,-0.943521618843079,0.0764342695474625,-0.0773747488856316
8501,-0.84190422296524,0.539627075195312,-0.128597050905228,0.0202152337878942
8502,-0.894893825054169,0.446279287338257,-0.127993330359459,0.0299999993294477
8503,0.275212824344635,-0.961383402347565,0.0855773389339447,-0.104433566331863
8504,0.710376083850861,-0.703822374343872,0.170044586062431,0.0476965606212616
8505,0.0290194544941187,0.352284580469131,0.126938492059708,-0.461077511310577
8506,0.02018166705966,-0.254296034574509,0.287570357322693,-1.8971084356308
8507,0.28542748093605,0.958400368690491,0.183644786477089,-0.661841034889221
8508,-0.305051475763321,-0.714721500873566,0.286883026361465,-1.11424016952515
8509,-0.911154747009277,0.412064492702484,-0.179035276174545,0.408195704221725
8510,0.0360278859734535,0.999350845813751,0.185055449604988,-0.16707344353199
8511,0.212541162967682,0.0152684533968568,0.300193786621094,-1.50898218154907
8512,NA,NA,NA,NA
8513,NA,NA,NA,NA
8514,NA,NA,NA,NA
8515,NA,NA,NA,NA
8516,NA,NA,NA,NA
8517,NA,NA,NA,NA
8518,0.240774631500244,-0.00653366418555379,0.322348952293396,-1.51522219181061
8519,NA,NA,NA,NA
8520,NA,NA,NA,NA
8521,NA,NA,NA,NA
8522,NA,NA,NA,NA
8523,NA,NA,NA,NA
8524,-0.0352529212832451,0.999378502368927,0.0225841198116541,-0.572413146495819
8525,NA,NA,NA,NA
8526,-0.271293133497238,0.962496817111969,0.0472895987331867,0.2150789052248
8527,NA,NA,NA,NA
8528,NA,NA,NA,NA
8529,-0.248656660318375,-0.502209961414337,-0.133333623409271,0.46476212143898
8530,0.137016594409943,0.120481863617897,-0.100733272731304,0.86073762178421
8531,0.10381768643856,0.309832215309143,-0.10243059694767,0.594513177871704
8532,NA,NA,NA,NA
8533,NA,NA,NA,NA
8534,NA,NA,NA,NA
8535,0.0705133229494095,0.0775585398077965,0.12465313076973,-0.939845204353333
8536,0.00822010822594166,-0.0609551891684532,0.152341768145561,-0.978744685649872
8537,-0.0840636640787125,-0.0512025319039822,0.119647815823555,-1.05894494056702
8538,0.0875615403056145,0.0231927596032619,0.126586586236954,-0.987617969512939
8539,-0.0287923663854599,0.0359105728566647,0.0875114426016808,-1.03160989284515
8540,0.0631958395242691,0.998001217842102,0.215757980942726,-0.760151982307434
8541,0.107204273343086,-0.0171957947313786,0.205429583787918,-1.31920599937439
8542,-0.102995432913303,0.0856804549694061,0.124349296092987,-1.46502530574799
8543,0.148197263479233,0.0227667596191168,0.165831431746483,-1.26809453964233
8544,-0.0225412808358669,0.999745965003967,0.241914078593254,-0.448696494102478
8545,-0.224110960960388,0.00792323797941208,-0.157309204339981,1.22076022624969
8546,0.196806386113167,0.339761137962341,0.167173340916634,-0.888631284236908
8547,-0.400201141834259,0.177573382854462,-0.09683857858181,1.01616561412811
8548,-0.0147437481209636,-0.0122591108083725,0.126915037631989,-1.33478283882141
8549,0.140810191631317,0.99003666639328,0.202751412987709,-0.874922096729279
8550,-0.199241131544113,-0.0323204919695854,-0.188070148229599,1.24280333518982
8551,-0.0322623439133167,-0.00319957779720426,0.112920261919498,-1.06280386447906
8552,-0.511290192604065,0.11050195991993,0.134486421942711,-1.15991914272308
8553,0.200453564524651,0.97970324754715,0.177346780896187,-1.16546201705933
8554,-0.268103569746017,0.322488516569138,0.15411850810051,-0.971864759922028
8555,0.1902115046978,0.981743216514587,0.163119241595268,-1.11848533153534
8556,0.139521196484566,0.00461811339482665,0.224176093935966,-1.42429614067078
8557,NA,NA,NA,NA
8558,0.3370161652565,-0.941498935222626,0.185494095087051,-0.211500331759453
8559,0.412742108106613,-0.910847961902618,0.204752504825592,-0.0742676183581352
8560,-0.228262260556221,-0.193583607673645,-0.126998513936996,0.761551201343536
8561,0.0654106140136719,0.0607253648340702,-0.136170998215675,1.05491197109222
8562,0.283602893352509,-0.958941876888275,0.165796667337418,-0.0248268339782953
8563,-0.86975634098053,0.493481487035751,-0.136800095438957,0.421683877706528
8564,0.507811546325684,-0.861468255519867,0.220328375697136,0.337700664997101
8565,0.508292734622955,-0.861184418201447,0.229587003588676,0.243139252066612
8566,0.484652936458588,-0.874706625938416,0.210906133055687,0.207600072026253
8567,-0.865584969520569,0.500762164592743,-0.130864575505257,0.451667428016663
8568,-0.064570352435112,0.525371611118317,0.339096009731293,-1.05015408992767
8569,-0.866654098033905,0.498909592628479,-0.119057051837444,0.457300156354904
8570,-0.845055401325226,0.534678816795349,-0.108921878039837,0.343162626028061
8571,-0.0711421445012093,0.997466266155243,-0.0100123751908541,0.559905886650085
8572,-0.120141290128231,0.992756843566895,-0.012528607621789,0.522529482841492
8573,-0.0797296166419983,0.996816575527191,0.00233401730656624,0.568166375160217
8574,0.16817070543766,-0.985757946968079,0.134299546480179,-0.0159862283617258
8575,0.0637226998806,0.997967720031738,0.13403657078743,-0.480032742023468
8576,-0.0226885583251715,-0.99974262714386,0.0489566624164581,0.035414032638073
8577,-0.0740223228931427,-0.127235323190689,-0.185342490673065,1.30195164680481
8578,-0.955471158027649,0.295084714889526,-0.0914082527160645,0.966763019561768
8579,0.108412191271782,-0.99410605430603,0.110398709774017,0.0130143705755472
8580,-0.194979816675186,-0.00942486152052879,0.212389186024666,-0.893629014492035
8581,-0.87939041852951,0.476101458072662,-0.115102283656597,0.482491433620453
8582,0.40317976474762,-0.915120840072632,0.167207628488541,-0.138691812753677
8583,-0.859084665775299,0.511833608150482,-0.123692333698273,0.406906068325043
8584,-0.861659586429596,0.507486820220947,-0.123762026429176,0.385160833597183
8585,-0.849655032157898,0.527338981628418,-0.142204344272614,0.285362869501114
8586,-0.147661373019218,-0.989038050174713,0.0285926554352045,-0.0630143582820892
8587,-0.851303815841675,0.524673104286194,-0.111856155097485,0.503004193305969
8588,-0.861836671829224,0.507185995578766,-0.130267307162285,0.322937339544296
8589,-0.235781997442245,-0.482197761535645,-0.25119224190712,1.98234724998474
8590,-0.299324989318848,-0.954151272773743,-0.0244971290230751,-0.0260111019015312
8591,0.453903496265411,-0.891050934791565,0.167570486664772,-0.110845156013966
8592,-0.862723648548126,0.505675852298737,-0.125735655426979,0.436641424894333
8593,-0.856932997703552,0.515427947044373,-0.138032808899879,0.301704347133636
8594,-0.0728296190500259,0.194652855396271,0.199585676193237,-0.793230414390564
8595,0.68870621919632,-0.725040555000305,0.18501777946949,-0.0451216362416744
8596,0.41097828745842,-0.911645174026489,0.164119809865952,-0.1798185557127
8597,-0.875873982906342,0.482540011405945,-0.153626188635826,0.204204171895981
8598,0.403613954782486,-0.914929449558258,0.172139778733253,-0.155014559626579
8599,-0.799925208091736,0.600099802017212,-0.133139133453369,0.267943978309631
8600,-0.0722823590040207,0.997384250164032,-0.0237539354711771,0.50593227148056
8601,-0.506567060947418,0.862200617790222,0.0299999993294477,0.623207151889801
8602,0.0361172966659069,-0.999347627162933,0.119963765144348,-0.154643312096596
8603,-0.237308591604233,-0.180226713418961,0.192949712276459,-0.996987640857697
8604,-0.205880537629128,-0.0960432216525078,0.179574489593506,-0.889867424964905
8605,-0.101971969008446,-0.145183071494102,0.343740105628967,-1.81377851963043
8606,NA,NA,NA,NA
8607,NA,NA,NA,NA
8608,NA,NA,NA,NA
8609,-0.831429004669189,0.555631101131439,-0.142035245895386,0.476316183805466
8610,NA,NA,NA,NA
8611,-0.49637708067894,0.868107080459595,-0.0165952146053314,0.756566166877747
8612,0.218904078006744,0.97574645280838,-0.125819891691208,1.11234188079834
8613,NA,NA,NA,NA
8614,0.541299045085907,-0.840830206871033,0.277689218521118,0.351141929626465
8615,0.475266665220261,-0.879841864109039,0.4550921022892,0.475710719823837
8616,NA,NA,NA,NA
8617,0.497953951358795,-0.867203533649445,0.279279112815857,0.41387403011322
8618,NA,NA,NA,NA
8619,-0.165918037295341,-0.140693485736847,0.446272164583206,-1.62589335441589
8620,NA,NA,NA,NA
8621,NA,NA,NA,NA
8622,NA,NA,NA,NA
8623,NA,NA,NA,NA
8624,NA,NA,NA,NA
8625,NA,NA,NA,NA
8626,NA,NA,NA,NA
8627,NA,NA,NA,NA
8628,NA,NA,NA,NA
8629,NA,NA,NA,NA
8630,0.274192869663239,0.240390762686729,0.335533708333969,-1.54367530345917
8631,NA,NA,NA,NA
8632,NA,NA,NA,NA
8633,NA,NA,NA,NA
8634,NA,NA,NA,NA
8635,NA,NA,NA,NA
8636,NA,NA,NA,NA
8637,-0.042688574641943,0.282635301351547,-0.165411680936813,0.921046853065491
8638,-0.583253264427185,-0.81229043006897,-0.241085305809975,0.283620774745941
8639,-0.680281519889832,0.732950985431671,-0.182956919074059,0.661819994449615
8640,-0.454954475164413,-0.890514731407166,-0.164372652769089,-0.0663600713014603
8641,NA,NA,NA,NA
8642,0.0172452740371227,0.0906931608915329,-0.127851709723473,0.825071573257446
8643,0.834299087524414,-0.551312148571014,0.262522548437119,0.493069022893906
8644,-0.254176378250122,0.967157959938049,-0.0716768652200699,0.467086255550385
8645,0.170682057738304,0.98532623052597,-0.242188632488251,1.39910089969635
8646,NA,NA,NA,NA
8647,-0.0911780521273613,-0.995834648609161,0.0101816821843386,0.0902623161673546
8648,-0.113068334758282,0.993587255477905,-0.050734881311655,0.468938261270523
8649,-0.710898399353027,0.477478057146072,-0.175146460533142,0.637373745441437
8650,-0.57881885766983,0.728755056858063,-0.133734509348869,0.824620008468628
8651,NA,NA,NA,NA
8652,-0.088554173707962,-0.996071398258209,-0.0198151301592588,0.151634112000465
8653,-0.0442191101610661,0.160900697112083,-0.0909821093082428,0.566780090332031
8654,-0.830570757389069,-0.556913256645203,-0.249916717410088,0.278736382722855
8655,0.00693071167916059,-0.9999760389328,0.00774155184626579,-0.0124514065682888
8656,-0.858757436275482,-0.512382447719574,-0.234852522611618,0.101730525493622
8657,NA,NA,NA,NA
8658,NA,NA,NA,NA
8659,0.179824978113174,0.983698666095734,-0.118992194533348,0.827073812484741
8660,NA,NA,NA,NA
8661,NA,NA,NA,NA
8662,NA,NA,NA,NA
8663,0.167146593332291,0.985932111740112,-0.206951186060905,1.55756509304047
8664,0.533236503601074,-0.845966279506683,0.12110211700201,-0.0962840616703033
8665,-0.245873391628265,-0.969301998615265,-0.0728964507579803,-0.0854897499084473
8666,NA,NA,NA,NA
8667,NA,NA,NA,NA
8668,-0.755448937416077,0.502181529998779,-0.204324796795845,1.09892797470093
8669,NA,NA,NA,NA
8670,NA,NA,NA,NA
8671,NA,NA,NA,NA
8672,-0.386495798826218,-0.687663912773132,-0.103659458458424,0.402400821447372
8673,-0.181982904672623,0.163379862904549,-0.17112535238266,1.20825362205505
8674,-0.194801449775696,0.116373352706432,-0.206865444779396,1.35199689865112
8675,-0.634656608104706,-0.772794306278229,-0.218592077493668,0.31716313958168
8676,-0.0759698525071144,0.28455913066864,-0.176823675632477,1.18834412097931
8677,-0.810468852519989,-0.117199867963791,-0.216571912169456,0.458464652299881
8678,-0.401893705129623,0.915686368942261,-0.13963782787323,0.52899295091629
8679,-0.867784082889557,0.496941596269608,-0.163623571395874,0.432967126369476
8680,NA,NA,NA,NA
8681,NA,NA,NA,NA
8682,NA,NA,NA,NA
8683,0.659276902675629,-0.751900315284729,0.157987639307976,-0.0904032737016678
8684,NA,NA,NA,NA
8685,0.0487339794635773,0.998811841011047,-0.191803336143494,0.78873610496521
8686,-0.482783764600754,0.875739634037018,-0.101769477128983,0.62176775932312
8687,0.0592546723783016,-0.998242974281311,-0.00427934108301997,0.00397422816604376
8688,NA,NA,NA,NA
8689,NA,NA,NA,NA
8690,-0.999789774417877,0.0205066874623299,-0.0601806081831455,0.175557926297188
8691,-0.495605230331421,-0.868547976016998,0.176827758550644,0.144253611564636
8692,NA,NA,NA,NA
8693,NA,NA,NA,NA
8694,0.458072364330292,-0.626097798347473,-0.121357753872871,0.438038438558578
8695,NA,NA,NA,NA
8696,NA,NA,NA,NA
8697,NA,NA,NA,NA
8698,NA,NA,NA,NA
8699,-0.653536021709442,0.756895482540131,-0.267915219068527,0.156002402305603
8700,NA,NA,NA,NA
8701,NA,NA,NA,NA
8702,NA,NA,NA,NA
8703,NA,NA,NA,NA
8704,NA,NA,NA,NA
8705,NA,NA,NA,NA
8706,NA,NA,NA,NA
8707,NA,NA,NA,NA
8708,NA,NA,NA,NA
8709,NA,NA,NA,NA
8710,NA,NA,NA,NA
8711,NA,NA,NA,NA
8712,NA,NA,NA,NA
8713,NA,NA,NA,NA
8714,NA,NA,NA,NA
8715,NA,NA,NA,NA
8716,0.363181799650192,0.929415047168732,0.210609778761864,-0.0603017210960388
8717,NA,NA,NA,NA
8718,NA,NA,NA,NA
8719,NA,NA,NA,NA
8720,NA,NA,NA,NA
8721,NA,NA,NA,NA
8722,NA,NA,NA,NA
8723,NA,NA,NA,NA
8724,-0.870647728443146,0.491907119750977,-0.148552298545837,0.291580826044083
8725,NA,NA,NA,NA
8726,0.0770662575960159,0.997026026248932,-0.0658800899982452,0.832340836524963
8727,NA,NA,NA,NA
8728,NA,NA,NA,NA
8729,NA,NA,NA,NA
8730,NA,NA,NA,NA
8731,NA,NA,NA,NA
8732,NA,NA,NA,NA
8733,NA,NA,NA,NA
8734,NA,NA,NA,NA
8735,NA,NA,NA,NA
8736,NA,NA,NA,NA
8737,NA,NA,NA,NA
8738,0.333580136299133,0.432419389486313,0.16456051170826,-0.518930792808533
8739,0.0139944525435567,0.999902129173279,0.216460511088371,-0.181872710585594
8740,-0.0481508821249008,0.998840093612671,0.195439860224724,-0.152151793241501
8741,0.0137339262291789,0.99990576505661,0.247161194682121,-0.260491728782654
8742,0.228878632187843,-0.621636033058167,0.315664142370224,-1.82274758815765
8743,NA,NA,NA,NA
8744,-0.0151589987799525,0.999885141849518,0.165389344096184,-0.186375215649605
8745,-0.0840533152222633,0.99646133184433,0.145508959889412,-0.0798536837100983
8746,NA,NA,NA,NA
8747,0.103738151490688,-0.994604706764221,0.0299999993294477,-0.053159486502409
8748,-0.294752299785614,-0.0971718281507492,0.0534715354442596,-0.192791312932968
8749,0.150579065084457,-0.988598048686981,-0.0079216044396162,-0.0651979669928551
8750,-0.184865146875381,-0.982763946056366,0.0453542247414589,-0.0894292667508125
8751,-0.471203714609146,0.0395861119031906,0.0947254672646523,-0.310150980949402
8752,0.184757634997368,-0.982784152030945,-0.0120954746380448,-0.122126460075378
8753,-0.422905296087265,-0.422203481197357,0.0521640107035637,-0.237203389406204
8754,NA,NA,NA,NA
8755,0.0571540854871273,0.99836540222168,0.19292376935482,-0.270592421293259
8756,-0.874435782432556,0.234849944710732,-0.137935414910316,0.30727419257164
8757,NA,NA,NA,NA
8758,0.450306475162506,-0.892874121665955,0.612893760204315,0.525302588939667
8759,NA,NA,NA,NA
8760,NA,NA,NA,NA
8761,-0.956907153129578,-0.290394276380539,-0.195976063609123,-0.113080084323883
8762,-0.88947319984436,0.45698744058609,-0.158552691340446,0.132402673363686
8763,0.51842600107193,-0.855122566223145,0.13408537209034,0.0287900753319263
8764,-0.733594954013824,0.679587006568909,-0.128213062882423,0.149279981851578
8765,-0.217952817678452,0.975959360599518,-0.0429007709026337,0.392710387706757
8766,-0.164745286107063,-0.168013751506805,0.405867636203766,-1.74416160583496
8767,-0.373688519001007,-0.927554309368134,-0.140427976846695,-0.151647552847862
8768,-0.84636926651001,0.532596588134766,-0.139371335506439,0.0800098851323128
8769,-0.645419120788574,0.763828694820404,-0.129225000739098,0.269058257341385
8770,-0.833719193935394,0.552188754081726,-0.182793885469437,0.0647705495357513
8771,-0.788078486919403,0.615574836730957,-0.162684932351112,0.0939827188849449
8772,-0.809698879718781,0.586845695972443,-0.145327463746071,0.193724438548088
8773,0.32127246260643,-0.946986854076385,0.0996340215206146,-0.284755766391754
8774,-0.883126497268677,0.469135016202927,-0.156930088996887,0.153962478041649
8775,-0.811723709106445,0.584041714668274,-0.144470155239105,0.21461009979248
8776,-0.339822918176651,0.94048947095871,-0.144385397434235,0.403772711753845
8777,-0.212614133954048,0.977136313915253,-0.078010119497776,0.457903742790222
8778,-0.747948169708252,0.66375720500946,-0.149411424994469,0.0894234627485275
8779,-0.842657327651978,0.538450300693512,-0.154475510120392,0.059051088988781
8780,-0.862269818782806,0.506449282169342,-0.165787324309349,0.078852005302906
8781,-0.216937750577927,0.976185500621796,-0.0803563967347145,0.446891963481903
8782,-0.899266242980957,0.43740177154541,-0.155024960637093,0.0419653058052063
8783,-0.756054818630219,0.654508352279663,-0.158445194363594,0.192200675606728
8784,-0.706473529338837,0.707739531993866,-0.129592746496201,0.338849425315857
8785,-0.816174328327179,0.577805817127228,-0.145804107189178,0.133544996380806
8786,0.625703275203705,-0.7800612449646,0.148434489965439,-0.147169560194016
8787,-0.811938881874084,-0.583742558956146,-0.176801100373268,-0.179742440581322
8788,-0.786492228507996,-0.61760026216507,-0.180251449346542,-0.200742691755295
8789,0.452136993408203,-0.891948580741882,0.132796749472618,-0.351475298404694
8790,-0.894649922847748,-0.446768015623093,-0.180707529187202,-0.0729420781135559
8791,-0.860761165618896,-0.509009182453156,-0.178683549165726,-0.0868081301450729
8792,-0.770678818225861,-0.637223839759827,-0.177022188901901,-0.168671533465385
8793,-0.746401131153107,0.665496408939362,-0.169980823993683,0.123778186738491
8794,NA,NA,NA,NA
8795,NA,NA,NA,NA
8796,NA,NA,NA,NA
8797,NA,NA,NA,NA
8798,-0.481538265943527,-0.876425087451935,0.190488681197166,-0.696006000041962
8799,NA,NA,NA,NA
8800,NA,NA,NA,NA
8801,NA,NA,NA,NA
8802,0.0714935213327408,0.331194043159485,-0.234203964471817,0.845029652118683
8803,NA,NA,NA,NA
8804,NA,NA,NA,NA
8805,NA,NA,NA,NA
8806,NA,NA,NA,NA
8807,NA,NA,NA,NA
8808,NA,NA,NA,NA
8809,NA,NA,NA,NA
8810,NA,NA,NA,NA
8811,-0.999458074569702,-0.0329187884926796,-0.0201340429484844,0.0578162483870983
8812,-0.989098787307739,-0.147253766655922,0.0299999993294477,-0.0780476629734039
8813,-0.999676585197449,0.0254329666495323,-0.0177991092205048,0.0198559928685427
8814,-0.51399952173233,0.857790529727936,0.0249427892267704,0.137404471635818
8815,0.661400258541107,0.75003319978714,-0.0262035541236401,0.251762211322784
8816,0.225231721997261,0.66079580783844,0.00470197759568691,0.0828368738293648
8817,0.489237099885941,-0.872150897979736,0.601363599300385,0.614409804344177
8818,0.0136621175333858,-0.99856835603714,0.18326798081398,-0.0265088863670826
8819,0.0965820848941803,-0.995325088500977,0.173976957798004,0.0145588535815477
8820,0.0505767986178398,-0.998720228672028,0.156974151730537,-0.0532995015382767
8821,0.0488373674452305,-0.998806774616241,0.15610060095787,-0.0205509290099144
8822,-0.0351222641766071,-0.335263192653656,0.388721019029617,-0.344751209020615
8823,-0.106411412358284,-0.103136852383614,0.337592720985413,-1.81662046909332
8824,-0.0832522660493851,-0.0550819374620914,0.345495223999023,-1.79472434520721
8825,-0.0907326266169548,-0.0664532780647278,0.34809935092926,-1.81279957294464
8826,-0.158090114593506,-0.183728471398354,0.349874347448349,-1.81559956073761
8827,-0.0833287760615349,-0.0555807128548622,0.338699072599411,-1.79658031463623
8828,-0.154463440179825,-0.163752093911171,0.570090353488922,-1.2184225320816
8829,NA,NA,NA,NA
8830,-0.0863803550601006,-0.30099281668663,0.283732682466507,-1.9095606803894
8831,-0.0624924898147583,-0.265395373106003,0.278365254402161,-1.87654316425323
8832,NA,NA,NA,NA
8833,0.26529860496521,-0.964166343212128,0.091153047978878,-0.185867726802826
8834,0.335075229406357,0.942191421985626,0.327304184436798,-0.412162929773331
8835,0.315175145864487,0.454331248998642,-0.174726933240891,0.74602198600769
8836,0.224317669868469,0.974516153335571,0.251256495714188,-0.274053305387497
8837,0.0336546190083027,0.0538419261574745,-0.131897136569023,1.05098044872284
8838,NA,NA,NA,NA
8839,NA,NA,NA,NA
8840,NA,NA,NA,NA
8841,NA,NA,NA,NA
8842,-0.0885335430502892,-0.255202859640121,0.299021631479263,-1.86567628383636
8843,0.152499988675117,0.0865815430879593,0.220978170633316,-1.75204384326935
8844,NA,NA,NA,NA
8845,-0.109279066324234,-0.286295115947723,0.309692203998566,-1.9050498008728
8846,-0.720306277275085,0.693656265735626,-0.183053195476532,0.212505087256432
8847,-0.104554355144501,-0.262324273586273,0.30257859826088,-1.83552825450897
8848,-0.0972971394658089,-0.268974930047989,0.298967868089676,-1.8718626499176
8849,-0.13191956281662,0.991260468959808,0.127557888627052,-0.185700863599777
8850,NA,NA,NA,NA
8851,NA,NA,NA,NA
8852,NA,NA,NA,NA
8853,NA,NA,NA,NA
8854,-0.095891498029232,-0.26713627576828,0.296457231044769,-1.85668504238129
8855,-0.455609083175659,-0.625348925590515,0.193333238363266,-0.791315734386444
8856,-0.462506622076035,-0.660138607025146,0.175034373998642,-0.745693504810333
8857,NA,NA,NA,NA
8858,-0.365918874740601,-0.587820708751678,0.245623052120209,-1.23945915699005
8859,0.347547262907028,0.0422232672572136,0.0360293686389923,-0.28878390789032
8860,NA,NA,NA,NA
8861,NA,NA,NA,NA
8862,NA,NA,NA,NA
8863,NA,NA,NA,NA
8864,-0.0969488993287086,-0.268785715103149,0.312026262283325,-1.91021871566772
8865,-0.0894931852817535,-0.253980815410614,0.302130669355392,-1.8649320602417
8866,-0.0972971394658089,-0.268974930047989,0.298967868089676,-1.8718626499176
8867,-0.0972971394658089,-0.268974930047989,0.298967868089676,-1.8718626499176
8868,-0.0931915640830994,-0.261658251285553,0.301059037446976,-1.82150995731354
8869,NA,NA,NA,NA
8870,NA,NA,NA,NA
8871,-0.0972971394658089,-0.268974930047989,0.298967868089676,-1.8718626499176
8872,-0.0131969498470426,-0.0303841214627028,0.179449871182442,-1.2350001335144
8873,-0.1036292091012,-0.26251819729805,0.300269484519958,-1.81523156166077
8874,-0.0972971394658089,-0.268974930047989,0.298967868089676,-1.8718626499176
8875,-0.10233835875988,-0.2813540995121,0.320374816656113,-1.93488919734955
8876,0.200791791081429,0.979633986949921,0.199754387140274,-1.00185585021973
8877,-0.141828671097755,0.0537384301424026,0.187808021903038,-1.13533759117126
8878,-0.188241571187973,-0.168981924653053,0.15928441286087,-0.910283863544464
8879,NA,NA,NA,NA
8880,-0.270148366689682,-0.569008052349091,0.225104317069054,-1.59705281257629
8881,-0.242788642644882,-0.518563687801361,0.204551517963409,-1.51139771938324
8882,NA,NA,NA,NA
8883,-0.810916185379028,-0.585162401199341,0.156943306326866,0.0986393690109253
8884,-0.878191530704498,-0.478309214115143,0.231554761528969,-0.34445258975029
8885,NA,NA,NA,NA
8886,-0.863476872444153,0.0765548050403595,-0.2055434435606,0.0798615515232086
8887,NA,NA,NA,NA
8888,NA,NA,NA,NA
8889,-0.882070362567902,0.348633587360382,-0.175234764814377,0.177225396037102
8890,0.00904641952365637,-0.999959111213684,0.0292973034083843,0.273317098617554
8891,0.0636990517377853,0.115943901240826,0.163317829370499,-1.11254012584686
8892,NA,NA,NA,NA
8893,NA,NA,NA,NA
8894,NA,NA,NA,NA
8895,-0.156970322132111,-0.987603366374969,0.0108662554994226,-0.160560250282288
8896,0.481690943241119,-0.876341223716736,0.0835467800498009,-0.0617554038763046
8897,0.390955865383148,-0.920409500598907,0.38430991768837,0.0918016210198402
8898,NA,NA,NA,NA
8899,NA,NA,NA,NA
8900,NA,NA,NA,NA
8901,NA,NA,NA,NA
8902,NA,NA,NA,NA
8903,NA,NA,NA,NA
8904,NA,NA,NA,NA
8905,NA,NA,NA,NA
8906,NA,NA,NA,NA
8907,NA,NA,NA,NA
8908,NA,NA,NA,NA
8909,NA,NA,NA,NA
8910,NA,NA,NA,NA
8911,NA,NA,NA,NA
8912,NA,NA,NA,NA
8913,-0.0961697176098824,-0.261916935443878,-0.312640398740768,1.84557604789734
8914,NA,NA,NA,NA
8915,NA,NA,NA,NA
8916,NA,NA,NA,NA
8917,NA,NA,NA,NA
8918,NA,NA,NA,NA
8919,NA,NA,NA,NA
8920,NA,NA,NA,NA
8921,NA,NA,NA,NA
8922,0.16947939991951,-0.985533773899078,0.0345912277698517,0.121292658150196
8923,NA,NA,NA,NA
8924,NA,NA,NA,NA
8925,0.252191662788391,0.0662075728178024,0.38122284412384,-1.94196403026581
8926,NA,NA,NA,NA
8927,NA,NA,NA,NA
8928,NA,NA,NA,NA
8929,NA,NA,NA,NA
8930,NA,NA,NA,NA
8931,NA,NA,NA,NA
8932,NA,NA,NA,NA
8933,NA,NA,NA,NA
8934,NA,NA,NA,NA
8935,NA,NA,NA,NA
8936,0.999594509601593,-0.0284767393022776,0.301911443471909,0.540721416473389
8937,0.167843073606491,0.985813796520233,0.00552661344408989,0.296108186244965
8938,NA,NA,NA,NA
8939,NA,NA,NA,NA
8940,NA,NA,NA,NA
8941,NA,NA,NA,NA
8942,NA,NA,NA,NA
8943,NA,NA,NA,NA
8944,NA,NA,NA,NA
8945,NA,NA,NA,NA
8946,0.460841953754425,-0.887482285499573,0.0806702971458435,-0.288920611143112
8947,0.387193739414215,-0.92199844121933,0.0829800963401794,-0.266482889652252
8948,0.423300355672836,-0.905989468097687,0.0933998227119446,-0.315231472253799
8949,0.503698289394379,-0.863879680633545,0.100474052131176,-0.316409707069397
8950,NA,NA,NA,NA
8951,NA,NA,NA,NA
8952,NA,NA,NA,NA
8953,NA,NA,NA,NA
8954,0.458629608154297,0.610453724861145,0.513667702674866,-2.01766991615295
8955,NA,NA,NA,NA
8956,NA,NA,NA,NA
8957,NA,NA,NA,NA
8958,NA,NA,NA,NA
8959,NA,NA,NA,NA
8960,NA,NA,NA,NA
8961,-0.976936638355255,-0.213529571890831,0.137163028120995,-0.0976302623748779
8962,NA,NA,NA,NA
8963,NA,NA,NA,NA
8964,NA,NA,NA,NA
8965,NA,NA,NA,NA
8966,NA,NA,NA,NA
8967,NA,NA,NA,NA
8968,NA,NA,NA,NA
8969,-0.860702931880951,-0.509107649326324,0.153516486287117,-0.189982160925865
8970,NA,NA,NA,NA
8971,NA,NA,NA,NA
8972,NA,NA,NA,NA
8973,NA,NA,NA,NA
8974,NA,NA,NA,NA
8975,NA,NA,NA,NA
8976,0.250205218791962,-0.968192875385284,-0.222167551517487,0.282601892948151
8977,NA,NA,NA,NA
8978,-0.307815849781036,-0.257970780134201,0.101736947894096,-0.62060672044754
8979,NA,NA,NA,NA
8980,NA,NA,NA,NA
8981,NA,NA,NA,NA
8982,NA,NA,NA,NA
8983,NA,NA,NA,NA
8984,NA,NA,NA,NA
8985,NA,NA,NA,NA
8986,NA,NA,NA,NA
8987,NA,NA,NA,NA
8988,NA,NA,NA,NA
8989,-0.0952500253915787,0.995453417301178,0.152537852525711,-0.281250238418579
8990,0.0855123177170753,-0.996337175369263,0.00645883288234472,-0.113491855561733
8991,NA,NA,NA,NA
8992,NA,NA,NA,NA
8993,NA,NA,NA,NA
8994,NA,NA,NA,NA
8995,NA,NA,NA,NA
8996,NA,NA,NA,NA
8997,NA,NA,NA,NA
8998,0.160858482122421,0.986977517604828,0.131717562675476,-0.232666715979576
8999,NA,NA,NA,NA
9000,NA,NA,NA,NA
9001,NA,NA,NA,NA
9002,NA,NA,NA,NA
9003,NA,NA,NA,NA
9004,NA,NA,NA,NA
9005,NA,NA,NA,NA
9006,NA,NA,NA,NA
9007,NA,NA,NA,NA
9008,NA,NA,NA,NA
9009,-0.102254070341587,-0.312192618846893,0.292454898357391,-1.91833353042603
9010,-0.0772500038146973,-0.284877359867096,0.281792402267456,-1.88845407962799
9011,-0.904372692108154,0.426743656396866,-0.195116266608238,0.557127356529236
9012,-0.215171650052071,-0.12307783216238,-0.183379590511322,0.947646617889404
9013,-0.923786997795105,0.382906854152679,-0.221076473593712,0.388483613729477
9014,NA,NA,NA,NA
9015,NA,NA,NA,NA
9016,NA,NA,NA,NA
9017,NA,NA,NA,NA
9018,NA,NA,NA,NA
9019,NA,NA,NA,NA
9020,-0.105861313641071,-0.571344196796417,0.687194168567657,-2.48949694633484
9021,-0.326085776090622,-0.730645954608917,0.227237671613693,-1.21862053871155
9022,NA,NA,NA,NA
9023,0.261261940002441,-0.561315059661865,0.220547541975975,-0.925732433795929
9024,NA,NA,NA,NA
9025,NA,NA,NA,NA
9026,NA,NA,NA,NA
9027,-0.0832321718335152,-0.305403649806976,0.297415465116501,-1.86383962631226
9028,-0.0771948769688606,-0.0205703414976597,0.563583612442017,-1.17849946022034
9029,NA,NA,NA,NA
9030,NA,NA,NA,NA
9031,NA,NA,NA,NA
9032,NA,NA,NA,NA
9033,NA,NA,NA,NA
9034,0.247847959399223,0.968798995018005,1.19157290458679,-1.1856437921524
9035,NA,NA,NA,NA
9036,0.178978472948074,0.983853042125702,1.27929174900055,-0.550452589988708
9037,-0.245403125882149,-0.969421148300171,-0.101325891911983,0.0100022535771132
9038,NA,NA,NA,NA
9039,NA,NA,NA,NA
9040,NA,NA,NA,NA
9041,NA,NA,NA,NA
9042,NA,NA,NA,NA
9043,-0.926681041717529,-0.375848799943924,0.0299999993294477,-0.256234049797058
9044,-0.822165846824646,0.569248139858246,-0.112025178968906,0.328004658222198
9045,-0.585969567298889,-0.810333132743835,0.00214160978794098,-0.268483459949493
9046,-0.0899287611246109,-0.303165256977081,0.294974654912949,-1.88679683208466
9047,-0.0730174854397774,-0.294279247522354,0.285175979137421,-1.88393414020538
9048,NA,NA,NA,NA
9049,NA,NA,NA,NA
9050,NA,NA,NA,NA
9051,NA,NA,NA,NA
9052,NA,NA,NA,NA
9053,NA,NA,NA,NA
9054,NA,NA,NA,NA
9055,NA,NA,NA,NA
9056,0.352934002876282,-0.858977675437927,0.256218671798706,-0.112586610019207
9057,NA,NA,NA,NA
9058,-0.203859627246857,-0.140123277902603,0.205320909619331,-0.946783721446991
9059,NA,NA,NA,NA
9060,0.40054252743721,0.91627824306488,0.069691389799118,-1.25693464279175
9061,NA,NA,NA,NA
9062,NA,NA,NA,NA
9063,NA,NA,NA,NA
9064,NA,NA,NA,NA
9065,-0.14292211830616,-0.170339182019234,0.376478433609009,-1.76838135719299
9066,-0.163309201598167,0.490105092525482,0.243941500782967,-1.45974934101105
9067,0.291971206665039,0.956427156925201,-0.048614826053381,1.04419004917145
9068,NA,NA,NA,NA
9069,-0.090295821428299,-0.204892694950104,0.317078143358231,-1.92487645149231
9070,NA,NA,NA,NA
9071,NA,NA,NA,NA
9072,0.156234309077263,0.98772007226944,0.333833158016205,-1.16605663299561
9073,-0.219937026500702,0.975514113903046,-0.228305712342262,1.60468995571136
9074,NA,NA,NA,NA
9075,NA,NA,NA,NA
9076,NA,NA,NA,NA
9077,-0.910183370113373,0.41420567035675,-0.244621559977531,-0.406129986047745
9078,0.999977707862854,0.00668589351698756,0.34685218334198,1.02485406398773
9079,NA,NA,NA,NA
9080,NA,NA,NA,NA
9081,NA,NA,NA,NA
9082,NA,NA,NA,NA
9083,NA,NA,NA,NA
9084,NA,NA,NA,NA
9085,NA,NA,NA,NA
9086,-0.999973893165588,-0.00723176868632436,1.45645141601562,1.98463046550751
9087,NA,NA,NA,NA
9088,-0.790055572986603,0.613035321235657,-0.102790698409081,0.165082648396492
9089,0.423144042491913,-0.906062483787537,0.0868932083249092,0.0766173154115677
9090,NA,NA,NA,NA
9091,0.0377254523336887,0.999288201332092,0.102976970374584,-0.879269897937775
9092,-0.4717658162117,0.881723940372467,0.147356167435646,-0.399723321199417
9093,0.137398943305016,0.990515828132629,0.105522945523262,-0.909481585025787
9094,0.0283341854810715,0.999598562717438,0.117748647928238,-0.664308071136475
9095,0.222570806741714,0.974916577339172,0.0998888611793518,-0.880384683609009
9096,-0.734041392803192,0.679104804992676,-0.0713018551468849,0.736462533473969
9097,NA,NA,NA,NA
9098,NA,NA,NA,NA
9099,NA,NA,NA,NA
9100,-0.802887082099915,0.596131205558777,-0.0794862061738968,0.0107727367430925
9101,-0.36492994427681,-0.931035041809082,-0.102030113339424,-0.0164387803524733
9102,-0.116057150065899,0.993242621421814,0.16258879005909,-0.680956959724426
9103,-0.0176911242306232,0.473614513874054,0.215267196297646,-0.351842224597931
9104,-0.414585739374161,-0.635688483715057,0.290325701236725,-1.25905644893646
9105,0.0408204533159733,0.361506819725037,0.201598599553108,-1.77470529079437
9106,0.00691879168152809,0.323484003543854,0.157010227441788,-1.13392853736877
9107,-0.00266576441936195,-0.999996483325958,0.0671942830085754,0.0165446773171425
9108,-0.129666358232498,-0.991557717323303,0.0369525626301765,-0.156555652618408
9109,-0.0722585618495941,0.99738597869873,-0.0712994709610939,0.573320031166077
9110,0.13218267261982,-0.99122542142868,0.0574397444725037,0.313547849655151
9111,0.143553212285042,0.129804700613022,0.114564888179302,-1.04489004611969
9112,-0.109118945896626,-0.0867219939827919,0.330313146114349,-1.83651828765869
9113,0.146330311894417,-0.989235818386078,-0.0955428928136826,-0.275997996330261
9114,-0.138246655464172,-0.179264605045319,0.336697697639465,-1.87254357337952
9115,-0.0917474180459976,-0.060967143625021,0.328096628189087,-1.8309553861618
9116,-0.0987186580896378,-0.0673374533653259,0.32478266954422,-1.82760965824127
9117,-0.0807943791151047,-0.0845839381217957,0.306177109479904,-1.86456477642059
9118,NA,NA,NA,NA
9119,-0.159272640943527,-0.0732939690351486,0.443738579750061,-1.27877175807953
9120,-0.929132759571075,0.369746476411819,-0.219113707542419,0.243555098772049
9121,NA,NA,NA,NA
9122,-0.814073204994202,-0.580762386322021,0.206533372402191,-0.14418613910675
9123,-0.85724413394928,-0.514910280704498,0.251208871603012,-0.257770270109177
9124,0.0733218565583229,-0.997308373451233,0.0505471602082253,0.300496995449066
9125,NA,NA,NA,NA
9126,-0.0445340238511562,0.216377854347229,0.150731578469276,-0.762542426586151
9127,NA,NA,NA,NA
9128,NA,NA,NA,NA
9129,NA,NA,NA,NA
9130,NA,NA,NA,NA
9131,NA,NA,NA,NA
9132,-0.108662523329258,0.0617996007204056,0.178640976548195,-0.965282082557678
9133,NA,NA,NA,NA
9134,-0.539596199989319,-0.0286798104643822,0.0805025696754456,-0.636527001857758
9135,0.319965481758118,0.947429239749908,-0.022993478924036,0.947311639785767
9136,0.0722684040665627,0.997385263442993,-0.038842249661684,1.09796535968781
9137,-0.0312310755252838,-0.999512255191803,0.0106352269649506,-0.129550784826279
9138,-0.10888996720314,-0.119518667459488,0.349429041147232,-1.79549324512482
9139,-0.55540806055069,0.831578016281128,-0.293197274208069,1.71190917491913
9140,NA,NA,NA,NA
9141,-0.249455839395523,0.968386232852936,0.098332092165947,-0.364998310804367
9142,-0.9976806640625,-0.0680690854787827,-1.49190735816956,2.0523955821991
9143,-0.0983292981982231,0.995153963565826,0.146756768226624,-0.619284570217133
9144,-0.971328556537628,-0.237741336226463,-0.728568613529205,2.08278250694275
9145,NA,NA,NA,NA
9146,NA,NA,NA,NA
9147,NA,NA,NA,NA
9148,NA,NA,NA,NA
9149,NA,NA,NA,NA
9150,-0.352705955505371,-0.935734272003174,0.140109956264496,-0.0845155194401741
9151,-0.116469874978065,-0.0169468652456999,0.313124090433121,-1.67030966281891
9152,-0.136791497468948,-0.0248863510787487,0.311395555734634,-1.7220059633255
9153,-0.302465081214905,-0.504809975624084,0.24677050113678,-1.8601142168045
9154,-0.0603680908679962,0.998176217079163,0.0963375940918922,-0.459738850593567
9155,-0.518621146678925,0.855004191398621,-0.215487778186798,0.460383802652359
9156,-0.0968862399458885,0.995295524597168,0.136642307043076,-0.255435079336166
9157,-0.115159928798676,-0.305793136358261,0.300599455833435,-1.8686341047287
9158,NA,NA,NA,NA
9159,NA,NA,NA,NA
9160,0.988795161247253,-0.149279236793518,0.023337559774518,-0.171573340892792
9161,-0.314449697732925,-0.429341316223145,0.199458345770836,-0.944996118545532
9162,-0.128846883773804,0.0090000880882144,0.481553256511688,-1.5763772726059
9163,NA,NA,NA,NA
9164,-0.985205173492432,-0.171379402279854,-0.190036728978157,-0.0364488177001476
9165,-0.143425017595291,-0.00628760876134038,0.0843144282698631,-0.753050565719604
9166,-0.838817536830902,0.544412791728973,0.0755272656679153,-0.822602212429047
9167,0.00534587260335684,-0.0261403601616621,0.165337279438972,-1.03943991661072
9168,-0.122425422072411,-0.345379739999771,0.302542567253113,-1.8078521490097
9169,0.011635004542768,-0.99993234872818,0.0984446927905083,-0.615105450153351
9170,-0.074778750538826,-0.26496496796608,0.271378248929977,-1.83533751964569
9171,-0.078610934317112,-0.101329937577248,0.306864351034164,-1.8452832698822
9172,-0.0557262524962425,-0.156211420893669,0.0956755355000496,-0.683798551559448
9173,NA,NA,NA,NA
9174,0.280411303043365,-0.959879994392395,0.119314968585968,-0.803587198257446
9175,NA,NA,NA,NA
9176,-0.324487745761871,-0.123254753649235,0.0873997882008553,0.087817057967186
9177,-0.0501227900385857,-0.258060246706009,0.292288959026337,-1.82166051864624
9178,NA,NA,NA,NA
9179,NA,NA,NA,NA
9180,0.816200077533722,-0.577769458293915,-0.0106373773887753,0.374575614929199
9181,-0.645750403404236,0.410486310720444,-0.750772893428802,2.07817602157593
9182,NA,NA,NA,NA
9183,NA,NA,NA,NA
9184,NA,NA,NA,NA
9185,NA,NA,NA,NA
9186,0.175485178828239,-0.984482109546661,0.221981644630432,-1.00879597663879
9187,NA,NA,NA,NA
9188,-0.731141567230225,0.682225823402405,-0.0736702457070351,0.466004997491837
9189,NA,NA,NA,NA
9190,NA,NA,NA,NA
9191,NA,NA,NA,NA
9192,NA,NA,NA,NA
9193,NA,NA,NA,NA
9194,NA,NA,NA,NA
9195,-0.944899320602417,0.327361255884171,-0.230279847979546,0.272265583276749
9196,NA,NA,NA,NA
9197,NA,NA,NA,NA
9198,NA,NA,NA,NA
9199,0.873522222042084,0.486784338951111,-0.136313587427139,-0.369244992733002
9200,-0.129649445414543,-0.350145280361176,0.30265736579895,-1.83467948436737
9201,0.000323736079735681,-1,0.00120494421571493,-0.0143335200846195
9202,NA,NA,NA,NA
9203,-0.103351920843124,-0.202819496393204,0.326766103506088,-1.85091280937195
9204,NA,NA,NA,NA
9205,NA,NA,NA,NA
9206,NA,NA,NA,NA
9207,NA,NA,NA,NA
9208,0.224710509181023,0.974425613880157,-0.154664784669876,1.24098134040833
9209,NA,NA,NA,NA
9210,NA,NA,NA,NA
9211,NA,NA,NA,NA
9212,NA,NA,NA,NA
9213,NA,NA,NA,NA
9214,-0.0935623943805695,-0.165554791688919,0.322567820549011,-1.84744465351105
9215,-0.450631350278854,-0.892710208892822,0.196940764784813,0.116739504039288
9216,-0.0930659174919128,-0.180639684200287,0.311977505683899,-1.84241533279419
9217,-0.190411895513535,-0.446316212415695,0.258661806583405,-1.80318641662598
9218,NA,NA,NA,NA
9219,NA,NA,NA,NA
9220,NA,NA,NA,NA
9221,-0.0917619094252586,-0.18515644967556,0.310953557491302,-1.82075214385986
9222,NA,NA,NA,NA
9223,-0.11525372415781,-0.212617516517639,0.326153874397278,-1.8582808971405
9224,-0.104887992143631,-0.186112001538277,0.312371999025345,-1.83789253234863
9225,-0.0918296948075294,-0.187283024191856,0.310830026865005,-1.81104791164398
9226,-0.177627518773079,0.984097838401794,-0.0961503237485886,1.07943451404572
9227,0.244857639074326,0.176065132021904,0.418403089046478,-2.07315540313721
9228,NA,NA,NA,NA
9229,-0.0944898873567581,-0.165946647524834,0.327902436256409,-1.86411738395691
9230,-0.0854047313332558,-0.996346414089203,0.185641676187515,-1.10760951042175
9231,-0.110186092555523,-0.212978735566139,0.317817986011505,-1.85084295272827
9232,NA,NA,NA,NA
9233,NA,NA,NA,NA
9234,NA,NA,NA,NA
9235,NA,NA,NA,NA
9236,NA,NA,NA,NA
9237,NA,NA,NA,NA
9238,NA,NA,NA,NA
9239,NA,NA,NA,NA
9240,-0.00237002363428473,-0.220513612031937,0.205628380179405,-1.11622881889343
9241,-0.0944898873567581,-0.165946647524834,0.327902436256409,-1.86411738395691
9242,-0.100791543722153,-0.175111457705498,0.31898045539856,-1.84891331195831
9243,-0.102329395711422,-0.176375806331635,0.320285379886627,-1.85770082473755
9244,-0.0814669728279114,0.996676087379456,0.174779713153839,-0.364553034305573
9245,-0.140120536088943,-0.12103509157896,0.389970868825912,-1.66651332378387
9246,NA,NA,NA,NA
9247,-0.112764403223991,-0.198909744620323,0.322500437498093,-1.8446558713913
9248,-0.0876381024718285,-0.177381917834282,0.320827901363373,-1.85051238536835
9249,-0.10919501632452,-0.193342015147209,0.322519421577454,-1.84483778476715
9250,-0.109988063573837,-0.203031435608864,0.324864327907562,-1.84617877006531
9251,-0.11021500825882,-0.203746929764748,0.324607998132706,-1.80496084690094
9252,NA,NA,NA,NA
9253,NA,NA,NA,NA
9254,-0.1012978926301,-0.185289099812508,0.321747690439224,-1.827672123909
9255,-0.087739072740078,-0.180840611457825,0.315283894538879,-1.83549678325653
9256,NA,NA,NA,NA
9257,-0.0928787440061569,-0.190685376524925,0.316539883613586,-1.85604894161224
9258,NA,NA,NA,NA
9259,-0.0818382278084755,-0.174620896577835,0.316770523786545,-1.84098100662231
9260,-0.0874240696430206,-0.181340992450714,0.319806158542633,-1.83577871322632
9261,-0.0901262387633324,-0.178471267223358,0.312255293130875,-1.81442582607269
9262,-0.0944898873567581,-0.165946647524834,0.327902436256409,-1.86411738395691
9263,NA,NA,NA,NA
9264,NA,NA,NA,NA
9265,NA,NA,NA,NA
9266,NA,NA,NA,NA
9267,NA,NA,NA,NA
9268,NA,NA,NA,NA
9269,-0.0919017121195793,-0.187413185834885,0.310646235942841,-1.80975615978241
9270,-0.0937913805246353,-0.182043552398682,0.31139063835144,-1.81536686420441
9271,NA,NA,NA,NA
9272,NA,NA,NA,NA
9273,-0.092200793325901,-0.184796392917633,0.311285346746445,-1.81823599338531
9274,NA,NA,NA,NA
9275,NA,NA,NA,NA
9276,NA,NA,NA,NA
9277,0.0494130551815033,-0.00803662091493607,0.332129091024399,-1.59303748607635
9278,-0.0965152680873871,-0.188848733901978,0.316651999950409,-1.85188472270966
9279,-0.0916596502065659,-0.181340470910072,0.316224187612534,-1.84547913074493
9280,-0.0979198962450027,-0.185389921069145,0.314619958400726,-1.84028792381287
9281,-0.100394517183304,-0.176251694560051,0.328865796327591,-1.91088593006134
9282,NA,NA,NA,NA
9283,-0.111622244119644,-0.197672873735428,0.332475453615189,-1.91501724720001
9284,-0.109417922794819,-0.21013131737709,0.309997200965881,-1.81971621513367
9285,-0.100394517183304,-0.176251694560051,0.328865796327591,-1.91088593006134
9286,NA,NA,NA,NA
9287,NA,NA,NA,NA
9288,NA,NA,NA,NA
9289,NA,NA,NA,NA
9290,-0.0895592495799065,-0.120532900094986,0.342397093772888,-1.85217559337616
9291,NA,NA,NA,NA
9292,NA,NA,NA,NA
9293,NA,NA,NA,NA
9294,NA,NA,NA,NA
9295,NA,NA,NA,NA
9296,NA,NA,NA,NA
9297,NA,NA,NA,NA
9298,NA,NA,NA,NA
9299,NA,NA,NA,NA
9300,NA,NA,NA,NA
9301,0.163536906242371,0.986537277698517,-0.21777231991291,0.356555491685867
9302,0.395091235637665,0.918641924858093,-0.0227413736283779,0.79834371805191
9303,-0.975931823253632,-0.218076005578041,-0.122928120195866,0.0430110543966293
9304,-0.98249751329422,-0.186276093125343,-0.149042829871178,0.0713992416858673
9305,0.46227303147316,0.886737704277039,0.0775624811649323,-1.31436347961426
9306,0.204186722636223,-0.978932023048401,0.0626175850629807,-0.0654719322919846
9307,0.215474173426628,-0.976509571075439,0.0462070181965828,-0.0135423066094518
9308,0.257720530033112,-0.966219544410706,0.0790940895676613,0.0194039475172758
9309,0.330543965101242,0.943790674209595,0.128002166748047,-1.13582026958466
9310,0.138486295938492,-0.990364372730255,0.0747750401496887,-0.147537559270859
9311,NA,NA,NA,NA
9312,NA,NA,NA,NA
9313,NA,NA,NA,NA
9314,-0.705465078353882,-0.708744764328003,0.176808953285217,-0.0536508746445179
9315,-0.721542835235596,-0.442023575305939,0.173036947846413,-0.208405271172523
9316,NA,NA,NA,NA
9317,-0.832464873790741,0.554077923297882,-0.122952669858932,0.397323876619339
9318,-0.221654415130615,0.851599633693695,-0.301219880580902,1.50625813007355
9319,-0.214841783046722,0.8488849401474,-0.242564395070076,1.3656507730484
9320,-0.887439727783203,0.460923939943314,-0.178831204771996,0.655371069908142
9321,NA,NA,NA,NA
9322,NA,NA,NA,NA
9323,-0.886587142944336,0.462561666965485,0.0546766743063927,-0.262023836374283
9324,0.0653769001364708,0.997860670089722,-0.0308419801294804,-0.170168921351433
9325,0.481748729944229,-0.121471546590328,-0.0745918303728104,-0.0834538191556931
9326,-0.0944321900606155,-0.683465659618378,-0.0552940554916859,0.0794629454612732
9327,0.036008682101965,-0.263603091239929,-0.0602480098605156,0.104850128293037
9328,-0.96091628074646,0.276839226484299,0.0691727921366692,-0.0351073853671551
9329,0.302797198295593,-0.0114417728036642,-0.0775012075901031,0.112126730382442
9330,-0.0349073745310307,0.999390602111816,0.13049128651619,-0.249574556946754
9331,NA,NA,NA,NA
9332,NA,NA,NA,NA
9333,NA,NA,NA,NA
9334,NA,NA,NA,NA
9335,NA,NA,NA,NA
9336,NA,NA,NA,NA
9337,0.0590197928249836,-0.0218887496739626,0.306622326374054,-1.55034959316254
9338,NA,NA,NA,NA
9339,NA,NA,NA,NA
9340,NA,NA,NA,NA
9341,NA,NA,NA,NA
9342,NA,NA,NA,NA
9343,NA,NA,NA,NA
9344,NA,NA,NA,NA
9345,NA,NA,NA,NA
9346,NA,NA,NA,NA
9347,NA,NA,NA,NA
9348,NA,NA,NA,NA
9349,NA,NA,NA,NA
9350,NA,NA,NA,NA
9351,NA,NA,NA,NA
9352,NA,NA,NA,NA
9353,NA,NA,NA,NA
9354,NA,NA,NA,NA
9355,NA,NA,NA,NA
9356,NA,NA,NA,NA
9357,NA,NA,NA,NA
9358,NA,NA,NA,NA
9359,NA,NA,NA,NA
9360,NA,NA,NA,NA
9361,NA,NA,NA,NA
9362,0.112536989152431,0.993647575378418,1.35217225551605,-1.26543378829956
9363,0.153911858797073,0.988084614276886,1.31131863594055,-1.42014873027802
9364,NA,NA,NA,NA
9365,NA,NA,NA,NA
9366,NA,NA,NA,NA
9367,NA,NA,NA,NA
9368,NA,NA,NA,NA
9369,NA,NA,NA,NA
9370,NA,NA,NA,NA
9371,NA,NA,NA,NA
9372,NA,NA,NA,NA
9373,NA,NA,NA,NA
9374,-0.503924548625946,-0.863747775554657,0.0106356330215931,-0.557730495929718
9375,0.0396857485175133,-0.999212265014648,0.0577076599001884,-0.107597716152668
9376,-0.089056670665741,-0.996026635169983,0.0136155979707837,-0.101785607635975
9377,0.057173915207386,-0.998364269733429,0.0959754511713982,-0.121453732252121
9378,-0.397686660289764,-0.917521357536316,-0.115270733833313,-0.11709925532341
9379,-0.42205873131752,-0.90656852722168,-0.143905699253082,-0.152714252471924
9380,-0.623664021492004,0.781692564487457,-0.142145872116089,1.15749180316925
9381,-0.650575935840607,0.759441316127777,-0.144102200865746,1.18707287311554
9382,-0.90569543838501,0.423929125070572,-0.195324763655663,0.259421139955521
9383,0.770470976829529,-0.6374751329422,0.293703019618988,0.439436942338943
9384,-0.573004543781281,0.81955224275589,-0.123415172100067,0.817655324935913
9385,-0.0576940327882767,0.669354557991028,0.225437819957733,-1.41652393341064
9386,NA,NA,NA,NA
9387,NA,NA,NA,NA
9388,NA,NA,NA,NA
9389,NA,NA,NA,NA
9390,-0.345975011587143,0.938243746757507,-0.128531903028488,0.357803463935852
9391,NA,NA,NA,NA
9392,0.0701876729726791,-0.997533857822418,0.0469296351075172,0.0713069587945938
9393,NA,NA,NA,NA
9394,0.0125364679843187,-0.999921500682831,-0.0658662617206573,-0.120118334889412
9395,NA,NA,NA,NA
9396,NA,NA,NA,NA
9397,NA,NA,NA,NA
9398,NA,NA,NA,NA
9399,NA,NA,NA,NA
9400,NA,NA,NA,NA
9401,NA,NA,NA,NA
9402,NA,NA,NA,NA
9403,NA,NA,NA,NA
9404,-0.873061776161194,0.487609684467316,-0.14618606865406,0.34133905172348
9405,NA,NA,NA,NA
9406,NA,NA,NA,NA
9407,NA,NA,NA,NA
9408,NA,NA,NA,NA
9409,NA,NA,NA,NA
9410,NA,NA,NA,NA
9411,NA,NA,NA,NA
9412,NA,NA,NA,NA
9413,NA,NA,NA,NA
9414,NA,NA,NA,NA
9415,NA,NA,NA,NA
9416,NA,NA,NA,NA
9417,NA,NA,NA,NA
9418,NA,NA,NA,NA
9419,NA,NA,NA,NA
9420,NA,NA,NA,NA
9421,0.700266003608704,-0.713882088661194,0.0786330550909042,-0.319820582866669
9422,NA,NA,NA,NA
9423,0.483130902051926,-0.875548183917999,0.425982981920242,0.26892763376236
9424,NA,NA,NA,NA
9425,NA,NA,NA,NA
9426,-0.00725528737530112,0.999973714351654,0.0165898688137531,0.920961976051331
9427,0.804828226566315,-0.593507885932922,0.223077595233917,0.488976329565048
9428,NA,NA,NA,NA
9429,NA,NA,NA,NA
9430,-0.430711984634399,0.902489483356476,0.00193460006266832,1.55948567390442
9431,-0.232925832271576,0.972494542598724,0.0600351691246033,1.56040227413177
9432,0.874150335788727,-0.48565548658371,0.4940185546875,1.87601280212402
9433,NA,NA,NA,NA
9434,-0.0936271920800209,0.995607376098633,-0.0530639886856079,0.716112792491913
9435,NA,NA,NA,NA
9436,NA,NA,NA,NA
9437,0.232354372739792,-0.972631275653839,0.0182909648865461,-0.0753350555896759
9438,NA,NA,NA,NA
9439,0.0389884039759636,0.99923974275589,-0.0553177557885647,0.843788266181946
9440,-0.317227959632874,0.948349356651306,-0.0226903855800629,0.54665195941925
9441,NA,NA,NA,NA
9442,NA,NA,NA,NA
9443,NA,NA,NA,NA
9444,NA,NA,NA,NA
9445,NA,NA,NA,NA
9446,-0.815955877304077,0.57811427116394,0.0299999993294477,0.0859081968665123
9447,NA,NA,NA,NA
9448,NA,NA,NA,NA
9449,NA,NA,NA,NA
9450,0.00660249218344688,0.833276510238647,-0.265838384628296,1.60086417198181
9451,-0.0977075919508934,-0.995215237140656,0.0405608862638474,0.0983820781111717
9452,-0.0623559728264809,-0.998054027557373,0.0571913570165634,0.197285279631615
9453,NA,NA,NA,NA
9454,NA,NA,NA,NA
9455,-0.211127936840057,-0.194973081350327,0.383387684822083,-1.79633665084839
9456,-0.185749068856239,-0.200753822922707,0.327135413885117,-1.85086309909821
9457,NA,NA,NA,NA
9458,NA,NA,NA,NA
9459,-0.214074224233627,-0.251611739397049,0.344361305236816,-1.84191250801086
9460,0.626578330993652,0.779358506202698,-0.171898573637009,-0.0251873731613159
9461,0.781431198120117,-0.271685034036636,1.69925785064697,-2.15479779243469
9462,0.017388129606843,-0.999848902225494,0.0290118977427483,-0.0528733432292938
9463,NA,NA,NA,NA
9464,0.635294795036316,0.772269785404205,-0.210686132311821,0.00868850201368332
9465,0.443632662296295,0.367766112089157,0.232187867164612,0.0122558670118451
9466,-0.344173699617386,0.299001812934875,0.0579480826854706,-0.467871874570847
9467,0.373940914869308,0.927452564239502,0.0799251049757004,0.331423372030258
9468,NA,NA,NA,NA
9469,0.497803390026093,0.867289960384369,0.135208442807198,0.353217750787735
9470,0.00985049922019243,0.999951541423798,0.191132083535194,-0.336021661758423
9471,0.012312600389123,0.479266166687012,0.082808718085289,-0.98336386680603
9472,-0.782003045082092,-0.0886260867118835,-0.168715044856071,1.11445260047913
9473,-0.00405185064300895,-0.999991834163666,0.0272609516978264,-0.136879190802574
9474,0.0222047790884972,-0.999753475189209,-0.0311862640082836,0.101669915020466
9475,NA,NA,NA,NA
9476,NA,NA,NA,NA
9477,NA,NA,NA,NA
9478,-0.964382648468018,-0.26451113820076,-0.195136368274689,0.505409598350525
9479,-0.272649466991425,0.309943050146103,0.104370296001434,-2.06296277046204
9480,-0.454928398132324,0.275105655193329,-0.148454710841179,1.7641578912735
9481,NA,NA,NA,NA
9482,NA,NA,NA,NA
9483,NA,NA,NA,NA
9484,NA,NA,NA,NA
9485,-0.388366401195526,-0.425113618373871,-0.136519283056259,1.0150728225708
9486,NA,NA,NA,NA
9487,0.535916209220886,0.665452301502228,-0.210178360342979,-0.00598742067813873
9488,NA,NA,NA,NA
9489,-0.710042357444763,0.157041698694229,-0.073622040450573,1.36559176445007
9490,NA,NA,NA,NA
9491,NA,NA,NA,NA
9492,NA,NA,NA,NA
9493,NA,NA,NA,NA
9494,NA,NA,NA,NA
9495,-0.393256038427353,0.2446129322052,0.148397982120514,-1.97417545318604
9496,NA,NA,NA,NA
9497,-0.286714255809784,0.314413249492645,0.0981516093015671,-2.10259246826172
9498,NA,NA,NA,NA
9499,NA,NA,NA,NA
9500,NA,NA,NA,NA
9501,-0.0305111277848482,-0.999534487724304,0.0402606837451458,-0.0610165372490883
9502,0.7302405834198,-0.0758144855499268,0.180965632200241,1.0837789773941
9503,-0.316747426986694,0.247651025652885,0.214995130896568,-1.85742127895355
9504,NA,NA,NA,NA
9505,NA,NA,NA,NA
9506,-0.435078769922256,0.154341369867325,0.237176343798637,-1.93984508514404
9507,-0.774824976921082,-0.121478371322155,0.0766534134745598,-0.706788897514343
9508,-0.71371454000473,0.07943956553936,-0.118106670677662,0.935717225074768
9509,-0.36038139462471,0.287703454494476,0.195943564176559,-1.95211255550385
9510,0.0782599523663521,0.436102241277695,0.483469367027283,-1.54642236232758
9511,-0.328341007232666,0.00840614922344685,-0.0413980409502983,1.91506385803223
9512,-0.0989709720015526,-0.124686501920223,0.444572538137436,-1.59103465080261
9513,-0.35250586271286,0.261492550373077,0.162550240755081,-2.04866313934326
9514,-0.353965848684311,0.230726227164268,0.161342412233353,-2.02759575843811
9515,-0.239121034741402,0.315533429384232,0.218575462698936,-1.97376120090485
9516,-0.339406758546829,0.210104033350945,0.177935004234314,-2.03247332572937
9517,-0.315914392471313,0.200097307562828,0.193724140524864,-2.03222751617432
9518,-0.221380487084389,0.278072983026505,0.252772152423859,-1.94031977653503
9519,-0.2335115224123,0.266786962747574,0.220108166337013,-1.96936452388763
9520,-0.3126300573349,0.241163834929466,0.103646509349346,-2.05025744438171
9521,-0.195885702967644,-0.429882377386093,0.319330990314484,-1.85846388339996
9522,-0.146186009049416,0.193521425127983,0.322336852550507,-1.84650635719299
9523,-0.328923106193542,0.189928025007248,0.109248459339142,-2.06324100494385
9524,NA,NA,NA,NA
9525,NA,NA,NA,NA
9526,NA,NA,NA,NA
9527,NA,NA,NA,NA
9528,0.0460033118724823,-0.998941361904144,0.0670613422989845,0.226161822676659
9529,NA,NA,NA,NA
9530,NA,NA,NA,NA
9531,NA,NA,NA,NA
9532,NA,NA,NA,NA
9533,NA,NA,NA,NA
9534,NA,NA,NA,NA
9535,NA,NA,NA,NA
9536,NA,NA,NA,NA
9537,0.491021990776062,0.871147215366364,-0.262224912643433,0.202361509203911
9538,NA,NA,NA,NA
9539,NA,NA,NA,NA
9540,NA,NA,NA,NA
9541,NA,NA,NA,NA
9542,NA,NA,NA,NA
9543,NA,NA,NA,NA
9544,NA,NA,NA,NA
9545,NA,NA,NA,NA
9546,NA,NA,NA,NA
9547,NA,NA,NA,NA
9548,0.870285272598267,-0.340158551931381,1.91604351997375,-2.00395727157593
9549,NA,NA,NA,NA
9550,NA,NA,NA,NA
9551,0.0258253179490566,0.109765440225601,0.147793427109718,-0.969866037368774
9552,NA,NA,NA,NA
9553,NA,NA,NA,NA
9554,NA,NA,NA,NA
9555,NA,NA,NA,NA
9556,NA,NA,NA,NA
9557,NA,NA,NA,NA
9558,-0.232377231121063,-0.132931023836136,0.180065527558327,-0.960910439491272
9559,-0.936051666736603,-0.351862668991089,-0.201361194252968,0.0299999993294477
9560,0.141522631049156,-0.989935040473938,0.0263244975358248,-0.0567884109914303
9561,NA,NA,NA,NA
9562,-0.0120969358831644,0.999926865100861,1.60279166698456,-1.27495455741882
9563,0.0234869997948408,0.999724209308624,0.156047970056534,-0.0873592793941498
9564,NA,NA,NA,NA
9565,NA,NA,NA,NA
9566,NA,NA,NA,NA
9567,-0.138679280877113,-0.303454250097275,0.117333851754665,-0.916000008583069
9568,NA,NA,NA,NA
9569,NA,NA,NA,NA
9570,NA,NA,NA,NA
9571,NA,NA,NA,NA
9572,NA,NA,NA,NA
9573,NA,NA,NA,NA
9574,-0.99828714132309,-0.0585055761039257,-0.183973044157028,-0.043397206813097
9575,0.112014010548592,-0.135996997356415,0.115421891212463,-1.02766466140747
9576,0.239840850234032,0.970812261104584,0.343286842107773,-0.522483706474304
9577,0.640936315059662,0.427044302225113,0.225458458065987,-0.393516600131989
9578,0.640936315059662,0.427044302225113,0.225458458065987,-0.393516600131989
9579,0.629347681999207,0.74064838886261,0.220463067293167,-0.206011906266212
9580,0.889132082462311,0.457650870084763,1.6047101020813,-1.9596529006958
9581,NA,NA,NA,NA
9582,-0.997145295143127,-0.0755074992775917,-0.0662142038345337,0.145986497402191
9583,NA,NA,NA,NA
9584,-0.176164984703064,-0.190763473510742,0.320801168680191,-1.86173892021179
9585,-0.00167255848646164,-0.92830365896225,0.366038262844086,-1.7184784412384
9586,NA,NA,NA,NA
9587,NA,NA,NA,NA
9588,NA,NA,NA,NA
9589,-0.150161400437355,-0.235493034124374,0.359406501054764,-1.78952324390411
9590,NA,NA,NA,NA
9591,-0.144627839326859,-0.0720086023211479,0.286306947469711,-1.8539297580719
9592,-0.361137688159943,-0.932512581348419,-0.134055688977242,0.0907836258411407
9593,NA,NA,NA,NA
9594,-0.176164984703064,-0.190763473510742,0.320801168680191,-1.86173892021179
9595,-0.182925432920456,-0.0882228463888168,0.432654321193695,-1.66530323028564
9596,-0.182925432920456,-0.0882228463888168,0.432654321193695,-1.66530323028564
9597,-0.154377177357674,0.00366946076974273,0.4332235455513,-1.66975855827332
9598,-0.182925432920456,-0.0882228463888168,0.432654321193695,-1.66530323028564
9599,NA,NA,NA,NA
9600,NA,NA,NA,NA
9601,0.151162058115005,-0.988509058952332,0.0728345662355423,0.18212753534317
9602,NA,NA,NA,NA
9603,-0.0863634496927261,-0.0761592760682106,0.243983909487724,-1.6988433599472
9604,-0.175243213772774,-0.984525203704834,-0.0323640704154968,-0.0201524775475264
9605,-0.0302296187728643,-0.999543011188507,0.0265719648450613,-0.234261676669121
9606,NA,NA,NA,NA
9607,NA,NA,NA,NA
9608,NA,NA,NA,NA
9609,NA,NA,NA,NA
9610,-0.17703203856945,-0.197092890739441,0.310515135526657,-1.83381319046021
9611,NA,NA,NA,NA
9612,-0.211164757609367,0.0896476358175278,0.287491500377655,-1.35691237449646
9613,NA,NA,NA,NA
9614,-0.0570984147489071,-0.0597234219312668,0.326290905475616,-1.65713262557983
9615,-0.132839724421501,0.0952420607209206,0.1950314193964,-1.2252448797226
9616,NA,NA,NA,NA
9617,NA,NA,NA,NA
9618,-0.154518842697144,0.0031554619781673,0.435198038816452,-1.65796113014221
9619,-0.184187233448029,-0.204132065176964,0.311479687690735,-1.83605313301086
9620,-0.456892937421799,-0.576341569423676,0.288002073764801,-1.37167179584503
9621,NA,NA,NA,NA
9622,-0.209025040268898,-0.200549691915512,0.375779688358307,-1.79175388813019
9623,NA,NA,NA,NA
9624,-0.201134011149406,-0.242489755153656,0.315990537405014,-1.8712100982666
9625,-0.414221793413162,-0.59404730796814,0.353008896112442,-1.69115769863129
9626,-0.999518692493439,-0.0310241542756557,0.0366638228297234,-1.10858678817749
9627,0.115897327661514,-0.993261277675629,0.0535115227103233,-0.0868461579084396
9628,-0.135656043887138,-0.990756034851074,0.0221862345933914,0.0133753698319197
9629,0.549883306026459,-0.835241556167603,0.227541774511337,0.0146887311711907
9630,-0.450198501348495,-0.685900747776031,0.256649732589722,-0.843350291252136
9631,-0.0367587022483349,-0.999324202537537,0.033179447054863,-0.125070333480835
9632,-0.319766879081726,-0.529431760311127,0.221540808677673,-1.71166789531708
9633,NA,NA,NA,NA
9634,NA,NA,NA,NA
9635,NA,NA,NA,NA
9636,NA,NA,NA,NA
9637,NA,NA,NA,NA
9638,0.167933493852615,-0.985798358917236,0.326021075248718,-1.92526972293854
9639,-0.197339162230492,-0.141486614942551,0.219217047095299,-1.22140765190125
9640,NA,NA,NA,NA
9641,-0.203661605715752,-0.271921068429947,0.312211900949478,-1.93483710289001
9642,-0.184119060635567,-0.255191326141357,0.300765872001648,-1.87721037864685
9643,NA,NA,NA,NA
9644,-0.216666519641876,-0.264719873666763,0.346014320850372,-1.78357064723969
9645,-0.223343431949615,-0.28323957324028,0.354262739419937,-1.77482485771179
9646,-0.381691366434097,-0.42256298661232,0.161705747246742,-0.697624981403351
9647,0.253077447414398,0.967446088790894,0.149815768003464,-1.05472874641418
9648,NA,NA,NA,NA
9649,NA,NA,NA,NA
9650,0.174126744270325,0.984723329544067,0.0013731187209487,0.389668762683868
9651,-0.418004870414734,-0.579423189163208,0.240681976079941,-0.92792546749115
9652,0.2762690782547,-0.961080372333527,0.0804022327065468,-0.0541348718106747
9653,-0.105462349951267,-0.99442332983017,-0.00190379098057747,-0.0247714482247829
9654,-0.130592778325081,-0.0324642397463322,0.297820210456848,-1.9652988910675
9655,0.251179188489914,-0.967940628528595,0.0778412967920303,-0.041254784911871
9656,-0.222825601696968,-0.269105464220047,0.340162128210068,-1.82343971729279
9657,-0.920633971691132,0.390426903963089,-0.214872539043427,0.356432110071182
9658,-0.181269749999046,-0.251000612974167,0.299951791763306,-1.87850451469421
9659,-0.172291353344917,-0.245733827352524,0.301422238349915,-1.86488771438599
9660,-0.181587353348732,-0.271392315626144,0.293886303901672,-1.87107717990875
9661,NA,NA,NA,NA
9662,-0.271776288747787,-0.962360501289368,0.343244791030884,-1.73681139945984
9663,-0.01347088906914,-0.999909341335297,0.0299999993294477,-0.0218942631036043
9664,NA,NA,NA,NA
9665,-0.152608588337898,-0.0217372104525566,0.421237051486969,-1.63867139816284
9666,NA,NA,NA,NA
9667,NA,NA,NA,NA
9668,-0.153743907809258,-0.018956795334816,0.418764501810074,-1.64117157459259
9669,-0.0135302292183042,-0.99990850687027,0.0664975345134735,-0.2262794226408
9670,-0.177341908216476,-0.239088848233223,0.284241795539856,-1.87287878990173
9671,-0.535746693611145,-0.844378709793091,0.228886812925339,-0.97085976600647
9672,-0.151481583714485,-0.125766634941101,0.259158611297607,-1.74956631660461
9673,-0.182932928204536,-0.256946235895157,0.290865153074265,-1.8796671628952
9674,0.0525948777794838,-0.998615980148315,0.0409084036946297,0.103849478065968
9675,-0.184487774968147,-0.223112106323242,0.381866097450256,-1.71936082839966
9676,-0.164784774184227,-0.321276098489761,0.275668442249298,-1.9926198720932
9677,-0.44135519862175,-0.606472909450531,0.214837267994881,-0.77483719587326
9678,-0.154890656471252,0.00163775682449341,0.418877124786377,-1.63893508911133
9679,-0.155786082148552,-0.00128394877538085,0.420981794595718,-1.65039265155792
9680,-0.134709283709526,0.990885198116302,-0.0204702913761139,0.689987182617188
9681,-0.154651999473572,0.0027248035185039,0.418902456760406,-1.64304530620575
9682,-0.0143769839778543,-0.999896705150604,-0.00560380285605788,-0.00194648653268814
9683,-0.532418966293335,0.846481025218964,0.137422114610672,-0.706023573875427
9684,NA,NA,NA,NA
9685,-0.154086276888847,-0.00691939471289515,0.418029546737671,-1.64359939098358
9686,-0.207345440983772,-0.200576394796371,0.389173954725266,-1.72628343105316
9687,-0.294331073760986,-0.955703556537628,0.0835447087883949,-0.12809930741787
9688,-0.0192667599767447,0.999814450740814,-0.0331270508468151,0.410147607326508
9689,-0.154162153601646,-0.00745707005262375,0.419428467750549,-1.64458465576172
9690,0.0838359519839287,-0.996479630470276,0.300837099552155,-0.513431072235107
9691,-0.168718844652176,-0.137659147381783,0.433102965354919,-1.54972207546234
9692,-0.816241919994354,0.577710330486298,-0.126018509268761,0.280543982982635
9693,0.293759346008301,-0.95587944984436,0.0910173952579498,-0.0372749492526054
9694,0.297756761312485,-0.954641819000244,1.37973117828369,-1.91277825832367
9695,-0.163080111145973,-0.0157494898885489,0.422017455101013,-1.6435455083847
9696,NA,NA,NA,NA
9697,NA,NA,NA,NA
9698,NA,NA,NA,NA
9699,-0.180078387260437,-0.267925918102264,0.289284199476242,-1.88579452037811
9700,0.05363729596138,-0.998560547828674,0.0822881534695625,0.260199517011642
9701,NA,NA,NA,NA
9702,-0.175223827362061,3.46759334206581e-05,0.435915768146515,-1.57382154464722
9703,-0.238283053040504,-0.300877004861832,0.341105431318283,-1.84625768661499
9704,NA,NA,NA,NA
9705,0.0169066525995731,-0.298633575439453,0.339122384786606,-1.86597609519958
9706,-0.505656957626343,-0.078711025416851,0.0861610323190689,-1.33237302303314
9707,-0.997991323471069,-0.0633512735366821,-0.27090248465538,0.663031399250031
9708,NA,NA,NA,NA
9709,-0.154162153601646,-0.00745707005262375,0.419428467750549,-1.64458465576172
9710,-0.848865985870361,0.528608202934265,-0.162541106343269,0.215456947684288
9711,-0.165379926562309,-0.0475241541862488,0.41914227604866,-1.64376938343048
9712,-0.153629809617996,-0.00725170783698559,0.420255601406097,-1.63938188552856
9713,-0.19374817609787,-0.106913238763809,0.418825894594193,-1.64122879505157
9714,-0.176672130823135,-0.0626433044672012,0.420452266931534,-1.64209222793579
9715,-0.154158219695091,-0.00722274044528604,0.421007424592972,-1.64226865768433
9716,-0.209367960691452,-0.177334159612656,0.384446501731873,-1.69820868968964
9717,-0.154162153601646,-0.00745707005262375,0.419428467750549,-1.64458465576172
9718,NA,NA,NA,NA
9719,NA,NA,NA,NA
9720,-0.0392717905342579,-0.999228596687317,-0.0167453773319721,-0.254557341337204
9721,-0.21461421251297,-0.139187663793564,0.161729499697685,-1.22680366039276
9722,-0.20125375688076,-0.210145741701126,0.231215566396713,-1.70832324028015
9723,NA,NA,NA,NA
9724,NA,NA,NA,NA
9725,NA,NA,NA,NA
9726,NA,NA,NA,NA
9727,-0.155851051211357,-0.164986744523048,0.202227756381035,-1.73698806762695
9728,NA,NA,NA,NA
9729,NA,NA,NA,NA
9730,NA,NA,NA,NA
9731,NA,NA,NA,NA
9732,NA,NA,NA,NA
9733,NA,NA,NA,NA
9734,NA,NA,NA,NA
9735,NA,NA,NA,NA
9736,NA,NA,NA,NA
9737,NA,NA,NA,NA
9738,NA,NA,NA,NA
9739,NA,NA,NA,NA
9740,NA,NA,NA,NA
9741,NA,NA,NA,NA
9742,NA,NA,NA,NA
9743,0.525884985923767,-0.850555777549744,0.137358441948891,0.0392337664961815
9744,NA,NA,NA,NA
9745,0.177906006574631,-0.984047532081604,0.201434344053268,-0.329668909311295
9746,NA,NA,NA,NA
9747,NA,NA,NA,NA
9748,0.719021737575531,-0.694987654685974,0.651806950569153,1.12979888916016
9749,NA,NA,NA,NA
9750,NA,NA,NA,NA
9751,NA,NA,NA,NA
9752,NA,NA,NA,NA
9753,NA,NA,NA,NA
9754,NA,NA,NA,NA
9755,NA,NA,NA,NA
9756,NA,NA,NA,NA
9757,NA,NA,NA,NA
9758,NA,NA,NA,NA
9759,-0.150974109768867,0.988537788391113,-0.190018236637115,1.40935611724854
9760,0.163930803537369,0.986471891403198,-0.0412608608603477,1.26640391349792
9761,0.00262162508442998,0.999996602535248,-0.162659257650375,1.67697823047638
9762,-0.196530342102051,0.980497777462006,-0.193873971700668,1.70475959777832
9763,-0.00613659713417292,0.999981224536896,-0.138504341244698,1.70514309406281
9764,NA,NA,NA,NA
9765,NA,NA,NA,NA
9766,NA,NA,NA,NA
9767,-0.319819122552872,-0.947478652000427,-0.0459432601928711,0.0855733081698418
9768,NA,NA,NA,NA
9769,NA,NA,NA,NA
9770,NA,NA,NA,NA
9771,NA,NA,NA,NA
9772,NA,NA,NA,NA
9773,NA,NA,NA,NA
9774,NA,NA,NA,NA
9775,NA,NA,NA,NA
9776,-0.150717437267303,-0.259577929973602,0.269170254468918,-1.91531908512115
9777,NA,NA,NA,NA
9778,NA,NA,NA,NA
9779,NA,NA,NA,NA
9780,-0.133358269929886,-0.253799945116043,0.258418083190918,-1.92037856578827
9781,0.540520191192627,-0.841331124305725,0.259820431470871,0.33261701464653
9782,0.507577121257782,-0.861606419086456,0.281106472015381,0.26491916179657
9783,-0.144377157092094,-0.270223319530487,-0.257953375577927,1.9235622882843
9784,NA,NA,NA,NA
9785,0.167687311768532,0.277290135622025,-0.0758421719074249,0.878045797348022
9786,-0.0909215286374092,-0.0492031387984753,-0.160913914442062,1.22355282306671
9787,-0.13801221549511,0.990430593490601,-0.103864528238773,0.402173161506653
9788,0.743150770664215,-0.669124066829681,0.125393763184547,0.188988327980042
9789,0.0686463639140129,0.142506003379822,-0.119981482625008,1.07349836826324
9790,NA,NA,NA,NA
9791,NA,NA,NA,NA
9792,NA,NA,NA,NA
9793,-0.784307539463043,-0.620372295379639,0.2021344602108,-0.200792714953423
9794,0.78947502374649,0.61378276348114,-0.122220069169998,-0.393478363752365
9795,NA,NA,NA,NA
9796,0.163720265030861,0.439168900251389,-0.0648813471198082,0.735459387302399
9797,NA,NA,NA,NA
9798,NA,NA,NA,NA
9799,NA,NA,NA,NA
9800,NA,NA,NA,NA
9801,-0.867199718952179,0.497960597276688,-0.201208531856537,0.152238667011261
9802,-0.987751543521881,-0.156035214662552,0.0299999993294477,-0.677658975124359
9803,NA,NA,NA,NA
9804,-0.0469028763473034,-0.998899519443512,0.0491143427789211,0.0298831127583981
9805,NA,NA,NA,NA
9806,0.464474648237228,-0.885586440563202,0.105628162622452,-0.0217329487204552
9807,NA,NA,NA,NA
9808,0.261346727609634,-0.965245068073273,0.0806296169757843,0.0998165309429169
9809,0.174213230609894,-0.98470801115036,0.0720028355717659,-0.00261322013102472
9810,0.288664102554321,-0.957430481910706,0.0795399099588394,0.0820614397525787
9811,0.42492538690567,-0.905228435993195,0.167773172259331,-0.136629268527031
9812,NA,NA,NA,NA
9813,NA,NA,NA,NA
9814,NA,NA,NA,NA
9815,-0.834998309612274,0.550252616405487,-0.0851298198103905,0.717888951301575
9816,0.0231798980385065,0.999731361865997,1.30252504348755,-2.09320425987244
9817,NA,NA,NA,NA
9818,NA,NA,NA,NA
9819,0.541009068489075,-0.841016829013824,0.355211138725281,0.312161445617676
9820,NA,NA,NA,NA
9821,-0.381532162427902,0.924355626106262,-0.102145060896873,0.442758679389954
9822,0.114303737878799,-0.993445873260498,0.0993088334798813,-0.059979360550642
9823,0.478207767009735,-0.878246784210205,0.12986595928669,0.038785345852375
9824,NA,NA,NA,NA
9825,NA,NA,NA,NA
9826,-0.337798535823822,0.941218495368958,-0.078864574432373,0.424526780843735
9827,NA,NA,NA,NA
9828,0.286135464906693,-0.958189249038696,0.130116686224937,-0.00319502409547567
9829,NA,NA,NA,NA
9830,0.530591547489166,-0.847627699375153,0.151735797524452,-0.0576467998325825
9831,-0.427993834018707,-0.903781712055206,-0.105233676731586,0.0254801642149687
9832,0.734893977642059,-0.678182065486908,0.170310869812965,-0.26489183306694
9833,NA,NA,NA,NA
9834,NA,NA,NA,NA
9835,NA,NA,NA,NA
9836,NA,NA,NA,NA
9837,NA,NA,NA,NA
9838,NA,NA,NA,NA
9839,NA,NA,NA,NA
9840,0.241822183132172,-0.970320641994476,0.0510403886437416,0.0533935576677322
9841,NA,NA,NA,NA
9842,NA,NA,NA,NA
9843,NA,NA,NA,NA
9844,NA,NA,NA,NA
9845,NA,NA,NA,NA
9846,NA,NA,NA,NA
9847,NA,NA,NA,NA
9848,NA,NA,NA,NA
9849,NA,NA,NA,NA
9850,NA,NA,NA,NA
9851,0.590967237949371,-0.806695640087128,0.176259905099869,-0.0938398838043213
9852,-0.882822632789612,0.469706624746323,-0.15047299861908,0.210052967071533
9853,0.614712655544281,-0.788751184940338,0.2236238270998,0.0716924369335175
9854,-0.910253643989563,0.414051175117493,-0.159990981221199,0.292559742927551
9855,-0.88609117269516,0.463511079549789,-0.141501218080521,0.219180151820183
9856,0.114615008234978,0.0201588738709688,0.285943746566772,-1.54804480075836
9857,-0.161364987492561,-0.316224753856659,0.270018070936203,-1.88876295089722
9858,-0.0189297944307327,-0.108025208115578,0.301000833511353,-1.72136652469635
9859,NA,NA,NA,NA
9860,-0.032911017537117,-0.128608465194702,0.305908709764481,-1.70020878314972
9861,0.616865932941437,-0.78706830739975,0.195175409317017,0.0247169751673937
9862,NA,NA,NA,NA
9863,NA,NA,NA,NA
9864,NA,NA,NA,NA
9865,-0.855797171592712,0.517311632633209,-0.155580967664719,0.737557113170624
9866,NA,NA,NA,NA
9867,NA,NA,NA,NA
9868,NA,NA,NA,NA
9869,NA,NA,NA,NA
9870,NA,NA,NA,NA
9871,NA,NA,NA,NA
9872,NA,NA,NA,NA
9873,0.263675808906555,-0.964611411094666,0.270094186067581,-0.139176204800606
9874,-0.60176807641983,0.798670947551727,-0.294269025325775,0.181875422596931
9875,0.567570269107819,-0.823325037956238,0.145872965455055,-0.436892569065094
9876,NA,NA,NA,NA
9877,NA,NA,NA,NA
9878,NA,NA,NA,NA
9879,NA,NA,NA,NA
9880,NA,NA,NA,NA
9881,NA,NA,NA,NA
9882,0.533781886100769,-0.84562224149704,0.122375048696995,-0.659434020519257
9883,0.0383810140192509,-0.999263226985931,0.0299580134451389,0.27624124288559
9884,NA,NA,NA,NA
9885,NA,NA,NA,NA
9886,-0.460509479045868,-0.649367570877075,0.326953709125519,-1.35089182853699
9887,-0.17490054666996,0.210500553250313,0.200091570615768,-1.45634782314301
9888,NA,NA,NA,NA
9889,-0.206271901726723,-0.268256962299347,0.338304370641708,-1.82189798355103
9890,-0.129362374544144,-0.376001060009003,0.340985268354416,-1.67167806625366
9891,NA,NA,NA,NA
9892,-0.929445505142212,0.368959546089172,-0.243560880422592,-0.177264109253883
9893,NA,NA,NA,NA
9894,-0.203360944986343,-0.76912248134613,0.866155326366425,-2.0204918384552
9895,0.0643001794815063,-0.997930645942688,0.0601342469453812,0.347362875938416
9896,NA,NA,NA,NA
9897,NA,NA,NA,NA
9898,0.0293166935443878,-0.999570250511169,0.0897914320230484,0.265460938215256
9899,NA,NA,NA,NA
9900,NA,NA,NA,NA
9901,NA,NA,NA,NA
9902,NA,NA,NA,NA
9903,NA,NA,NA,NA
9904,NA,NA,NA,NA
9905,0.276745170354843,0.960943400859833,0.25118824839592,-0.477753043174744
9906,-0.182141780853271,-0.983272314071655,0.487617641687393,-0.901438415050507
9907,NA,NA,NA,NA
9908,NA,NA,NA,NA
9909,0.796564936637878,-0.604553043842316,0.270745366811752,0.481661111116409
9910,0.109141290187836,-0.994026303291321,0.103777572512627,0.296740710735321
9911,0.10141908377409,0.804109930992126,-0.024234700948,0.626297891139984
9912,0.08162721991539,-0.996662974357605,0.0851641967892647,0.297466069459915
9913,-0.20336189866066,-0.201038792729378,0.342538148164749,-1.80681967735291
9914,0.0224853381514549,-0.999747216701508,0.0812985077500343,0.1625697016716
9915,0.107509098947048,-0.994204163551331,0.0934797376394272,0.261933952569962
9916,NA,NA,NA,NA
9917,NA,NA,NA,NA
9918,-0.866522789001465,-0.499137610197067,-0.138035848736763,0.392226040363312
9919,-0.113894231617451,-0.11164253205061,-0.210024282336235,1.15064775943756
9920,NA,NA,NA,NA
9921,0.127788364887238,-0.991801500320435,0.107648298144341,0.354084968566895
9922,0.227351352572441,-0.973812878131866,0.136652112007141,0.449464499950409
9923,-0.0769942551851273,0.1049545109272,-0.191182404756546,1.03686714172363
9924,NA,NA,NA,NA
9925,0.0806629955768585,-0.996741473674774,0.0917021781206131,0.380639970302582
9926,NA,NA,NA,NA
9927,NA,NA,NA,NA
9928,NA,NA,NA,NA
9929,NA,NA,NA,NA
9930,NA,NA,NA,NA
9931,-0.194580584764481,-0.365793526172638,0.280978858470917,-1.8837263584137
9932,-0.117584258317947,0.67455118894577,0.320904403924942,-0.901172697544098
9933,NA,NA,NA,NA
9934,0.0523629821836948,-0.99862813949585,0.0515030026435852,0.307852417230606
9935,-0.182165816426277,-0.360987424850464,0.262944221496582,-1.91296291351318
9936,0.17954432964325,-0.98374992609024,0.0731097459793091,0.391002088785172
9937,-0.172884747385979,-0.361352026462555,0.254935532808304,-1.91697537899017
9938,-0.19329622387886,-0.323232233524323,0.286525130271912,-1.94143867492676
9939,NA,NA,NA,NA
9940,NA,NA,NA,NA
9941,NA,NA,NA,NA
9942,-0.153565689921379,0.988138496875763,0.218190506100655,-0.64929723739624
9943,0.129033729434013,0.991640269756317,-0.0704531222581863,0.0575222186744213
9944,-0.990161120891571,0.139932408928871,-1.71255671977997,1.37155914306641
9945,-0.0898107960820198,0.426503539085388,-0.146743923425674,0.763830244541168
9946,-0.228871032595634,-0.372875601053238,0.411393582820892,-1.60330653190613
9947,NA,NA,NA,NA
9948,NA,NA,NA,NA
9949,-0.345028638839722,0.131445989012718,-0.126846581697464,0.991413354873657
9950,NA,NA,NA,NA
9951,0.191082805395126,0.98157399892807,-0.15319798886776,1.04987263679504
9952,NA,NA,NA,NA
9953,NA,NA,NA,NA
9954,-0.471103250980377,-0.882078111171722,0.16339422762394,0.130122482776642
9955,NA,NA,NA,NA
9956,NA,NA,NA,NA
9957,-0.192906185984612,-0.272534787654877,0.312266916036606,-1.84564971923828
9958,NA,NA,NA,NA
9959,-0.015000132843852,0.207063794136047,0.188235759735107,-1.68748831748962
9960,NA,NA,NA,NA
9961,-0.213386848568916,0.0730813145637512,-0.0750605911016464,0.836398959159851
9962,-0.042855616658926,0.999081313610077,0.124255493283272,-0.140677645802498
9963,0.00569211319088936,-0.999983847141266,0.0809149146080017,0.355485558509827
9964,-0.0699006319046021,0.997554004192352,0.138519763946533,-0.198393747210503
9965,-0.392118096351624,-0.0598314329981804,-0.0603904500603676,0.862985730171204
9966,-0.0490314513444901,0.998797297477722,1.51410329341888,-1.80444133281708
9967,-0.077596977353096,-0.996984839439392,0.397993177175522,-1.82744026184082
9968,NA,NA,NA,NA
9969,-0.940862774848938,0.338788062334061,-0.18386410176754,-0.326091945171356
9970,0.6217320561409,-0.783230066299438,0.192417755723,-0.136216253042221
9971,-0.104896582663059,0.594046294689178,0.323046386241913,-1.08897984027863
9972,NA,NA,NA,NA
9973,NA,NA,NA,NA
9974,NA,NA,NA,NA
9975,-0.807727158069611,0.589556574821472,-0.109914474189281,0.0689187496900558
9976,-0.223321691155434,0.611077845096588,0.191543251276016,-0.582996249198914
9977,0.227468460798264,0.491021573543549,-0.0455300249159336,0.801422774791718
9978,0.0500149242579937,-0.0189342387020588,0.303208231925964,-1.50450205802917
9979,-0.0280634090304375,-0.999606192111969,0.0613132826983929,0.275180816650391
9980,0.0491274297237396,-0.042801309376955,0.170417934656143,-0.923989713191986
9981,0.00880740210413933,-0.999961256980896,0.0734225511550903,0.308018118143082
9982,-0.0591658279299736,0.998248219490051,0.076826736330986,-0.0775256678462029
9983,-0.0944355055689812,-0.995531022548676,0.0633288100361824,0.233775824308395
9984,0.0273657869547606,0.999625563621521,0.204253569245338,-0.280965179204941
9985,-0.127771228551865,0.234504103660583,-0.122999161481857,0.961674928665161
9986,-0.0386119484901428,0.99925434589386,0.125316202640533,-0.22483591735363
9987,-0.0241000317037106,-0.999709606170654,0.0966214686632156,-0.550877690315247
9988,NA,NA,NA,NA
9989,NA,NA,NA,NA
9990,0.123547025024891,0.0882346406579018,-0.057883009314537,1.0077782869339
9991,NA,NA,NA,NA
9992,-0.86241090297699,0.506209015846252,-0.123206242918968,0.425535976886749
9993,0.472115933895111,-0.881536543369293,0.425634443759918,0.381101101636887
9994,NA,NA,NA,NA
9995,NA,NA,NA,NA
9996,0.119023181498051,-0.992891550064087,0.105041414499283,0.336941778659821
9997,-0.193366900086403,-0.305349707603455,0.216953307390213,-0.961652278900146
9998,0.232971638441086,0.972483575344086,-0.180549889802933,1.22494578361511
9999,-0.161562696099281,-0.175242692232132,0.356278479099274,-1.72224128246307
10000,0.0300241205841303,-0.999549269676208,0.0579794906079769,0.399083912372589
10001,-0.935568511486053,-0.3531454205513,0.0299999993294477,0.37693127989769
10002,0.158734306693077,0.987321376800537,-0.16333931684494,1.11659455299377
10003,-0.0207739435136318,0.999784231185913,0.19540573656559,-0.671747863292694
10004,-0.00999501626938581,-0.999950110912323,0.0180294848978519,0.288133889436722
10005,-0.0476343184709549,0.998864889144897,0.0388802140951157,-0.582299530506134
10006,-0.825520813465118,-0.564371764659882,0.246662154793739,-0.459996730089188
10007,-0.108543708920479,-0.141305163502693,-0.184090673923492,1.0822172164917
10008,-0.0440451912581921,-0.999029576778412,-0.0077446810901165,-0.252787202596664
10009,-0.0601493306457996,0.998189449310303,0.125937178730965,-0.53784304857254
10010,-0.457901149988174,-0.607207238674164,-0.212638288736343,1.21186339855194
10011,-0.539256513118744,-0.661248803138733,0.230790585279465,-0.763561308383942
10012,0.25448289513588,0.967077314853668,0.102612122893333,-0.894489586353302
10013,-0.0982812792062759,0.995158731937408,-0.0737773403525352,0.660186767578125
10014,NA,NA,NA,NA
10015,-0.954101741313934,0.29948291182518,-0.188526481389999,0.14078164100647
10016,-0.839550375938416,0.543281972408295,-0.131043583154678,0.105075284838676
10017,0.158646434545517,-0.987335503101349,0.075008437037468,0.35809999704361
10018,-0.228973314166069,-0.252169132232666,0.416367083787918,-1.35325729846954
10019,-0.183189436793327,0.00416982732713223,0.452650785446167,-1.58494544029236
10020,-0.94159734249115,0.336741060018539,-0.200846597552299,-0.00531679019331932
10021,NA,NA,NA,NA
10022,-0.733944594860077,-0.679209411144257,0.185859203338623,-0.0978170186281204
10023,NA,NA,NA,NA
10024,NA,NA,NA,NA
10025,0.491721332073212,-0.870752692222595,0.114640362560749,-0.401313543319702
10026,-0.176557645201683,-0.320110082626343,0.271578937768936,-1.91817951202393
10027,NA,NA,NA,NA
10028,NA,NA,NA,NA
10029,NA,NA,NA,NA
10030,NA,NA,NA,NA
10031,NA,NA,NA,NA
10032,NA,NA,NA,NA
10033,NA,NA,NA,NA
10034,NA,NA,NA,NA
10035,NA,NA,NA,NA
10036,NA,NA,NA,NA
10037,NA,NA,NA,NA
10038,NA,NA,NA,NA
10039,NA,NA,NA,NA
10040,NA,NA,NA,NA
10041,NA,NA,NA,NA
10042,NA,NA,NA,NA
10043,0.347646087408066,0.430774569511414,-0.0613728053867817,0.677420794963837
10044,NA,NA,NA,NA
10045,NA,NA,NA,NA
10046,-0.912102699279785,0.409961968660355,-0.177506268024445,-0.125783666968346
10047,0.778197467327118,0.418746709823608,0.560547769069672,-1.8991414308548
10048,0.744959354400635,0.0422191843390465,1.53259944915771,-2.44260287284851
10049,-0.383466631174088,-0.543362677097321,0.346881866455078,-1.59785485267639
10050,-0.915416121482849,0.402508944272995,-0.182343572378159,-0.00449314201250672
10051,NA,NA,NA,NA
10052,0.137702658772469,-0.990473687648773,0.0809115916490555,0.442348897457123
10053,-0.13428096473217,-0.990943372249603,0.104920245707035,-0.192250415682793
10054,-0.148052081465721,-0.114593379199505,0.278866291046143,-1.12871909141541
10055,-0.27017205953598,-0.497805178165436,0.272152543067932,-0.858437120914459
10056,NA,NA,NA,NA
10057,NA,NA,NA,NA
10058,NA,NA,NA,NA
10059,NA,NA,NA,NA
10060,NA,NA,NA,NA
10061,NA,NA,NA,NA
10062,NA,NA,NA,NA
10063,NA,NA,NA,NA
10064,NA,NA,NA,NA
10065,NA,NA,NA,NA
10066,NA,NA,NA,NA
10067,0.909199059009552,-0.416361898183823,0.0670056343078613,0.0731179788708687
10068,-0.816720902919769,-0.165626376867294,-0.211058989167213,0.270281821489334
10069,NA,NA,NA,NA
10070,NA,NA,NA,NA
10071,NA,NA,NA,NA
10072,0.165251687169075,-0.986251473426819,0.189698413014412,-0.40180978178978
10073,-0.0945782288908958,-0.995517492294312,0.37491312623024,-0.830871164798737
10074,NA,NA,NA,NA
10075,NA,NA,NA,NA
10076,0.0851539745926857,0.252202808856964,0.487500011920929,-1.81671714782715
10077,0.143542781472206,-0.989644169807434,0.146557569503784,-0.436144113540649
10078,NA,NA,NA,NA
10079,0.0851539745926857,0.252202808856964,0.487500011920929,-1.81671714782715
10080,NA,NA,NA,NA
10081,NA,NA,NA,NA
10082,NA,NA,NA,NA
10083,NA,NA,NA,NA
10084,-0.277457416057587,-0.386517703533173,-0.0517162196338177,0.295404642820358
10085,NA,NA,NA,NA
10086,NA,NA,NA,NA
10087,NA,NA,NA,NA
10088,NA,NA,NA,NA
10089,NA,NA,NA,NA
10090,-0.0311662405729294,0.282531410455704,-0.119583956897259,1.36532986164093
10091,0.176683455705643,0.984267771244049,0.297044575214386,-1.23960602283478
10092,NA,NA,NA,NA
10093,-0.0151691641658545,0.699807524681091,0.212044477462769,-0.970418691635132
10094,NA,NA,NA,NA
10095,0.373686641454697,-0.807633876800537,1.37129402160645,-2.42309880256653
10096,0.132951498031616,0.991122603416443,0.31545016169548,-1.35797297954559
10097,0.123641632497311,0.992326974868774,0.337998181581497,-1.43224537372589
10098,NA,NA,NA,NA
10099,NA,NA,NA,NA
10100,NA,NA,NA,NA
10101,-0.172522857785225,-0.178657978773117,0.300272673368454,-1.85728967189789
10102,-0.283405482769012,0.95900022983551,-0.198563292622566,0.589477598667145
10103,NA,NA,NA,NA
10104,NA,NA,NA,NA
10105,NA,NA,NA,NA
10106,NA,NA,NA,NA
10107,0.0222489628940821,-0.999752521514893,0.070005476474762,0.223207354545593
10108,0.0609351918101311,-0.998141765594482,0.0620023161172867,0.210221990942955
10109,NA,NA,NA,NA
10110,0.162515953183174,-0.986705958843231,-0.0490540787577629,-0.194160640239716
10111,0.0648171827197075,-0.997897207736969,0.0658122003078461,0.159946367144585
10112,-0.93875640630722,0.344581663608551,-0.217992529273033,0.361181199550629
10113,0.52825003862381,-0.849088907241821,0.672124028205872,0.709023833274841
10114,NA,NA,NA,NA
10115,NA,NA,NA,NA
10116,0.0348249115049839,-0.99939352273941,0.0643833577632904,0.212494105100632
10117,-0.315398842096329,-0.0811410248279572,-0.0579949244856834,0.435849070549011
10118,0.151801809668541,0.322065979242325,0.604711592197418,-1.17995071411133
10119,-0.0691203474998474,-0.997608363628387,0.0753145515918732,0.0607787631452084
10120,NA,NA,NA,NA
10121,NA,NA,NA,NA
10122,NA,NA,NA,NA
10123,0.724596440792084,-0.689173460006714,0.24402143061161,0.279438197612762
10124,0.194264560937881,0.980949223041534,1.17743313312531,-1.6902471780777
10125,NA,NA,NA,NA
10126,NA,NA,NA,NA
10127,NA,NA,NA,NA
10128,0.0806017518043518,0.996746420860291,-0.111706763505936,-0.0546867400407791
10129,NA,NA,NA,NA
10130,NA,NA,NA,NA
10131,NA,NA,NA,NA
10132,NA,NA,NA,NA
10133,NA,NA,NA,NA
10134,NA,NA,NA,NA
10135,NA,NA,NA,NA
10136,-0.404286861419678,-0.914632320404053,-0.122926481068134,0.02464734390378
10137,NA,NA,NA,NA
10138,NA,NA,NA,NA
10139,NA,NA,NA,NA
10140,-0.908578336238861,0.417714565992355,-0.207681864500046,0.518128275871277
10141,-0.89661705493927,0.442806988954544,-0.198855400085449,0.673312306404114
10142,-0.91034471988678,0.41385093331337,-0.208309292793274,0.521832823753357
10143,-0.882391929626465,0.470515221357346,-0.196510151028633,0.563053488731384
10144,0.0998678058385849,0.995000779628754,0.174230694770813,-0.13180610537529
10145,-0.89837783575058,0.43922358751297,-0.207171097397804,0.519498229026794
10146,-0.910958707332611,0.412497669458389,-0.203156590461731,0.525389671325684
10147,NA,NA,NA,NA
10148,-0.905200779438019,0.424984306097031,-0.209395572543144,0.499136626720428
10149,0.16244201362133,-0.986718118190765,0.109475031495094,0.290587484836578
10150,NA,NA,NA,NA
10151,-0.880918741226196,0.473267644643784,-0.151869684457779,0.594354569911957
10152,-0.88270890712738,0.469920337200165,-0.18332402408123,0.383858412504196
10153,NA,NA,NA,NA
10154,NA,NA,NA,NA
10155,NA,NA,NA,NA
10156,NA,NA,NA,NA
10157,NA,NA,NA,NA
10158,-0.0399786904454231,-0.165354713797569,0.287892460823059,-1.56202006340027
10159,NA,NA,NA,NA
10160,NA,NA,NA,NA
10161,NA,NA,NA,NA
10162,NA,NA,NA,NA
10163,NA,NA,NA,NA
10164,NA,NA,NA,NA
10165,NA,NA,NA,NA
10166,NA,NA,NA,NA
10167,NA,NA,NA,NA
10168,NA,NA,NA,NA
10169,NA,NA,NA,NA
10170,NA,NA,NA,NA
10171,-0.169673264026642,-0.17628912627697,0.328161120414734,-1.84416937828064
10172,0.0881146863102913,-0.996110379695892,0.0361980870366096,0.327875137329102
10173,-0.181020706892014,-0.189496293663979,0.332563996315002,-1.82374739646912
10174,NA,NA,NA,NA
10175,NA,NA,NA,NA
10176,NA,NA,NA,NA
10177,NA,NA,NA,NA
10178,NA,NA,NA,NA
10179,-0.532995402812958,0.846118211746216,-0.226219415664673,1.48028695583344
10180,-0.906258821487427,0.422723472118378,-0.235963076353073,1.4370174407959
10181,-0.952753365039825,0.303745120763779,-0.149504989385605,0.477909982204437
10182,-0.384845286607742,0.898870766162872,-0.219084277749062,1.75159502029419
10183,-0.426944613456726,0.904277861118317,-0.0808033496141434,0.927559614181519
10184,-0.247085809707642,-0.968993663787842,0.0398720651865005,-0.192020699381828
10185,-0.661101996898651,0.594289362430573,-0.115322604775429,0.914797008037567
10186,-0.416889309883118,0.908957302570343,-0.190855696797371,1.77790260314941
10187,-0.235960677266121,-0.971762657165527,0.0719536989927292,-0.198268309235573
10188,0.0898570567369461,0.054089393466711,0.221189767122269,-1.19955492019653
10189,0.11404400318861,0.176040887832642,0.160972207784653,-1.03590190410614
10190,0.095737136900425,0.995406687259674,0.267453491687775,-0.798456788063049
10191,0.117393121123314,-0.993085563182831,0.0527858212590218,-0.563001453876495
10192,-0.160485595464706,-0.60135954618454,-0.18333688378334,0.934638559818268
10193,0.802010774612427,-0.597309648990631,0.227784052491188,-0.201698154211044
10194,0.093137688934803,0.99565327167511,-0.13294705748558,1.22607266902924
10195,-0.0311226770281792,0.317840784788132,0.321781635284424,-1.734867811203
10196,-0.0791215524077415,-0.0193344913423061,0.207296475768089,-1.85221898555756
10197,-0.154278501868248,-0.110283486545086,0.283019870519638,-1.88904094696045
10198,-0.161363080143929,-0.46693354845047,0.134221017360687,-1.00505018234253
10199,-0.249908149242401,-0.215877190232277,0.335188508033752,-1.81154644489288
10200,-0.13175655901432,-0.991282165050507,0.0889747813344002,-0.741398811340332
10201,0.227976530790329,0.100223533809185,0.117425844073296,-0.685612082481384
10202,NA,NA,NA,NA
10203,NA,NA,NA,NA
10204,0.233029127120972,0.972469806671143,-0.312845677137375,1.54869318008423
10205,-0.0825614556670189,-0.0276444256305695,0.239104509353638,-1.96074259281158
10206,-0.208922117948532,0.977932333946228,0.140561282634735,-0.72413295507431
10207,-0.242345005273819,-0.126457273960114,0.265638679265976,-1.80001091957092
10208,-0.148315846920013,-0.112987205386162,0.226528272032738,-1.83912622928619
10209,-0.115492440760136,0.00433548400178552,0.25022429227829,-1.76927042007446
10210,NA,NA,NA,NA
10211,NA,NA,NA,NA
10212,NA,NA,NA,NA
10213,NA,NA,NA,NA
10214,-0.285010457038879,-0.310734480619431,0.442939788103104,-1.53131473064423
10215,-0.15435466170311,0.00366370379924774,0.433519273996353,-1.63650798797607
10216,-0.16803714632988,-0.00735438941046596,0.444548696279526,-1.60142719745636
10217,-0.26228255033493,-0.26288628578186,0.451395809650421,-1.52333128452301
10218,-0.265466392040253,-0.250309765338898,0.436586916446686,-1.50998830795288
10219,0.0820264220237732,0.0974631160497665,0.209719777107239,-1.20711636543274
10220,NA,NA,NA,NA
10221,NA,NA,NA,NA
10222,-0.362935870885849,0.931814193725586,-0.111432403326035,0.45842257142067
10223,-0.418380081653595,0.90827214717865,-0.127570852637291,0.466802179813385
10224,-0.705370426177979,0.708838939666748,-0.122826799750328,0.254682332277298
10225,0.414084136486053,-0.910238683223724,0.328314781188965,0.157515808939934
10226,-0.570143520832062,0.8215451836586,-0.116946920752525,0.344817519187927
10227,-0.878748953342438,0.477284371852875,-0.144410312175751,0.349131911993027
10228,0.172383055090904,-0.985030055046082,0.131485909223557,-0.178779989480972
10229,0.251444965600967,-0.96787166595459,0.113807998597622,-0.063598595559597
10230,-0.475686430931091,0.879615008831024,-0.0956616029143333,0.395339548587799
10231,-0.878429770469666,0.477871537208557,-0.147182449698448,0.365791201591492
10232,-0.393743902444839,0.919220268726349,-0.0985408574342728,0.385114222764969
10233,0.35151395201683,-0.936182677745819,0.142925158143044,-0.0458409413695335
10234,-0.473687648773193,0.880692958831787,-0.124600142240524,0.380787789821625
10235,-0.602031171321869,0.79847264289856,-0.124011747539043,0.370997816324234
10236,0.349185734987259,-0.937053620815277,0.232363760471344,-0.00492096925154328
10237,NA,NA,NA,NA
10238,NA,NA,NA,NA
10239,-0.910864949226379,0.412704646587372,-0.527068436145782,-0.876855909824371
10240,NA,NA,NA,NA
10241,NA,NA,NA,NA
10242,NA,NA,NA,NA
10243,NA,NA,NA,NA
10244,NA,NA,NA,NA
10245,NA,NA,NA,NA
10246,NA,NA,NA,NA
10247,NA,NA,NA,NA
10248,NA,NA,NA,NA
10249,-0.930560946464539,0.366137236356735,-0.217289283871651,0.32307043671608
10250,-0.926446735858917,0.376426011323929,-0.217239111661911,0.319110304117203
10251,-0.926446735858917,0.376426011323929,-0.217239111661911,0.319110304117203
10252,-0.924686372280121,0.380729913711548,-0.216343969106674,0.329804837703705
10253,-0.92601078748703,0.377497166395187,-0.218054533004761,0.334579110145569
10254,-0.924680709838867,0.380743682384491,-0.216383248567581,0.333328872919083
10255,-0.929113566875458,0.369794577360153,-0.217229411005974,0.327018618583679
10256,-0.16400371491909,-0.25292506814003,0.283900201320648,-1.89518439769745
10257,NA,NA,NA,NA
10258,NA,NA,NA,NA
10259,NA,NA,NA,NA
10260,NA,NA,NA,NA
10261,NA,NA,NA,NA
10262,NA,NA,NA,NA
10263,NA,NA,NA,NA
10264,NA,NA,NA,NA
10265,NA,NA,NA,NA
10266,NA,NA,NA,NA
10267,NA,NA,NA,NA
10268,NA,NA,NA,NA
10269,NA,NA,NA,NA
10270,NA,NA,NA,NA
10271,NA,NA,NA,NA
10272,NA,NA,NA,NA
10273,NA,NA,NA,NA
10274,NA,NA,NA,NA
10275,NA,NA,NA,NA
10276,-0.431220322847366,0.902246713638306,-0.147499307990074,0.431614220142365
10277,-0.12373149394989,-0.320367276668549,0.201081350445747,-1.17737400531769
10278,NA,NA,NA,NA
10279,NA,NA,NA,NA
10280,-0.0390011370182037,-0.0588111877441406,0.345000028610229,-1.8168888092041
10281,-0.198670417070389,-0.268806248903275,0.295450389385223,-1.84396839141846
10282,-0.261799156665802,-0.302271127700806,0.185211762785912,-1.27957689762115
10283,-0.215609475970268,-0.305324643850327,0.302850067615509,-1.86019062995911
10284,-5.89378178119659e-05,-0.00625954521819949,0.366884976625443,-1.77036225795746
10285,0.497870266437531,-0.867251574993134,0.0576329417526722,-0.440758615732193
10286,NA,NA,NA,NA
10287,NA,NA,NA,NA
10288,NA,NA,NA,NA
10289,NA,NA,NA,NA
10290,NA,NA,NA,NA
10291,NA,NA,NA,NA
10292,NA,NA,NA,NA
10293,0.466496229171753,0.397097945213318,1.4153470993042,-0.889166355133057
10294,NA,NA,NA,NA
10295,NA,NA,NA,NA
10296,NA,NA,NA,NA
10297,-0.759304881095886,0.650735139846802,-0.593243539333344,-1.51101088523865
10298,NA,NA,NA,NA
10299,NA,NA,NA,NA
10300,NA,NA,NA,NA
10301,NA,NA,NA,NA
10302,NA,NA,NA,NA
10303,-0.600559532642365,0.799580097198486,-0.405534595251083,0.0620140694081783
10304,NA,NA,NA,NA
10305,NA,NA,NA,NA
10306,NA,NA,NA,NA
10307,NA,NA,NA,NA
10308,NA,NA,NA,NA
10309,NA,NA,NA,NA
10310,NA,NA,NA,NA
10311,NA,NA,NA,NA
10312,-0.383954465389252,0.810851037502289,-0.242934137582779,0.989943325519562
10313,0.920855939388275,0.389903157949448,-0.28265368938446,-0.985437572002411
10314,0.405619293451309,0.914042174816132,-0.0374841578304768,-0.964633882045746
10315,0.748504042625427,0.663130283355713,0.028474735096097,0.361154973506927
10316,0.188326150178909,-0.982106566429138,0.117414265871048,0.0880986005067825
10317,0.245932847261429,-0.969286918640137,0.140098512172699,0.0536466389894485
10318,-0.975734651088715,0.218956619501114,-0.24288073182106,0.640785157680511
10319,NA,NA,NA,NA
10320,NA,NA,NA,NA
10321,NA,NA,NA,NA
10322,NA,NA,NA,NA
10323,NA,NA,NA,NA
10324,NA,NA,NA,NA
10325,NA,NA,NA,NA
10326,NA,NA,NA,NA
10327,0.616380751132965,-0.125129476189613,0.698333203792572,0.543462157249451
10328,NA,NA,NA,NA
10329,NA,NA,NA,NA
10330,NA,NA,NA,NA
10331,-0.784069001674652,0.620673716068268,-1.44995820522308,0.968152642250061
10332,-0.0663639381527901,-0.997795522212982,0.0427455194294453,0.892037689685822
10333,NA,NA,NA,NA
10334,0.252185940742493,-0.967678844928741,-0.0366181395947933,0.922966122627258
10335,0.286872208118439,-0.957968890666962,0.0209132470190525,-1.45799219608307
10336,0.212200209498405,-0.977226257324219,0.00552052352577448,0.729758441448212
10337,-0.252774119377136,-0.967525362968445,0.0784077197313309,-1.08983254432678
10338,0.308256983757019,-0.95130318403244,0.069963350892067,-1.37170398235321
10339,-0.0995915904641151,-0.995028436183929,0.00279836170375347,1.09937918186188
10340,-0.155979976058006,-0.987760305404663,0.00237742811441422,0.831691324710846
10341,-0.00797323882579803,-0.999968290328979,0.0514734201133251,-0.937526524066925
10342,0.284284323453903,-0.741640269756317,0.709539890289307,-0.179804787039757
10343,NA,NA,NA,NA
10344,NA,NA,NA,NA
10345,NA,NA,NA,NA
10346,NA,NA,NA,NA
10347,NA,NA,NA,NA
10348,NA,NA,NA,NA
10349,NA,NA,NA,NA
10350,NA,NA,NA,NA
10351,0.916882574558258,-0.399157136678696,1.43922328948975,0.886630713939667
10352,-0.812799036502838,0.582544326782227,0.627414286136627,1.72452104091644
10353,-0.827119052410126,0.562026858329773,0.593756973743439,1.69645118713379
10354,-0.458839982748032,-0.741402328014374,0.402609586715698,0.410890579223633
10355,-0.468928426504135,-0.730127990245819,0.291681677103043,0.524419248104095
10356,-0.224235713481903,-0.97453498840332,0.0578938759863377,0.651949882507324
10357,-0.525003373622894,-0.811629772186279,0.379708766937256,0.476539492607117
10358,NA,NA,NA,NA
10359,NA,NA,NA,NA
10360,NA,NA,NA,NA
10361,NA,NA,NA,NA
10362,NA,NA,NA,NA
10363,0.534509062767029,0.845162808895111,0.215559184551239,0.679259181022644
10364,NA,NA,NA,NA
10365,-0.999725103378296,0.0234487224370241,-0.52290552854538,-0.797134697437286
10366,0.889535427093506,0.456866294145584,0.216856122016907,0.168287515640259
10367,NA,NA,NA,NA
10368,NA,NA,NA,NA
10369,NA,NA,NA,NA
10370,0.431743919849396,-0.901996254920959,0.577915966510773,1.36823093891144
10371,0.506937444210052,-0.861982882022858,0.429566949605942,1.58140587806702
10372,0.496856778860092,-0.867832601070404,0.426937073469162,1.3884608745575
10373,0.486849874258041,-0.873485743999481,0.445466041564941,1.38602185249329
10374,-0.543442964553833,-0.839446187019348,-0.0816562473773956,-1.50614285469055
10375,-0.679510354995728,0.733666002750397,0.532623708248138,1.67125153541565
10376,-0.661154568195343,0.750249803066254,0.228647172451019,0.914496660232544
10377,-0.0582151561975479,-0.708097219467163,-0.0511218756437302,-1.1992152929306
10378,NA,NA,NA,NA
10379,0.457863003015518,-0.889022827148438,0.435844421386719,1.19869458675385
10380,0.52311098575592,-0.852264642715454,-0.442939132452011,-1.70805180072784
10381,0.0783712118864059,-0.00711225671693683,0.144533812999725,0.954017877578735
10382,0.499403595924377,-0.866369545459747,0.36231455206871,1.25379979610443
10383,0.382899254560471,-0.178148910403252,0.626940786838531,1.077800989151
10384,0.519842922687531,-0.854261934757233,0.422646582126617,1.59075784683228
10385,NA,NA,NA,NA
10386,0.496856778860092,-0.867832601070404,0.426937073469162,1.3884608745575
10387,NA,NA,NA,NA
10388,NA,NA,NA,NA
10389,0.416769593954086,-0.909012198448181,0.246481850743294,0.7164106965065
10390,NA,NA,NA,NA
10391,0.033982165157795,0.273020654916763,0.181431084871292,0.654289066791534
10392,NA,NA,NA,NA
10393,NA,NA,NA,NA
10394,NA,NA,NA,NA
10395,NA,NA,NA,NA
10396,NA,NA,NA,NA
10397,NA,NA,NA,NA
10398,NA,NA,NA,NA
10399,-0.655386447906494,0.755293786525726,0.147986993193626,0.62775707244873
10400,NA,NA,NA,NA
10401,NA,NA,NA,NA
10402,-0.347263395786285,0.937767684459686,0.0408316552639008,1.11780905723572
10403,NA,NA,NA,NA
10404,-0.630800724029541,0.775944948196411,0.175348341464996,0.736882746219635
10405,NA,NA,NA,NA
10406,-0.663351774215698,0.748307764530182,0.256239533424377,1.7430727481842
10407,NA,NA,NA,NA
10408,NA,NA,NA,NA
10409,-0.490366160869598,0.871516585350037,0.178389832377434,0.713257193565369
10410,-0.738863945007324,0.67385470867157,0.298774987459183,1.669886469841
10411,NA,NA,NA,NA
10412,NA,NA,NA,NA
10413,-0.62584114074707,0.779950618743896,0.299388289451599,1.59578382968903
10414,NA,NA,NA,NA
10415,-0.564690053462982,0.825303137302399,0.205054506659508,0.639552414417267
10416,NA,NA,NA,NA
10417,NA,NA,NA,NA
10418,-0.273588627576828,-0.269566267728806,0.153778702020645,0.57060307264328
10419,NA,NA,NA,NA
10420,-0.668627679347992,0.743597447872162,0.168576404452324,0.510904610157013
10421,NA,NA,NA,NA
10422,-0.594328165054321,0.804222702980042,0.188528448343277,0.734119296073914
10423,NA,NA,NA,NA
10424,-0.926729798316956,0.375728577375412,0.135001793503761,0.289870411157608
10425,NA,NA,NA,NA
10426,NA,NA,NA,NA
10427,NA,NA,NA,NA
10428,NA,NA,NA,NA
10429,-0.814697623252869,0.579886078834534,-0.413403928279877,-1.7629154920578
10430,NA,NA,NA,NA
10431,-0.804211914539337,0.594342768192291,-0.40905487537384,-1.69691741466522
10432,NA,NA,NA,NA
10433,-0.7265385389328,0.6871258020401,-0.176405251026154,-0.937198638916016
10434,NA,NA,NA,NA
10435,-0.804878234863281,0.593440055847168,-0.386708498001099,-1.69797706604004
10436,-0.804889023303986,0.593425452709198,-0.370328992605209,-1.78171384334564
10437,-0.782888770103455,0.62216180562973,-0.41320925951004,-1.6799658536911
10438,-0.0697633549571037,-0.997563600540161,-0.237603545188904,0.11623178422451
10439,-0.674625158309937,0.0488068163394928,-0.221890106797218,-1.76293110847473
10440,-0.785430788993835,0.618949592113495,-0.404839843511581,-1.69471442699432
10441,-0.808001518249512,0.589180469512939,-0.414284348487854,-1.73078584671021
10442,-0.808001518249512,0.589180469512939,-0.414284348487854,-1.73078584671021
10443,-0.808001518249512,0.589180469512939,-0.414284348487854,-1.73078584671021
10444,-0.78498762845993,0.619511544704437,-0.416142344474792,-1.74247348308563
10445,-0.808001518249512,0.589180469512939,-0.414284348487854,-1.73078584671021
10446,-0.808001518249512,0.589180469512939,-0.414284348487854,-1.73078584671021
10447,-0.785430788993835,0.618949592113495,-0.404839843511581,-1.69471442699432
10448,-0.808001518249512,0.589180469512939,-0.414284348487854,-1.73078584671021
10449,NA,NA,NA,NA
10450,-0.722113132476807,0.69177508354187,0.230622857809067,0.809762537479401
10451,NA,NA,NA,NA
10452,NA,NA,NA,NA
10453,-0.81451290845871,0.580145537853241,0.368858695030212,1.65065014362335
10454,NA,NA,NA,NA
10455,NA,NA,NA,NA
10456,NA,NA,NA,NA
10457,NA,NA,NA,NA
10458,NA,NA,NA,NA
10459,NA,NA,NA,NA
10460,NA,NA,NA,NA
10461,NA,NA,NA,NA
10462,-0.843538343906403,0.537069082260132,0.55974668264389,1.82520127296448
10463,0.166381493210793,-0.37362939119339,0.085952565073967,0.901961863040924
10464,-0.595190584659576,0.803584635257721,0.23661033809185,0.135936424136162
10465,0.0475619435310364,-0.718462646007538,0.0950886607170105,0.547264993190765
10466,-0.00209092535078526,-0.577182173728943,-0.0288936328142881,0.880641460418701
10467,-0.538373410701752,0.842706441879272,0.184273406863213,-0.121764190495014
10468,-0.99566239118576,0.0930401086807251,0.16839873790741,0.709766685962677
10469,-0.976386427879333,-0.21603162586689,0.252395302057266,1.23551273345947
10470,-0.51886522769928,0.0730789303779602,0.10800077021122,0.561960458755493
10471,0.354398101568222,-0.472614645957947,0.704858839511871,-0.137240290641785
10472,NA,NA,NA,NA
10473,0.360607266426086,-0.932717800140381,0.283137679100037,0.715234220027924
10474,-0.646531701087952,0.762887179851532,0.201585188508034,0.927614867687225
10475,-0.553153157234192,0.833079636096954,0.224925488233566,0.914083063602448
10476,-0.108726292848587,-0.871807336807251,0.486538469791412,0.0197366047650576
10477,0.156352967023849,-0.987701296806335,0.336809188127518,0.553310990333557
10478,NA,NA,NA,NA
10479,NA,NA,NA,NA
10480,-0.780673146247864,0.624939620494843,-0.188406690955162,-0.863568961620331
10481,-0.769501268863678,0.638645350933075,0.368099331855774,1.66857469081879
10482,-0.814992249011993,0.579471945762634,0.192864164710045,1.17121827602386
10483,-0.814992249011993,0.579471945762634,0.192864164710045,1.17121827602386
10484,-0.632805228233337,0.774311065673828,-0.550892889499664,-1.61655521392822
10485,-0.571379125118256,0.820686280727386,-0.338927537202835,0.0141932088881731
10486,0.130742505192757,-0.991416394710541,-0.0308325476944447,-0.713491559028625
10487,-0.408790707588196,-0.835639119148254,-0.225816190242767,-0.343888074159622
10488,0.20519132912159,-0.978721916675568,-0.0471228174865246,-0.827651977539062
10489,NA,NA,NA,NA
10490,NA,NA,NA,NA
10491,NA,NA,NA,NA
10492,-0.864851117134094,0.502028524875641,-0.424194365739822,-1.87990880012512
10493,-0.837395191192627,0.546598076820374,0.436736941337585,1.83899486064911
10494,-0.87849086523056,0.4777592420578,-0.408977746963501,-1.91068494319916
10495,NA,NA,NA,NA
10496,NA,NA,NA,NA
10497,NA,NA,NA,NA
10498,0.0666902661323547,-0.997773766517639,0.693035662174225,-0.55082368850708
10499,0.0666902661323547,-0.997773766517639,0.693035662174225,-0.55082368850708
10500,0.153357163071632,-0.988170862197876,0.699881315231323,-0.268425196409225
10501,-0.974422216415405,-0.224725231528282,-2.2700731754303,-2.29900193214417
10502,0.942162930965424,-0.335155457258224,0.636663138866425,1.49145901203156
10503,NA,NA,NA,NA
10504,NA,NA,NA,NA
10505,-0.740457773208618,0.672102928161621,-0.528934001922607,-1.66527104377747
10506,-0.744833290576935,0.667250692844391,-0.450350731611252,-1.78765082359314
10507,-0.884329199790955,0.466863960027695,0.0572334863245487,1.22830438613892
10508,NA,NA,NA,NA
10509,NA,NA,NA,NA
10510,0.175804153084755,-0.984425187110901,0.182516843080521,0.1012948974967
10511,0.396032333374023,-0.918236613273621,0.210280478000641,0.654668211936951
10512,-0.57485967874527,0.818252086639404,0.308481395244598,1.86615765094757
10513,NA,NA,NA,NA
10514,0.328804463148117,-0.944398105144501,0.331507295370102,1.05481958389282
10515,0.257679611444473,-0.966230392456055,0.236645102500916,0.376703023910522
10516,-0.0854108706116676,0.640137374401093,0.087321050465107,0.537398457527161
10517,0.304245710372925,-0.952593624591827,-0.0342985913157463,-0.713502645492554
10518,0.301988303661346,-0.613538265228271,-0.09066092222929,-0.565872371196747
10519,0.172999173402786,-0.0936744436621666,0.641160428524017,-0.791040658950806
10520,NA,NA,NA,NA
10521,0.204625263810158,-0.978840410709381,0.703760325908661,-0.395831733942032
10522,NA,NA,NA,NA
10523,NA,NA,NA,NA
10524,0.4908666908741,0.113568998873234,0.699100434780121,0.529219925403595
10525,0.441947758197784,0.0730128660798073,0.706539273262024,0.2528116106987
10526,0.392714351415634,0.0614305026829243,0.702053368091583,-0.359713047742844
10527,0.4100162088871,0.0244244039058685,0.71158641576767,-0.0893648192286491
10528,0.165889635682106,-0.986144363880157,0.703082084655762,-0.343206882476807
10529,-0.0963119789958,-0.995351254940033,0.482974380254745,-1.12253570556641
10530,NA,NA,NA,NA
10531,NA,NA,NA,NA
10532,-0.419631868600845,-0.631025195121765,-0.374098360538483,-1.76095879077911
10533,0.300732463598251,-0.644223630428314,0.181808084249496,0.45152559876442
10534,0.018535615876317,0.860167384147644,0.126221925020218,1.25141894817352
10535,0.304428398609161,-0.209985181689262,0.385371714830399,0.937044501304626
10536,0.603342354297638,0.130738347768784,0.68988311290741,0.519091844558716
10537,NA,NA,NA,NA
10538,NA,NA,NA,NA
10539,NA,NA,NA,NA
10540,0.467513144016266,-0.883986175060272,0.354295253753662,0.919576585292816
10541,0.443598061800003,-0.896225929260254,0.35340079665184,0.89731365442276
10542,0.496937036514282,-0.867786645889282,0.217955812811852,0.494948774576187
10543,NA,NA,NA,NA
10544,NA,NA,NA,NA
10545,NA,NA,NA,NA
10546,NA,NA,NA,NA
10547,NA,NA,NA,NA
10548,0.358408391475677,-0.933564960956573,0.325455069541931,-0.0583197176456451
10549,NA,NA,NA,NA
10550,0.176086828112602,0.984374701976776,0.234631583094597,0.184944480657578
10551,NA,NA,NA,NA
10552,0.392380982637405,0.919802784919739,0.103468671441078,-0.0355563573539257
10553,-0.812890768051147,0.582416296005249,-0.555979251861572,-1.71296977996826
10554,-0.700648546218872,-0.713506639003754,-0.131686210632324,-1.50338435173035
10555,0.257905215024948,-0.966170251369476,0.660608351230621,-0.400251775979996
10556,0.603069663047791,-0.797688603401184,-0.315527349710464,-1.92629194259644
10557,0.337777137756348,-0.941226184368134,0.414533823728561,0.200452268123627
10558,-0.0724603533744812,0.107429526746273,-0.157823726534843,-0.560046076774597
10559,0.296345919370651,-0.95508074760437,0.718937695026398,0.0537001080811024
10560,-0.016888827085495,-0.999857425689697,0.396756052970886,-0.488824874162674
10561,NA,NA,NA,NA
10562,NA,NA,NA,NA
10563,NA,NA,NA,NA
10564,0.394901037216187,-0.918723702430725,0.193000748753548,0.441289305686951
10565,0.466776788234711,-0.884375214576721,0.223158434033394,0.481917232275009
10566,0.225762650370598,-0.974182367324829,0.192302599549294,0.225758418440819
10567,0.294448345899582,-0.770965039730072,0.70580917596817,-0.182019338011742
10568,-0.532151222229004,0.846649408340454,-0.250425696372986,-1.83933472633362
10569,0.295004993677139,-0.119144640862942,0.32636371254921,0.580645024776459
10570,NA,NA,NA,NA
10571,NA,NA,NA,NA
10572,0.220832079648972,-0.975311875343323,0.179717138409615,-0.00109091214835644
10573,NA,NA,NA,NA
10574,0.316899031400681,-0.948459327220917,0.715464174747467,0.19167959690094
10575,0.377666831016541,-0.925941646099091,0.70322573184967,0.52309662103653
10576,0.312135875225067,-0.95003753900528,0.702818930149078,0.283426731824875
10577,0.289966970682144,-0.957036733627319,0.708353221416473,0.126649454236031
10578,NA,NA,NA,NA
10579,0.346767514944077,-0.93795120716095,0.714244842529297,0.0596999675035477
10580,0.298090934753418,-0.954537510871887,0.716965436935425,-0.0365649424493313
10581,0.320390582084656,-0.947285592556,0.713042497634888,0.0968628227710724
10582,NA,NA,NA,NA
10583,NA,NA,NA,NA
10584,-0.99984884262085,-0.0173890702426434,-1.45918226242065,-0.959721744060516
10585,NA,NA,NA,NA
10586,0.555548489093781,-0.831484198570251,0.284041941165924,1.33900022506714
10587,NA,NA,NA,NA
10588,NA,NA,NA,NA
10589,NA,NA,NA,NA
10590,NA,NA,NA,NA
10591,-0.0283556804060936,-0.541059672832489,0.378474116325378,0.0708842277526855
10592,NA,NA,NA,NA
10593,NA,NA,NA,NA
10594,NA,NA,NA,NA
10595,NA,NA,NA,NA
10596,NA,NA,NA,NA
10597,NA,NA,NA,NA
10598,NA,NA,NA,NA
10599,-0.682246446609497,0.731122374534607,0.239278495311737,1.33959031105042
10600,-0.29266032576561,0.956216514110565,0.14755192399025,-0.154499426484108
10601,NA,NA,NA,NA
10602,NA,NA,NA,NA
10603,NA,NA,NA,NA
10604,NA,NA,NA,NA
10605,-0.764976918697357,0.644057750701904,0.126275256276131,0.637378394603729
10606,-0.646812856197357,0.762648820877075,0.559690535068512,1.52048635482788
10607,0.0161163713783026,-0.999870181083679,-0.0510454587638378,-0.823269486427307
10608,0.286629945039749,-0.958041429519653,0.517171144485474,-0.0876269340515137
10609,NA,NA,NA,NA
10610,NA,NA,NA,NA
10611,0.70408421754837,-0.353934407234192,0.270182639360428,0.102122515439987
10612,0.676754891872406,0.0734279230237007,0.719959259033203,0.53082013130188
10613,-0.680448234081268,0.732796192169189,0.204720541834831,0.612487435340881
10614,-0.0686905756592751,-0.997637987136841,-0.101435236632824,-0.693863689899445
10615,NA,NA,NA,NA
10616,NA,NA,NA,NA
10617,0.504039525985718,-0.86368066072464,0.336284756660461,1.005335688591
10618,NA,NA,NA,NA
10619,NA,NA,NA,NA
10620,NA,NA,NA,NA
10621,0.472334831953049,-0.881419241428375,0.342841297388077,1.15635895729065
10622,0.10012424737215,-0.569602489471436,-0.129600390791893,-0.768628180027008
10623,0.126649171113968,0.511335968971252,0.39902001619339,1.65837872028351
10624,0.28010505437851,-0.959969401359558,0.599347114562988,-0.0995004549622536
10625,-0.62708842754364,0.778948128223419,0.192818120121956,0.976143956184387
10626,0.565342783927917,-0.824856162071228,0.454452306032181,1.56482040882111
10627,0.478528052568436,-0.878072321414948,0.391253799200058,1.13052201271057
10628,0.426124900579453,-0.904664397239685,0.44222891330719,1.10983991622925
10629,-0.717014312744141,0.697058498859406,0.61550635099411,1.73472535610199
10630,-0.451982200145721,-0.128050416707993,-0.689288318157196,-0.472562879323959
10631,0.365729868412018,-0.790153324604034,0.237584590911865,0.503188788890839
10632,NA,NA,NA,NA
10633,NA,NA,NA,NA
10634,NA,NA,NA,NA
10635,-0.64972048997879,0.760173261165619,0.162502691149712,0.643081843852997
10636,-0.631303131580353,0.775536239147186,0.173925220966339,0.654422461986542
10637,NA,NA,NA,NA
10638,-0.744078040122986,0.668092787265778,0.204517215490341,0.785794377326965
10639,-0.285802096128464,-0.958288729190826,-0.0841674357652664,-0.545456171035767
10640,0.324693769216537,-0.94581925868988,0.194215029478073,0.689869999885559
10641,0.35744646191597,-0.933933675289154,0.171104282140732,0.601019084453583
10642,-0.659690082073212,0.751537799835205,0.167025983333588,1.10644519329071
10643,0.51998770236969,-0.854173839092255,0.284338355064392,0.097365215420723
10644,0.262614667415619,-0.964900851249695,0.365403771400452,-0.0207772739231586
10645,NA,NA,NA,NA
10646,-0.0165513753890991,0.236726179718971,0.151772320270538,0.392904162406921
10647,NA,NA,NA,NA
10648,0.220249399542809,-0.975443661212921,0.547568440437317,-0.237967252731323
10649,-0.569379389286041,0.822074949741364,-0.299386113882065,-1.76261353492737
10650,0.405678153038025,-0.91401606798172,0.621574282646179,0.941469550132751
10651,-0.39786034822464,-0.0618660263717175,-0.082533948123455,0.649577140808105
10652,-0.660173416137695,0.751113295555115,0.191713273525238,1.0839616060257
10653,0.451617568731308,0.892211675643921,0.268215894699097,1.52219033241272
10654,NA,NA,NA,NA
10655,-0.590053915977478,0.807363927364349,0.244303375482559,1.616051197052
10656,-0.743912518024445,0.668277084827423,0.191866472363472,0.776746153831482
10657,-0.531140923500061,0.10362733155489,-0.711830914020538,0.507410407066345
10658,0.127614751458168,-0.991823852062225,0.527852833271027,-0.296024292707443
10659,0.384071737527847,-0.923303306102753,0.692170381546021,0.620294272899628
10660,-0.734481930732727,0.678628325462341,0.149383544921875,0.91023451089859
10661,NA,NA,NA,NA
10662,NA,NA,NA,NA
10663,0.171404555439949,-0.985200762748718,0.705949783325195,0.024797298014164
10664,0.391586422920227,-0.920141398906708,0.491505444049835,0.899300217628479
10665,-0.656237840652466,0.754554212093353,0.370461076498032,1.63614559173584
10666,-0.443134039640427,-0.60714328289032,-0.449035406112671,-0.559015810489655
10667,0.747393310070038,-0.117839619517326,0.326689004898071,0.601701259613037
10668,0.682191431522369,0.0308848991990089,0.292002469301224,0.562750637531281
10669,0.757771074771881,-0.652520596981049,0.366040021181107,0.427914619445801
10670,0.771217703819275,-0.154764205217361,0.382113337516785,0.759752154350281
10671,0.752274334430695,-0.658850073814392,0.480485200881958,0.730335533618927
10672,0.748806297779083,-0.662788987159729,0.509771049022675,0.803953886032104
10673,0.728002786636353,-0.656084954738617,0.539957165718079,0.836497902870178
10674,0.764894783496857,-0.644155323505402,0.523861229419708,0.896389126777649
10675,0.723428845405579,-0.690399050712585,0.515216052532196,0.716743290424347
10676,0.786691665649414,-0.617346167564392,0.622088074684143,1.15076076984406
10677,0.217277497053146,-0.38939580321312,0.164980322122574,0.649550378322601
10678,NA,NA,NA,NA
10679,NA,NA,NA,NA
10680,-0.0156218251213431,-0.683830678462982,0.223312214016914,0.478923976421356
10681,-0.0199657548218966,-0.999800741672516,-0.141237780451775,-0.34206035733223
10682,-0.50630795955658,0.862352788448334,0.217693269252777,1.0319572687149
10683,NA,NA,NA,NA
10684,NA,NA,NA,NA
10685,NA,NA,NA,NA
10686,0.509813547134399,-0.860284984111786,0.236239194869995,0.179461255669594
10687,NA,NA,NA,NA
10688,0.990189135074615,-0.139734104275703,0.358503818511963,0.623510003089905
10689,-0.505649328231812,0.862739145755768,0.15420426428318,0.541398763656616
10690,0.129554137587547,-0.991572380065918,0.197858780622482,0.309295147657394
10691,0.241391733288765,-0.970427811145782,0.222274407744408,0.210047230124474
10692,0.270647764205933,-0.962678492069244,0.239866003394127,0.134343653917313
10693,-0.528387248516083,0.849003553390503,0.111971497535706,0.521136343479156
10694,NA,NA,NA,NA
10695,NA,NA,NA,NA
10696,-0.45439276099205,0.89080148935318,0.315653592348099,1.15191149711609
10697,NA,NA,NA,NA
10698,0.151770547032356,-0.988415837287903,0.162695273756981,0.60189950466156
10699,-0.789158463478088,0.614189743995667,-0.526802241802216,-1.65527153015137
10700,0.116324193775654,-0.594671428203583,0.67796266078949,0.780586540699005
10701,0.398112773895264,-0.917336523532867,0.554665684700012,1.18597447872162
10702,0.711835086345673,0.702346682548523,0.265144675970078,0.96808248758316
10703,NA,NA,NA,NA
10704,NA,NA,NA,NA
10705,NA,NA,NA,NA
10706,NA,NA,NA,NA
10707,-0.773832857608795,0.633389949798584,0.283963888883591,1.32612025737762
10708,-0.443011045455933,-0.554517388343811,-0.337379366159439,-1.95886147022247
10709,0.372276365756989,-0.212162971496582,0.903806746006012,-0.613523483276367
10710,NA,NA,NA,NA
10711,0.66148430109024,-0.749959111213684,0.363794386386871,0.314641356468201
10712,-0.686287462711334,0.727330505847931,0.287137061357498,0.662526667118073
10713,-0.84778892993927,0.185857951641083,-1.39172434806824,0.373766630887985
10714,-0.631153285503387,0.775658190250397,0.204399138689041,1.07874703407288
10715,-0.398888260126114,0.140440285205841,-0.123068027198315,-0.50117814540863
10716,0.227191805839539,-0.973850071430206,0.322528183460236,-0.152193963527679
10717,-0.664966821670532,0.746872961521149,0.0780072659254074,1.00671494007111
10718,-0.161403596401215,0.405175447463989,0.245044842362404,1.22634756565094
10719,-0.337892860174179,0.941184639930725,0.0687578171491623,0.665992915630341
10720,NA,NA,NA,NA
10721,NA,NA,NA,NA
10722,0.107533626258373,-0.994201481342316,0.435663521289825,0.177210435271263
10723,NA,NA,NA,NA
10724,NA,NA,NA,NA
10725,-0.0196059998124838,0.999807834625244,0.0658689141273499,0.79980194568634
10726,0.311965137720108,-0.0739311650395393,0.249185308814049,0.787198960781097
10727,0.337762176990509,-0.941231548786163,0.326598256826401,0.147856816649437
10728,NA,NA,NA,NA
10729,NA,NA,NA,NA
10730,0.00580815598368645,0.219140708446503,0.389965504407883,1.61969065666199
10731,NA,NA,NA,NA
10732,NA,NA,NA,NA
10733,0.206375971436501,-0.589743793010712,0.422103524208069,0.645987689495087
10734,-0.425929963588715,0.904756188392639,0.057350967079401,0.701091349124908
10735,0.0196950081735849,0.444203346967697,0.133019611239433,0.660894215106964
10736,0.336026102304459,-0.941852748394012,0.223383814096451,0.891893267631531
10737,NA,NA,NA,NA
10738,NA,NA,NA,NA
10739,0.13966977596283,-0.990198194980621,0.42457577586174,1.47281467914581
10740,0.0926635563373566,-0.630182445049286,0.711442947387695,0.748896539211273
10741,NA,NA,NA,NA
10742,0.998565495014191,0.0535445399582386,0.856565713882446,2.34539413452148
10743,NA,NA,NA,NA
10744,NA,NA,NA,NA
10745,0.700316786766052,0.00848874635994434,0.701557755470276,0.716629326343536
10746,0.962815463542938,-0.27016007900238,0.835953652858734,2.11959385871887
10747,0.999552488327026,-0.0299151837825775,0.88857626914978,2.25912857055664
10748,NA,NA,NA,NA
10749,NA,NA,NA,NA
10750,0.00327041512355208,-0.999994695186615,0.272524625062943,-0.184595704078674
10751,0.213417708873749,-0.976961135864258,0.237929210066795,0.709696590900421
10752,0.0891396254301071,0.498571813106537,-0.0236987210810184,0.575038015842438
10753,NA,NA,NA,NA
10754,0.690966129302979,0.0374997295439243,0.712445855140686,0.693776309490204
10755,0.621498823165894,0.0170643590390682,0.693062245845795,0.51248961687088
10756,0.622985422611237,0.0564964823424816,0.690954089164734,0.546214163303375
10757,0.905189156532288,-0.425009042024612,0.620747208595276,1.23585999011993
10758,NA,NA,NA,NA
10759,NA,NA,NA,NA
10760,NA,NA,NA,NA
10761,-0.224957346916199,-0.0190927907824516,0.680678963661194,0.640592575073242
10762,0.0314553827047348,-0.286563098430634,0.346843928098679,1.49671864509583
10763,0.22995138168335,-0.973202168941498,0.480921447277069,1.39217221736908
10764,NA,NA,NA,NA
10765,-0.250711381435394,0.0025522077921778,0.615137696266174,1.14241528511047
10766,-0.807132661342621,0.590370178222656,-0.478107511997223,-1.86846566200256
10767,NA,NA,NA,NA
10768,NA,NA,NA,NA
10769,NA,NA,NA,NA
10770,NA,NA,NA,NA
10771,0.0486334562301636,-0.998816788196564,0.445722073316574,-0.404079437255859
10772,NA,NA,NA,NA
10773,NA,NA,NA,NA
10774,NA,NA,NA,NA
10775,NA,NA,NA,NA
10776,0.483555614948273,-0.875313699245453,0.558418810367584,1.1418468952179
10777,0.334062188863754,-0.942551076412201,0.26543864607811,0.896917581558228
10778,NA,NA,NA,NA
10779,-0.285165131092072,-0.958478450775146,0.0243189539760351,-0.863849580287933
10780,-0.454863846302032,-0.0895480960607529,-0.683517277240753,-0.535351812839508
10781,-0.645183145999908,0.764028012752533,-0.534565806388855,-1.68184125423431
10782,0.423642456531525,-0.905829548835754,0.271400272846222,1.15402281284332
10783,NA,NA,NA,NA
10784,-0.274500787258148,-0.287250578403473,-0.0968748480081558,-2.02079892158508
10785,-0.703343868255615,0.710849821567535,-0.4946568608284,-1.74685561656952
10786,NA,NA,NA,NA
10787,NA,NA,NA,NA
10788,NA,NA,NA,NA
10789,-0.0310138687491417,-0.999518990516663,0.240215003490448,0.456808239221573
10790,NA,NA,NA,NA
10791,-0.0261924713850021,-0.999656975269318,-0.0220083463937044,-0.590318083763123
10792,NA,NA,NA,NA
10793,-0.854559659957886,0.519353330135345,-0.595198094844818,-2.65639305114746
10794,-0.73000168800354,0.683445394039154,-0.541721105575562,-1.61735653877258
10795,0.369130790233612,-0.929377496242523,0.146618545055389,0.61745297908783
10796,0.236472740769386,-0.15894515812397,0.319458186626434,0.466071367263794
10797,-0.766763269901276,0.641930043697357,-0.509970486164093,-2.30827164649963
10798,NA,NA,NA,NA
10799,-0.387666523456573,-0.381305426359177,-0.425563484430313,-1.78794741630554
10800,0.449578523635864,0.596884965896606,0.176978915929794,0.581588447093964
10801,0.189383193850517,0.981903314590454,0.190215334296227,0.608869731426239
10802,0.231241941452026,-0.363492280244827,-0.231579229235649,-0.635224401950836
10803,0.308737248182297,-0.951147437095642,-0.223694041371346,-0.570247411727905
10804,NA,NA,NA,NA
10805,0.348208516836166,-0.937417149543762,-0.340500742197037,-0.779282033443451
10806,0.564038872718811,-0.825748324394226,-0.380094587802887,-1.42206943035126
10807,NA,NA,NA,NA
10808,-0.360680490732193,-0.932689487934113,-0.346828758716583,-0.142573773860931
10809,0.33296936750412,-0.353755086660385,-0.198822945356369,-0.681228518486023
10810,NA,NA,NA,NA
10811,NA,NA,NA,NA
10812,-0.27241650223732,0.962179481983185,0.0493421591818333,0.647239983081818
10813,-0.673764288425446,0.738946437835693,-0.436344504356384,-1.67545759677887
10814,NA,NA,NA,NA
10815,NA,NA,NA,NA
10816,NA,NA,NA,NA
10817,NA,NA,NA,NA
10818,0.524320602416992,-0.851521015167236,-0.323616623878479,-0.992070615291595
10819,NA,NA,NA,NA
10820,NA,NA,NA,NA
10821,0.545961081981659,-0.837810575962067,-0.265528500080109,-0.950266659259796
10822,NA,NA,NA,NA
10823,0.0737846568226814,0.997274219989777,0.12512680888176,0.625002801418304
10824,0.467070639133453,-0.884220063686371,-0.275491893291473,-0.866131842136383
10825,0.0859068632125854,0.0476460792124271,-0.311001092195511,-0.517447471618652
10826,NA,NA,NA,NA
10827,-0.0754803717136383,0.99714732170105,0.0867223739624023,0.594535231590271
10828,0.10821520537138,0.994127511978149,0.167173579335213,0.458923429250717
10829,NA,NA,NA,NA
10830,NA,NA,NA,NA
10831,NA,NA,NA,NA
10832,NA,NA,NA,NA
10833,NA,NA,NA,NA
10834,0.28407296538353,-0.958802700042725,0.281277537345886,0.313749611377716
10835,0.376992225646973,-0.92621648311615,-0.488547623157501,-1.20722985267639
10836,-0.798179090023041,0.602420330047607,0.199742808938026,1.07689440250397
10837,-0.705871999263763,0.708339512348175,0.290826082229614,0.876228213310242
10838,0.171991586685181,0.0338092781603336,-0.251403719186783,-0.805825054645538
10839,-0.00465807551518083,-0.999989211559296,0.174130171537399,0.360687792301178
10840,NA,NA,NA,NA
10841,-0.998714983463287,0.0506798475980759,-0.509372174739838,1.91857171058655
10842,0.910742938518524,-0.412973880767822,0.846804618835449,1.97026991844177
10843,-0.542868614196777,0.839817702770233,0.0461448356509209,0.637287616729736
10844,0.877381682395935,0.479793190956116,0.318510353565216,0.904910027980804
10845,0.225546970963478,0.974232316017151,0.0880212709307671,0.781507909297943
10846,-0.749322414398193,0.662205398082733,0.194959312677383,1.01598823070526
10847,-0.651718378067017,0.758461117744446,0.199076518416405,0.839420974254608
10848,-0.667588710784912,0.744530320167542,0.172013506293297,0.666745543479919
10849,-0.589735329151154,0.807596623897552,0.169629693031311,1.03919625282288
10850,0.0406513474881649,-0.9991734623909,0.161511093378067,0.0544272512197495
10851,0.658543169498444,-0.0505561120808125,0.192357584834099,0.657135725021362
10852,0.996710419654846,-0.0810460448265076,0.650403559207916,1.7153468132019
10853,NA,NA,NA,NA
10854,NA,NA,NA,NA
10855,0.530838191509247,-0.84747326374054,-0.252268493175507,-1.35857057571411
10856,0.357858449220657,-0.256272554397583,0.494823068380356,1.15501320362091
10857,0.137260764837265,-0.0198068395256996,-0.163038194179535,-1.0484299659729
10858,0.214149937033653,-0.105238787829876,0.392261326313019,0.601369142532349
10859,0.266667723655701,-0.522489190101624,0.21078272163868,0.405245751142502
10860,0.0641711428761482,-0.76444011926651,0.650336563587189,-0.850327253341675
10861,0.138141661882401,-0.429210633039474,0.677422523498535,-0.728505611419678
10862,NA,NA,NA,NA
10863,0.191471621394157,-0.171978190541267,0.64280641078949,-0.923890173435211
10864,0.375079423189163,-0.92699271440506,0.576925933361053,1.346759557724
10865,-0.399358063936234,-0.916795074939728,-0.0729435384273529,-0.5856693983078
10866,0.456318467855453,-0.889816582202911,0.327185213565826,1.17563104629517
10867,0.429074943065643,-0.311350971460342,0.15758603811264,0.710725545883179
10868,0.438988506793976,-0.898492753505707,0.431977599859238,1.22126197814941
10869,0.295514285564423,-0.955338358879089,0.199437141418457,0.636985659599304
10870,0.231661722064018,-0.0450483448803425,0.209238916635513,0.464678436517715
10871,0.90204131603241,-0.431649774312973,0.654723525047302,1.47088897228241
10872,0.720316529273987,-0.138064369559288,0.669723987579346,1.00665211677551
10873,NA,NA,NA,NA
10874,NA,NA,NA,NA
10875,NA,NA,NA,NA
10876,NA,NA,NA,NA
10877,NA,NA,NA,NA
10878,0.147668674588203,0.683142960071564,0.173190906643867,0.642344176769257
10879,0.438099265098572,-0.191441044211388,0.386420339345932,1.09358620643616
10880,0.281100422143936,-0.959678411483765,0.679185152053833,-0.429696172475815
10881,0.555739462375641,-0.831356585025787,0.248147159814835,0.863548576831818
10882,0.291849195957184,0.15988478064537,0.163938939571381,0.671500086784363
10883,NA,NA,NA,NA
10884,0.116957128047943,0.855665981769562,0.0187851339578629,1.09772324562073
10885,NA,NA,NA,NA
10886,0.0705089718103409,-0.997511208057404,0.14315128326416,0.294851720333099
10887,0.25281548500061,0.96751457452774,0.0116490051150322,1.79155278205872
10888,-0.286764234304428,0.574289679527283,-0.130087286233902,1.01426672935486
10889,0.366007626056671,-0.930611908435822,0.383315920829773,0.240726113319397
10890,0.311806708574295,0.165282428264618,0.71960860490799,-0.133900374174118
10891,-0.259720742702484,0.965683817863464,-0.15130577981472,-0.996809065341949
10892,NA,NA,NA,NA
10893,NA,NA,NA,NA
10894,0.263705283403397,-0.964603364467621,0.70993572473526,0.403045445680618
10895,0.343110591173172,-0.939295053482056,0.689719617366791,0.630800664424896
10896,0.334198921918869,0.877388775348663,0.334982335567474,1.52238976955414
10897,0.246557503938675,-0.9691281914711,0.507452368736267,0.303166180849075
10898,0.242105647921562,-0.911389589309692,0.317126095294952,0.299965679645538
10899,0.258918464183807,-0.965899229049683,0.700769126415253,0.454573214054108
10900,-0.827391922473907,-0.561625063419342,0.268414616584778,-0.790079116821289
10901,0.25372040271759,-0.967277646064758,0.400596797466278,0.344231963157654
10902,0.374159425497055,-0.927364468574524,0.332504421472549,0.578917801380157
10903,0.195869281888008,-0.980630040168762,0.702580213546753,0.160072147846222
10904,0.889035582542419,-0.457838177680969,1.25149488449097,1.73882412910461
10905,NA,NA,NA,NA
10906,0.351516723632812,-0.886070549488068,0.666200637817383,0.663474559783936
10907,NA,NA,NA,NA
10908,NA,NA,NA,NA
10909,NA,NA,NA,NA
10910,NA,NA,NA,NA
10911,-0.750325679779053,0.661068439483643,-0.384560465812683,-0.0660406872630119
10912,0.657037973403931,0.245388343930244,0.682109117507935,0.721803069114685
10913,NA,NA,NA,NA
10914,NA,NA,NA,NA
10915,NA,NA,NA,NA
10916,NA,NA,NA,NA
10917,0.279926627874374,-0.960021436214447,0.39221316576004,-0.0473530776798725
10918,NA,NA,NA,NA
10919,NA,NA,NA,NA
10920,NA,NA,NA,NA
10921,NA,NA,NA,NA
10922,-0.338986307382584,-0.137813478708267,-0.109982214868069,-0.684921085834503
10923,0.230713441967964,-0.973021805286407,-0.401328295469284,-0.742670297622681
10924,NA,NA,NA,NA
10925,0.248462617397308,-0.0233668480068445,0.544766008853912,1.10343933105469
10926,NA,NA,NA,NA
10927,0.451124787330627,-0.892460942268372,0.31440594792366,0.79153311252594
10928,-0.0762232169508934,-0.672943115234375,-0.16163857281208,-0.659217655658722
10929,NA,NA,NA,NA
10930,NA,NA,NA,NA
10931,NA,NA,NA,NA
10932,NA,NA,NA,NA
10933,-0.719165921211243,0.694838464260101,0.197985902428627,0.927419424057007
10934,-0.707824051380157,0.706388890743256,-0.166526421904564,-0.732082605361938
10935,0.240188524127007,-0.970726311206818,0.0575784295797348,-0.516307711601257
10936,-0.725580334663391,0.688137531280518,-0.178642615675926,-1.38036406040192
10937,0.324241042137146,-0.94597452878952,0.383539468050003,1.1010719537735
10938,-0.679590821266174,0.733591437339783,-0.180910721421242,-0.744275867938995
10939,NA,NA,NA,NA
10940,-0.483211398124695,0.875503778457642,-0.16205370426178,-0.592711269855499
10941,NA,NA,NA,NA
10942,0.135927602648735,-0.990718841552734,-0.312449783086777,-0.574521899223328
10943,NA,NA,NA,NA
10944,-0.0117654306814075,0.0646479725837708,0.192553609609604,0.270927011966705
10945,0.676683306694031,-0.143593192100525,0.59641307592392,1.25793099403381
10946,0.101773776113987,-0.339068353176117,0.204580172896385,0.409425288438797
10947,0.511366188526154,-0.859362959861755,0.408434450626373,1.62968790531158
10948,0.0865426734089851,0.0507448576390743,0.192626744508743,0.417190849781036
10949,0.275147378444672,-0.961402118206024,-0.281869649887085,-0.716243863105774
10950,NA,NA,NA,NA
10951,0.128224641084671,-0.852164030075073,-0.0458971075713634,-0.746560573577881
10952,-0.017560999840498,-0.839770793914795,-0.176050588488579,-0.724332690238953
10953,NA,NA,NA,NA
10954,NA,NA,NA,NA
10955,NA,NA,NA,NA
10956,NA,NA,NA,NA
10957,0.0320428684353828,-0.999486565589905,-0.0676124840974808,0.229287758469582
10958,NA,NA,NA,NA
10959,NA,NA,NA,NA
10960,NA,NA,NA,NA
10961,NA,NA,NA,NA
10962,NA,NA,NA,NA
10963,NA,NA,NA,NA
10964,NA,NA,NA,NA
10965,NA,NA,NA,NA
10966,NA,NA,NA,NA
10967,-0.820844352245331,0.571152031421661,-0.674058437347412,-2.41038870811462
10968,-0.730691909790039,0.68270742893219,0.505047559738159,1.76254165172577
10969,-0.597888886928558,0.801579058170319,-0.690220236778259,0.0331897512078285
10970,NA,NA,NA,NA
10971,-0.864526689052582,0.502586960792542,-0.523291826248169,-1.70001554489136
10972,-0.999451339244843,0.0331225544214249,1.51422142982483,0.285575777292252
10973,-0.859699368476868,0.51080048084259,-0.371692180633545,-1.97493040561676
10974,0.957552433013916,-0.288259446620941,0.646780848503113,1.51039814949036
10975,0.531285047531128,-0.842741668224335,0.315457701683044,0.325866132974625
10976,0.215224489569664,-0.976564645767212,0.245952934026718,-0.192292988300323
10977,NA,NA,NA,NA
10978,-0.0443046800792217,0.581508338451385,-0.159266173839569,1.76946306228638
10979,NA,NA,NA,NA
10980,NA,NA,NA,NA
10981,NA,NA,NA,NA
10982,NA,NA,NA,NA
10983,NA,NA,NA,NA
10984,NA,NA,NA,NA
10985,NA,NA,NA,NA
10986,NA,NA,NA,NA
10987,NA,NA,NA,NA
10988,NA,NA,NA,NA
10989,0.452856987714767,-0.891583204269409,-0.445031493902206,-1.54847085475922
10990,-0.0947691425681114,0.995499312877655,0.152413502335548,0.899755418300629
10991,0.469531327486038,-0.882915854454041,0.467849165201187,1.43455016613007
10992,0.50319504737854,-0.86417293548584,0.489611923694611,1.50415015220642
10993,NA,NA,NA,NA
10994,NA,NA,NA,NA
10995,NA,NA,NA,NA
10996,NA,NA,NA,NA
10997,NA,NA,NA,NA
10998,NA,NA,NA,NA
10999,NA,NA,NA,NA
11000,NA,NA,NA,NA
11001,NA,NA,NA,NA
11002,NA,NA,NA,NA
11003,0.365761488676071,-0.930708706378937,0.688592255115509,0.249230310320854
11004,NA,NA,NA,NA
11005,NA,NA,NA,NA
11006,NA,NA,NA,NA
11007,NA,NA,NA,NA
11008,-0.745258986949921,0.666775166988373,0.487857669591904,1.80429422855377
11009,-0.703999519348145,0.710200488567352,0.241917297244072,0.863402128219604
11010,-0.745258986949921,0.666775166988373,0.487857669591904,1.80429422855377
11011,NA,NA,NA,NA
11012,-0.445233672857285,0.351220041513443,0.365419626235962,-0.114694818854332
11013,NA,NA,NA,NA
11014,NA,NA,NA,NA
11015,NA,NA,NA,NA
11016,0.556983172893524,-0.83052384853363,0.631193101406097,1.01801466941833
11017,NA,NA,NA,NA
11018,NA,NA,NA,NA
11019,NA,NA,NA,NA
11020,0.339030742645264,-0.940775334835052,0.20689831674099,0.00810871180146933
11021,0.186881825327873,-0.982382476329803,0.198465034365654,-0.0644331201910973
11022,-0.163392320275307,-0.986561238765717,-0.196389183402061,-0.155760541558266
11023,NA,NA,NA,NA
11024,-0.0490278340876102,-0.998797416687012,-0.104726858437061,-0.348607838153839
11025,0.410911619663239,-0.911675214767456,-0.18696853518486,-0.446621924638748
11026,0.00896417535841465,-0.999959886074066,-0.096286453306675,-0.338281184434891
11027,0.655606389045715,-0.609967947006226,0.280290067195892,0.0964820683002472
11028,-0.101028509438038,-0.234436392784119,-0.0662906542420387,-0.292154550552368
11029,-0.0284339338541031,0.164355143904686,-0.0605747327208519,-0.49976834654808
11030,NA,NA,NA,NA
11031,-0.430375009775162,-0.902650237083435,-0.183183893561363,0.00758970621973276
11032,0.519896149635315,-0.854229509830475,-0.131770670413971,-0.552405655384064
11033,NA,NA,NA,NA
11034,NA,NA,NA,NA
11035,0.996722936630249,0.0808921083807945,0.271249324083328,0.397951424121857
11036,-0.762741684913635,0.646703362464905,0.175440743565559,0.602247595787048
11037,NA,NA,NA,NA
11038,NA,NA,NA,NA
11039,NA,NA,NA,NA
11040,-0.866076290607452,0.499911934137344,0.12370277941227,0.585690796375275
11041,NA,NA,NA,NA
11042,-0.584852993488312,0.811139345169067,0.201962500810623,0.972258627414703
11043,NA,NA,NA,NA
11044,NA,NA,NA,NA
11045,0.0352778658270836,-0.999377608299255,0.0242007784545422,0.4238061606884
11046,NA,NA,NA,NA
11047,-0.90424507856369,0.427014023065567,-0.240717157721519,-0.0272227190434933
11048,NA,NA,NA,NA
11049,NA,NA,NA,NA
11050,NA,NA,NA,NA
11051,NA,NA,NA,NA
11052,NA,NA,NA,NA
11053,-0.205460116267204,-0.97866553068161,0.0069895745255053,-0.605355143547058
11054,0.0254048630595207,-0.999677300453186,0.00734876748174429,-0.644800662994385
11055,-0.016968060284853,-0.999856114387512,0.0149155613034964,-0.725946247577667
11056,-0.264719307422638,-0.964325547218323,0.0228593461215496,-0.656174957752228
11057,0.349716126918793,-0.784862518310547,0.0559705160558224,0.676989018917084
11058,NA,NA,NA,NA
11059,NA,NA,NA,NA
11060,0.0895808264613152,0.0636466592550278,0.661605358123779,0.794960737228394
11061,NA,NA,NA,NA
11062,-0.674459993839264,0.738311469554901,0.192497804760933,0.962513327598572
11063,-0.769781231880188,0.638307869434357,0.160974413156509,1.10292518138885
11064,-0.756111800670624,0.654442548751831,0.130501747131348,0.677392065525055
11065,NA,NA,NA,NA
11066,-0.727090656757355,0.686541557312012,-0.343533337116241,-1.67874670028687
11067,0.309691786766052,-0.503652453422546,0.155949234962463,0.465483367443085
11068,-0.869277894496918,0.494323819875717,0.180888071656227,0.689507246017456
11069,0.109409719705582,-0.988411068916321,-0.0081116296350956,-0.953127324581146
11070,0.443147569894791,-0.896448731422424,0.364099711179733,1.32619452476501
11071,0.32783916592598,-0.296010196208954,0.175169363617897,0.845645666122437
11072,0.387963652610779,-0.921674728393555,0.49184575676918,1.32984399795532
11073,0.423427045345306,-0.905930280685425,0.462019264698029,1.4929131269455
11074,0.450118243694305,-0.892969012260437,0.387019723653793,1.21787488460541
11075,0.400494366884232,-0.916299283504486,0.570998072624207,1.38237404823303
11076,-0.791926860809326,0.610616028308868,0.152283847332001,0.557762801647186
11077,-0.350850373506546,0.936431586742401,-0.238353982567787,0.402656972408295
11078,0.505612432956696,-0.862760782241821,0.464189469814301,1.30062174797058
11079,-0.819646537303925,0.572869658470154,0.161746308207512,0.573466539382935
11080,0.169351190328598,-0.862523198127747,-0.0440281927585602,-0.660531342029572
11081,-0.873327612876892,0.48713344335556,0.174567729234695,0.637966573238373
11082,-0.953254759311676,0.302167952060699,-0.170366585254669,-0.708300173282623
11083,0.456273853778839,-0.889839470386505,0.528300940990448,1.4819803237915
11084,-0.930692136287689,0.365803629159927,0.190143257379532,0.622513473033905
11085,0.208906129002571,-0.97793573141098,-0.0414422787725925,-0.63021582365036
11086,0.4598129093647,-0.888015866279602,0.483276754617691,1.02930784225464
11087,NA,NA,NA,NA
11088,NA,NA,NA,NA
11089,NA,NA,NA,NA
11090,0.391183704137802,-0.920312643051147,0.579643964767456,1.25291931629181
11091,0.342962145805359,-0.939349293708801,0.344902694225311,0.691127181053162
11092,-0.0163059588521719,0.790085911750793,0.320329159498215,0.318171083927155
11093,-0.67645925283432,0.736480176448822,-0.184522420167923,-0.997930228710175
11094,NA,NA,NA,NA
11095,NA,NA,NA,NA
11096,0.010687505826354,-0.541532635688782,0.68953537940979,0.171655297279358
11097,NA,NA,NA,NA
11098,NA,NA,NA,NA
11099,0.541785955429077,-0.840516567230225,0.305233925580978,1.22815430164337
11100,0.395742416381836,-0.918361604213715,0.518201649188995,1.42215919494629
11101,0.5062495470047,-0.86238706111908,0.426250338554382,1.43574333190918
11102,-0.793628334999084,0.608402967453003,-0.172921985387802,-0.931944251060486
11103,0.565274596214294,0.117094218730927,0.226183384656906,0.50057315826416
11104,0.0990196317434311,0.430501997470856,0.27230566740036,0.444831073284149
11105,0.46563732624054,-0.884975671768188,0.56795197725296,1.42636132240295
11106,0.429256051778793,-0.903182923793793,0.547898590564728,1.4371999502182
11107,NA,NA,NA,NA
11108,-0.67303067445755,0.73961466550827,-0.190483212471008,-1.49980080127716
11109,-0.50115704536438,0.865356385707855,0.190337598323822,1.19493019580841
11110,-0.403440415859222,0.91500598192215,0.126972198486328,0.644313335418701
11111,NA,NA,NA,NA
11112,0.56469339132309,-0.825300872325897,0.25253626704216,0.732189357280731
11113,NA,NA,NA,NA
11114,-0.752542734146118,-0.281820118427277,-0.743025362491608,-0.692836761474609
11115,-0.7309809923172,-0.255369454622269,-0.715716302394867,-0.40625074505806
11116,-0.233406484127045,-0.972379326820374,-0.027439646422863,-1.24928867816925
11117,0.789124846458435,-0.545296728610992,0.601852118968964,1.00380194187164
11118,NA,NA,NA,NA
11119,NA,NA,NA,NA
11120,NA,NA,NA,NA
11121,NA,NA,NA,NA
11122,NA,NA,NA,NA
11123,-0.432999640703201,-0.901394128799438,0.0213706474751234,-0.461251318454742
11124,NA,NA,NA,NA
11125,NA,NA,NA,NA
11126,NA,NA,NA,NA
11127,0.470485031604767,0.204251915216446,0.220936924219131,0.765336573123932
11128,NA,NA,NA,NA
11129,NA,NA,NA,NA
11130,0.0938409194350243,-0.995587229728699,-0.228176072239876,-0.361969411373138
11131,NA,NA,NA,NA
11132,-0.775850534439087,0.630916833877563,-0.207500323653221,-0.838432550430298
11133,-0.956923484802246,-0.29034036397934,-1.27607667446136,-0.56292736530304
11134,0.00458724331110716,-0.99998950958252,-0.0329930484294891,0.675704717636108
11135,0.056494727730751,-0.998402953147888,-0.0358310118317604,-0.876901268959045
11136,NA,NA,NA,NA
11137,0.221010208129883,-0.975271582603455,0.0281057097017765,-0.563357651233673
11138,NA,NA,NA,NA
11139,NA,NA,NA,NA
11140,NA,NA,NA,NA
11141,NA,NA,NA,NA
11142,0.986557841300964,0.163412645459175,1.06896722316742,2.58567452430725
11143,0.780099749565125,-0.625655233860016,0.220828160643578,0.246244519948959
11144,0.739705801010132,-0.672930479049683,-0.136355489492416,-0.153989881277084
11145,-0.254359871149063,0.967109680175781,0.0330310054123402,0.49846550822258
11146,0.79562509059906,-0.605789422988892,0.248917043209076,0.417746901512146
11147,-0.45028355717659,0.562207996845245,0.0386237464845181,0.61574375629425
11148,0.807805478572845,-0.589449226856232,0.280015349388123,0.648051202297211
11149,NA,NA,NA,NA
11150,NA,NA,NA,NA
11151,NA,NA,NA,NA
11152,NA,NA,NA,NA
11153,NA,NA,NA,NA
11154,NA,NA,NA,NA
11155,-0.229105889797211,0.860812902450562,-0.0344138965010643,0.8816739320755
11156,-0.184439688920975,0.825426459312439,-0.0693043768405914,1.01112043857574
11157,0.243760660290718,0.969835460186005,0.0876438170671463,1.11861979961395
11158,0.54049825668335,-0.841345191001892,0.365679830312729,0.958144962787628
11159,-0.61368852853775,0.789548277854919,-0.123730763792992,0.823753297328949
11160,NA,NA,NA,NA
11161,NA,NA,NA,NA
11162,NA,NA,NA,NA
11163,NA,NA,NA,NA
11164,NA,NA,NA,NA
11165,NA,NA,NA,NA
11166,NA,NA,NA,NA
11167,NA,NA,NA,NA
11168,NA,NA,NA,NA
11169,0.594337463378906,-0.0399300083518028,1.12512409687042,-0.221739932894707
11170,0.544171333312988,0.126445114612579,0.708201229572296,0.242489904165268
11171,NA,NA,NA,NA
11172,0.400575071573257,-0.910543322563171,0.545412123203278,0.14784899353981
11173,NA,NA,NA,NA
11174,NA,NA,NA,NA
11175,NA,NA,NA,NA
11176,-0.707578420639038,0.706634938716888,-0.557898461818695,-1.47960305213928
11177,NA,NA,NA,NA
11178,NA,NA,NA,NA
11179,NA,NA,NA,NA
11180,NA,NA,NA,NA
11181,NA,NA,NA,NA
11182,0.151450678706169,-0.511195719242096,0.584776937961578,-1.38855314254761
11183,0.277063578367233,-0.14733774960041,0.650692522525787,-0.770076990127563
11184,NA,NA,NA,NA
11185,-0.719995975494385,0.693978309631348,0.536719083786011,1.72678601741791
11186,NA,NA,NA,NA
11187,NA,NA,NA,NA
11188,-0.687593340873718,0.219428926706314,-0.326788067817688,0.319977164268494
11189,NA,NA,NA,NA
11190,NA,NA,NA,NA
11191,NA,NA,NA,NA
11192,-0.793953835964203,0.607978165149689,0.153387501835823,1.0345755815506
11193,NA,NA,NA,NA
11194,NA,NA,NA,NA
11195,NA,NA,NA,NA
11196,NA,NA,NA,NA
11197,0.152424469590187,-0.988315165042877,0.435023725032806,-0.297978579998016
11198,0.283746093511581,-0.95889949798584,0.462034583091736,-0.13375785946846
11199,NA,NA,NA,NA
11200,NA,NA,NA,NA
11201,NA,NA,NA,NA
11202,NA,NA,NA,NA
11203,NA,NA,NA,NA
11204,NA,NA,NA,NA
11205,-0.708400011062622,0.705811262130737,0.796445310115814,1.49672985076904
11206,-0.505757868289948,-0.0112665332853794,-1.1622257232666,-0.699723064899445
11207,NA,NA,NA,NA
11208,-0.854731798171997,0.519070029258728,0.31979101896286,1.83923780918121
11209,NA,NA,NA,NA
11210,0.0318933911621571,-0.999491333961487,0.0808849632740021,0.696172177791595
11211,NA,NA,NA,NA
11212,-0.837764620780945,0.546031653881073,0.509350776672363,1.81150686740875
11213,NA,NA,NA,NA
11214,NA,NA,NA,NA
11215,NA,NA,NA,NA
11216,NA,NA,NA,NA
11217,NA,NA,NA,NA
11218,NA,NA,NA,NA
11219,NA,NA,NA,NA
11220,-0.21058788895607,0.9775750041008,0.206102728843689,-0.637892782688141
11221,NA,NA,NA,NA
11222,NA,NA,NA,NA
11223,-0.62855738401413,-0.777763307094574,0.384816378355026,-0.277571856975555
11224,NA,NA,NA,NA
11225,NA,NA,NA,NA
11226,NA,NA,NA,NA
11227,-0.586033999919891,0.810286521911621,-0.621626973152161,-1.11775386333466
11228,NA,NA,NA,NA
11229,NA,NA,NA,NA
11230,NA,NA,NA,NA
11231,0.526673138141632,-0.850067973136902,0.365347236394882,1.24641454219818
11232,0.560481011867523,-0.828167319297791,0.146078169345856,0.137568056583405
11233,0.0858949571847916,0.838484764099121,-0.100106418132782,1.93737769126892
11234,-0.0317326635122299,-0.865183532238007,-0.0673791691660881,-0.99484121799469
11235,0.539689779281616,-0.841864049434662,0.149355009198189,0.175817772746086
11236,0.564686954021454,-0.825305223464966,-0.418463081121445,-1.73502373695374
11237,-0.35490956902504,-0.93490070104599,0.242609366774559,0.146293193101883
11238,-0.602060794830322,-0.000227836717385799,0.732276678085327,-0.426292836666107
11239,0.345889419317245,-0.217203840613365,-0.302386462688446,-1.58244943618774
11240,0.597930788993835,0.394238740205765,0.227235272526741,1.37547934055328
11241,0.576580166816711,-0.817040622234344,-0.401392936706543,-1.61616194248199
11242,0.239885911345482,-0.574874818325043,0.707479476928711,0.829299747943878
11243,0.532389283180237,-0.846499741077423,-0.367939829826355,-1.70998644828796
11244,0.6142578125,0.339185237884521,0.234844535589218,1.23541557788849
11245,-0.886428654193878,0.462865352630615,-0.298720866441727,-1.63052415847778
11246,NA,NA,NA,NA
11247,NA,NA,NA,NA
11248,-0.803584814071655,0.595190346240997,-0.66549152135849,-2.52110862731934
11249,-0.795695781707764,0.605696558952332,-0.697007298469543,-2.55302286148071
11250,-0.751636147499084,0.659578084945679,-0.77025979757309,-2.56203722953796
11251,-0.751636147499084,0.659578084945679,-0.77025979757309,-2.56203722953796
11252,-0.559627950191498,-0.828743994235992,-0.0864449962973595,-1.51115739345551
11253,-0.794422805309296,0.607365250587463,-0.763985812664032,-2.61546111106873
11254,-0.161215424537659,-0.395257949829102,-0.0413898527622223,-1.45069944858551
11255,-0.689895689487457,0.7239089012146,-0.868032872676849,-2.51045560836792
11256,-0.689895689487457,0.7239089012146,-0.868032872676849,-2.51045560836792
11257,-0.689895689487457,0.7239089012146,-0.868032872676849,-2.51045560836792
11258,-0.76558244228363,0.643337845802307,-0.479970157146454,-2.00870513916016
11259,-0.758622348308563,0.651530683040619,-0.7590371966362,-2.57613062858582
11260,-0.86868417263031,0.495366483926773,-0.395240157842636,-2.00971245765686
11261,0.344679474830627,-0.938720524311066,0.422205030918121,1.23868012428284
11262,0.124765411019325,-0.402171701192856,0.784533560276031,1.10222518444061
11263,-0.736660778522491,0.676262497901917,0.228295877575874,0.895034432411194
11264,-0.449191838502884,-0.0798903331160545,0.191932633519173,0.879252672195435
11265,-0.496692061424255,-0.867926895618439,-0.642257392406464,-0.925089240074158
11266,-0.496692061424255,-0.867926895618439,-0.642257392406464,-0.925089240074158
11267,-0.724798858165741,0.688960611820221,-0.552378714084625,-1.53963458538055
11268,-0.538829743862152,-0.842414736747742,-0.530204236507416,-1.43246424198151
11269,-0.753098011016846,0.65790843963623,0.537963390350342,1.62149429321289
11270,0.341927736997604,-0.939726293087006,0.31613889336586,1.11138391494751
11271,0.319588392972946,-0.947556495666504,0.253720819950104,0.927524328231812
11272,0.484220713376999,-0.874945938587189,0.591009974479675,0.772656559944153
11273,-0.708403468132019,0.70580780506134,0.43063223361969,1.65659332275391
11274,0.390739679336548,-0.920501291751862,0.40893167257309,1.32630980014801
11275,-0.817843496799469,0.57544082403183,0.420623779296875,1.86126911640167
11276,-0.72891092300415,0.684608638286591,0.2127695530653,0.840999603271484
11277,0.372418135404587,-0.324255526065826,0.22007954120636,1.01495885848999
11278,0.362218886613846,-0.255886256694794,0.204614281654358,1.0221973657608
11279,0.424691796302795,-0.729219436645508,0.297489553689957,1.14475953578949
11280,0.362218886613846,-0.255886256694794,0.204614281654358,1.0221973657608
11281,0.362218886613846,-0.255886256694794,0.204614281654358,1.0221973657608
11282,0.424691796302795,-0.729219436645508,0.297489553689957,1.14475953578949
11283,-0.646946787834167,0.762535214424133,0.594568431377411,1.29246187210083
11284,0.422886490821838,0.906182706356049,0.112766839563847,0.452184617519379
11285,0.479220569133759,-0.877694547176361,0.148032680153847,-0.0353721901774406
11286,-0.0610826350748539,0.998132765293121,-0.131330668926239,0.905869841575623
11287,-0.732147514820099,0.681146144866943,0.219417750835419,0.448494374752045
11288,0.594519019126892,-0.804081618785858,0.2704818546772,1.29555606842041
11289,0.378712922334671,-0.694226145744324,0.235512852668762,0.988210737705231
11290,0.428125500679016,-0.624304354190826,0.283637285232544,1.20894718170166
11291,0.238366007804871,-0.0515218749642372,0.196262687444687,1.4012223482132
11292,0.238366007804871,-0.0515218749642372,0.196262687444687,1.4012223482132
11293,0.443162888288498,-0.896441161632538,0.395317882299423,1.41865158081055
11294,0.362218886613846,-0.255886256694794,0.204614281654358,1.0221973657608
11295,0.362218886613846,-0.255886256694794,0.204614281654358,1.0221973657608
11296,0.362218886613846,-0.255886256694794,0.204614281654358,1.0221973657608
11297,0.293933242559433,-0.0970384329557419,0.185484856367111,0.388691544532776
11298,-0.0816744714975357,0.996659100055695,0.151039317250252,0.920560359954834
11299,0.380222916603088,-0.92489492893219,0.401771605014801,1.26188182830811
11300,NA,NA,NA,NA
11301,0.471803456544876,-0.881703794002533,0.565724492073059,1.37003254890442
11302,NA,NA,NA,NA
11303,NA,NA,NA,NA
11304,0.561757981777191,-0.827301681041718,0.39525780081749,1.52360367774963
11305,0.542196452617645,-0.840251803398132,0.377950131893158,1.71748077869415
11306,0.255502015352249,-0.0935684815049171,0.212499141693115,1.54687392711639
11307,0.510732233524323,-0.859739899635315,0.401282966136932,1.54012751579285
11308,-0.572133660316467,0.820160448551178,0.171907618641853,1.10510587692261
11309,NA,NA,NA,NA
11310,NA,NA,NA,NA
11311,0.190486267209053,0.00430671451613307,0.630788922309875,1.05677437782288
11312,0.190486267209053,0.00430671451613307,0.630788922309875,1.05677437782288
11313,0.23698303103447,-0.195040300488472,0.530628561973572,1.09058201313019
11314,0.190486267209053,0.00430671451613307,0.630788922309875,1.05677437782288
11315,0.443162888288498,-0.896441161632538,0.395317882299423,1.41865158081055
11316,0.190486267209053,0.00430671451613307,0.630788922309875,1.05677437782288
11317,-0.965919315814972,0.258843541145325,-0.248367235064507,0.222823679447174
11318,NA,NA,NA,NA
11319,0.460564702749252,-0.887626171112061,0.601128280162811,1.23226010799408
11320,NA,NA,NA,NA
11321,NA,NA,NA,NA
11322,NA,NA,NA,NA
11323,NA,NA,NA,NA
11324,NA,NA,NA,NA
11325,-0.765509605407715,0.643424570560455,0.526482760906219,1.65976119041443
11326,-0.823367178440094,0.567509114742279,-0.584158599376678,-1.75452673435211
11327,-0.865101337432861,0.501597225666046,0.447491705417633,1.85075438022614
11328,-0.700592756271362,0.713561415672302,-0.569195926189423,-1.41577959060669
11329,-0.87428492307663,0.485413193702698,0.384727865457535,1.96313536167145
11330,-0.815649509429932,0.578546464443207,-0.653764486312866,-1.71831238269806
11331,-0.814222574234009,0.580552935600281,0.448841571807861,1.86347699165344
11332,-0.808933079242706,0.587900817394257,-0.506901264190674,-1.77825975418091
11333,NA,NA,NA,NA
11334,NA,NA,NA,NA
11335,-0.799661636352539,0.600450992584229,-0.148857638239861,-0.671086847782135
11336,NA,NA,NA,NA
11337,0.0372311659157276,0.999306738376617,0.00461404584348202,1.54841434955597
11338,0.651420533657074,0.0814027637243271,0.69519168138504,1.5191113948822
11339,NA,NA,NA,NA
11340,-0.99073326587677,-0.135822132229805,-1.14186108112335,2.68465709686279
11341,-0.742032766342163,0.67036372423172,0.127580881118774,0.560831546783447
11342,-0.742906272411346,0.669395506381989,0.232605710625648,1.11295413970947
11343,NA,NA,NA,NA
11344,-0.981902360916138,-0.189388155937195,-1.45255351066589,-0.255927711725235
11345,0.0841170474886894,0.996455788612366,0.116782128810883,0.457099258899689
11346,NA,NA,NA,NA
11347,NA,NA,NA,NA
11348,NA,NA,NA,NA
11349,NA,NA,NA,NA
11350,0.256468564271927,-0.740124225616455,-0.142650976777077,-0.327659070491791
11351,0.182599365711212,-0.98318749666214,0.272803127765656,-0.169078841805458
11352,NA,NA,NA,NA
11353,NA,NA,NA,NA
11354,0.378748953342438,-0.221349582076073,-0.153038635849953,-0.454199612140656
11355,NA,NA,NA,NA
11356,0.19509468972683,0.980784475803375,0.135360881686211,0.377388447523117
11357,NA,NA,NA,NA
11358,0.506028354167938,-0.424822062253952,-0.285517007112503,-0.845363616943359
11359,0.508573353290558,-0.288897901773453,-0.298911333084106,-0.900723695755005
11360,NA,NA,NA,NA
11361,NA,NA,NA,NA
11362,NA,NA,NA,NA
11363,-0.406517833471298,0.913642883300781,-0.103588275611401,1.03984296321869
11364,-0.755529403686523,0.655114829540253,0.251362353563309,0.959695816040039
11365,-0.543877780437469,-0.83916449546814,-0.490354537963867,-1.54475605487823
11366,0.250645130872726,-0.968079090118408,-0.629180788993835,-0.876744329929352
11367,-0.450203210115433,0.892926156520844,-0.244417324662209,-1.57115340232849
11368,NA,NA,NA,NA
11369,NA,NA,NA,NA
11370,NA,NA,NA,NA
11371,NA,NA,NA,NA
11372,NA,NA,NA,NA
11373,NA,NA,NA,NA
11374,NA,NA,NA,NA
11375,NA,NA,NA,NA
11376,NA,NA,NA,NA
11377,NA,NA,NA,NA
11378,NA,NA,NA,NA
11379,NA,NA,NA,NA
11380,0.511120438575745,0.0617096833884716,0.708774387836456,-0.00462485384196043
11381,0.639306426048279,-0.768952131271362,0.350807756185532,0.246935784816742
11382,-0.640166401863098,0.768236339092255,-0.439717292785645,-1.82949411869049
11383,NA,NA,NA,NA
11384,-0.578425526618958,0.772553682327271,-0.227183073759079,0.365995019674301
11385,-0.762031495571136,0.647540032863617,-0.245740130543709,-1.03399682044983
11386,NA,NA,NA,NA
11387,NA,NA,NA,NA
11388,0.896760106086731,-0.442517071962357,1.22258019447327,1.31544089317322
11389,NA,NA,NA,NA
11390,-0.453894138336182,0.891055643558502,0.0121159050613642,0.77478015422821
11391,0.392071932554245,-0.919934630393982,0.324652105569839,0.738620102405548
11392,0.342807710170746,-0.939405620098114,0.600338220596313,1.12127375602722
11393,-0.632355928421021,0.77467805147171,0.238207623362541,1.63127815723419
11394,-0.0805453881621361,0.996751010417938,0.0317123793065548,0.513327062129974
11395,0.498689562082291,0.866780698299408,0.091839611530304,0.755793690681458
11396,-0.623170912265778,0.782085716724396,0.245246484875679,1.71219456195831
11397,0.772305488586426,0.635251402854919,0.24306632578373,1.61649835109711
11398,-0.616864383220673,0.78706955909729,0.236738979816437,1.70137774944305
11399,0.839778542518616,-0.0597321949899197,0.278136014938354,0.963262736797333
11400,0.254023134708405,0.967198193073273,0.0418639741837978,0.72011125087738
11401,0.880141496658325,-0.474711567163467,0.330797165632248,0.725333452224731
11402,0.357675194740295,-0.933846116065979,0.184804752469063,0.295909851789474
11403,NA,NA,NA,NA
11404,NA,NA,NA,NA
11405,NA,NA,NA,NA
11406,-0.754210948944092,0.656632304191589,-0.665650844573975,-1.55518221855164
11407,NA,NA,NA,NA
11408,NA,NA,NA,NA
11409,NA,NA,NA,NA
11410,-0.219700559973717,-0.975567400455475,-0.069137915968895,-0.839271485805511
11411,-0.217521071434021,-0.976055681705475,0.107005462050438,-1.51001882553101
11412,NA,NA,NA,NA
11413,-0.140242666006088,-0.990117192268372,-0.0637203454971313,-1.05198001861572
11414,NA,NA,NA,NA
11415,-0.553011119365692,0.833173930644989,-1.07686257362366,1.40354657173157
11416,-0.506447732448578,0.862270712852478,-0.172032058238983,0.498052775859833
11417,NA,NA,NA,NA
11418,-0.492543548345566,0.870287835597992,0.163409158587456,1.03779697418213
11419,-0.658753156661987,0.752359211444855,0.242685899138451,1.65683782100677
11420,0.504460990428925,0.863434553146362,0.166742235422134,0.54337215423584
11421,0.554379224777222,0.832264244556427,0.172334104776382,1.01287484169006
11422,0.771357715129852,0.636401951313019,0.876746535301208,3.77005481719971
11423,-0.933626294136047,-0.358248561620712,-0.304477512836456,1.09406697750092
11424,NA,NA,NA,NA
11425,NA,NA,NA,NA
11426,NA,NA,NA,NA
11427,NA,NA,NA,NA
11428,-0.382663905620575,0.923887670040131,-0.514831006526947,0.706242859363556
11429,-0.090001255273819,-0.995941698551178,-0.038698922842741,-0.953117191791534
11430,-0.421899110078812,0.906642854213715,-0.409736841917038,0.467761665582657
11431,-0.388143807649612,-0.887514054775238,-0.229803368449211,-0.280121088027954
11432,-0.871620357036591,0.490181624889374,-0.624039471149445,-1.78057956695557
11433,-0.0920199602842331,-0.995757222175598,-0.0972429811954498,-1.19286358356476
11434,-0.0714992508292198,-0.997440695762634,-0.026378346607089,-1.33877265453339
11435,NA,NA,NA,NA
11436,NA,NA,NA,NA
11437,-0.677956938743591,0.735101699829102,0.387664765119553,1.75435125827789
11438,-0.840097308158875,0.542435824871063,0.491428643465042,1.85236501693726
11439,-0.464200854301453,-0.231939062476158,0.541009426116943,1.37992382049561
11440,-0.13942264020443,-0.990233063697815,-0.0814724043011665,-0.982928276062012
11441,-0.816349565982819,0.577558219432831,0.511526882648468,1.80823755264282
11442,-0.330249816179276,-0.943893611431122,-0.0987258329987526,-1.08601760864258
11443,-0.886558711528778,0.462616205215454,0.275094151496887,2.13594937324524
11444,0.51550155878067,-0.856888711452484,0.366734355688095,1.11097085475922
11445,-0.768221199512482,0.640184581279755,0.378495365381241,1.89536762237549
11446,-0.83215069770813,0.554549634456635,0.540118336677551,1.72728800773621
11447,-0.764554917812347,0.644558668136597,0.523715376853943,1.67532587051392
11448,-0.75133228302002,-0.659924149513245,-0.202290743589401,-2.21497058868408
11449,NA,NA,NA,NA
11450,NA,NA,NA,NA
11451,0.626584708690643,-0.779353380203247,0.636616468429565,2.55870604515076
11452,0.562712848186493,-0.826652526855469,0.298777908086777,1.17026901245117
11453,0.802296221256256,-0.596926212310791,0.669783413410187,0.915519416332245
11454,0.483781188726425,0.548191785812378,0.177176862955093,1.02541351318359
11455,0.561885416507721,0.210258096456528,0.567355394363403,1.39102458953857
11456,0.468452751636505,-0.883488595485687,0.478244811296463,0.602583885192871
11457,NA,NA,NA,NA
11458,0.589800834655762,0.466881394386292,0.599084138870239,1.24581623077393
11459,-0.995608389377594,-0.0936165750026703,0.0400626361370087,0.0486420020461082
11460,0.23673290014267,0.423383951187134,-0.0536233335733414,0.143717765808105
11461,NA,NA,NA,NA
11462,NA,NA,NA,NA
11463,0.417487353086472,-0.603471279144287,0.190324351191521,0.565370440483093
11464,0.289700627326965,-0.9571173787117,0.697135031223297,0.62929505109787
11465,0.207864731550217,0.370762348175049,0.520923852920532,1.47286915779114
11466,0.21194751560688,-0.977281093597412,-0.242563754320145,-0.410128682851791
11467,-0.603441715240479,0.797407150268555,0.531028687953949,1.63272035121918
11468,0.0164516791701317,0.165759265422821,0.901374638080597,3.0738730430603
11469,0.410271495580673,-0.91196346282959,0.607164740562439,0.501829206943512
11470,0.518189966678619,0.855265617370605,0.262347489595413,0.687480688095093
11471,0.491772890090942,-0.870723605155945,-0.476381987333298,-1.54782521724701
11472,0.57066822052002,-0.821180760860443,-0.358373761177063,-1.26636552810669
11473,-0.374366939067841,-0.927280724048615,0.685658514499664,-0.691418945789337
11474,-0.741619408130646,0.670820951461792,0.219078630208969,0.710931241512299
11475,-0.689490079879761,0.724295198917389,-0.270953863859177,-0.73239129781723
11476,-0.832711756229401,0.55370682477951,0.177839234471321,0.871015012264252
11477,0.465805053710938,-0.884887456893921,0.322271108627319,1.12726986408234
11478,0.474346458911896,-0.880338311195374,0.563863813877106,1.46022486686707
11479,-0.867493987083435,-0.497447729110718,0.115872666239738,1.06045997142792
11480,NA,NA,NA,NA
11481,0.617344975471497,-0.78669261932373,0.254341006278992,1.31345176696777
11482,-0.00485016033053398,-0.999988257884979,0.123894013464451,0.6481574177742
11483,NA,NA,NA,NA
11484,-0.040983859449625,-0.899886906147003,0.301228314638138,0.225056543946266
11485,-0.00236937473528087,-0.99999725818634,0.267033576965332,0.230215385556221
11486,-0.00296516064554453,0.107297748327255,0.197179824113846,0.169085562229156
11487,-0.683147668838501,0.730280339717865,-0.564701318740845,-1.42813467979431
11488,-0.325390338897705,0.945579826831818,0.211491331458092,0.804018795490265
11489,-0.160987928509712,-0.314535140991211,1.1952223777771,-0.0938417911529541
11490,-0.566217482089996,-0.82425594329834,-0.317633002996445,-1.91905522346497
11491,NA,NA,NA,NA
11492,0.38158106803894,-0.924335420131683,0.219604507088661,0.0327267125248909
11493,-0.547890543937683,0.836550116539001,0.34429457783699,0.437901228666306
11494,0.306966096162796,0.792845666408539,0.112976245582104,0.882439851760864
11495,NA,NA,NA,NA
11496,NA,NA,NA,NA
11497,0.753055572509766,-0.657957017421722,0.560546457767487,0.938926219940186
11498,-0.78121817111969,0.624258160591125,0.295216053724289,1.86157464981079
11499,-0.257461220026016,-0.396902292966843,-0.224406763911247,-1.74854648113251
11500,0.478816449642181,0.87791508436203,0.2441026866436,1.05693292617798
11501,0.157235473394394,0.550537407398224,0.0558924712240696,1.35773551464081
11502,0.606577217578888,-0.317212641239166,0.250995427370071,0.528059899806976
11503,-0.422050684690475,0.0217182692140341,0.0684203281998634,-0.494512885808945
11504,NA,NA,NA,NA
11505,0.745645821094513,-0.666342556476593,0.384397834539413,0.85838520526886
11506,0.724135518074036,-0.34135228395462,0.362417787313461,1.01252913475037
11507,0.830474138259888,-0.55705726146698,0.593035459518433,1.27627730369568
11508,0.58728301525116,-0.809381723403931,0.556417465209961,1.07289612293243
11509,-0.394446790218353,0.91891884803772,-0.0132655138149858,0.63429844379425
11510,-0.880422234535217,-0.47419062256813,0.108531884849072,0.844639301300049
11511,NA,NA,NA,NA
11512,0.222642228007317,-0.974900245666504,0.0534850209951401,0.605744421482086
11513,NA,NA,NA,NA
11514,-0.854412198066711,-0.519595921039581,0.0866425484418869,0.755414485931396
11515,NA,NA,NA,NA
11516,NA,NA,NA,NA
11517,0.818129062652588,-0.575034737586975,0.391215533018112,0.559711158275604
11518,NA,NA,NA,NA
11519,-0.71274995803833,0.701418280601501,0.287526607513428,1.64341449737549
11520,-0.636902749538422,0.770944237709045,0.457611590623856,1.78432583808899
11521,-0.662179589271545,0.749345242977142,0.179738357663155,0.901404321193695
11522,-0.590130984783173,0.807307600975037,0.469651222229004,1.72022604942322
11523,-0.493069887161255,0.869989812374115,0.188326314091682,0.672170758247375
11524,0.195621177554131,-0.743715524673462,0.185008585453033,0.661535620689392
11525,-0.434897869825363,0.74968820810318,0.0222067907452583,0.711366653442383
11526,0.0915441140532494,-0.317414462566376,0.71033787727356,0.542390406131744
11527,NA,NA,NA,NA
11528,-0.28392019867897,0.958847999572754,0.0055655799806118,0.48930612206459
11529,-0.392979770898819,0.919547200202942,0.13573369383812,0.788037836551666
11530,0.47735932469368,0.697129428386688,0.249192252755165,1.61487817764282
11531,NA,NA,NA,NA
11532,NA,NA,NA,NA
11533,0.139789655804634,-0.990181267261505,0.193646460771561,0.609565079212189
11534,0.563385665416718,-0.0596314743161201,0.70886105298996,0.323466569185257
11535,0.545561552047729,0.0616482049226761,0.705273687839508,0.328192234039307
11536,0.600491464138031,-0.134899616241455,0.669858872890472,0.785315811634064
11537,NA,NA,NA,NA
11538,0.326100945472717,-0.135773286223412,0.698248982429504,-0.385685503482819
11539,NA,NA,NA,NA
11540,0.211802840232849,-0.977312445640564,0.711386144161224,0.160445123910904
11541,0.243184372782707,0.969980180263519,0.0464486666023731,1.08206748962402
11542,0.159716010093689,0.0186236687004566,0.658392548561096,0.799627482891083
11543,NA,NA,NA,NA
11544,0.0623605214059353,-0.998053729534149,0.0937752053141594,0.458324730396271
11545,NA,NA,NA,NA
11546,0.672895967960358,0.739737212657928,-0.0673803836107254,1.08057296276093
11547,-0.685007154941559,-0.00471705803647637,-0.681928694248199,0.346955925226212
11548,NA,NA,NA,NA
11549,0.102375067770481,0.630521237850189,0.0555500015616417,0.867757439613342
11550,NA,NA,NA,NA
11551,0.0555776208639145,0.998454451560974,-0.127672597765923,1.4372661113739
11552,-0.0878503918647766,-0.446595460176468,0.124967977404594,0.288355261087418
11553,0.0855563431978226,-0.996333360671997,-0.31294584274292,-0.567620813846588
11554,0.0941260755062103,0.24508236348629,-0.436954975128174,-1.65807473659515
11555,NA,NA,NA,NA
11556,0.903022825717926,-0.429592669010162,1.45686900615692,1.35927700996399
11557,NA,NA,NA,NA
11558,-0.453964412212372,0.891019880771637,-0.145022436976433,-0.683673620223999
11559,-0.478140324354172,0.878283500671387,0.0944416671991348,0.401227027177811
11560,0.335619926452637,-0.851705133914948,0.133021205663681,0.61363673210144
11561,NA,NA,NA,NA
11562,0.0167905110865831,0.00178742175921798,0.271645069122314,-0.233258202672005
11563,NA,NA,NA,NA
11564,-0.539383471012115,0.842060327529907,0.358523339033127,1.57851552963257
11565,-0.333002209663391,0.942926108837128,0.379023373126984,-0.716445565223694
11566,NA,NA,NA,NA
11567,-0.406660377979279,0.91357946395874,0.315030246973038,-0.477639526128769
11568,NA,NA,NA,NA
11569,-0.563477337360382,0.826131582260132,0.405338376760483,1.79319560527802
11570,-0.76091742515564,0.64884877204895,-0.538780152797699,-1.64385175704956
11571,-0.775099337100983,0.631839454174042,-0.519613862037659,-1.67419123649597
11572,0.829406023025513,-0.558646321296692,0.618614971637726,0.816750407218933
11573,NA,NA,NA,NA
11574,-0.584515511989594,0.429327815771103,-0.24493770301342,0.143504098057747
11575,NA,NA,NA,NA
11576,NA,NA,NA,NA
11577,NA,NA,NA,NA
11578,NA,NA,NA,NA
11579,-0.946058750152588,-0.323995321989059,-0.291823714971542,1.09989452362061
11580,NA,NA,NA,NA
11581,0.780187487602234,-0.106213770806789,0.708335101604462,0.920551896095276
11582,0.997007012367249,0.0773120522499084,0.956711530685425,2.11438012123108
11583,-0.805943727493286,0.591992259025574,0.276399821043015,0.604439079761505
11584,-0.82432359457016,0.566119015216827,-0.535926938056946,-1.68552613258362
11585,-0.793117702007294,0.60906845331192,-0.301342368125916,-1.26246070861816
11586,NA,NA,NA,NA
11587,0.0489752218127251,0.306092441082001,-0.196389108896255,-0.843692183494568
11588,-0.785058856010437,0.619421303272247,0.198669567704201,-1.1237975358963
11589,-0.791257321834564,0.61148339509964,-0.256604075431824,-0.99973452091217
11590,-0.817330777645111,0.576168835163116,0.491244107484818,1.83481419086456
11591,-0.817330777645111,0.576168835163116,0.491244107484818,1.83481419086456
11592,-0.797380387783051,0.603477120399475,-0.584889352321625,-1.73495125770569
11593,-0.797380387783051,0.603477120399475,-0.584889352321625,-1.73495125770569
11594,-0.673576831817627,0.739117324352264,-0.170818984508514,-0.823266506195068
11595,NA,NA,NA,NA
11596,NA,NA,NA,NA
11597,0.343423157930374,-0.939180850982666,0.399951189756393,0.291024625301361
11598,-0.815231680870056,0.579135060310364,0.554697096347809,1.76447665691376
11599,-0.817330777645111,0.576168835163116,0.491244107484818,1.83481419086456
11600,-0.817330777645111,0.576168835163116,0.491244107484818,1.83481419086456
11601,NA,NA,NA,NA
11602,-0.246071875095367,0.96925163269043,-0.100788064301014,0.727455198764801
11603,-0.739207684993744,0.673477590084076,0.234460145235062,0.866845905780792
11604,-0.736350893974304,0.67659991979599,0.550936043262482,1.91578054428101
11605,0.145136758685112,-0.989411652088165,0.388480454683304,-0.0749455615878105
11606,NA,NA,NA,NA
11607,NA,NA,NA,NA
11608,-0.821511209011078,0.570192456245422,-0.164559856057167,-0.829382359981537
11609,NA,NA,NA,NA
11610,NA,NA,NA,NA
11611,NA,NA,NA,NA
11612,-0.826450645923615,0.563009262084961,-0.555203318595886,-1.74350214004517
11613,0.266509681940079,0.185287624597549,0.646963894367218,-1.03028953075409
11614,0.18528313934803,-0.860651791095734,0.663067042827606,-0.584658920764923
11615,NA,NA,NA,NA
11616,NA,NA,NA,NA
11617,-0.995129823684692,0.0985733419656754,-1.67433142662048,0.574304521083832
11618,NA,NA,NA,NA
11619,0.350628286600113,-0.936514735221863,0.417766541242599,0.25891375541687
11620,NA,NA,NA,NA
11621,NA,NA,NA,NA
11622,-0.846151173114777,0.532943069934845,0.137606754899025,-0.0291843563318253
11623,0.269527673721313,-0.9629927277565,0.070168137550354,-0.243897005915642
11624,0.817947626113892,0.575292825698853,0.0299999993294477,0.761050045490265
11625,-0.829903602600098,-0.557906925678253,0.115060605108738,1.39743602275848
11626,NA,NA,NA,NA
11627,-0.765196740627289,0.643796622753143,-0.519952118396759,-1.68293285369873
11628,-0.812049388885498,0.583588838577271,-0.587106764316559,-1.75101161003113
11629,-0.832639038562775,0.553816139698029,-0.518882870674133,-1.80063736438751
11630,NA,NA,NA,NA
11631,-0.839190483093262,0.543837666511536,-0.545871317386627,-1.78911280632019
11632,-0.770877838134766,0.636983096599579,0.526439309120178,2.04807615280151
11633,NA,NA,NA,NA
11634,-0.563978791236877,-0.825789332389832,-0.343607783317566,-1.87765276432037
11635,-0.441834509372711,-0.897096633911133,-0.426986455917358,0.151342198252678
11636,NA,NA,NA,NA
11637,-0.702486872673035,0.711696743965149,-0.740224003791809,-1.53123712539673
11638,NA,NA,NA,NA
11639,-0.58783358335495,0.808981955051422,-0.399895370006561,-1.82232797145844
11640,-0.605437815189362,0.795892655849457,0.370298027992249,1.84799206256866
11641,-0.605437815189362,0.795892655849457,0.370298027992249,1.84799206256866
11642,-0.601409316062927,0.798941135406494,-0.358952134847641,-1.82044816017151
11643,-0.605437815189362,0.795892655849457,0.370298027992249,1.84799206256866
11644,0.718828856945038,0.271729439496994,0.578031480312347,1.48185622692108
11645,0.627196192741394,0.721033573150635,0.518612802028656,1.5131014585495
11646,0.836487054824829,-0.547986745834351,0.620698273181915,1.3691885471344
11647,0.418437927961349,-0.908245444297791,0.698252499103546,0.421439498662949
11648,0.566567838191986,0.153585001826286,0.697239995002747,0.47668781876564
11649,0.505533277988434,-0.862807154655457,0.486864775419235,1.5960978269577
11650,NA,NA,NA,NA
11651,-0.0631754398345947,-0.998002469539642,-0.0237587913870811,-0.506239235401154
11652,0.405565649271011,-0.914065957069397,0.258072018623352,0.84169214963913
11653,0.419279605150223,-0.907857239246368,0.4831303358078,1.35569608211517
11654,0.607353806495667,0.715205788612366,0.399797767400742,1.72408926486969
11655,-0.99444454908371,0.105262443423271,-0.60332202911377,2.2249174118042
11656,0.682159721851349,0.194458827376366,0.684572160243988,0.677038729190826
11657,0.290196448564529,-0.956967115402222,0.270070254802704,0.752732157707214
11658,-0.778042912483215,0.628211200237274,0.202605396509171,1.76907455921173
11659,-0.646305918693542,0.763078451156616,0.226574599742889,1.41741287708282
11660,-0.541882753372192,0.840454161167145,0.300319910049438,1.83739233016968
11661,0.595650970935822,-0.803243458271027,0.369332045316696,1.91264629364014
11662,-0.557368278503418,0.830265462398529,-0.262001186609268,-1.49912881851196
11663,0.0470926575362682,-9.08682122826576e-05,0.139817968010902,1.53575003147125
11664,-0.841395437717438,0.540420055389404,-0.463769823312759,-1.8341418504715
11665,-0.482221454381943,0.876049399375916,-0.338856548070908,-1.77375721931458
11666,-0.12055404484272,0.0728081092238426,0.851977705955505,0.913498342037201
11667,-0.577735066413879,0.81622439622879,-0.376695245504379,-1.72175526618958
11668,-0.594592869281769,0.804027020931244,0.280444711446762,1.55758476257324
11669,-0.601311862468719,0.799014508724213,0.259281754493713,1.99116265773773
11670,NA,NA,NA,NA
11671,NA,NA,NA,NA
11672,NA,NA,NA,NA
11673,0.963249504566193,0.268608570098877,1.91344153881073,-1.2437629699707
11674,NA,NA,NA,NA
11675,-0.730639576911926,0.682763397693634,0.442201256752014,1.90425062179565
11676,NA,NA,NA,NA
11677,NA,NA,NA,NA
11678,NA,NA,NA,NA
11679,NA,NA,NA,NA
11680,NA,NA,NA,NA
11681,0.429904758930206,-0.902874290943146,0.220049753785133,0.467427998781204
11682,0.844161629676819,-0.536088824272156,0.380741149187088,0.831709980964661
11683,0.357111811637878,-0.934061706066132,0.290728271007538,0.319071292877197
11684,0.456227660179138,-0.889863133430481,0.320298492908478,0.149150848388672
11685,0.327250778675079,-0.944937586784363,0.428469270467758,0.376623570919037
11686,-0.735699951648712,0.677307665348053,0.306042402982712,1.76098167896271
11687,0.958460867404938,-0.285224288702011,0.772173464298248,1.74221670627594
11688,0.533469617366791,-0.845819294452667,0.39802747964859,1.83814632892609
11689,-0.66107165813446,0.750322818756104,-0.427366673946381,-1.86078286170959
11690,-0.678813934326172,0.734310388565063,0.374323964118958,1.88590455055237
11691,-0.0742797031998634,-0.0555643774569035,-0.0842425748705864,-2.01481103897095
11692,0.554119229316711,-0.8324373960495,0.377134025096893,1.87016892433167
11693,-0.705316305160522,0.708892822265625,-0.234047025442123,-1.0320817232132
11694,-0.664701998233795,0.747108638286591,0.31999260187149,1.83368062973022
11695,NA,NA,NA,NA
11696,NA,NA,NA,NA
11697,0.648439586162567,0.324602335691452,0.400465279817581,1.67233109474182
11698,NA,NA,NA,NA
11699,0.41808345913887,-0.433204114437103,-0.169073939323425,-0.994336009025574
11700,0.559999346733093,-0.828493118286133,0.391929864883423,1.74272394180298
11701,0.395357251167297,-0.348375767469406,-0.185022786259651,-1.06482374668121
11702,-0.584169268608093,0.811631917953491,0.20800869166851,1.38641226291656
11703,NA,NA,NA,NA
11704,0.561627566814423,-0.827390253543854,-0.240919277071953,-1.29338383674622
11705,NA,NA,NA,NA
11706,0.375113159418106,-0.35643270611763,-0.181174173951149,-1.00399446487427
11707,NA,NA,NA,NA
11708,0.313598722219467,-0.215511798858643,0.301485478878021,1.50332641601562
11709,0.989223480224609,-0.146413922309875,0.714085757732391,1.6964066028595
11710,NA,NA,NA,NA
11711,-0.690476179122925,0.723355233669281,0.293986439704895,0.87401008605957
11712,-0.775840997695923,0.630928575992584,0.17891538143158,1.79670977592468
11713,0.868106663227081,-0.496377766132355,0.272296398878098,0.56290876865387
11714,-0.731033623218536,0.682341516017914,-0.641929268836975,-1.56204867362976
11715,0.679322242736816,0.61656129360199,0.316152155399323,1.30806016921997
11716,-0.761430084705353,0.648247122764587,-0.521910429000854,-1.63917684555054
11717,NA,NA,NA,NA
11718,0.749900698661804,0.517149865627289,0.363938957452774,1.52869880199432
11719,0.749900698661804,0.517149865627289,0.363938957452774,1.52869880199432
11720,0.708703637123108,0.504023432731628,0.337387800216675,1.30932426452637
11721,0.749900698661804,0.517149865627289,0.363938957452774,1.52869880199432
11722,0.708703637123108,0.504023432731628,0.337387800216675,1.30932426452637
11723,0.749900698661804,0.517149865627289,0.363938957452774,1.52869880199432
11724,-0.110797874629498,0.993843019008636,-0.199098110198975,1.23994588851929
11725,0.723178803920746,0.486205190420151,0.344393998384476,1.34481358528137
11726,0.42779353260994,-0.903876543045044,0.267783105373383,0.174092352390289
11727,0.751249670982361,0.176496744155884,0.374869346618652,1.15727233886719
11728,0.316820204257965,-0.948485672473907,0.260926812887192,0.0364890918135643
11729,0.168932631611824,-0.9856276512146,0.556913673877716,-0.0675123855471611
11730,-0.831602692604065,0.555371165275574,-1.13480317592621,2.93623948097229
11731,NA,NA,NA,NA
11732,-0.994287252426147,-0.10673750191927,-0.196651011705399,-0.636634111404419
11733,NA,NA,NA,NA
11734,NA,NA,NA,NA
11735,NA,NA,NA,NA
11736,NA,NA,NA,NA
11737,0.317315310239792,0.948320150375366,-0.0148781929165125,0.150610148906708
11738,NA,NA,NA,NA
11739,-0.0341145843267441,-0.999417960643768,-0.0232995357364416,-0.779138803482056
11740,-0.433454990386963,-0.699219286441803,0.737699270248413,1.77422761917114
11741,NA,NA,NA,NA
11742,NA,NA,NA,NA
11743,-0.884165585041046,0.467173784971237,0.476487934589386,1.88446187973022
11744,-0.84592193365097,0.533306837081909,0.536034345626831,1.66801595687866
11745,NA,NA,NA,NA
11746,-0.839170157909393,0.543869078159332,-0.537191867828369,-1.76031970977783
11747,-0.852727174758911,0.522356629371643,-0.343674957752228,-0.985860049724579
11748,-0.822897791862488,-0.56818950176239,-0.0419068224728107,-1.15420973300934
11749,NA,NA,NA,NA
11750,NA,NA,NA,NA
11751,NA,NA,NA,NA
11752,NA,NA,NA,NA
11753,NA,NA,NA,NA
11754,NA,NA,NA,NA
11755,0.365488529205322,-0.930815935134888,0.162577375769615,0.484739929437637
11756,-0.841880559921265,0.539664030075073,1.40802991390228,-1.63059449195862
11757,NA,NA,NA,NA
11758,NA,NA,NA,NA
11759,NA,NA,NA,NA
11760,0.957918703556061,-0.287039756774902,0.867190182209015,1.80504214763641
11761,0.975241124629974,-0.221144393086433,0.966489255428314,2.20548915863037
11762,-0.0528192222118378,0.998604118824005,-0.0749817788600922,-0.199913322925568
11763,-0.22150819003582,-0.97515857219696,-0.127869740128517,0.483692646026611
11764,0.203278586268425,-0.979120969772339,0.289081931114197,-0.233588814735413
11765,0.407170534133911,-0.913352191448212,0.666608870029449,0.547766983509064
11766,-0.138053745031357,-0.990424811840057,-0.156778320670128,0.146796882152557
11767,0.134127393364906,-0.99096417427063,0.261702954769135,-0.320983022451401
11768,0.858282327651978,-0.513177871704102,0.248955816030502,0.355686724185944
11769,0.0104872630909085,-0.999945044517517,0.196342960000038,-0.246853247284889
11770,-0.182605639100075,-0.983186304569244,0.257645517587662,-0.49360129237175
11771,0.142671570181847,-0.989770114421844,-0.0859805941581726,-0.47422268986702
11772,0.11074473708868,-0.993848919868469,0.194429278373718,0.358096390962601
11773,NA,NA,NA,NA
11774,-0.0349395461380482,-0.999389469623566,-0.14647801220417,-0.0678864717483521
11775,-0.894579231739044,0.446909487247467,-0.333077549934387,1.40596961975098
11776,0.972603559494019,0.232470273971558,0.265823692083359,0.538832366466522
11777,0.103950709104538,-0.994582533836365,0.186181381344795,-0.00365020148456097
11778,0.100847259163857,-0.994901955127716,0.174991130828857,0.0372980274260044
11779,0.183484390377998,-0.983022689819336,0.181889578700066,0.128024742007256
11780,0.231999948620796,-0.972715854644775,0.186994478106499,0.124617367982864
11781,0.182673394680023,-0.983173727989197,-0.148305460810661,-0.00698129879310727
11782,0.386638700962067,-0.922231316566467,0.191972494125366,0.151451244950294
11783,0.979238271713257,0.202712774276733,0.304532945156097,0.743175625801086
11784,0.985695481300354,0.168536454439163,0.264113008975983,0.53713858127594
11785,0.159905835986137,-0.98713231086731,0.179304197430611,-0.155036106705666
11786,0.161136016249657,-0.986932277679443,0.169722735881805,-0.124757379293442
11787,0.210789620876312,-0.977531492710114,0.0961402580142021,0.057672668248415
11788,0.116474382579327,-0.993193745613098,-0.12180233746767,-0.0265753474086523
11789,0.0847755819559097,-0.996400117874146,0.219506785273552,-0.258465826511383
11790,-0.738092660903931,0.674699425697327,-0.294134736061096,-0.695528447628021
11791,-0.878492057323456,0.477757036685944,-0.486883938312531,-1.94531190395355
11792,-0.882891178131104,0.469577729701996,-0.423976480960846,-2.11145758628845
11793,-0.818515658378601,0.574484288692474,-0.661921620368958,-1.69575667381287
11794,-0.810961484909058,0.585099637508392,-0.480885624885559,-1.98330080509186
11795,0.859842896461487,-0.510558843612671,0.224810063838959,-0.0430646874010563
11796,0.0532544068992138,0.906508028507233,0.00794672314077616,-0.555873155593872
11797,0.132030546665192,-0.991245687007904,0.26504197716713,-0.228257209062576
11798,0.856095194816589,-0.516818284988403,-0.227560669183731,0.285503834486008
11799,NA,NA,NA,NA
11800,NA,NA,NA,NA
11801,-0.88756138086319,0.460689604282379,-0.619960367679596,-1.76493465900421
11802,-0.474586993455887,-0.307049512863159,-0.495292097330093,-1.55510687828064
11803,NA,NA,NA,NA
11804,0.49029615521431,-0.871555924415588,0.474078327417374,1.03532838821411
11805,0.38336518406868,-0.882954657077789,0.58676141500473,0.887413859367371
11806,0.393205791711807,0.518318772315979,0.192829862236977,1.20096588134766
11807,NA,NA,NA,NA
11808,NA,NA,NA,NA
11809,NA,NA,NA,NA
11810,-0.818431794643402,-0.574603796005249,-0.324643075466156,-2.18494415283203
11811,-0.485443025827408,-0.160500198602676,0.508795619010925,1.44601726531982
11812,-0.799069046974182,0.601239323616028,-0.201603353023529,-1.49398064613342
11813,-0.0492991097271442,0.273552387952805,0.285218477249146,0.123103745281696
11814,NA,NA,NA,NA
11815,-0.560874700546265,0.827900767326355,0.158305212855339,0.818335294723511
11816,-0.53286612033844,0.846199631690979,0.304308265447617,1.75062799453735
11817,-0.0413172394037247,-0.313445001840591,0.646829664707184,1.07055616378784
11818,-0.449589133262634,0.893235504627228,0.321146130561829,1.79962074756622
11819,0.536389589309692,-0.843970537185669,0.475790321826935,1.54518103599548
11820,0.136040806770325,-0.706170678138733,0.658857464790344,0.633773326873779
11821,0.459922164678574,-0.734368920326233,0.65970778465271,0.864133656024933
11822,-0.794568359851837,-0.394207239151001,-0.20387202501297,-0.703371167182922
11823,-0.788437485694885,-0.456601351499557,-0.185056999325752,-0.983828186988831
11824,-0.788469195365906,0.615074336528778,-0.523268103599548,-1.73315489292145
11825,-0.483128905296326,-0.233840152621269,-0.449370235204697,-1.69078016281128
11826,NA,NA,NA,NA
11827,NA,NA,NA,NA
11828,NA,NA,NA,NA
11829,0.123502671718597,0.626587986946106,0.0694381296634674,1.59734070301056
11830,0.284874469041824,-0.958564877510071,0.70884096622467,-0.350337594747543
11831,NA,NA,NA,NA
11832,0.359694361686707,-0.933070242404938,0.487424433231354,0.515205383300781
11833,0.356620192527771,-0.934249520301819,0.492828726768494,0.582093119621277
11834,0.322586327791214,-0.946540117263794,0.604106783866882,0.502735435962677
11835,0.176425009965897,0.231743991374969,0.471591860055923,1.56238031387329
11836,0.471851944923401,-0.881677865982056,0.516148388385773,1.513059258461
11837,0.125744178891182,0.338202267885208,0.507120370864868,1.58636462688446
11838,NA,NA,NA,NA
11839,0.406904757022858,-0.91347062587738,0.581203997135162,1.3685554265976
11840,0.465451419353485,-0.885073482990265,0.668567180633545,0.713365495204926
11841,-0.538402020931244,0.359703063964844,-0.326771169900894,1.31834053993225
11842,0.0464569516479969,0.167110785841942,0.420110255479813,1.71281611919403
11843,0.439973294734955,-0.898010909557343,0.495521008968353,1.52004587650299
11844,0.858243048191071,-0.513243615627289,0.360684365034103,0.473132729530334
11845,0.999262273311615,-0.0384055711328983,1.15911996364594,2.59321904182434
11846,0.526680409908295,-0.850063443183899,0.418290376663208,1.68773293495178
11847,0.499058485031128,-0.542553603649139,0.372306257486343,0.911587297916412
11848,0.532358109951019,-0.846519291400909,0.423820376396179,1.7095593214035
11849,0.410873055458069,-0.91169261932373,0.492811918258667,1.53801608085632
11850,0.0444283001124859,0.164432182908058,0.417995512485504,1.67312109470367
11851,0.526680409908295,-0.850063443183899,0.418290376663208,1.68773293495178
11852,0.255492568016052,0.419163197278976,0.481914520263672,1.63840126991272
11853,0.532358109951019,-0.846519291400909,0.423820376396179,1.7095593214035
11854,0.0464569516479969,0.167110785841942,0.420110255479813,1.71281611919403
11855,0.567027807235718,-0.705526411533356,0.484729319810867,1.22800672054291
11856,0.0513615608215332,0.158865973353386,0.427379935979843,1.71047735214233
11857,0.0309154875576496,0.202104464173317,0.436973094940186,1.72662746906281
11858,0.785686135292053,-0.618625402450562,0.441840767860413,0.944425344467163
11859,-0.0090063065290451,0.313015103340149,0.421233117580414,1.69257211685181
11860,-0.713404178619385,0.700752854347229,0.54089891910553,1.72241246700287
11861,0.0697885230183601,0.127390265464783,0.2913858294487,1.83788347244263
11862,-0.70474249124527,0.709463238716125,0.530008912086487,1.83248043060303
11863,-0.482055693864822,0.876140654087067,0.533959805965424,1.51571571826935
11864,-0.726519286632538,0.687146127223969,0.45579269528389,1.75434160232544
11865,-0.156637638807297,0.584689855575562,0.238690882921219,1.7677309513092
11866,0.515401244163513,-0.856949031352997,0.453011453151703,1.7444896697998
11867,0.52146178483963,-0.853274703025818,0.430983036756516,1.67534875869751
11868,0.139523848891258,-0.217032551765442,0.777989447116852,1.6895956993103
11869,0.51409775018692,-0.857731640338898,0.298523366451263,0.155541986227036
11870,0.478393852710724,-0.677474498748779,0.367246299982071,1.05478739738464
11871,0.52146178483963,-0.853274703025818,0.430983036756516,1.67534875869751
11872,0.0309154875576496,0.202104464173317,0.436973094940186,1.72662746906281
11873,0.515401244163513,-0.856949031352997,0.453011453151703,1.7444896697998
11874,-0.0238233134150505,0.351073533296585,0.410294562578201,1.70434772968292
11875,0.526102900505066,-0.850421011447906,0.447023421525955,1.7743843793869
11876,0.150341346859932,0.14012947678566,0.224152654409409,1.86869716644287
11877,-0.049132913351059,0.425879269838333,0.409237295389175,1.76901268959045
11878,0.413474261760712,-0.577310085296631,0.281051486730576,0.676316380500793
11879,0.0309154875576496,0.202104464173317,0.436973094940186,1.72662746906281
11880,0.515401244163513,-0.856949031352997,0.453011453151703,1.7444896697998
11881,0.0272037200629711,0.223253846168518,0.432136654853821,1.74317932128906
11882,0.0309154875576496,0.202104464173317,0.436973094940186,1.72662746906281
11883,0.0309154875576496,0.202104464173317,0.436973094940186,1.72662746906281
11884,0.0309154875576496,0.202104464173317,0.436973094940186,1.72662746906281
11885,-0.162768617272377,0.584901034832001,0.238437831401825,1.75952172279358
11886,0.0309154875576496,0.202104464173317,0.436973094940186,1.72662746906281
11887,0.0309154875576496,0.202104464173317,0.436973094940186,1.72662746906281
11888,NA,NA,NA,NA
11889,0.0567629523575306,0.168135941028595,0.422670155763626,1.70648503303528
11890,0.999934136867523,0.0114844972267747,0.928043305873871,2.33854460716248
11891,NA,NA,NA,NA
11892,-0.031519778072834,0.657002329826355,-0.090955525636673,1.92713451385498
11893,NA,NA,NA,NA
11894,NA,NA,NA,NA
11895,NA,NA,NA,NA
11896,NA,NA,NA,NA
11897,0.0371866077184677,-0.226074501872063,0.701308131217957,0.451761811971664
11898,0.928780436515808,0.370630621910095,0.170502051711082,0.0663992464542389
11899,NA,NA,NA,NA
11900,0.0582691952586174,0.200403392314911,0.133637204766273,-0.181281313300133
11901,NA,NA,NA,NA
11902,NA,NA,NA,NA
11903,NA,NA,NA,NA
11904,NA,NA,NA,NA
11905,NA,NA,NA,NA
11906,0.458875358104706,-0.888500690460205,0.420169711112976,1.53444385528564
11907,NA,NA,NA,NA
11908,-0.808967053890228,0.587854087352753,-0.720927298069,-0.313392251729965
11909,NA,NA,NA,NA
11910,NA,NA,NA,NA
11911,NA,NA,NA,NA
11912,NA,NA,NA,NA
11913,NA,NA,NA,NA
11914,NA,NA,NA,NA
11915,NA,NA,NA,NA
11916,NA,NA,NA,NA
11917,NA,NA,NA,NA
11918,NA,NA,NA,NA
11919,-0.82556414604187,0.564308404922485,0.449591279029846,1.99893176555634
11920,-0.510891377925873,0.859645366668701,0.207025140523911,0.775560319423676
11921,0.420989722013474,-0.907065451145172,0.321326613426208,1.18249452114105
11922,NA,NA,NA,NA
11923,0.497248500585556,-0.867608249187469,0.350108683109283,1.63631725311279
11924,0.494182020425797,-0.869358539581299,0.32651674747467,1.53974640369415
11925,0.580518126487732,-0.814247369766235,0.358803898096085,1.91541397571564
11926,0.989904701709747,0.141734749078751,1.66736400127411,1.52992224693298
11927,0.400530189275742,-0.91628360748291,0.392143368721008,1.75842094421387
11928,NA,NA,NA,NA
11929,NA,NA,NA,NA
11930,NA,NA,NA,NA
11931,-0.571564614772797,0.820557117462158,0.38151878118515,1.69983434677124
11932,-0.224712640047073,-0.115272842347622,0.711597681045532,0.286698162555695
11933,NA,NA,NA,NA
11934,NA,NA,NA,NA
11935,-0.586704850196838,0.809800922870636,0.321631669998169,1.72910463809967
11936,-0.58550614118576,0.810668051242828,0.191970244050026,1.22546339035034
11937,-0.127896785736084,-0.991787552833557,0.736442744731903,0.220575198531151
11938,NA,NA,NA,NA
11939,NA,NA,NA,NA
11940,NA,NA,NA,NA
11941,NA,NA,NA,NA
11942,NA,NA,NA,NA
11943,NA,NA,NA,NA
11944,NA,NA,NA,NA
11945,NA,NA,NA,NA
11946,NA,NA,NA,NA
11947,NA,NA,NA,NA
11948,NA,NA,NA,NA
11949,NA,NA,NA,NA
11950,NA,NA,NA,NA
11951,NA,NA,NA,NA
11952,NA,NA,NA,NA
11953,NA,NA,NA,NA
11954,-0.233475089073181,0.972362816333771,-0.207019373774529,0.467705875635147
11955,NA,NA,NA,NA
11956,NA,NA,NA,NA
11957,0.669055819511414,-0.743212223052979,0.647352576255798,0.83351194858551
11958,NA,NA,NA,NA
11959,NA,NA,NA,NA
11960,0.573069334030151,0.334282964468002,0.566296100616455,1.38181602954865
11961,-0.133993670344353,0.990982234477997,-0.0816314592957497,1.00731551647186
11962,0.171797424554825,-0.985132336616516,0.640391886234283,1.0717761516571
11963,NA,NA,NA,NA
11964,0.467470914125443,-0.884008526802063,0.219086214900017,-0.108298912644386
11965,NA,NA,NA,NA
11966,NA,NA,NA,NA
11967,NA,NA,NA,NA
11968,-0.824246823787689,0.566230773925781,0.174057006835938,1.16248714923859
11969,-0.725796937942505,0.687909066677094,-0.561555624008179,-1.54979634284973
11970,-0.69188779592514,0.722005128860474,0.769481062889099,2.72394204139709
11971,0.699128150939941,-0.714996457099915,0.239240050315857,0.139148190617561
11972,NA,NA,NA,NA
11973,NA,NA,NA,NA
11974,NA,NA,NA,NA
11975,NA,NA,NA,NA
11976,-0.983740389347076,-0.179596602916718,-0.356279313564301,0.312533646821976
11977,0.999987602233887,0.004988017026335,0.694336175918579,1.47750282287598
11978,0.999981105327606,0.0061536580324173,0.695082247257233,1.50895190238953
11979,-0.729086518287659,0.684421598911285,0.670122504234314,2.33439660072327
11980,NA,NA,NA,NA
11981,-0.35252434015274,-0.935802698135376,0.343299210071564,0.0122598148882389
11982,-0.330733418464661,0.767873704433441,0.116657949984074,0.365271508693695
11983,NA,NA,NA,NA
11984,NA,NA,NA,NA
11985,NA,NA,NA,NA
11986,-0.72985851764679,0.683598339557648,0.297340631484985,0.626965701580048
11987,-0.763757109642029,0.6455038189888,0.696860909461975,1.47464299201965
11988,-0.633124113082886,0.774050354957581,-0.213891535997391,-0.0305230356752872
11989,-0.483089536428452,-0.875571012496948,0.679499208927155,0.606015741825104
11990,-0.833520829677582,-0.14636018872261,-1.52207314968109,-2.54974555969238
11991,-0.600412607192993,-0.799690425395966,0.14371944963932,1.04893946647644
11992,-0.53040075302124,0.847747087478638,-0.259472966194153,0.118840210139751
11993,NA,NA,NA,NA
11994,0.317481100559235,-0.39315938949585,0.683282494544983,-0.454201847314835
11995,0.337293714284897,-0.622269690036774,0.686528623104095,-0.399121016263962
11996,-0.475570499897003,0.879677653312683,-0.166418462991714,-0.700211584568024
11997,-0.498542070388794,0.866865575313568,0.166524156928062,0.618374705314636
11998,-0.142014294862747,-0.566726744174957,-1.32854986190796,-0.252229690551758
11999,0.317798167467117,-0.948158442974091,0.239151626825333,0.742832839488983
12000,-0.142014294862747,-0.566726744174957,-1.32854986190796,-0.252229690551758
12001,0.252523690462112,-0.967590749263763,0.209711641073227,0.571408629417419
12002,-0.261255621910095,-0.965269684791565,-0.246754601597786,-0.186599716544151
12003,-0.334664195775986,-0.942337512969971,0.715254485607147,0.217980772256851
12004,-0.6995649933815,0.714569091796875,-0.184271708130836,-0.646133840084076
12005,-0.311359256505966,-0.445173412561417,0.722953319549561,0.306270360946655
12006,-0.223238795995712,-0.974763870239258,-1.05514335632324,-0.412748783826828
12007,0.180077776312828,-0.983652412891388,0.458619654178619,1.56049513816833
12008,NA,NA,NA,NA
12009,-0.751052677631378,0.6602423787117,-0.357124805450439,-1.7740513086319
12010,-0.0366899333894253,-0.999326765537262,0.64253306388855,1.03595638275146
12011,NA,NA,NA,NA
12012,-0.67294454574585,0.73969304561615,0.670793473720551,2.01971817016602
12013,-0.206128478050232,-0.97852498292923,-0.280210345983505,-0.258238941431046
12014,NA,NA,NA,NA
12015,-0.208510428667068,-0.978020191192627,-0.322249710559845,-0.34160441160202
12016,NA,NA,NA,NA
12017,NA,NA,NA,NA
12018,-0.45709028840065,0.889420330524445,-0.279298156499863,0.251502066850662
12019,0.668923079967499,-0.0759608894586563,1.35788369178772,0.745613038539886
12020,NA,NA,NA,NA
12021,-0.171391412615776,0.985203087329865,-0.412352979183197,1.09708297252655
12022,NA,NA,NA,NA
12023,NA,NA,NA,NA
12024,-0.52801126241684,0.849237442016602,0.465047419071198,1.71766304969788
12025,NA,NA,NA,NA
12026,NA,NA,NA,NA
12027,-0.443414688110352,0.479877233505249,-0.312561899423599,-0.188775151968002
12028,0.1324323117733,-0.991098046302795,0.344245404005051,-0.0205068085342646
12029,-0.453405350446701,-0.891304492950439,-0.0496816858649254,-0.595565557479858
12030,-0.456797480583191,-0.889570772647858,-0.407321512699127,-0.0875762701034546
12031,0.256754368543625,-0.903642952442169,-0.117160610854626,-1.96554231643677
12032,NA,NA,NA,NA
12033,NA,NA,NA,NA
12034,-0.767293095588684,-0.0148257147520781,-0.720053672790527,-0.194064855575562
12035,NA,NA,NA,NA
12036,-0.0644230246543884,0.27940446138382,-0.709092140197754,-0.19964525103569
12037,0.619999408721924,-0.302646458148956,0.669799149036407,1.31721818447113
12038,0.106352634727955,-0.994328498840332,-0.561064660549164,-0.979026138782501
12039,0.241718545556068,-0.970346450805664,-0.414158165454865,-1.38835990428925
12040,-0.534854590892792,0.844944179058075,0.195496752858162,0.648152828216553
12041,NA,NA,NA,NA
12042,0.496793150901794,-0.867869019508362,0.572621703147888,1.34379887580872
12043,0.0761040598154068,0.997099936008453,0.0629346445202827,0.717442095279694
12044,-0.690311312675476,0.723512530326843,0.219735205173492,0.971566736698151
12045,-0.741971075534821,0.670431971549988,0.506918966770172,1.78708350658417
12046,-0.443811058998108,0.00417006574571133,0.185993075370789,0.583892285823822
12047,-0.725061416625977,0.688684284687042,0.213288515806198,0.71965616941452
12048,NA,NA,NA,NA
12049,NA,NA,NA,NA
12050,-0.705041468143463,0.709166169166565,0.160541579127312,0.78009819984436
12051,0.471855401992798,0.881676018238068,0.107416607439518,0.911204040050507
12052,NA,NA,NA,NA
12053,0.28495991230011,0.535454630851746,0.378439962863922,1.83735549449921
12054,0.294174045324326,-0.955751955509186,0.229857757687569,0.262951731681824
12055,0.527983248233795,-0.849254727363586,0.338000506162643,0.743279695510864
12056,0.184980273246765,-0.937058806419373,0.301962018013,0.0532515943050385
12057,0.361367017030716,-0.932423710823059,0.238143801689148,0.442953437566757
12058,0.496629476547241,-0.867962718009949,0.343012273311615,0.28767666220665
12059,0.270055532455444,0.116888463497162,0.685794293880463,0.696432530879974
12060,0.389878273010254,0.0462111495435238,0.677145838737488,-1.02070474624634
12061,0.318967491388321,-0.211673021316528,0.600530803203583,-1.1980744600296
12062,0.574865400791168,-0.00246740458533168,0.759955823421478,-0.0542579106986523
12063,0.588042020797729,-0.808830440044403,0.677748560905457,0.707622408866882
12064,0.28924024105072,-0.338629066944122,0.672668755054474,-0.253015100955963
12065,0.45048463344574,-0.892784237861633,0.457961589097977,0.917090892791748
12066,0.621676921844482,0.783273875713348,-0.020742230117321,0.0431492514908314
12067,-0.819314897060394,0.573343873023987,-0.240395754575729,1.4181672334671
12068,0.633293092250824,-0.773912131786346,0.379398852586746,0.872083902359009
12069,-0.781038165092468,-0.279711961746216,-0.710635006427765,-0.676288187503815
12070,-0.790081441402435,0.0038159117102623,-1.13732290267944,-0.461844265460968
12071,0.981072962284088,-0.193638741970062,1.35956120491028,1.77265274524689
12072,-0.551092684268951,0.834444105625153,0.167756721377373,0.735212743282318
12073,-0.607912063598633,0.794004440307617,0.138536885380745,0.736536264419556
12074,-0.627784967422485,0.778386890888214,0.660948216915131,0.993912994861603
12075,0.200035348534584,-0.259676069021225,0.223228499293327,0.12139792740345
12076,0.507625222206116,-0.861578047275543,0.31970739364624,0.401623070240021
12077,-0.640153229236603,0.232545867562294,-1.21344816684723,-1.03976666927338
12078,-0.0991667732596397,-0.99507087469101,-0.243749052286148,-0.165111154317856
12079,NA,NA,NA,NA
12080,NA,NA,NA,NA
12081,0.268319398164749,-0.963330090045929,0.675344467163086,-0.670198500156403
12082,NA,NA,NA,NA
12083,NA,NA,NA,NA
12084,NA,NA,NA,NA
12085,NA,NA,NA,NA
12086,NA,NA,NA,NA
12087,NA,NA,NA,NA
12088,0.231724604964256,-0.972781479358673,0.645674824714661,-0.851238429546356
12089,NA,NA,NA,NA
12090,NA,NA,NA,NA
12091,NA,NA,NA,NA
12092,0.575431287288666,-0.817850172519684,0.182463005185127,0.148174986243248
12093,0.999170124530792,0.0407328307628632,1.34140419960022,1.86015892028809
12094,0.821107268333435,-0.570773959159851,0.15367528796196,-0.141350358724594
12095,0.0603266656398773,0.998178720474243,-0.0230839252471924,0.856882333755493
12096,-0.772476315498352,0.635043621063232,-1.03776383399963,-1.7865914106369
12097,NA,NA,NA,NA
12098,NA,NA,NA,NA
12099,NA,NA,NA,NA
12100,NA,NA,NA,NA
12101,NA,NA,NA,NA
12102,NA,NA,NA,NA
12103,0.445248007774353,-0.895407319068909,0.16990739107132,-0.147334679961205
12104,0.0885691866278648,-0.751186370849609,0.196782097220421,0.278523951768875
12105,0.531288325786591,-0.847191154956818,0.160407811403275,0.718186259269714
12106,-0.336297690868378,0.941755771636963,0.133113533258438,0.568579494953156
12107,-0.461240977048874,0.887274980545044,0.15468268096447,0.782207190990448
12108,-0.730880737304688,0.682505309581757,0.102053426206112,0.746873617172241
12109,0.325579255819321,-0.0899421870708466,0.256926149129868,1.05161452293396
12110,0.264711409807205,-0.0336138196289539,0.860166311264038,2.39431428909302
12111,0.405420273542404,-0.914130449295044,0.263508081436157,0.149142324924469
12112,0.814683973789215,-0.579905271530151,0.265340447425842,-0.0733521580696106
12113,0.673825144767761,0.738890945911407,-0.0904103741049767,0.169365018606186
12114,NA,NA,NA,NA
12115,-0.981010437011719,0.19395512342453,-0.231406942009926,-0.064715102314949
12116,-0.647291719913483,0.762242436408997,-0.197109788656235,0.17431116104126
12117,-0.186462417244911,0.982462167739868,-0.256430566310883,0.56173837184906
12118,-0.305557698011398,0.952173590660095,-0.225694075226784,0.428797960281372
12119,-0.410526961088181,0.911848485469818,-0.197669148445129,0.558911859989166
12120,-0.870262145996094,0.492588937282562,-0.175093561410904,0.257136613130569
12121,NA,NA,NA,NA
12122,0.0831101164221764,0.996540427207947,-0.0301293600350618,-0.170617938041687
12123,-0.755936861038208,-0.65464460849762,0.417107433080673,-1.17471373081207
12124,NA,NA,NA,NA
12125,-0.755936861038208,-0.65464460849762,0.417107433080673,-1.17471373081207
12126,-0.755936861038208,-0.65464460849762,0.417107433080673,-1.17471373081207
12127,-0.755936861038208,-0.65464460849762,0.417107433080673,-1.17471373081207
12128,-0.755936861038208,-0.65464460849762,0.417107433080673,-1.17471373081207
12129,NA,NA,NA,NA
12130,NA,NA,NA,NA
12131,NA,NA,NA,NA
12132,0.620336294174194,0.784335911273956,0.505004584789276,2.27911734580994
12133,-0.620639145374298,0.784096360206604,0.144100815057755,0.515075087547302
12134,-0.247234180569649,-0.214848607778549,0.246166750788689,-0.0535668917000294
12135,-0.109397932887077,-0.431687325239182,0.162462681531906,0.326162099838257
12136,-0.802319943904877,-0.378988057374954,-0.69058084487915,-0.577511548995972
12137,NA,NA,NA,NA
12138,NA,NA,NA,NA
12139,NA,NA,NA,NA
12140,-0.860080063343048,0.510159194469452,0.0100784618407488,-0.167489930987358
12141,-0.408129751682281,-0.912923991680145,-0.126516848802567,-0.106053665280342
12142,0.998710453510284,0.0507693886756897,1.61373841762543,-2.02699780464172
12143,-0.626066625118256,0.660139083862305,-0.783978223800659,-0.213042289018631
12144,-0.693408608436584,0.130450561642647,-1.42427217960358,-1.82423448562622
12145,-0.690307915210724,0.223220765590668,-1.31321346759796,-2.04366230964661
12146,0.344007581472397,-0.203398197889328,1.09516191482544,0.209304109215736
12147,0.40216925740242,-0.915565431118011,0.204591512680054,0.653775811195374
12148,0.15653270483017,-0.987672865390778,0.201401755213737,0.330470055341721
12149,0.535531222820282,-0.84451550245285,0.268932789564133,0.899043023586273
12150,NA,NA,NA,NA
12151,0.701786816120148,-0.0098071051761508,0.454564869403839,1.36752092838287
12152,-0.0796645060181618,0.930559098720551,0.0532272681593895,1.06706130504608
12153,-0.682714700698853,0.730685114860535,0.106664732098579,0.840386748313904
12154,NA,NA,NA,NA
12155,NA,NA,NA,NA
12156,NA,NA,NA,NA
12157,NA,NA,NA,NA
12158,-0.900643885135651,0.434558004140854,-1.10041677951813,-2.7268762588501
12159,-0.8400759100914,0.542469024658203,-1.15523374080658,-2.42047071456909
12160,NA,NA,NA,NA
12161,NA,NA,NA,NA
12162,NA,NA,NA,NA
12163,-0.606528997421265,-0.40393990278244,-1.21234023571014,-1.10181081295013
12164,NA,NA,NA,NA
12165,-0.490961104631424,0.871181547641754,-0.204919457435608,-0.254114598035812
12166,-0.0606099218130112,-0.998161554336548,-0.145193517208099,-0.677405476570129
12167,-0.584225654602051,0.141354709863663,-1.33727240562439,-1.44691300392151
12168,NA,NA,NA,NA
12169,NA,NA,NA,NA
12170,-0.699006736278534,-0.122936837375164,-0.950266361236572,-0.111540205776691
12171,0.739277362823486,-0.175595715641975,0.860201001167297,1.84938228130341
12172,NA,NA,NA,NA
12173,NA,NA,NA,NA
12174,-0.614851355552673,0.788643062114716,0.213906869292259,0.734093844890594
12175,0.393680989742279,-0.919247150421143,0.103113979101181,0.648046314716339
12176,-0.639061093330383,0.769156038761139,0.279061406850815,1.42945039272308
12177,NA,NA,NA,NA
12178,NA,NA,NA,NA
12179,-0.724892377853394,-0.267969369888306,-0.692990064620972,-0.669785618782043
12180,-0.719168484210968,0.200443521142006,-0.181667625904083,-0.403159528970718
12181,0.058592863380909,0.998282015323639,-0.112306967377663,0.260027498006821
12182,NA,NA,NA,NA
12183,-0.186270669102669,-0.108447141945362,-0.286725908517838,-1.87865591049194
12184,NA,NA,NA,NA
12185,-0.708040237426758,-0.27299290895462,-0.648350358009338,-0.907841444015503
12186,-0.697683334350586,-0.117516413331032,-0.735972583293915,-1.09336698055267
12187,NA,NA,NA,NA
12188,NA,NA,NA,NA
12189,NA,NA,NA,NA
12190,NA,NA,NA,NA
12191,NA,NA,NA,NA
12192,-0.716042697429657,0.0685967728495598,-1.34872758388519,-0.489333510398865
12193,-0.598864257335663,0.800850629806519,-0.694184899330139,0.464435189962387
12194,-0.773216247558594,0.634142518043518,0.133417621254921,0.613262474536896
12195,NA,NA,NA,NA
12196,NA,NA,NA,NA
12197,0.636864185333252,-0.770976126194,0.296514570713043,0.280317842960358
12198,0.312758654356003,-0.949832677841187,0.241176187992096,-0.110840015113354
12199,NA,NA,NA,NA
12200,NA,NA,NA,NA
12201,-0.514967203140259,0.857209920883179,0.148413673043251,0.638693451881409
12202,NA,NA,NA,NA
12203,-0.0866659581661224,-0.996237456798553,0.0200680643320084,-1.30562794208527
12204,-0.248789936304092,0.96855753660202,-0.478537708520889,1.35922110080719
12205,NA,NA,NA,NA
12206,NA,NA,NA,NA
12207,-0.527259409427643,0.849704444408417,0.160936146974564,0.776984989643097
12208,0.191270217299461,-0.942268311977386,-0.0853508561849594,-1.24575078487396
12209,-0.31499707698822,-0.9490926861763,0.219655334949493,-1.83693635463715
12210,NA,NA,NA,NA
12211,-0.581578254699707,0.813490509986877,-0.36055314540863,-0.607767224311829
12212,-0.767821967601776,0.640663385391235,-0.554575264453888,-1.63546633720398
12213,-0.792860567569733,-0.165898934006691,-0.329505234956741,-0.263020485639572
12214,-0.757764160633087,-0.652528643608093,1.19425535202026,3.16050481796265
12215,-0.998540878295898,0.0540014654397964,0.284308075904846,0.40804448723793
12216,-0.988756537437439,-0.0650701597332954,-1.25792741775513,-0.877748727798462
12217,0.989359140396118,0.145494356751442,-0.56525045633316,0.532986342906952
12218,-0.996682107448578,-0.0813931971788406,-1.52925360202789,0.451127022504807
12219,-0.602754175662994,0.797927021980286,0.220110028982162,-0.28730171918869
12220,-0.967291355133057,-0.253668129444122,-1.52462577819824,0.681111097335815
12221,-0.999940514564514,0.0109119927510619,0.342684090137482,0.516708016395569
12222,-0.99109810590744,-0.133134007453918,-0.325339585542679,-0.442598789930344
12223,NA,NA,NA,NA
12224,NA,NA,NA,NA
12225,-0.055941253900528,0.504745423793793,0.159720376133919,0.565678536891937
12226,0.0793870612978935,0.111531361937523,1.21209275722504,0.820528566837311
12227,0.348476469516754,-0.0916083380579948,0.283866316080093,0.397423297166824
12228,0.472523063421249,-0.618616342544556,0.320950329303741,0.664492666721344
12229,NA,NA,NA,NA
12230,-0.999970257282257,0.00772377615794539,-1.18209791183472,-0.822961986064911
12231,NA,NA,NA,NA
12232,NA,NA,NA,NA
12233,NA,NA,NA,NA
12234,NA,NA,NA,NA
12235,0.32055526971817,-0.947229862213135,0.256466239690781,-0.321371585130692
12236,NA,NA,NA,NA
12237,0.999507248401642,0.0313904210925102,1.8221583366394,-1.5748006105423
12238,NA,NA,NA,NA
12239,NA,NA,NA,NA
12240,-0.458069205284119,0.888916611671448,0.152014955878258,0.71838903427124
12241,0.89719432592392,-0.441636025905609,1.82974064350128,-0.703076422214508
12242,-0.49255907535553,-0.388693302869797,-0.204324170947075,-0.178634464740753
12243,-0.695559084415436,0.718468964099884,0.189691752195358,0.639739990234375
12244,-0.538530230522156,0.842606246471405,0.181255877017975,0.525716066360474
12245,0.733167886734009,0.680047810077667,0.0261957459151745,0.355755358934402
12246,-0.393817037343979,0.919188916683197,0.112459920346737,0.470549136400223
12247,-0.844321429729462,0.535837113857269,-0.724018275737762,-2.77043700218201
12248,0.709663271903992,-0.405469089746475,0.487145453691483,0.10361285507679
12249,-0.654898405075073,0.147390648722649,-1.15570020675659,-1.830815076828
12250,-0.77569192647934,0.15408106148243,-1.31188309192657,-2.60572814941406
12251,-0.874145567417145,0.0529980212450027,-1.37784779071808,-2.31561946868896
12252,-0.0873892828822136,-0.996174275875092,0.183127388358116,0.111526519060135
12253,-0.99514502286911,0.0984199270606041,-0.345015019178391,0.076312817633152
12254,NA,NA,NA,NA
12255,NA,NA,NA,NA
12256,NA,NA,NA,NA
12257,NA,NA,NA,NA
12258,NA,NA,NA,NA
12259,-0.82257741689682,0.568653225898743,-0.31908655166626,-1.04790723323822
12260,NA,NA,NA,NA
12261,-0.489263415336609,0.872136116027832,-0.161919802427292,-0.543481707572937
12262,-0.562384784221649,0.826875746250153,-0.223112881183624,-1.17527997493744
12263,NA,NA,NA,NA
12264,NA,NA,NA,NA
12265,NA,NA,NA,NA
12266,-0.847711384296417,0.0873577445745468,-1.30590271949768,1.10632371902466
12267,NA,NA,NA,NA
12268,0.740988910198212,-0.171379446983337,0.724856317043304,1.7437424659729
12269,NA,NA,NA,NA
12270,NA,NA,NA,NA
12271,-0.734427988529205,-0.017906105145812,-0.685217261314392,-0.823271453380585
12272,NA,NA,NA,NA
12273,-0.641975164413452,0.766725480556488,-0.889180541038513,1.16937172412872
12274,NA,NA,NA,NA
12275,NA,NA,NA,NA
12276,NA,NA,NA,NA
12277,NA,NA,NA,NA
12278,-0.52361536026001,0.851954817771912,0.12217340618372,0.59917813539505
12279,-0.591848969459534,0.806048929691315,0.153002470731735,0.7217738032341
12280,-0.820482313632965,0.571672022342682,-0.224567338824272,-0.816550016403198
12281,-0.233668386936188,-0.972316384315491,-0.017909737303853,-0.711063802242279
12282,0.189276546239853,-0.913304924964905,-0.0517327003180981,-2.00405263900757
12283,-0.730013430118561,0.683432877063751,-0.406197309494019,-2.08935022354126
12284,-0.707619309425354,-0.0454520732164383,-0.861241161823273,0.360932201147079
12285,NA,NA,NA,NA
12286,0.393730729818344,-0.759281873703003,0.615065157413483,0.140120312571526
12287,0.295107454061508,-0.955464124679565,0.180786579847336,0.0219176579266787
12288,-0.402609378099442,-0.915371954441071,-0.234717041254044,-0.131596744060516
12289,NA,NA,NA,NA
12290,NA,NA,NA,NA
12291,NA,NA,NA,NA
12292,-0.594321966171265,0.804227292537689,-0.685504376888275,0.779455423355103
12293,NA,NA,NA,NA
12294,0.113843686878681,-0.307084709405899,0.176427006721497,0.223013326525688
12295,0.505024015903473,-0.863105356693268,0.230692535638809,0.734909057617188
12296,-0.422359853982925,0.906428277492523,-0.588668167591095,1.10137605667114
12297,-0.723783612251282,0.242023780941963,-0.716266810894012,-0.0412423759698868
12298,NA,NA,NA,NA
12299,-0.118909776210785,0.992905080318451,0.155573695898056,0.681253910064697
12300,NA,NA,NA,NA
12301,NA,NA,NA,NA
12302,NA,NA,NA,NA
12303,NA,NA,NA,NA
12304,NA,NA,NA,NA
12305,NA,NA,NA,NA
12306,NA,NA,NA,NA
12307,0.881562411785126,-0.472067654132843,1.43312048912048,0.594552934169769
12308,0.877406179904938,-0.479748338460922,1.49540340900421,0.669557690620422
12309,-0.710728347301483,0.703466653823853,0.213773652911186,0.888360202312469
12310,-0.2193393856287,-0.17758546769619,0.168531969189644,2.09548878669739
12311,-0.746832191944122,0.66501259803772,-0.428658276796341,-1.99204456806183
12312,0.516636550426483,-0.856204867362976,0.429540753364563,1.72495853900909
12313,-0.813837230205536,0.581093013286591,-0.382220894098282,-2.01202702522278
12314,-0.624040544033051,0.7813920378685,-0.238848507404327,-1.10444355010986
12315,-0.661552309989929,0.749899089336395,0.410438239574432,1.80654692649841
12316,0.559619247913361,-0.828749895095825,0.253972828388214,0.738781094551086
12317,0.0598099157214165,0.700955867767334,0.240717172622681,0.621007859706879
12318,0.15448197722435,0.392206639051437,0.181499481201172,0.668529093265533
12319,0.0861619710922241,-0.000496132997795939,0.692279994487762,0.734598398208618
12320,0.786487460136414,-0.617606341838837,0.358296900987625,0.498250991106033
12321,-0.742644786834717,0.66968560218811,-0.358315765857697,-1.83957087993622
12322,-0.65143221616745,0.7587069272995,0.480284214019775,1.79089677333832
12323,-0.766605257987976,0.642118752002716,-0.30747577548027,-1.75233364105225
12324,-0.755661070346832,0.654962956905365,0.409832119941711,1.96725285053253
12325,-0.773764371871948,0.633473575115204,-0.310821503400803,-0.896517872810364
12326,-0.743826448917389,0.668372929096222,0.706137299537659,2.63538408279419
12327,-0.802502512931824,0.596648812294006,-0.210888788104057,-0.897833526134491
12328,-0.780305206775665,0.625398993492126,-0.416079521179199,-2.02175974845886
12329,-0.672165095806122,0.740401387214661,0.219913527369499,0.767347872257233
12330,NA,NA,NA,NA
12331,0.523539900779724,-0.101646177470684,0.761167287826538,-0.316296935081482
12332,-0.684839010238647,0.728694438934326,-0.502937078475952,-1.86424994468689
12333,NA,NA,NA,NA
12334,NA,NA,NA,NA
12335,-0.737047433853149,0.675841093063354,-0.42870882153511,-1.97412872314453
12336,-0.489609509706497,-0.871941864490509,-1.14982426166534,0.185481533408165
12337,-0.747372567653656,0.664405286312103,0.698104381561279,2.44325947761536
12338,-0.241561472415924,-0.220733478665352,-0.173667341470718,-2.03297138214111
12339,-0.772489190101624,0.635028004646301,-0.380690544843674,-2.03914332389832
12340,0.332216084003448,-0.943203389644623,0.37659952044487,0.973995208740234
12341,0.910367250442505,-0.413801372051239,1.44688510894775,0.72423928976059
12342,-0.231327250599861,-0.239873915910721,-0.175679489970207,-2.05482459068298
12343,0.126981392502785,-0.624434769153595,0.246912091970444,-0.568118751049042
12344,-0.481913566589355,-0.37529531121254,-0.413953810930252,0.010085666552186
12345,-0.513204216957092,-0.858266592025757,-0.693705558776855,-0.165714755654335
12346,-0.226554989814758,-0.223774179816246,-0.188669413328171,-2.0232105255127
12347,-0.631788015365601,0.775141298770905,0.33609738945961,1.32527565956116
12348,-0.559447884559631,0.828865587711334,-0.546748995780945,-1.56882393360138
12349,-0.614084839820862,0.789240062236786,-0.652678072452545,0.79380464553833
12350,-0.0706742107868195,0.997499525547028,0.0720650255680084,-0.440254271030426
12351,0.880646646022797,0.473773747682571,-0.0283135026693344,-0.28157639503479
12352,0.951117873191833,-0.308828234672546,-0.193560793995857,-0.280724853277206
12353,NA,NA,NA,NA
12354,-0.296754688024521,-0.954953789710999,-0.260716408491135,-3.46886014938354
12355,-0.419499635696411,-0.907755553722382,-0.0368267074227333,-1.13786995410919
12356,NA,NA,NA,NA
12357,NA,NA,NA,NA
12358,NA,NA,NA,NA
12359,0.602702736854553,-0.797965884208679,0.661485195159912,0.686961472034454
12360,0.275261551141739,-0.336497157812119,0.685252547264099,-0.558068573474884
12361,NA,NA,NA,NA
12362,-0.688514709472656,0.725222408771515,0.212327763438225,1.74522733688354
12363,-0.208666056394577,-0.977986991405487,0.136250779032707,0.657067716121674
12364,-0.529107391834259,0.848554909229279,-0.315061688423157,-0.153702452778816
12365,-0.801950991153717,0.597389876842499,-0.164387807250023,-0.506533026695251
12366,-0.770285248756409,0.637699544429779,-0.200946271419525,-0.54127961397171
12367,-0.8497234582901,0.527228772640228,-0.162478551268578,-1.38979518413544
12368,-0.872329354286194,0.48891881108284,-0.187343433499336,-1.33597195148468
12369,-0.781689286231995,0.623668134212494,-0.531727194786072,-1.71546220779419
12370,-0.182618543505669,-0.165636479854584,-0.123060822486877,-2.03553342819214
12371,-0.759491801261902,0.650516927242279,-0.391651779413223,-1.9806102514267
12372,-0.794463157653809,0.607312440872192,-0.425815582275391,-2.01688647270203
12373,0.609557032585144,-0.792742311954498,-0.136156812310219,-0.0401147492229939
12374,NA,NA,NA,NA
12375,NA,NA,NA,NA
12376,NA,NA,NA,NA
12377,-0.62507164478302,0.780567467212677,0.135477244853973,0.730502545833588
12378,-0.0555712319910526,-0.0590471997857094,0.305903851985931,0.434216737747192
12379,0.978308796882629,-0.207152038812637,1.51099109649658,1.61292803287506
12380,-0.578266799449921,0.815847814083099,0.517537236213684,1.59508454799652
12381,-0.62073278427124,0.784022271633148,0.20342780649662,1.46712231636047
12382,-0.512988805770874,-0.858395338058472,-0.0177788026630878,0.137343376874924
12383,-0.856871664524078,0.515529870986938,-0.268986761569977,-1.15427935123444
12384,NA,NA,NA,NA
12385,NA,NA,NA,NA
12386,NA,NA,NA,NA
12387,-0.786961376667023,0.617002308368683,0.698860585689545,1.70586895942688
12388,0.823894262313843,-0.357899785041809,0.80964732170105,1.53554809093475
12389,NA,NA,NA,NA
12390,NA,NA,NA,NA
12391,-0.437233239412308,0.899348199367523,-0.601704955101013,1.03134942054749
12392,-0.999981343746185,0.00612117350101471,-1.45497953891754,-0.687043845653534
12393,-0.0161909386515617,-0.999868988990784,0.0371334105730057,0.487106025218964
12394,-0.681911587715149,-0.191382825374603,-0.934015810489655,-0.993012845516205
12395,NA,NA,NA,NA
12396,-0.817629873752594,0.575744330883026,-0.7033851146698,-1.55886030197144
12397,0.210639253258705,-0.977563917636871,-0.0963785424828529,0.132197067141533
12398,NA,NA,NA,NA
12399,0.595723032951355,-0.803189992904663,0.230443567037582,0.520018637180328
12400,NA,NA,NA,NA
12401,0.904983580112457,-0.425446569919586,0.277740389108658,0.494769006967545
12402,-0.679746448993683,0.733447253704071,0.283148169517517,0.970430195331573
12403,0.617795825004578,0.274010449647903,0.663682341575623,3.3663637638092
12404,NA,NA,NA,NA
12405,-0.788862705230713,0.614569544792175,-0.19822008907795,-1.19447696208954
12406,-0.57331383228302,0.8193359375,0.534912586212158,1.54491436481476
12407,-0.650719106197357,0.0350515320897102,-0.206890910863876,-0.718563616275787
12408,-0.27156275510788,-0.962420761585236,-1.13340151309967,0.0980474948883057
12409,-0.647316813468933,0.762221157550812,0.483591318130493,1.81711077690125
12410,-0.100197523832321,-0.994967639446259,-0.145765110850334,-0.835233390331268
12411,-0.619693279266357,0.784844160079956,-0.778970897197723,-3.18959403038025
12412,-0.612169563770294,0.790726602077484,0.51564610004425,1.72691190242767
12413,-0.725095152854919,0.688648760318756,-0.513794541358948,-1.78672969341278
12414,-0.708548426628113,0.705662250518799,0.206505626440048,1.21223628520966
12415,0.622347772121429,0.720948457717896,0.840191960334778,-1.15625107288361
12416,0.242971658706665,-0.00648006610572338,0.413672089576721,-1.07086420059204
12417,NA,NA,NA,NA
12418,NA,NA,NA,NA
12419,-0.331046402454376,0.943614542484283,0.0291629899293184,1.08157062530518
12420,NA,NA,NA,NA
12421,NA,NA,NA,NA
12422,NA,NA,NA,NA
12423,-0.866868674755096,0.498536676168442,-0.327552974224091,-1.62910759449005
12424,-0.475476533174515,-0.308936089277267,-0.51101166009903,-1.44592571258545
12425,NA,NA,NA,NA
12426,NA,NA,NA,NA
12427,0.932569146156311,-0.360991537570953,1.20947659015656,2.73010969161987
12428,-0.142021730542183,0.989863574504852,0.116029135882854,0.459402680397034
12429,0.399727910757065,-0.916633903980255,0.433699071407318,0.689526677131653
12430,-0.463055104017258,0.886329531669617,0.118580378592014,-0.315576136112213
12431,-0.794835567474365,0.606824934482574,-0.234444484114647,-0.828155338764191
12432,-0.264907598495483,0.267542332410812,0.0955937206745148,0.558781266212463
12433,NA,NA,NA,NA
12434,-0.603688955307007,0.797220051288605,0.150731682777405,0.687057971954346
12435,-0.470297396183014,0.882508039474487,0.135501831769943,-0.263778239488602
12436,-0.598281621932983,0.801285982131958,0.168262496590614,0.445582628250122
12437,-0.585972011089325,0.810331344604492,0.17179436981678,0.640209019184113
12438,-0.693623244762421,0.720338046550751,-0.236758634448051,-0.277836799621582
12439,0.158923730254173,0.987290918827057,0.0480941161513329,1.21121692657471
12440,-0.896518290042877,-0.443006813526154,-0.717209756374359,2.10259222984314
12441,-0.381494253873825,0.924371242523193,0.124934129416943,0.709113240242004
12442,0.380683749914169,-0.310369729995728,0.360663264989853,0.955274105072021
12443,-0.65711373090744,0.753791511058807,-0.168591096997261,-0.673379302024841
12444,-0.00617485772818327,0.999980986118317,0.169682011008263,0.447776556015015
12445,0.0340197682380676,0.999421179294586,0.11329036206007,0.747244775295258
12446,NA,NA,NA,NA
12447,-0.116815015673637,-0.993153750896454,-0.118115335702896,0.423085749149323
12448,-0.458588659763336,0.888648688793182,0.237928032875061,1.01125121116638
12449,-0.576265454292297,0.817262649536133,0.271066099405289,1.15727519989014
12450,-0.584059715270996,0.811710774898529,0.181617960333824,1.00239980220795
12451,0.0910755470395088,0.266816794872284,-0.1771240234375,-0.741113662719727
12452,-0.49677836894989,0.86787748336792,0.216300755739212,1.01731586456299
12453,-0.399012416601181,0.916945576667786,0.249012559652328,1.58239233493805
12454,-0.392270505428314,0.919849991798401,0.289222449064255,1.83142244815826
12455,0.999975204467773,-0.00705239083617926,-0.271231293678284,-0.576421976089478
12456,-0.465854346752167,0.884861469268799,0.130892500281334,0.607346653938293
12457,0.957990825176239,-0.28679895401001,-0.599534571170807,-1.04357349872589
12458,0.537367045879364,-0.843348562717438,-0.459705233573914,-1.66202080249786
12459,-0.819468557834625,0.57312422990799,0.399326115846634,1.9955198764801
12460,NA,NA,NA,NA
12461,NA,NA,NA,NA
12462,NA,NA,NA,NA
12463,NA,NA,NA,NA
12464,NA,NA,NA,NA
12465,0.136708587408066,-0.990611374378204,-0.161312982439995,-0.0487335734069347
12466,0.0319573245942593,-0.999489307403564,-0.185904234647751,-0.186901345849037
12467,-0.243580162525177,0.969880819320679,-0.139688774943352,-0.852421879768372
12468,-0.469957500696182,-0.882689118385315,-0.0647227764129639,-0.795978009700775
12469,NA,NA,NA,NA
12470,NA,NA,NA,NA
12471,NA,NA,NA,NA
12472,NA,NA,NA,NA
12473,-0.533550083637238,0.114184893667698,-0.245184406638145,-0.0869864672422409
12474,-0.662340581417084,0.749202966690063,0.173961073160172,0.568995296955109
12475,-0.581969797611237,0.813210487365723,0.146459236741066,0.741347432136536
12476,0.504554748535156,-0.863379776477814,0.308977067470551,0.342742443084717
12477,-0.309077948331833,0.951036751270294,0.0984389260411263,0.386128515005112
12478,-0.193302869796753,0.0316741950809956,0.417317092418671,0.122252337634563
12479,0.544468939304352,0.8387810587883,0.183686181902885,0.217997848987579
12480,0.105048552155495,-0.99446713924408,0.226323738694191,-0.195223465561867
12481,-0.629130601882935,0.777299702167511,0.325594782829285,1.5672779083252
12482,-0.647134125232697,0.762376248836517,0.218907162547112,1.53816664218903
12483,-0.805495321750641,0.592602252960205,-0.549768149852753,-2.42602801322937
12484,-0.843341469764709,0.537378132343292,-0.29454305768013,-0.917756199836731
12485,-0.88326370716095,0.468876659870148,-0.281978964805603,-0.794870853424072
12486,-0.828661322593689,0.559750378131866,-0.622670650482178,-1.1762683391571
12487,-0.697800517082214,0.716292202472687,0.178255543112755,0.733419120311737
12488,-0.00184746063314378,0.999998331069946,-0.067060574889183,0.807774841785431
12489,-0.308318555355072,-0.95128321647644,-0.116397090256214,-0.826876938343048
12490,-0.75153648853302,0.659691572189331,-0.179364114999771,-0.663915157318115
12491,-0.670995473861694,0.741461515426636,-0.196803167462349,-0.5661860704422
12492,0.43410849571228,-0.900860667228699,0.30164036154747,0.123309604823589
12493,NA,NA,NA,NA
12494,0.279469728469849,0.92571884393692,-0.00683113187551498,0.642073214054108
12495,-0.977321088314056,-0.211763098835945,-1.39244902133942,0.367955356836319
12496,NA,NA,NA,NA
12497,0.538914084434509,-0.84236079454422,0.277797698974609,0.543093919754028
12498,NA,NA,NA,NA
12499,NA,NA,NA,NA
12500,0.705062210559845,-0.709145545959473,0.329260647296906,0.531368792057037
12501,NA,NA,NA,NA
12502,NA,NA,NA,NA
12503,NA,NA,NA,NA
12504,NA,NA,NA,NA
12505,NA,NA,NA,NA
12506,-0.627198576927185,0.778859436511993,0.140120536088943,0.592465102672577
12507,NA,NA,NA,NA
12508,0.567556142807007,-0.823334753513336,0.330839067697525,1.51638984680176
12509,-0.766521513462067,0.642218708992004,-0.172219961881638,-0.910131871700287
12510,-0.880531430244446,0.473987847566605,-0.722940266132355,-1.71736490726471
12511,-0.867669522762299,0.497141569852829,-0.826641619205475,-2.26276326179504
12512,NA,NA,NA,NA
12513,-0.552344381809235,0.833616077899933,-0.213860094547272,0.604155004024506
12514,0.342395275831223,-0.939556062221527,-0.136564955115318,-0.0479413494467735
12515,-0.569880783557892,0.821727454662323,-0.178904607892036,0.560336351394653
12516,NA,NA,NA,NA
12517,-0.634315311908722,0.130016177892685,-0.342464298009872,0.354015082120895
12518,-0.733047187328339,-0.0985137224197388,1.25800156593323,2.08746743202209
12519,-0.716784179210663,0.177677527070045,0.336022615432739,0.0497409477829933
12520,-0.611979484558105,0.169984579086304,-0.374463319778442,0.481336265802383
12521,-0.805603802204132,0.00506345508620143,0.237089991569519,0.0767265781760216
12522,-0.866168737411499,0.0743894279003143,1.33290421962738,0.592054009437561
12523,0.481932312250137,-0.876208484172821,0.0241464786231518,0.390582799911499
12524,-0.748547315597534,0.663081467151642,0.295245677232742,0.64285135269165
12525,-0.302514255046844,0.953144907951355,-0.465661346912384,1.42063355445862
12526,-0.364175200462341,-0.931330502033234,0.238679394125938,-1.44320333003998
12527,-0.305604636669159,-0.952158570289612,0.306865185499191,-1.91866183280945
12528,NA,NA,NA,NA
12529,NA,NA,NA,NA
12530,NA,NA,NA,NA
12531,0.390186339616776,-0.192182689905167,0.707628726959229,0.313917994499207
12532,0.515350937843323,-0.856979310512543,0.476920187473297,0.924518704414368
12533,-0.0221688244491816,0.999754309654236,0.0526091977953911,0.760437250137329
12534,-0.536682546138763,0.843784332275391,-0.18519039452076,-0.680514872074127
12535,-0.756210923194885,0.654328048229218,-0.358111292123795,-1.80946016311646
12536,NA,NA,NA,NA
12537,0.373523265123367,-0.927620887756348,0.175426483154297,-0.0277580190449953
12538,-0.669563293457031,0.742755055427551,-0.269657373428345,-0.586562156677246
12539,-0.844784617424011,0.535106539726257,-0.888024091720581,-2.92444014549255
12540,-0.54297947883606,0.839746057987213,0.149971082806587,0.476539939641953
12541,-0.524749755859375,0.851256608963013,0.144085019826889,0.601885676383972
12542,-0.827364146709442,0.561666011810303,-0.238103985786438,-0.691992580890656
12543,-0.692540526390076,0.721379041671753,-0.26253667473793,-0.219118133187294
12544,-0.878727495670319,0.477323919534683,-0.186968430876732,-0.882265567779541
12545,-0.624072074890137,0.78136682510376,0.149238988757133,0.601504564285278
12546,-0.575986564159393,0.114793181419373,-0.689443111419678,-0.540421962738037
12547,-0.279852241277695,-0.960043132305145,-0.0761020258069038,-0.530071616172791
12548,NA,NA,NA,NA
12549,-0.570426523685455,0.82134872674942,-0.171232298016548,-0.603128910064697
12550,-0.710578858852386,-0.703617632389069,-0.116993308067322,0.11737421900034
12551,-0.833610355854034,-0.552353024482727,-0.210809379816055,0.111216157674789
12552,0.201414346694946,-0.933728277683258,0.14999321103096,0.290402770042419
12553,0.170483812689781,-0.0827699080109596,-0.213652938604355,-1.39154624938965
12554,0.418727785348892,-0.908111870288849,-0.471270829439163,-1.73961877822876
12555,0.416541010141373,-0.909116983413696,0.221770912408829,0.474917411804199
12556,-0.308418542146683,0.058657880872488,-0.71538257598877,-0.208694711327553
12557,-0.255830943584442,-0.0402419678866863,-0.425725519657135,0.030245853587985
12558,0.937459826469421,0.348093688488007,-0.0365399532020092,-0.365810692310333
12559,0.116465523838997,-0.798959076404572,-0.120742052793503,-0.772938668727875
12560,0.51550155878067,-0.856888711452484,0.30965393781662,0.228741958737373
12561,-0.578192234039307,0.81590062379837,0.134761705994606,0.639495551586151
12562,-0.499155312776566,0.866512596607208,-0.136606723070145,0.456811726093292
12563,-0.698408186435699,0.715699732303619,0.516175806522369,2.03249907493591
12564,-0.581613302230835,-0.813465476036072,0.254282116889954,-1.09626364707947
12565,-0.844662129878998,0.0579116865992546,-1.34374463558197,-2.35974025726318
12566,-0.490523844957352,-0.115566439926624,0.524221122264862,1.36209630966187
12567,-0.643388152122498,0.765540182590485,-0.254047155380249,-0.7648805975914
12568,NA,NA,NA,NA
12569,-0.504102647304535,0.863643825054169,0.150539249181747,0.30559891462326
12570,0.236985638737679,-0.971513211727142,0.190272837877274,0.373804122209549
12571,NA,NA,NA,NA
12572,-0.750720500946045,0.660620033740997,0.303885698318481,1.11245214939117
12573,-0.916931331157684,0.399045079946518,-0.243370935320854,-0.754270732402802
12574,-0.657276034355164,0.753650009632111,-0.288297146558762,0.0490747392177582
12575,NA,NA,NA,NA
12576,-0.708123087882996,0.706089079380035,0.73307853937149,2.46676731109619
12577,-0.480282098054886,-0.877114117145538,-0.696670353412628,0.507522702217102
12578,-0.696102917194366,0.71794205904007,-0.209036067128181,-0.423141658306122
12579,-0.773697972297668,0.633554697036743,-0.250592052936554,-0.588010966777802
12580,-0.830975353717804,0.556309342384338,-1.14879143238068,-2.86270451545715
12581,-0.842902779579163,0.538065969944,-0.467118799686432,-1.85409998893738
12582,-0.705819010734558,0.708392322063446,-0.221874356269836,-0.508602201938629
12583,-0.811615526676178,0.584192037582397,-1.20198571681976,-2.74206614494324
12584,-0.737898290157318,0.674911975860596,0.182457223534584,0.863397061824799
12585,-0.723303914070129,0.690529882907867,0.25938618183136,0.945276618003845
12586,0.221311271190643,-0.975203275680542,0.0032483171671629,-0.512474715709686
12587,0.183105543255806,-0.983093321323395,0.0836402326822281,-0.922532737255096
12588,-0.76001113653183,0.649910151958466,0.0795143768191338,0.899000883102417
12589,-0.655345499515533,0.755329310894012,0.187475651502609,0.696362495422363
12590,0.945880174636841,-0.324516206979752,1.24656295776367,1.63820481300354
12591,NA,NA,NA,NA
12592,-0.281819611787796,-0.959467470645905,-0.0883487910032272,-0.667537748813629
12593,-0.610031545162201,0.258554309606552,-0.292789548635483,0.0532095618546009
12594,-0.811997473239899,0.583661079406738,0.288834452629089,1.26013493537903
12595,-0.56798642873764,0.823037981987,-0.0495547130703926,-0.76004546880722
12596,-0.768602907657623,0.639726221561432,0.218384280800819,0.870545625686646
12597,0.340556770563126,-0.94022399187088,0.155880957841873,-0.0422309599816799
12598,-0.795706570148468,0.605682373046875,0.489448755979538,2.40161085128784
12599,-0.753839552402496,0.657058656215668,0.269616961479187,1.21669363975525
12600,-0.832210063934326,0.554460525512695,0.495327532291412,2.36092305183411
12601,-0.191597983241081,0.363314270973206,-0.144182026386261,1.46128022670746
12602,-0.68024092912674,0.732988655567169,0.251551955938339,1.05638122558594
12603,-0.720732092857361,0.693213760852814,0.235991463065147,1.0311872959137
12604,-0.843856334686279,0.536569237709045,0.476000249385834,1.87579190731049
12605,-0.755323529243469,0.655352175235748,0.160223513841629,0.462374299764633
12606,-0.868277490139008,0.496078968048096,0.457019567489624,1.9041485786438
12607,-0.825147390365601,0.564917623996735,0.495845019817352,1.85593235492706
12608,-0.815417528152466,0.5788733959198,0.222823932766914,1.0401029586792
12609,-0.808744490146637,0.588160216808319,0.604924559593201,1.77060031890869
12610,-0.748867452144623,0.662719905376434,-0.593077838420868,-1.48278176784515
12611,-0.880018949508667,0.474938690662384,-0.615563988685608,-1.72207176685333
12612,-0.656192541122437,0.754593551158905,-0.244186341762543,-0.649396777153015
12613,-0.45537805557251,0.242482751607895,-0.395155966281891,-0.17392173409462
12614,-0.804512619972229,0.593935668468475,-0.195584535598755,0.3458491563797
12615,NA,NA,NA,NA
12616,-0.657578647136688,0.753385961055756,-0.91456013917923,-1.4152820110321
12617,-0.813301086425781,0.581843137741089,-0.49662783741951,-1.8046909570694
12618,-0.814877986907959,0.579632639884949,-0.494579404592514,-1.8237669467926
12619,NA,NA,NA,NA
12620,-0.462008744478226,0.721792280673981,0.162354215979576,0.0375000275671482
12621,NA,NA,NA,NA
12622,-0.805826902389526,0.59215122461319,-0.131487444043159,-0.378111809492111
12623,NA,NA,NA,NA
12624,-0.797013401985168,0.603961706161499,-0.259650975465775,-0.949952781200409
12625,-0.913975536823273,0.405769407749176,-0.489859104156494,-1.90993356704712
12626,0.0569509118795395,-0.998377025127411,0.00109692290425301,-0.776323854923248
12627,0.081723265349865,-0.996655106544495,0.0637789368629456,-1.46888077259064
12628,-0.837086200714111,0.547071099281311,-0.595967352390289,-1.71637308597565
12629,0.204159468412399,-0.745985090732574,0.0600183457136154,-1.23822665214539
12630,-0.0810495540499687,-0.772440552711487,-0.144276738166809,-1.27586662769318
12631,-0.699688017368317,-0.390870720148087,-1.54647028446198,-2.15237855911255
12632,NA,NA,NA,NA
12633,NA,NA,NA,NA
12634,-0.771903276443481,0.635740101337433,0.656753301620483,1.53884637355804
12635,-0.685923099517822,0.727674126625061,-0.454346179962158,-1.84575164318085
12636,NA,NA,NA,NA
12637,0.0906728282570839,-0.995880782604218,-0.0473635569214821,-0.606480062007904
12638,-0.261978417634964,-0.965073764324188,0.178134322166443,-1.40178084373474
12639,-0.470089226961136,-0.8127521276474,-0.231395363807678,-0.278112530708313
12640,-0.678081154823303,-0.114552959799767,-1.21186137199402,-1.39061748981476
12641,-0.494799494743347,-0.330358117818832,-0.383192777633667,-0.126882940530777
12642,-0.835149943828583,0.160231873393059,-1.51132369041443,-1.9293178319931
12643,-0.735187232494354,0.677864193916321,-0.19362485408783,-0.930303454399109
12644,NA,NA,NA,NA
12645,-0.725433230400085,0.688292622566223,-0.34800511598587,-1.42406988143921
12646,-0.559829413890839,0.208702325820923,-1.01608967781067,-1.12421059608459
12647,-0.054691668599844,-0.99850332736969,-0.0622891075909138,0.308821320533752
12648,-0.711996734142303,0.70218288898468,-0.474636226892471,-1.94407534599304
12649,-0.829593420028687,0.558368027210236,-0.622657775878906,-2.69942831993103
12650,-0.60203754901886,-0.200626686215401,-1.33782410621643,-1.98748099803925
12651,-0.910897314548492,0.412633240222931,-0.770715594291687,-2.88821959495544
12652,-0.762164711952209,-0.600453197956085,-0.581125795841217,-2.46898531913757
12653,-0.294915348291397,-0.955523431301117,-0.0662610307335854,-0.533005177974701
12654,0.167222127318382,-0.985919296741486,0.0268115997314453,-0.882260024547577
12655,-0.454027354717255,-0.890987813472748,-0.312378376722336,-4.21480703353882
12656,0.163098335266113,-0.986609876155853,-0.00674044713377953,-1.19252240657806
12657,NA,NA,NA,NA
12658,0.227162912487984,-0.744444251060486,0.0299999993294477,-1.22675025463104
12659,-0.993294537067413,-0.115611664950848,-0.260551989078522,0.0149605721235275
12660,0.0488522090017796,-0.724536955356598,0.00642927549779415,-1.17709541320801
12661,-0.136541530489922,-0.990634381771088,0.0365560799837112,-1.78824782371521
12662,-0.0831362083554268,-0.996538281440735,0.0250548645853996,-1.0058901309967
12663,-0.986416757106781,-0.164262294769287,-1.83281207084656,-0.177088066935539
12664,-0.865692853927612,0.500575661659241,0.705937385559082,2.65038299560547
12665,0.614424705505371,0.788975536823273,-0.195125684142113,0.272033661603928
12666,-0.928277611732483,0.371888160705566,0.520661115646362,2.51733589172363
12667,-0.851908683776855,0.523690462112427,0.298077970743179,1.38245213031769
12668,-0.840703964233398,0.541495084762573,-0.301891654729843,-0.114983752369881
12669,-0.612773895263672,0.790258347988129,-0.262372881174088,0.505487680435181
12670,-0.859949350357056,0.510379493236542,-1.18085515499115,-2.33911371231079
12671,-0.303496927022934,-0.952832460403442,0.19811424612999,-1.59428787231445
12672,-0.879083693027496,0.476667553186417,-0.649337470531464,-1.82388472557068
12673,-0.885797619819641,-0.464071780443192,-1.49431431293488,0.881778061389923
12674,-0.881583154201508,0.472028940916061,0.243820682168007,1.34240329265594
12675,0.58252739906311,-0.812811136245728,0.286007136106491,0.756031572818756
12676,-0.067399799823761,-0.830578505992889,-0.133596405386925,-0.943969547748566
12677,-0.935290515422821,0.353880941867828,-1.16739153862,-2.53267693519592
12678,0.463101506233215,-0.886305272579193,0.225813657045364,0.481348872184753
12679,0.477390766143799,-0.878691136837006,0.302119195461273,0.825235903263092
12680,0.449478417634964,-0.893291234970093,0.283982008695602,0.65128880739212
12681,0.448619693517685,-0.893722832202911,0.263707160949707,0.701626360416412
12682,0.0852235034108162,-0.0940233245491982,0.15917195379734,0.619824469089508
12683,0.342886686325073,-0.939376831054688,0.243417829275131,0.641069650650024
12684,0.437985002994537,-0.898982346057892,0.277225881814957,0.830425798892975
12685,-0.893347978591919,0.449365645647049,-0.576574981212616,-2.76843285560608
12686,-0.87280535697937,0.488068521022797,-0.691346704959869,-1.67173361778259
12687,-0.103981763124466,-0.994579255580902,-0.0860200673341751,-1.47085189819336
12688,-0.153276368975639,-0.717420756816864,0.0929320380091667,-1.35508596897125
12689,0.294091016054153,-0.95577746629715,0.242557168006897,0.668230056762695
12690,-0.803039371967316,0.59592604637146,-0.54263162612915,-2.27367329597473
12691,-0.91611123085022,0.400924324989319,-0.525193214416504,-1.90005815029144
12692,0.0407371670007706,-0.461268454790115,0.216530248522758,0.353898197412491
12693,0.259127229452133,-0.965843260288239,0.205119013786316,0.499638706445694
12694,-0.664636313915253,0.747167110443115,0.163974553346634,1.06841611862183
12695,-0.909508585929871,0.415685266256332,-0.739255130290985,-2.3600640296936
12696,-0.228671818971634,-0.973503589630127,0.0700248703360558,-1.30275630950928
12697,-0.628824830055237,0.777547061443329,0.131310358643532,0.527567446231842
12698,-0.916840612888336,0.399253487586975,-0.499376326799393,-1.9387788772583
12699,0.139906495809555,-0.990164756774902,0.0698173046112061,-1.12752985954285
12700,-0.830498099327087,0.55702155828476,0.237576141953468,1.41924273967743
12701,-0.87504768371582,0.484036833047867,0.46823051571846,1.92540729045868
12702,0.0835419297218323,-0.809374034404755,-0.113082692027092,-1.79249715805054
12703,-0.919325590133667,0.393497884273529,-0.848755776882172,-2.84181499481201
12704,0.0974026769399643,-0.840781211853027,-0.120484605431557,-1.80683279037476
12705,0.00810917839407921,-0.946990072727203,-0.112973600625992,-1.943732380867
12706,0.101142756640911,-0.829144537448883,-0.118938118219376,-1.84553587436676
12707,-0.910264253616333,0.414027869701385,-0.266805350780487,-0.705088376998901
12708,-0.884856998920441,0.46586287021637,-0.807293772697449,-2.88835096359253
12709,-0.917537331581116,0.397649735212326,-0.544326484203339,-1.78878080844879
12710,-0.857363224029541,0.514711976051331,0.225770875811577,1.15534710884094
12711,-0.0778243392705917,0.631178081035614,-0.0655646026134491,1.1170802116394
12712,-0.465937048196793,-0.677678644657135,-1.06322526931763,-3.34305357933044
12713,-0.529477477073669,-0.848324060440063,-0.0440359711647034,-0.676365196704865
12714,-0.722215056419373,0.691668629646301,0.196278303861618,0.663833439350128
12715,-0.8317911028862,0.555088937282562,0.390744596719742,1.9723973274231
12716,-0.349971234798431,-0.224514499306679,0.643509387969971,1.17335045337677
12717,-0.108403824269772,-0.994107007980347,-0.106575936079025,-1.81578481197357
12718,-0.688438653945923,-0.378771156072617,-0.988073289394379,-3.5291588306427
12719,-0.176240175962448,-0.29994660615921,0.147965639829636,0.775124669075012
12720,-0.315145701169968,-0.162488296627998,0.163329616189003,0.51577627658844
12721,-0.733276844024658,0.67993026971817,-0.258785635232925,0.0125303817912936
12722,-0.998263597488403,0.0589059479534626,-1.62186443805695,0.484110325574875
12723,-0.804690361022949,0.593694865703583,0.657919049263,1.76168620586395
12724,-0.752922534942627,0.127440378069878,0.184382170438766,1.21374726295471
12725,-0.887818217277527,0.460194408893585,-0.464667916297913,-1.95572733879089
12726,-0.678426623344421,0.495900809764862,-1.04564583301544,-0.832624852657318
12727,-0.547264516353607,-0.231786891818047,-0.74924635887146,-0.85085928440094
12728,-0.528638124465942,-0.402897030115128,-0.821201086044312,-0.871050179004669
12729,-0.670115411281586,-0.742256999015808,0.287391901016235,-0.0671599060297012
12730,-0.292184054851532,0.956362187862396,0.291065037250519,-0.515888750553131
12731,-0.624945163726807,-0.355139285326004,0.271998226642609,-0.19619320333004
12732,-0.906566977500916,0.422062039375305,-0.71503734588623,-1.73259031772614
12733,NA,NA,NA,NA
12734,0.596088886260986,-0.802918553352356,0.33696636557579,0.644683182239532
12735,0.58400684595108,-0.811748802661896,0.324018508195877,0.637905180454254
12736,NA,NA,NA,NA
12737,NA,NA,NA,NA
12738,-0.696565926074982,0.717492878437042,0.111779533326626,0.63628876209259
12739,-0.903476476669312,0.428637742996216,0.985728800296783,-2.95093512535095
12740,-0.452095419168472,0.369393587112427,0.549878060817719,-1.0446457862854
12741,NA,NA,NA,NA
12742,NA,NA,NA,NA
12743,NA,NA,NA,NA
12744,0.241973266005516,0.970282971858978,0.0795841813087463,0.864699721336365
12745,-0.111338831484318,0.993782460689545,0.116670951247215,0.622209012508392
12746,0.0797994881868362,0.996810972690582,0.123724594712257,0.933568954467773
12747,0.356060385704041,0.491413027048111,0.216801583766937,0.988979578018188
12748,NA,NA,NA,NA
12749,NA,NA,NA,NA
12750,0.434026628732681,-0.692109227180481,0.827410280704498,0.509388744831085
12751,-0.292611211538315,0.956231534481049,-0.463854223489761,0.891982197761536
12752,NA,NA,NA,NA
12753,NA,NA,NA,NA
12754,0.537185907363892,-0.843463957309723,0.654971063137054,0.71937495470047
12755,NA,NA,NA,NA
12756,NA,NA,NA,NA
12757,-0.565479278564453,-0.824762582778931,-0.446517705917358,-1.64196848869324
12758,-0.29449537396431,0.955652952194214,0.100625216960907,0.461201220750809
12759,-0.736800849437714,0.676109910011292,-0.294480115175247,0.227791383862495
12760,-0.711912453174591,0.702268302440643,-0.242122620344162,0.0855140760540962
12761,-0.877210736274719,0.0973747819662094,-1.26914894580841,0.443172067403793
12762,NA,NA,NA,NA
12763,-0.998163163661957,0.0605836063623428,-1.63776767253876,1.13098978996277
12764,-0.0919204950332642,-0.995766401290894,-0.162730947136879,-1.09665751457214
12765,NA,NA,NA,NA
12766,NA,NA,NA,NA
12767,NA,NA,NA,NA
12768,0.5240119099617,-0.666185855865479,0.301349967718124,0.654643416404724
12769,0.404516905546188,-0.914530575275421,0.344569802284241,0.484084814786911
12770,-0.318205833435059,0.948021709918976,0.11241626739502,0.683802366256714
12771,NA,NA,NA,NA
12772,NA,NA,NA,NA
12773,NA,NA,NA,NA
12774,NA,NA,NA,NA
12775,-0.910714268684387,0.413037091493607,-0.146495327353477,-0.548691034317017
12776,-0.822653353214264,0.568543374538422,-0.157087743282318,-0.615545868873596
12777,NA,NA,NA,NA
12778,-0.240809619426727,-0.970572412014008,0.264182269573212,0.325807422399521
12779,0.332143008708954,-0.943229079246521,0.0163647811859846,-0.770406424999237
12780,0.240249276161194,-0.970711290836334,-0.104865565896034,-0.240547031164169
12781,-0.433977156877518,0.0337966680526733,0.213304117321968,-0.428393751382828
12782,-0.105249375104904,-0.99444591999054,-0.101489588618279,-0.19745135307312
12783,0.112710066139698,0.993627965450287,0.104443944990635,-0.529284775257111
12784,-0.723125815391541,-0.69071638584137,0.0299999993294477,-0.170161634683609
12785,NA,NA,NA,NA
12786,-0.16176176071167,0.986829876899719,0.159895852208138,-0.453866332769394
12787,-0.236957415938377,0.971520125865936,0.218031033873558,-0.480413764715195
12788,-0.146478533744812,0.989213883876801,0.251204490661621,-0.663390457630157
12789,-0.157545864582062,0.987511694431305,0.328320860862732,-0.811520457267761
12790,0.903117835521698,-0.429392874240875,-0.453580766916275,0.454336285591125
12791,0.111398443579674,-0.99377578496933,-0.117027878761292,-0.382142782211304
12792,NA,NA,NA,NA
12793,NA,NA,NA,NA
12794,-0.555212318897247,0.83170872926712,0.173246994614601,0.502797961235046
12795,-0.417271703481674,0.908781826496124,0.114841416478157,0.567354083061218
12796,0.431437760591507,-0.902142763137817,0.691155195236206,0.579257547855377
12797,NA,NA,NA,NA
12798,-0.473201960325241,0.880954027175903,0.13223472237587,0.504432380199432
12799,-0.509113907814026,0.860699236392975,0.103963203728199,0.475370317697525
12800,-0.681238114833832,0.732061982154846,0.122649326920509,0.834624886512756
12801,-0.611177384853363,0.791493713855743,0.11217936873436,0.559089541435242
12802,-0.671809434890747,0.740724086761475,0.373673915863037,1.68729496002197
12803,0.636002838611603,-0.771686792373657,0.255693256855011,0.287320524454117
12804,-0.6183100938797,0.785934329032898,0.703584611415863,2.01822638511658
12805,0.592383921146393,-0.781623959541321,0.31464210152626,0.658935785293579
12806,-0.410891383886337,0.911684334278107,0.0906999930739403,0.484932661056519
12807,-0.662592947483063,0.74897974729538,0.153679981827736,0.925339639186859
12808,-0.627335965633392,0.77874881029129,0.138025313615799,0.829216301441193
12809,-0.557794094085693,0.829979419708252,0.353543072938919,1.83054566383362
12810,-0.776075959205627,0.630639493465424,0.279884606599808,1.23167264461517
12811,NA,NA,NA,NA
12812,NA,NA,NA,NA
12813,NA,NA,NA,NA
12814,0.692123770713806,-0.721778929233551,0.696730971336365,0.718997120857239
12815,-0.806071102619171,0.591818809509277,-0.261901319026947,-0.837582588195801
12816,-0.616766810417175,0.787145972251892,0.183762222528458,0.780353903770447
12817,-0.600666642189026,0.79949963092804,-0.176761955022812,-0.660540044307709
12818,-0.77172863483429,0.635952055454254,-0.873100221157074,-2.53165721893311
12819,-0.678182065486908,0.734893977642059,-0.191025406122208,-0.619381785392761
12820,-0.508953809738159,0.860793888568878,0.162212058901787,0.893101394176483
12821,NA,NA,NA,NA
12822,0.764620304107666,-0.376239508390427,0.685123145580292,1.9324266910553
12823,0.733530640602112,-0.679656445980072,0.276794135570526,0.396533906459808
12824,0.76658970117569,-0.330741167068481,1.17176616191864,2.33554935455322
12825,0.660564303398132,-0.750769555568695,0.239763289690018,0.306698441505432
12826,0.121790587902069,0.992555856704712,0.149251967668533,0.503947257995605
12827,-0.604059159755707,0.796939551830292,-0.302228063344955,0.417092472314835
12828,-0.806252717971802,0.591571390628815,-0.609089314937592,-1.62351024150848
12829,-0.592311143875122,0.805709362030029,0.259739190340042,1.33377075195312
12830,-0.627454340457916,0.77865344285965,0.169146299362183,1.01860320568085
12831,-0.663895726203918,0.74782520532608,0.205466687679291,0.955208361148834
12832,-0.818305671215057,0.574783444404602,0.110413447022438,1.05622136592865
12833,-0.629388153553009,0.777091145515442,0.193140715360641,0.933942198753357
12834,-0.600144922733307,0.799891352653503,0.19292950630188,0.845661222934723
12835,-0.629642009735107,0.776885449886322,0.213828727602959,1.21036958694458
12836,-0.506322681903839,0.862344145774841,0.199714496731758,0.636681973934174
12837,-0.663817405700684,0.747894763946533,0.210342109203339,1.01293313503265
12838,-0.580296754837036,0.814405143260956,0.32524299621582,1.37059438228607
12839,0.335306495428085,-0.942109167575836,0.205180421471596,0.439850568771362
12840,-0.627272605895996,0.778799831867218,0.489685714244843,1.9322737455368
12841,-0.702830374240875,0.711357533931732,0.299351096153259,1.60499620437622
12842,-0.640062689781189,0.768322765827179,0.357377141714096,1.60437703132629
12843,-0.588411390781403,0.808561742305756,0.305040657520294,1.3423045873642
12844,-0.633624494075775,0.773640811443329,0.441236317157745,1.79058194160461
12845,-0.628361225128174,0.777921795845032,0.330761253833771,1.46641850471497
12846,-0.0943004116415977,0.80560177564621,0.12638895213604,0.364898920059204
12847,NA,NA,NA,NA
12848,NA,NA,NA,NA
12849,NA,NA,NA,NA
12850,NA,NA,NA,NA
12851,NA,NA,NA,NA
12852,NA,NA,NA,NA
12853,NA,NA,NA,NA
12854,0.999782681465149,-0.0208488740026951,-0.00973038282245398,0.0241598468273878
12855,NA,NA,NA,NA
12856,NA,NA,NA,NA
12857,NA,NA,NA,NA
12858,0.0304050650447607,-0.999537706375122,0.113275721669197,1.19606113433838
12859,-0.698371231555939,-0.0635909214615822,-1.21463739871979,-1.29313170909882
12860,NA,NA,NA,NA
12861,-0.854803025722504,0.51895272731781,-0.708690822124481,-1.56086039543152
12862,NA,NA,NA,NA
12863,-0.565961241722107,-0.824431896209717,-0.228540867567062,-0.237306699156761
12864,-0.0914056152105331,0.99581378698349,0.0596513524651527,0.437098890542984
12865,-0.469280034303665,0.883049488067627,0.160508051514626,0.571376025676727
12866,-0.0509021878242493,-0.743136167526245,0.297246783971786,0.20076921582222
12867,NA,NA,NA,NA
12868,0.876610398292542,-0.481200933456421,0.435136675834656,0.555081427097321
12869,-0.542019426822662,0.840366005897522,0.110145568847656,1.07757961750031
12870,-0.555646002292633,0.831419050693512,0.116762973368168,0.686347723007202
12871,-0.607395708560944,0.794399499893188,0.110456556081772,0.90875107049942
12872,0.166659891605377,-0.0760612711310387,0.181640222668648,0.532534420490265
12873,-0.674652814865112,0.738135278224945,0.10669419914484,1.09212458133698
12874,NA,NA,NA,NA
12875,NA,NA,NA,NA
12876,NA,NA,NA,NA
12877,NA,NA,NA,NA
12878,NA,NA,NA,NA
12879,NA,NA,NA,NA
12880,NA,NA,NA,NA
12881,-0.151318967342377,0.988485038280487,0.0889752954244614,0.631652235984802
12882,-0.379576742649078,0.92516028881073,0.0934836268424988,0.573636949062347
12883,0.848606407642365,-0.529024839401245,0.354637116193771,0.50453382730484
12884,0.441960513591766,-0.63294643163681,0.238025233149529,-0.141481772065163
12885,0.91283392906189,-0.408331125974655,0.963336229324341,1.9724315404892
12886,0.921842992305756,-0.387563735246658,1.31373798847198,1.28344917297363
12887,NA,NA,NA,NA
12888,NA,NA,NA,NA
12889,NA,NA,NA,NA
12890,0.351652920246124,-0.915603637695312,0.274807780981064,-0.408054530620575
12891,0.172493979334831,0.98501056432724,0.189248383045197,0.383547276258469
12892,0.676663994789124,0.736292004585266,0.186355575919151,0.670890688896179
12893,0.998106896877289,-0.0615038461983204,1.89918684959412,-1.57695519924164
12894,0.995584905147552,0.0938659161329269,1.86892378330231,-0.501700639724731
12895,0.313977628946304,-0.26623323559761,0.278665333986282,0.0875237584114075
12896,-0.62210750579834,-0.782931864261627,-0.0709685459733009,-0.0149626471102238
12897,-0.112680181860924,-0.380051761865616,-0.035461638122797,-0.37797024846077
12898,0.889906167984009,0.456143796443939,-0.0339162051677704,0.199472934007645
12899,-0.99440610408783,0.10562489926815,-0.220974177122116,0.631208956241608
12900,-0.0707221031188965,-0.275408446788788,-0.100180722773075,-0.52155727148056
12901,-0.465843290090561,-0.284947991371155,0.183603465557098,-0.444342970848083
12902,0.0806516334414482,-0.996742427349091,-0.0280382353812456,0.205327615141869
12903,0.714611649513245,0.699521481990814,0.00537904072552919,0.430932998657227
12904,0.392165064811707,0.919894933700562,0.0927939340472221,0.517980575561523
12905,0.499682754278183,-0.866208553314209,0.159571841359138,0.0718403905630112
12906,NA,NA,NA,NA
12907,-0.105590589344501,-0.994409739971161,-0.0720010250806808,-0.208537548780441
12908,0.301693081855774,-0.953405141830444,0.211371302604675,0.167866066098213
12909,NA,NA,NA,NA
12910,NA,NA,NA,NA
12911,-0.996709585189819,0.0810558497905731,-1.58957469463348,0.99647456407547
12912,-0.197555646300316,-0.980291724205017,0.070395864546299,0.474222093820572
12913,-0.701157510280609,0.713006496429443,-0.248713985085487,0.104715086519718
12914,-0.486299693584442,-0.873792171478271,-0.0127444369718432,-0.857207417488098
12915,-0.744120717048645,0.668045282363892,-0.548723101615906,-1.54787313938141
12916,-0.896027982234955,0.4439976811409,-0.248450234532356,0.234687671065331
12917,-0.0181636810302734,-0.999835073947906,-0.122625164687634,-0.757091820240021
12918,0.294091612100601,-0.955777287483215,0.0804347395896912,-0.0306846965104342
12919,0.844086289405823,-0.536207437515259,0.325192153453827,0.329425394535065
12920,NA,NA,NA,NA
12921,NA,NA,NA,NA
12922,0.995636880397797,-0.0933129340410233,1.87309718132019,-0.25496643781662
12923,NA,NA,NA,NA
12924,0.26629114151001,-0.963892698287964,0.125647440552711,-0.181138873100281
12925,NA,NA,NA,NA
12926,-0.763857126235962,-0.15571416914463,-0.842160582542419,-1.17941749095917
12927,NA,NA,NA,NA
12928,NA,NA,NA,NA
12929,-0.689688205718994,0.72410637140274,-0.258075475692749,-0.0343620106577873
12930,NA,NA,NA,NA
12931,NA,NA,NA,NA
12932,NA,NA,NA,NA
12933,NA,NA,NA,NA
12934,0.825892686843872,0.563827455043793,0.165743723511696,0.149102360010147
12935,NA,NA,NA,NA
12936,NA,NA,NA,NA
12937,0.966494083404541,-0.102139465510845,0.208475232124329,0.73355495929718
12938,0.82035094499588,-0.12868657708168,0.176994681358337,0.506256461143494
12939,0.834179401397705,-0.0406169928610325,0.177888035774231,0.588344395160675
12940,0.882965087890625,-0.17021481692791,0.174296572804451,0.59459388256073
12941,0.833221733570099,-0.0373492129147053,0.155541598796844,0.650468170642853
12942,0.833747863769531,-0.223072409629822,0.177246198058128,0.571113467216492
12943,-0.951546251773834,0.307505786418915,-0.0511296689510345,-0.551010191440582
12944,0.682770013809204,-0.163118779659271,0.10093592852354,0.436454057693481
12945,-0.255253583192825,-0.966874182224274,-0.00640012137591839,-0.104128196835518
12946,-0.0856820717453957,-0.996322572231293,-0.0364590436220169,-0.26633158326149
12947,-0.488790035247803,0.872401535511017,-0.10490557551384,0.348205298185349
12948,0.373828023672104,-0.92749810218811,0.37083238363266,0.234705537557602
12949,0.573548316955566,-0.819171786308289,0.569397807121277,1.01155984401703
12950,NA,NA,NA,NA
12951,NA,NA,NA,NA
